review_order,case_id,workflow_intent,artifacts_json,steps_json,human_verdict,human_error_class,human_severity,human_confidence_1_to_5,human_reason,reviewer_id
1,SGX3_BLIND_flood_depth_011,"{""goal"": ""flood_depth"", ""required_quantity"": null, ""required_unit"": null, ""decision_time"": null, ""max_resolution_m"": null, ""requires_bare_earth"": false, ""requires_cloud_mask"": false, ""max_uncertainty"": null, ""temporal_tolerance_h"": null, ""required_value_range"": null}","[{""name"": ""terrain-90"", ""quantity"": ""elevation"", ""unit"": ""m"", ""scale"": ""continuous"", ""crs"": ""EPSG:32643"", ""resolution_m"": 90, ""temporal_resolution_h"": null, ""processing_level"": null, ""surface_model"": ""DSM"", ""vertical_datum"": ""EGM2008"", ""acquisition_time"": null, ""available_time"": null, ""provenance"": ""Copernicus DEM"", ""band_role"": null, ""nodata_semantics"": null, ""uncertainty"": null, ""allowed_values"": null, ""observed_min"": null, ""observed_max"": null, ""attrs"": {}}, {""name"": ""water-surface"", ""quantity"": ""water_level"", ""unit"": ""cm"", ""scale"": ""continuous"", ""crs"": ""EPSG:32643"", ""resolution_m"": 10.0, ""temporal_resolution_h"": null, ""processing_level"": null, ""surface_model"": null, ""vertical_datum"": ""WGS84_ellipsoid"", ""acquisition_time"": null, ""available_time"": null, ""provenance"": ""hydraulic model"", ""band_role"": null, ""nodata_semantics"": null, ""uncertainty"": null, ""allowed_values"": null, ""observed_min"": null, ""observed_max"": null, ""attrs"": {}}]","[{""op"": ""combine_vertical"", ""params"": {""a"": 0, ""b"": 1}}, {""op"": ""convert_unit"", ""params"": {""artifact"": 1, ""to"": ""m""}}]",,,,,,
2,SGX3_BLIND_flood_depth_034,"{""goal"": ""flood_depth"", ""required_quantity"": null, ""required_unit"": null, ""decision_time"": null, ""max_resolution_m"": null, ""requires_bare_earth"": false, ""requires_cloud_mask"": false, ""max_uncertainty"": null, ""temporal_tolerance_h"": null, ""required_value_range"": null}","[{""name"": ""terrain-10"", ""quantity"": ""elevation"", ""unit"": ""m"", ""scale"": ""continuous"", ""crs"": ""EPSG:32643"", ""resolution_m"": 10, ""temporal_resolution_h"": null, ""processing_level"": null, ""surface_model"": ""DSM"", ""vertical_datum"": ""EGM2008"", ""acquisition_time"": null, ""available_time"": null, ""provenance"": ""Copernicus DEM"", ""band_role"": null, ""nodata_semantics"": null, ""uncertainty"": null, ""allowed_values"": null, ""observed_min"": null, ""observed_max"": null, ""attrs"": {}}, {""name"": ""water-surface"", ""quantity"": ""water_level"", ""unit"": ""cm"", ""scale"": ""continuous"", ""crs"": ""EPSG:32643"", ""resolution_m"": 10.0, ""temporal_resolution_h"": null, ""processing_level"": null, ""surface_model"": null, ""vertical_datum"": ""EGM96"", ""acquisition_time"": null, ""available_time"": null, ""provenance"": ""hydraulic model"", ""band_role"": null, ""nodata_semantics"": null, ""uncertainty"": null, ""allowed_values"": null, ""observed_min"": null, ""observed_max"": null, ""attrs"": {}}]","[{""op"": ""combine_vertical"", ""params"": {""a"": 0, ""b"": 1}}, {""op"": ""convert_unit"", ""params"": {""artifact"": 1, ""to"": ""km2""}}]",,,,,,
3,SGX3_BLIND_eo_ml_validation_049,"{""goal"": ""eo_ml_validation"", ""required_quantity"": null, ""required_unit"": null, ""decision_time"": null, ""max_resolution_m"": null, ""requires_bare_earth"": false, ""requires_cloud_mask"": false, ""max_uncertainty"": null, ""temporal_tolerance_h"": null, ""required_value_range"": null}","[{""name"": ""EO-samples-3249"", ""quantity"": ""training_samples"", ""unit"": null, ""scale"": ""continuous"", ""crs"": ""EPSG:32643"", ""resolution_m"": 10.0, ""temporal_resolution_h"": null, ""processing_level"": null, ""surface_model"": null, ""vertical_datum"": null, ""acquisition_time"": null, ""available_time"": null, ""provenance"": ""authoritative-product"", ""band_role"": null, ""nodata_semantics"": null, ""uncertainty"": null, ""allowed_values"": null, ""observed_min"": null, ""observed_max"": null, ""attrs"": {}}]","[{""op"": ""split"", ""params"": {""mode"": ""temporal"", ""train_end"": ""2024-07-01T00:00:00+00:00"", ""test_start"": ""2024-06-01T00:00:00+00:00""}}]",,,,,,
4,SGX3_HELDOUT-FAMILY_unit_dimension_mismatch_002,"{""goal"": ""unit_dimension_mismatch"", ""required_quantity"": null, ""required_unit"": null, ""decision_time"": null, ""max_resolution_m"": null, ""requires_bare_earth"": false, ""requires_cloud_mask"": false, ""max_uncertainty"": null, ""temporal_tolerance_h"": null, ""required_value_range"": null}","[{""name"": ""distance"", ""quantity"": ""distance"", ""unit"": ""m"", ""scale"": ""continuous"", ""crs"": ""EPSG:32643"", ""resolution_m"": 10.0, ""temporal_resolution_h"": null, ""processing_level"": null, ""surface_model"": null, ""vertical_datum"": null, ""acquisition_time"": null, ""available_time"": null, ""provenance"": ""authoritative-product"", ""band_role"": null, ""nodata_semantics"": null, ""uncertainty"": null, ""allowed_values"": null, ""observed_min"": null, ""observed_max"": null, ""attrs"": {}}]","[{""op"": ""convert_unit"", ""params"": {""artifact"": 0, ""to"": ""cm""}}]",,,,,,
5,SGX3_BLIND_flood_remote_sensing_017,"{""goal"": ""flood_remote_sensing"", ""required_quantity"": null, ""required_unit"": null, ""decision_time"": null, ""max_resolution_m"": null, ""requires_bare_earth"": false, ""requires_cloud_mask"": false, ""max_uncertainty"": null, ""temporal_tolerance_h"": null, ""required_value_range"": null}","[{""name"": ""flood-mask-20"", ""quantity"": ""flood_extent"", ""unit"": null, ""scale"": ""binary"", ""crs"": ""EPSG:32643"", ""resolution_m"": 20, ""temporal_resolution_h"": null, ""processing_level"": null, ""surface_model"": null, ""vertical_datum"": null, ""acquisition_time"": null, ""available_time"": null, ""provenance"": ""authoritative-product"", ""band_role"": null, ""nodata_semantics"": null, ""uncertainty"": null, ""allowed_values"": null, ""observed_min"": null, ""observed_max"": null, ""attrs"": {""cloud_mask_applied"": false}}, {""name"": ""S1"", ""quantity"": ""backscatter"", ""unit"": null, ""scale"": ""continuous"", ""crs"": ""EPSG:32643"", ""resolution_m"": 10, ""temporal_resolution_h"": null, ""processing_level"": null, ""surface_model"": null, ""vertical_datum"": null, ""acquisition_time"": ""2024-07-05T10:00:00+00:00"", ""available_time"": null, ""provenance"": ""authoritative-product"", ""band_role"": null, ""nodata_semantics"": null, ""uncertainty"": null, ""allowed_values"": null, ""observed_min"": null, ""observed_max"": null, ""attrs"": {}}, {""name"": ""S2"", ""quantity"": ""reflectance"", ""unit"": null, ""scale"": ""continuous"", ""crs"": ""EPSG:32643"", ""resolution_m"": 10, ""temporal_resolution_h"": null, ""processing_level"": null, ""surface_model"": null, ""vertical_datum"": null, ""acquisition_time"": ""2024-07-05T22:00:00+00:00"", ""available_time"": null, ""provenance"": ""authoritative-product"", ""band_role"": null, ""nodata_semantics"": null, ""uncertainty"": null, ""allowed_values"": null, ""observed_min"": null, ""observed_max"": null, ""attrs"": {}}]","[{""op"": ""require_cloud_mask"", ""params"": {""artifact"": 0}}, {""op"": ""compare_sensors"", ""params"": {""a"": 1, ""b"": 2, ""tolerance_h"": 12}}, {""op"": ""area"", ""params"": {""artifact"": 0, ""method"": ""geodesic"", ""output_unit"": ""km2""}}]",,,,,,
6,SGX3_BLIND_landcover_change_013,"{""goal"": ""landcover_change"", ""required_quantity"": null, ""required_unit"": null, ""decision_time"": null, ""max_resolution_m"": null, ""requires_bare_earth"": false, ""requires_cloud_mask"": false, ""max_uncertainty"": null, ""temporal_tolerance_h"": null, ""required_value_range"": null}","[{""name"": ""WorldCover-20"", ""quantity"": ""land_cover"", ""unit"": null, ""scale"": ""categorical"", ""crs"": ""EPSG:4326"", ""resolution_m"": 20, ""temporal_resolution_h"": null, ""processing_level"": null, ""surface_model"": null, ""vertical_datum"": null, ""acquisition_time"": null, ""available_time"": null, ""provenance"": ""ESA WorldCover"", ""band_role"": null, ""nodata_semantics"": null, ""uncertainty"": null, ""allowed_values"": [10, 20, 30, 40, 50, 60, 70, 80, 90, 95, 100], ""observed_min"": null, ""observed_max"": null, ""attrs"": {}}]","[{""op"": ""resample"", ""params"": {""artifact"": 0, ""method"": ""bilinear"", ""target_resolution_m"": 60, ""evidence_of_new_information"": true}}]",,,,,,
7,SGX3_BLIND_flood_remote_sensing_005,"{""goal"": ""flood_remote_sensing"", ""required_quantity"": null, ""required_unit"": null, ""decision_time"": null, ""max_resolution_m"": null, ""requires_bare_earth"": false, ""requires_cloud_mask"": false, ""max_uncertainty"": null, ""temporal_tolerance_h"": null, ""required_value_range"": null}","[{""name"": ""flood-mask-10"", ""quantity"": ""flood_extent"", ""unit"": null, ""scale"": ""binary"", ""crs"": ""EPSG:4326"", ""resolution_m"": 10, ""temporal_resolution_h"": null, ""processing_level"": null, ""surface_model"": null, ""vertical_datum"": null, ""acquisition_time"": null, ""available_time"": null, ""provenance"": ""authoritative-product"", ""band_role"": null, ""nodata_semantics"": null, ""uncertainty"": null, ""allowed_values"": null, ""observed_min"": null, ""observed_max"": null, ""attrs"": {""cloud_mask_applied"": true}}, {""name"": ""S1"", ""quantity"": ""backscatter"", ""unit"": null, ""scale"": ""continuous"", ""crs"": ""EPSG:32643"", ""resolution_m"": 10, ""temporal_resolution_h"": null, ""processing_level"": null, ""surface_model"": null, ""vertical_datum"": null, ""acquisition_time"": ""2024-07-01T10:00:00+00:00"", ""available_time"": null, ""provenance"": ""authoritative-product"", ""band_role"": null, ""nodata_semantics"": null, ""uncertainty"": null, ""allowed_values"": null, ""observed_min"": null, ""observed_max"": null, ""attrs"": {}}, {""name"": ""S2"", ""quantity"": ""reflectance"", ""unit"": null, ""scale"": ""continuous"", ""crs"": ""EPSG:32643"", ""resolution_m"": 10, ""temporal_resolution_h"": null, ""processing_level"": null, ""surface_model"": null, ""vertical_datum"": null, ""acquisition_time"": ""2024-07-01T16:00:00+00:00"", ""available_time"": null, ""provenance"": ""authoritative-product"", ""band_role"": null, ""nodata_semantics"": null, ""uncertainty"": null, ""allowed_values"": null, ""observed_min"": null, ""observed_max"": null, ""attrs"": {}}]","[{""op"": ""require_cloud_mask"", ""params"": {""artifact"": 0}}, {""op"": ""compare_sensors"", ""params"": {""a"": 1, ""b"": 2, ""tolerance_h"": 3}}, {""op"": ""area"", ""params"": {""artifact"": 0, ""method"": ""geodesic"", ""output_unit"": ""km2""}}]",,,,,,
8,SGX3_HELDOUT-FAMILY_scene_overlap_leakage_009,"{""goal"": ""scene_overlap_leakage"", ""required_quantity"": null, ""required_unit"": null, ""decision_time"": null, ""max_resolution_m"": null, ""requires_bare_earth"": false, ""requires_cloud_mask"": false, ""max_uncertainty"": null, ""temporal_tolerance_h"": null, ""required_value_range"": null}","[{""name"": ""chips"", ""quantity"": ""image_samples"", ""unit"": null, ""scale"": ""continuous"", ""crs"": ""EPSG:32643"", ""resolution_m"": 10.0, ""temporal_resolution_h"": null, ""processing_level"": null, ""surface_model"": null, ""vertical_datum"": null, ""acquisition_time"": null, ""available_time"": null, ""provenance"": ""authoritative-product"", ""band_role"": null, ""nodata_semantics"": null, ""uncertainty"": null, ""allowed_values"": null, ""observed_min"": null, ""observed_max"": null, ""attrs"": {}}]","[{""op"": ""split"", ""params"": {""mode"": ""scene"", ""scene_overlap_fraction"": 0.039}}]",,,,,,
9,SGX3_BLIND_landcover_change_011,"{""goal"": ""landcover_change"", ""required_quantity"": null, ""required_unit"": null, ""decision_time"": null, ""max_resolution_m"": null, ""requires_bare_earth"": false, ""requires_cloud_mask"": false, ""max_uncertainty"": null, ""temporal_tolerance_h"": null, ""required_value_range"": null}","[{""name"": ""WorldCover-10"", ""quantity"": ""land_cover"", ""unit"": null, ""scale"": ""categorical"", ""crs"": ""EPSG:4326"", ""resolution_m"": 10, ""temporal_resolution_h"": null, ""processing_level"": null, ""surface_model"": null, ""vertical_datum"": null, ""acquisition_time"": null, ""available_time"": null, ""provenance"": ""ESA WorldCover"", ""band_role"": null, ""nodata_semantics"": null, ""uncertainty"": null, ""allowed_values"": [10, 20, 30, 40, 50, 60, 70, 80, 90, 95, 100], ""observed_min"": null, ""observed_max"": null, ""attrs"": {}}]","[{""op"": ""resample"", ""params"": {""artifact"": 0, ""method"": ""lanczos"", ""target_resolution_m"": 60, ""evidence_of_new_information"": true}}]",,,,,,
10,SGX3_BLIND_landslide_forecast_003,"{""goal"": ""landslide forecast"", ""required_quantity"": null, ""required_unit"": null, ""decision_time"": ""2024-08-15T12:00:00+00:00"", ""max_resolution_m"": null, ""requires_bare_earth"": false, ""requires_cloud_mask"": false, ""max_uncertainty"": null, ""temporal_tolerance_h"": null, ""required_value_range"": null}","[{""name"": ""IMERG-feature"", ""quantity"": ""rainfall"", ""unit"": ""mm"", ""scale"": ""continuous"", ""crs"": ""EPSG:32643"", ""resolution_m"": 10.0, ""temporal_resolution_h"": null, ""processing_level"": null, ""surface_model"": null, ""vertical_datum"": null, ""acquisition_time"": null, ""available_time"": ""2024-08-16T00:00:00+00:00"", ""provenance"": ""NASA GPM IMERG"", ""band_role"": null, ""nodata_semantics"": null, ""uncertainty"": null, ""allowed_values"": null, ""observed_min"": null, ""observed_max"": null, ""attrs"": {}}, {""name"": ""terrain-90"", ""quantity"": ""elevation"", ""unit"": ""m"", ""scale"": ""continuous"", ""crs"": ""EPSG:32643"", ""resolution_m"": 90, ""temporal_resolution_h"": null, ""processing_level"": null, ""surface_model"": ""DSM"", ""vertical_datum"": ""EGM2008"", ""acquisition_time"": null, ""available_time"": null, ""provenance"": ""Copernicus DEM"", ""band_role"": null, ""nodata_semantics"": null, ""uncertainty"": null, ""allowed_values"": null, ""observed_min"": null, ""observed_max"": null, ""attrs"": {}}]","[{""op"": ""predict"", ""params"": {""features"": [0]}}, {""op"": ""require_bare_earth"", ""params"": {""artifact"": 1}}]",,,,,,
11,SGX3_DEVELOPMENT_future_information_002,"{""goal"": ""flood forecast"", ""required_quantity"": null, ""required_unit"": null, ""decision_time"": ""2024-08-01T12:00:00+00:00"", ""max_resolution_m"": null, ""requires_bare_earth"": false, ""requires_cloud_mask"": false, ""max_uncertainty"": null, ""temporal_tolerance_h"": null, ""required_value_range"": null}","[{""name"": ""rain-feature"", ""quantity"": ""rainfall"", ""unit"": ""mm"", ""scale"": ""continuous"", ""crs"": ""EPSG:32643"", ""resolution_m"": 10.0, ""temporal_resolution_h"": null, ""processing_level"": null, ""surface_model"": null, ""vertical_datum"": null, ""acquisition_time"": null, ""available_time"": ""2024-08-01T00:00:00+00:00"", ""provenance"": ""authoritative-product"", ""band_role"": null, ""nodata_semantics"": null, ""uncertainty"": null, ""allowed_values"": null, ""observed_min"": null, ""observed_max"": null, ""attrs"": {}}]","[{""op"": ""predict"", ""params"": {""features"": [0]}}]",,,,,,
12,SGX3_DEVELOPMENT_categorical_interpolation_003,"{""goal"": ""categorical_interpolation"", ""required_quantity"": null, ""required_unit"": null, ""decision_time"": null, ""max_resolution_m"": null, ""requires_bare_earth"": false, ""requires_cloud_mask"": false, ""max_uncertainty"": null, ""temporal_tolerance_h"": null, ""required_value_range"": null}","[{""name"": ""landcover-20"", ""quantity"": ""land_cover"", ""unit"": null, ""scale"": ""categorical"", ""crs"": ""EPSG:4326"", ""resolution_m"": 20, ""temporal_resolution_h"": null, ""processing_level"": null, ""surface_model"": null, ""vertical_datum"": null, ""acquisition_time"": null, ""available_time"": null, ""provenance"": ""authoritative-product"", ""band_role"": null, ""nodata_semantics"": null, ""uncertainty"": null, ""allowed_values"": [10, 20, 30, 40, 50, 60, 70, 80, 90, 95, 100], ""observed_min"": null, ""observed_max"": null, ""attrs"": {}}]","[{""op"": ""resample"", ""params"": {""artifact"": 0, ""method"": ""nearest"", ""target_resolution_m"": 60, ""evidence_of_new_information"": true}}]",,,,,,
13,SGX3_DEVELOPMENT_unsupported_resolution_gain_000,"{""goal"": ""unsupported_resolution_gain"", ""required_quantity"": null, ""required_unit"": null, ""decision_time"": null, ""max_resolution_m"": null, ""requires_bare_earth"": false, ""requires_cloud_mask"": false, ""max_uncertainty"": null, ""temporal_tolerance_h"": null, ""required_value_range"": null}","[{""name"": ""raster"", ""quantity"": ""surface_property"", ""unit"": null, ""scale"": ""continuous"", ""crs"": ""EPSG:32643"", ""resolution_m"": 20, ""temporal_resolution_h"": null, ""processing_level"": null, ""surface_model"": null, ""vertical_datum"": null, ""acquisition_time"": null, ""available_time"": null, ""provenance"": ""authoritative-product"", ""band_role"": null, ""nodata_semantics"": null, ""uncertainty"": null, ""allowed_values"": null, ""observed_min"": null, ""observed_max"": null, ""attrs"": {}}]","[{""op"": ""resample"", ""params"": {""artifact"": 0, ""method"": ""bilinear"", ""target_resolution_m"": 60, ""evidence_of_new_information"": false}}]",,,,,,
14,SGX3_BLIND_flood_depth_043,"{""goal"": ""flood_depth"", ""required_quantity"": null, ""required_unit"": null, ""decision_time"": null, ""max_resolution_m"": null, ""requires_bare_earth"": false, ""requires_cloud_mask"": false, ""max_uncertainty"": null, ""temporal_tolerance_h"": null, ""required_value_range"": null}","[{""name"": ""terrain-10"", ""quantity"": ""elevation"", ""unit"": ""m"", ""scale"": ""continuous"", ""crs"": ""EPSG:32643"", ""resolution_m"": 10, ""temporal_resolution_h"": null, ""processing_level"": null, ""surface_model"": ""DTM"", ""vertical_datum"": ""EGM2008"", ""acquisition_time"": null, ""available_time"": null, ""provenance"": ""Copernicus DEM"", ""band_role"": null, ""nodata_semantics"": null, ""uncertainty"": null, ""allowed_values"": null, ""observed_min"": null, ""observed_max"": null, ""attrs"": {}}, {""name"": ""water-surface"", ""quantity"": ""water_level"", ""unit"": ""cm"", ""scale"": ""continuous"", ""crs"": ""EPSG:32643"", ""resolution_m"": 10.0, ""temporal_resolution_h"": null, ""processing_level"": null, ""surface_model"": null, ""vertical_datum"": ""WGS84_ellipsoid"", ""acquisition_time"": null, ""available_time"": null, ""provenance"": ""hydraulic model"", ""band_role"": null, ""nodata_semantics"": null, ""uncertainty"": null, ""allowed_values"": null, ""observed_min"": null, ""observed_max"": null, ""attrs"": {}}]","[{""op"": ""combine_vertical"", ""params"": {""a"": 0, ""b"": 1}}, {""op"": ""convert_unit"", ""params"": {""artifact"": 1, ""to"": ""km""}}]",,,,,,
15,SGX3_BLIND_flood_remote_sensing_018,"{""goal"": ""flood_remote_sensing"", ""required_quantity"": null, ""required_unit"": null, ""decision_time"": null, ""max_resolution_m"": null, ""requires_bare_earth"": false, ""requires_cloud_mask"": false, ""max_uncertainty"": null, ""temporal_tolerance_h"": null, ""required_value_range"": null}","[{""name"": ""flood-mask-30"", ""quantity"": ""flood_extent"", ""unit"": null, ""scale"": ""binary"", ""crs"": ""EPSG:32643"", ""resolution_m"": 30, ""temporal_resolution_h"": null, ""processing_level"": null, ""surface_model"": null, ""vertical_datum"": null, ""acquisition_time"": null, ""available_time"": null, ""provenance"": ""authoritative-product"", ""band_role"": null, ""nodata_semantics"": null, ""uncertainty"": null, ""allowed_values"": null, ""observed_min"": null, ""observed_max"": null, ""attrs"": {""cloud_mask_applied"": true}}, {""name"": ""S1"", ""quantity"": ""backscatter"", ""unit"": null, ""scale"": ""continuous"", ""crs"": ""EPSG:32643"", ""resolution_m"": 10, ""temporal_resolution_h"": null, ""processing_level"": null, ""surface_model"": null, ""vertical_datum"": null, ""acquisition_time"": ""2024-07-10T10:00:00+00:00"", ""available_time"": null, ""provenance"": ""authoritative-product"", ""band_role"": null, ""nodata_semantics"": null, ""uncertainty"": null, ""allowed_values"": null, ""observed_min"": null, ""observed_max"": null, ""attrs"": {}}, {""name"": ""S2"", ""quantity"": ""reflectance"", ""unit"": null, ""scale"": ""continuous"", ""crs"": ""EPSG:32643"", ""resolution_m"": 10, ""temporal_resolution_h"": null, ""processing_level"": null, ""surface_model"": null, ""vertical_datum"": null, ""acquisition_time"": ""2024-07-13T10:00:00+00:00"", ""available_time"": null, ""provenance"": ""authoritative-product"", ""band_role"": null, ""nodata_semantics"": null, ""uncertainty"": null, ""allowed_values"": null, ""observed_min"": null, ""observed_max"": null, ""attrs"": {}}]","[{""op"": ""require_cloud_mask"", ""params"": {""artifact"": 0}}, {""op"": ""compare_sensors"", ""params"": {""a"": 1, ""b"": 2, ""tolerance_h"": 24}}, {""op"": ""area"", ""params"": {""artifact"": 0, ""method"": ""planar"", ""output_unit"": ""km2""}}]",,,,,,
16,SGX3_BLIND_eo_ml_validation_015,"{""goal"": ""eo_ml_validation"", ""required_quantity"": null, ""required_unit"": null, ""decision_time"": null, ""max_resolution_m"": null, ""requires_bare_earth"": false, ""requires_cloud_mask"": false, ""max_uncertainty"": null, ""temporal_tolerance_h"": null, ""required_value_range"": null}","[{""name"": ""EO-samples-750"", ""quantity"": ""training_samples"", ""unit"": null, ""scale"": ""continuous"", ""crs"": ""EPSG:32643"", ""resolution_m"": 10.0, ""temporal_resolution_h"": null, ""processing_level"": null, ""surface_model"": null, ""vertical_datum"": null, ""acquisition_time"": null, ""available_time"": null, ""provenance"": ""authoritative-product"", ""band_role"": null, ""nodata_semantics"": null, ""uncertainty"": null, ""allowed_values"": null, ""observed_min"": null, ""observed_max"": null, ""attrs"": {}}]","[{""op"": ""split"", ""params"": {""mode"": ""scene"", ""scene_overlap_fraction"": 0.1738}}]",,,,,,
17,SGX3_BLIND_landcover_change_042,"{""goal"": ""landcover_change"", ""required_quantity"": null, ""required_unit"": null, ""decision_time"": null, ""max_resolution_m"": null, ""requires_bare_earth"": false, ""requires_cloud_mask"": false, ""max_uncertainty"": null, ""temporal_tolerance_h"": null, ""required_value_range"": null}","[{""name"": ""WorldCover-10"", ""quantity"": ""land_cover"", ""unit"": null, ""scale"": ""categorical"", ""crs"": ""EPSG:4326"", ""resolution_m"": 10, ""temporal_resolution_h"": null, ""processing_level"": null, ""surface_model"": null, ""vertical_datum"": null, ""acquisition_time"": null, ""available_time"": null, ""provenance"": null, ""band_role"": null, ""nodata_semantics"": null, ""uncertainty"": null, ""allowed_values"": [10, 20, 30, 40, 50, 60, 70, 80, 90, 95, 100], ""observed_min"": null, ""observed_max"": null, ""attrs"": {}}]","[{""op"": ""resample"", ""params"": {""artifact"": 0, ""method"": ""cubic"", ""target_resolution_m"": 30, ""evidence_of_new_information"": true}}]",,,,,,
18,SGX3_DEVELOPMENT_spatial_split_leakage_000,"{""goal"": ""spatial_split_leakage"", ""required_quantity"": null, ""required_unit"": null, ""decision_time"": null, ""max_resolution_m"": null, ""requires_bare_earth"": false, ""requires_cloud_mask"": false, ""max_uncertainty"": null, ""temporal_tolerance_h"": null, ""required_value_range"": null}","[{""name"": ""samples"", ""quantity"": ""training_samples"", ""unit"": null, ""scale"": ""continuous"", ""crs"": ""EPSG:32643"", ""resolution_m"": 10.0, ""temporal_resolution_h"": null, ""processing_level"": null, ""surface_model"": null, ""vertical_datum"": null, ""acquisition_time"": null, ""available_time"": null, ""provenance"": ""authoritative-product"", ""band_role"": null, ""nodata_semantics"": null, ""uncertainty"": null, ""allowed_values"": null, ""observed_min"": null, ""observed_max"": null, ""attrs"": {}}]","[{""op"": ""split"", ""params"": {""mode"": ""spatial"", ""separation_m"": 5388, ""dependence_range_m"": 3758}}]",,,,,,
19,SGX3_BLIND_eo_ml_validation_013,"{""goal"": ""eo_ml_validation"", ""required_quantity"": null, ""required_unit"": null, ""decision_time"": null, ""max_resolution_m"": null, ""requires_bare_earth"": false, ""requires_cloud_mask"": false, ""max_uncertainty"": null, ""temporal_tolerance_h"": null, ""required_value_range"": null}","[{""name"": ""EO-samples-579"", ""quantity"": ""training_samples"", ""unit"": null, ""scale"": ""continuous"", ""crs"": ""EPSG:32643"", ""resolution_m"": 10.0, ""temporal_resolution_h"": null, ""processing_level"": null, ""surface_model"": null, ""vertical_datum"": null, ""acquisition_time"": null, ""available_time"": null, ""provenance"": ""authoritative-product"", ""band_role"": null, ""nodata_semantics"": null, ""uncertainty"": null, ""allowed_values"": null, ""observed_min"": null, ""observed_max"": null, ""attrs"": {}}]","[{""op"": ""split"", ""params"": {""mode"": ""spatial"", ""separation_m"": 5300, ""dependence_range_m"": 1188}}]",,,,,,
20,SGX3_HELDOUT-FAMILY_missing_provenance_001,"{""goal"": ""missing_provenance"", ""required_quantity"": null, ""required_unit"": null, ""decision_time"": null, ""max_resolution_m"": null, ""requires_bare_earth"": false, ""requires_cloud_mask"": false, ""max_uncertainty"": null, ""temporal_tolerance_h"": null, ""required_value_range"": null}","[{""name"": ""unknown-input"", ""quantity"": ""elevation"", ""unit"": null, ""scale"": ""continuous"", ""crs"": ""EPSG:32643"", ""resolution_m"": 10.0, ""temporal_resolution_h"": null, ""processing_level"": null, ""surface_model"": null, ""vertical_datum"": null, ""acquisition_time"": null, ""available_time"": null, ""provenance"": ""official-product"", ""band_role"": null, ""nodata_semantics"": null, ""uncertainty"": null, ""allowed_values"": null, ""observed_min"": null, ""observed_max"": null, ""attrs"": {}}]",[],,,,,,
21,SGX3_HELDOUT-FAMILY_categorical_mean_aggregation_002,"{""goal"": ""categorical_mean_aggregation"", ""required_quantity"": null, ""required_unit"": null, ""decision_time"": null, ""max_resolution_m"": null, ""requires_bare_earth"": false, ""requires_cloud_mask"": false, ""max_uncertainty"": null, ""temporal_tolerance_h"": null, ""required_value_range"": null}","[{""name"": ""landcover"", ""quantity"": ""land_cover"", ""unit"": null, ""scale"": ""categorical"", ""crs"": ""EPSG:32643"", ""resolution_m"": 10.0, ""temporal_resolution_h"": null, ""processing_level"": null, ""surface_model"": null, ""vertical_datum"": null, ""acquisition_time"": null, ""available_time"": null, ""provenance"": ""authoritative-product"", ""band_role"": null, ""nodata_semantics"": null, ""uncertainty"": null, ""allowed_values"": [10, 20, 30, 40, 50, 60, 70, 80, 90, 95, 100], ""observed_min"": null, ""observed_max"": null, ""attrs"": {}}]","[{""op"": ""aggregate_categorical"", ""params"": {""artifact"": 0, ""method"": ""median""}}]",,,,,,
22,SGX3_DEVELOPMENT_future_information_006,"{""goal"": ""flood forecast"", ""required_quantity"": null, ""required_unit"": null, ""decision_time"": ""2024-08-01T12:00:00+00:00"", ""max_resolution_m"": null, ""requires_bare_earth"": false, ""requires_cloud_mask"": false, ""max_uncertainty"": null, ""temporal_tolerance_h"": null, ""required_value_range"": null}","[{""name"": ""rain-feature"", ""quantity"": ""rainfall"", ""unit"": ""mm"", ""scale"": ""continuous"", ""crs"": ""EPSG:32643"", ""resolution_m"": 10.0, ""temporal_resolution_h"": null, ""processing_level"": null, ""surface_model"": null, ""vertical_datum"": null, ""acquisition_time"": null, ""available_time"": ""2024-08-01T18:00:00+00:00"", ""provenance"": ""authoritative-product"", ""band_role"": null, ""nodata_semantics"": null, ""uncertainty"": null, ""allowed_values"": null, ""observed_min"": null, ""observed_max"": null, ""attrs"": {}}]","[{""op"": ""predict"", ""params"": {""features"": [0]}}]",,,,,,
23,SGX3_BLIND_landcover_change_025,"{""goal"": ""landcover_change"", ""required_quantity"": null, ""required_unit"": null, ""decision_time"": null, ""max_resolution_m"": null, ""requires_bare_earth"": false, ""requires_cloud_mask"": false, ""max_uncertainty"": null, ""temporal_tolerance_h"": null, ""required_value_range"": null}","[{""name"": ""WorldCover-20"", ""quantity"": ""land_cover"", ""unit"": null, ""scale"": ""categorical"", ""crs"": ""EPSG:4326"", ""resolution_m"": 20, ""temporal_resolution_h"": null, ""processing_level"": null, ""surface_model"": null, ""vertical_datum"": null, ""acquisition_time"": null, ""available_time"": null, ""provenance"": null, ""band_role"": null, ""nodata_semantics"": null, ""uncertainty"": null, ""allowed_values"": [10, 20, 30, 40, 50, 60, 70, 80, 90, 95, 100], ""observed_min"": null, ""observed_max"": null, ""attrs"": {}}]","[{""op"": ""resample"", ""params"": {""artifact"": 0, ""method"": ""cubic"", ""target_resolution_m"": 30, ""evidence_of_new_information"": true}}]",,,,,,
24,SGX3_BLIND_landslide_forecast_022,"{""goal"": ""landslide forecast"", ""required_quantity"": null, ""required_unit"": null, ""decision_time"": ""2024-08-05T12:00:00+00:00"", ""max_resolution_m"": null, ""requires_bare_earth"": false, ""requires_cloud_mask"": false, ""max_uncertainty"": null, ""temporal_tolerance_h"": null, ""required_value_range"": null}","[{""name"": ""IMERG-feature"", ""quantity"": ""rainfall"", ""unit"": ""mm"", ""scale"": ""continuous"", ""crs"": ""EPSG:32643"", ""resolution_m"": 10.0, ""temporal_resolution_h"": null, ""processing_level"": null, ""surface_model"": null, ""vertical_datum"": null, ""acquisition_time"": null, ""available_time"": ""2024-08-06T00:00:00+00:00"", ""provenance"": ""NASA GPM IMERG"", ""band_role"": null, ""nodata_semantics"": null, ""uncertainty"": null, ""allowed_values"": null, ""observed_min"": null, ""observed_max"": null, ""attrs"": {}}, {""name"": ""terrain-60"", ""quantity"": ""elevation"", ""unit"": ""m"", ""scale"": ""continuous"", ""crs"": ""EPSG:32643"", ""resolution_m"": 60, ""temporal_resolution_h"": null, ""processing_level"": null, ""surface_model"": ""DSM"", ""vertical_datum"": ""EGM2008"", ""acquisition_time"": null, ""available_time"": null, ""provenance"": ""Copernicus DEM"", ""band_role"": null, ""nodata_semantics"": null, ""uncertainty"": null, ""allowed_values"": null, ""observed_min"": null, ""observed_max"": null, ""attrs"": {}}]","[{""op"": ""predict"", ""params"": {""features"": [0]}}, {""op"": ""require_bare_earth"", ""params"": {""artifact"": 1}}]",,,,,,
25,SGX3_BLIND_flood_depth_039,"{""goal"": ""flood_depth"", ""required_quantity"": null, ""required_unit"": null, ""decision_time"": null, ""max_resolution_m"": null, ""requires_bare_earth"": false, ""requires_cloud_mask"": false, ""max_uncertainty"": null, ""temporal_tolerance_h"": null, ""required_value_range"": null}","[{""name"": ""terrain-10"", ""quantity"": ""elevation"", ""unit"": ""m"", ""scale"": ""continuous"", ""crs"": ""EPSG:32643"", ""resolution_m"": 10, ""temporal_resolution_h"": null, ""processing_level"": null, ""surface_model"": ""DSM"", ""vertical_datum"": ""EGM2008"", ""acquisition_time"": null, ""available_time"": null, ""provenance"": ""Copernicus DEM"", ""band_role"": null, ""nodata_semantics"": null, ""uncertainty"": null, ""allowed_values"": null, ""observed_min"": null, ""observed_max"": null, ""attrs"": {}}, {""name"": ""water-surface"", ""quantity"": ""water_level"", ""unit"": ""m"", ""scale"": ""continuous"", ""crs"": ""EPSG:32643"", ""resolution_m"": 10.0, ""temporal_resolution_h"": null, ""processing_level"": null, ""surface_model"": null, ""vertical_datum"": null, ""acquisition_time"": null, ""available_time"": null, ""provenance"": ""hydraulic model"", ""band_role"": null, ""nodata_semantics"": null, ""uncertainty"": null, ""allowed_values"": null, ""observed_min"": null, ""observed_max"": null, ""attrs"": {}}]","[{""op"": ""combine_vertical"", ""params"": {""a"": 0, ""b"": 1}}, {""op"": ""convert_unit"", ""params"": {""artifact"": 1, ""to"": ""K""}}]",,,,,,
26,SGX3_HELDOUT-FAMILY_uncertainty_missing_009,"{""goal"": ""operational decision"", ""required_quantity"": null, ""required_unit"": null, ""decision_time"": null, ""max_resolution_m"": null, ""requires_bare_earth"": false, ""requires_cloud_mask"": false, ""max_uncertainty"": 0.05, ""temporal_tolerance_h"": null, ""required_value_range"": null}","[{""name"": ""hazard"", ""quantity"": ""hazard_probability"", ""unit"": ""dimensionless"", ""scale"": ""continuous"", ""crs"": ""EPSG:32643"", ""resolution_m"": 10.0, ""temporal_resolution_h"": null, ""processing_level"": null, ""surface_model"": null, ""vertical_datum"": null, ""acquisition_time"": null, ""available_time"": null, ""provenance"": ""authoritative-product"", ""band_role"": null, ""nodata_semantics"": null, ""uncertainty"": 0.011, ""allowed_values"": null, ""observed_min"": null, ""observed_max"": null, ""attrs"": {}}]",[],,,,,,
27,SGX3_BLIND_eo_ml_validation_032,"{""goal"": ""eo_ml_validation"", ""required_quantity"": null, ""required_unit"": null, ""decision_time"": null, ""max_resolution_m"": null, ""requires_bare_earth"": false, ""requires_cloud_mask"": false, ""max_uncertainty"": null, ""temporal_tolerance_h"": null, ""required_value_range"": null}","[{""name"": ""EO-samples-288"", ""quantity"": ""training_samples"", ""unit"": null, ""scale"": ""continuous"", ""crs"": ""EPSG:32643"", ""resolution_m"": 10.0, ""temporal_resolution_h"": null, ""processing_level"": null, ""surface_model"": null, ""vertical_datum"": null, ""acquisition_time"": null, ""available_time"": null, ""provenance"": ""authoritative-product"", ""band_role"": null, ""nodata_semantics"": null, ""uncertainty"": null, ""allowed_values"": null, ""observed_min"": null, ""observed_max"": null, ""attrs"": {}}]","[{""op"": ""split"", ""params"": {""mode"": ""scene"", ""scene_overlap_fraction"": 0.0497}}]",,,,,,
28,SGX3_BLIND_eo_ml_validation_030,"{""goal"": ""eo_ml_validation"", ""required_quantity"": null, ""required_unit"": null, ""decision_time"": null, ""max_resolution_m"": null, ""requires_bare_earth"": false, ""requires_cloud_mask"": false, ""max_uncertainty"": null, ""temporal_tolerance_h"": null, ""required_value_range"": null}","[{""name"": ""EO-samples-1528"", ""quantity"": ""training_samples"", ""unit"": null, ""scale"": ""continuous"", ""crs"": ""EPSG:32643"", ""resolution_m"": 10.0, ""temporal_resolution_h"": null, ""processing_level"": null, ""surface_model"": null, ""vertical_datum"": null, ""acquisition_time"": null, ""available_time"": null, ""provenance"": ""authoritative-product"", ""band_role"": null, ""nodata_semantics"": null, ""uncertainty"": null, ""allowed_values"": null, ""observed_min"": null, ""observed_max"": null, ""attrs"": {}}]","[{""op"": ""split"", ""params"": {""mode"": ""scene"", ""scene_overlap_fraction"": 0.0382}}]",,,,,,
29,SGX3_BLIND_eo_ml_validation_021,"{""goal"": ""eo_ml_validation"", ""required_quantity"": null, ""required_unit"": null, ""decision_time"": null, ""max_resolution_m"": null, ""requires_bare_earth"": false, ""requires_cloud_mask"": false, ""max_uncertainty"": null, ""temporal_tolerance_h"": null, ""required_value_range"": null}","[{""name"": ""EO-samples-7218"", ""quantity"": ""training_samples"", ""unit"": null, ""scale"": ""continuous"", ""crs"": ""EPSG:32643"", ""resolution_m"": 10.0, ""temporal_resolution_h"": null, ""processing_level"": null, ""surface_model"": null, ""vertical_datum"": null, ""acquisition_time"": null, ""available_time"": null, ""provenance"": ""authoritative-product"", ""band_role"": null, ""nodata_semantics"": null, ""uncertainty"": null, ""allowed_values"": null, ""observed_min"": null, ""observed_max"": null, ""attrs"": {}}]","[{""op"": ""split"", ""params"": {""mode"": ""temporal"", ""train_end"": ""2024-04-28T00:00:00+00:00"", ""test_start"": ""2024-05-01T00:00:00+00:00""}}]",,,,,,
30,SGX3_BLIND_landcover_change_018,"{""goal"": ""landcover_change"", ""required_quantity"": null, ""required_unit"": null, ""decision_time"": null, ""max_resolution_m"": null, ""requires_bare_earth"": false, ""requires_cloud_mask"": false, ""max_uncertainty"": null, ""temporal_tolerance_h"": null, ""required_value_range"": null}","[{""name"": ""WorldCover-10"", ""quantity"": ""land_cover"", ""unit"": null, ""scale"": ""categorical"", ""crs"": ""EPSG:4326"", ""resolution_m"": 10, ""temporal_resolution_h"": null, ""processing_level"": null, ""surface_model"": null, ""vertical_datum"": null, ""acquisition_time"": null, ""available_time"": null, ""provenance"": null, ""band_role"": null, ""nodata_semantics"": null, ""uncertainty"": null, ""allowed_values"": [10, 20, 30, 40, 50, 60, 70, 80, 90, 95, 100], ""observed_min"": null, ""observed_max"": null, ""attrs"": {}}]","[{""op"": ""resample"", ""params"": {""artifact"": 0, ""method"": ""lanczos"", ""target_resolution_m"": 60, ""evidence_of_new_information"": true}}]",,,,,,
31,SGX3_DEVELOPMENT_unsupported_resolution_gain_008,"{""goal"": ""unsupported_resolution_gain"", ""required_quantity"": null, ""required_unit"": null, ""decision_time"": null, ""max_resolution_m"": null, ""requires_bare_earth"": false, ""requires_cloud_mask"": false, ""max_uncertainty"": null, ""temporal_tolerance_h"": null, ""required_value_range"": null}","[{""name"": ""raster"", ""quantity"": ""surface_property"", ""unit"": null, ""scale"": ""continuous"", ""crs"": ""EPSG:32643"", ""resolution_m"": 20, ""temporal_resolution_h"": null, ""processing_level"": null, ""surface_model"": null, ""vertical_datum"": null, ""acquisition_time"": null, ""available_time"": null, ""provenance"": ""authoritative-product"", ""band_role"": null, ""nodata_semantics"": null, ""uncertainty"": null, ""allowed_values"": null, ""observed_min"": null, ""observed_max"": null, ""attrs"": {}}]","[{""op"": ""resample"", ""params"": {""artifact"": 0, ""method"": ""bilinear"", ""target_resolution_m"": 6.666666666666667, ""evidence_of_new_information"": false}}]",,,,,,
32,SGX3_HELDOUT-FAMILY_physical_range_violation_009,"{""goal"": ""physical_range_violation"", ""required_quantity"": null, ""required_unit"": null, ""decision_time"": null, ""max_resolution_m"": null, ""requires_bare_earth"": false, ""requires_cloud_mask"": false, ""max_uncertainty"": null, ""temporal_tolerance_h"": null, ""required_value_range"": null}","[{""name"": ""index"", ""quantity"": ""NDVI"", ""unit"": ""dimensionless"", ""scale"": ""continuous"", ""crs"": ""EPSG:32643"", ""resolution_m"": 10.0, ""temporal_resolution_h"": null, ""processing_level"": null, ""surface_model"": null, ""vertical_datum"": null, ""acquisition_time"": null, ""available_time"": null, ""provenance"": ""authoritative-product"", ""band_role"": null, ""nodata_semantics"": null, ""uncertainty"": null, ""allowed_values"": null, ""observed_min"": -0.7538676247869512, ""observed_max"": 0.873246829799791, ""attrs"": {}}]","[{""op"": ""assert_value_range"", ""params"": {""artifact"": 0, ""min"": -1, ""max"": 1}}]",,,,,,
33,SGX3_DEVELOPMENT_spatial_split_leakage_006,"{""goal"": ""spatial_split_leakage"", ""required_quantity"": null, ""required_unit"": null, ""decision_time"": null, ""max_resolution_m"": null, ""requires_bare_earth"": false, ""requires_cloud_mask"": false, ""max_uncertainty"": null, ""temporal_tolerance_h"": null, ""required_value_range"": null}","[{""name"": ""samples"", ""quantity"": ""training_samples"", ""unit"": null, ""scale"": ""continuous"", ""crs"": ""EPSG:32643"", ""resolution_m"": 10.0, ""temporal_resolution_h"": null, ""processing_level"": null, ""surface_model"": null, ""vertical_datum"": null, ""acquisition_time"": null, ""available_time"": null, ""provenance"": ""authoritative-product"", ""band_role"": null, ""nodata_semantics"": null, ""uncertainty"": null, ""allowed_values"": null, ""observed_min"": null, ""observed_max"": null, ""attrs"": {}}]","[{""op"": ""split"", ""params"": {""mode"": ""spatial"", ""separation_m"": 8315, ""dependence_range_m"": 4180}}]",,,,,,
34,SGX3_BLIND_landslide_forecast_021,"{""goal"": ""landslide forecast"", ""required_quantity"": null, ""required_unit"": null, ""decision_time"": ""2024-08-05T12:00:00+00:00"", ""max_resolution_m"": null, ""requires_bare_earth"": false, ""requires_cloud_mask"": false, ""max_uncertainty"": null, ""temporal_tolerance_h"": null, ""required_value_range"": null}","[{""name"": ""IMERG-feature"", ""quantity"": ""rainfall"", ""unit"": ""mm"", ""scale"": ""continuous"", ""crs"": ""EPSG:32643"", ""resolution_m"": 10.0, ""temporal_resolution_h"": null, ""processing_level"": null, ""surface_model"": null, ""vertical_datum"": null, ""acquisition_time"": null, ""available_time"": ""2024-08-05T06:00:00+00:00"", ""provenance"": null, ""band_role"": null, ""nodata_semantics"": null, ""uncertainty"": null, ""allowed_values"": null, ""observed_min"": null, ""observed_max"": null, ""attrs"": {}}, {""name"": ""terrain-90"", ""quantity"": ""elevation"", ""unit"": ""m"", ""scale"": ""continuous"", ""crs"": ""EPSG:32643"", ""resolution_m"": 90, ""temporal_resolution_h"": null, ""processing_level"": null, ""surface_model"": ""DSM"", ""vertical_datum"": ""EGM2008"", ""acquisition_time"": null, ""available_time"": null, ""provenance"": ""Copernicus DEM"", ""band_role"": null, ""nodata_semantics"": null, ""uncertainty"": null, ""allowed_values"": null, ""observed_min"": null, ""observed_max"": null, ""attrs"": {}}]","[{""op"": ""predict"", ""params"": {""features"": [0]}}, {""op"": ""require_bare_earth"", ""params"": {""artifact"": 1}}]",,,,,,
35,SGX3_BLIND_flood_remote_sensing_003,"{""goal"": ""flood_remote_sensing"", ""required_quantity"": null, ""required_unit"": null, ""decision_time"": null, ""max_resolution_m"": null, ""requires_bare_earth"": false, ""requires_cloud_mask"": false, ""max_uncertainty"": null, ""temporal_tolerance_h"": null, ""required_value_range"": null}","[{""name"": ""flood-mask-30"", ""quantity"": ""flood_extent"", ""unit"": null, ""scale"": ""binary"", ""crs"": ""EPSG:4326"", ""resolution_m"": 30, ""temporal_resolution_h"": null, ""processing_level"": null, ""surface_model"": null, ""vertical_datum"": null, ""acquisition_time"": null, ""available_time"": null, ""provenance"": ""authoritative-product"", ""band_role"": null, ""nodata_semantics"": null, ""uncertainty"": null, ""allowed_values"": null, ""observed_min"": null, ""observed_max"": null, ""attrs"": {""cloud_mask_applied"": true}}, {""name"": ""S1"", ""quantity"": ""backscatter"", ""unit"": null, ""scale"": ""continuous"", ""crs"": ""EPSG:32643"", ""resolution_m"": 10, ""temporal_resolution_h"": null, ""processing_level"": null, ""surface_model"": null, ""vertical_datum"": null, ""acquisition_time"": ""2024-07-01T10:00:00+00:00"", ""available_time"": null, ""provenance"": ""authoritative-product"", ""band_role"": null, ""nodata_semantics"": null, ""uncertainty"": null, ""allowed_values"": null, ""observed_min"": null, ""observed_max"": null, ""attrs"": {}}, {""name"": ""S2"", ""quantity"": ""reflectance"", ""unit"": null, ""scale"": ""continuous"", ""crs"": ""EPSG:32643"", ""resolution_m"": 10, ""temporal_resolution_h"": null, ""processing_level"": null, ""surface_model"": null, ""vertical_datum"": null, ""acquisition_time"": ""2024-07-01T10:00:00+00:00"", ""available_time"": null, ""provenance"": ""authoritative-product"", ""band_role"": null, ""nodata_semantics"": null, ""uncertainty"": null, ""allowed_values"": null, ""observed_min"": null, ""observed_max"": null, ""attrs"": {}}]","[{""op"": ""require_cloud_mask"", ""params"": {""artifact"": 0}}, {""op"": ""compare_sensors"", ""params"": {""a"": 1, ""b"": 2, ""tolerance_h"": 12}}, {""op"": ""area"", ""params"": {""artifact"": 0, ""method"": ""planar"", ""output_unit"": ""km2""}}]",,,,,,
36,SGX3_DEVELOPMENT_band_grid_mismatch_002,"{""goal"": ""band_grid_mismatch"", ""required_quantity"": null, ""required_unit"": null, ""decision_time"": null, ""max_resolution_m"": null, ""requires_bare_earth"": false, ""requires_cloud_mask"": false, ""max_uncertainty"": null, ""temporal_tolerance_h"": null, ""required_value_range"": null}","[{""name"": ""red"", ""quantity"": ""reflectance"", ""unit"": null, ""scale"": ""continuous"", ""crs"": ""EPSG:32643"", ""resolution_m"": 10, ""temporal_resolution_h"": null, ""processing_level"": ""L2A"", ""surface_model"": null, ""vertical_datum"": null, ""acquisition_time"": null, ""available_time"": null, ""provenance"": ""authoritative-product"", ""band_role"": ""red"", ""nodata_semantics"": null, ""uncertainty"": null, ""allowed_values"": null, ""observed_min"": null, ""observed_max"": null, ""attrs"": {}}, {""name"": ""other"", ""quantity"": ""reflectance"", ""unit"": null, ""scale"": ""continuous"", ""crs"": ""EPSG:32643"", ""resolution_m"": 60, ""temporal_resolution_h"": null, ""processing_level"": ""L2A"", ""surface_model"": null, ""vertical_datum"": null, ""acquisition_time"": null, ""available_time"": null, ""provenance"": ""authoritative-product"", ""band_role"": ""nir"", ""nodata_semantics"": null, ""uncertainty"": null, ""allowed_values"": null, ""observed_min"": null, ""observed_max"": null, ""attrs"": {}}]","[{""op"": ""spectral_index"", ""params"": {""red_artifact"": 0, ""other_artifact"": 1, ""expected_other_role"": ""nir"", ""explicit_alignment"": false}}]",,,,,,
37,SGX3_HELDOUT-FAMILY_scene_overlap_leakage_005,"{""goal"": ""scene_overlap_leakage"", ""required_quantity"": null, ""required_unit"": null, ""decision_time"": null, ""max_resolution_m"": null, ""requires_bare_earth"": false, ""requires_cloud_mask"": false, ""max_uncertainty"": null, ""temporal_tolerance_h"": null, ""required_value_range"": null}","[{""name"": ""chips"", ""quantity"": ""image_samples"", ""unit"": null, ""scale"": ""continuous"", ""crs"": ""EPSG:32643"", ""resolution_m"": 10.0, ""temporal_resolution_h"": null, ""processing_level"": null, ""surface_model"": null, ""vertical_datum"": null, ""acquisition_time"": null, ""available_time"": null, ""provenance"": ""authoritative-product"", ""band_role"": null, ""nodata_semantics"": null, ""uncertainty"": null, ""allowed_values"": null, ""observed_min"": null, ""observed_max"": null, ""attrs"": {}}]","[{""op"": ""split"", ""params"": {""mode"": ""scene"", ""scene_overlap_fraction"": 0.594}}]",,,,,,
38,SGX3_BLIND_eo_ml_validation_022,"{""goal"": ""eo_ml_validation"", ""required_quantity"": null, ""required_unit"": null, ""decision_time"": null, ""max_resolution_m"": null, ""requires_bare_earth"": false, ""requires_cloud_mask"": false, ""max_uncertainty"": null, ""temporal_tolerance_h"": null, ""required_value_range"": null}","[{""name"": ""EO-samples-8252"", ""quantity"": ""training_samples"", ""unit"": null, ""scale"": ""continuous"", ""crs"": ""EPSG:32643"", ""resolution_m"": 10.0, ""temporal_resolution_h"": null, ""processing_level"": null, ""surface_model"": null, ""vertical_datum"": null, ""acquisition_time"": null, ""available_time"": null, ""provenance"": ""authoritative-product"", ""band_role"": null, ""nodata_semantics"": null, ""uncertainty"": null, ""allowed_values"": null, ""observed_min"": null, ""observed_max"": null, ""attrs"": {}}]","[{""op"": ""split"", ""params"": {""mode"": ""scene"", ""scene_overlap_fraction"": 0.6003}}]",,,,,,
39,SGX3_HELDOUT-FAMILY_physical_range_violation_002,"{""goal"": ""physical_range_violation"", ""required_quantity"": null, ""required_unit"": null, ""decision_time"": null, ""max_resolution_m"": null, ""requires_bare_earth"": false, ""requires_cloud_mask"": false, ""max_uncertainty"": null, ""temporal_tolerance_h"": null, ""required_value_range"": null}","[{""name"": ""index"", ""quantity"": ""NDVI"", ""unit"": ""dimensionless"", ""scale"": ""continuous"", ""crs"": ""EPSG:32643"", ""resolution_m"": 10.0, ""temporal_resolution_h"": null, ""processing_level"": null, ""surface_model"": null, ""vertical_datum"": null, ""acquisition_time"": null, ""available_time"": null, ""provenance"": ""authoritative-product"", ""band_role"": null, ""nodata_semantics"": null, ""uncertainty"": null, ""allowed_values"": null, ""observed_min"": -2, ""observed_max"": 2, ""attrs"": {}}]","[{""op"": ""assert_value_range"", ""params"": {""artifact"": 0, ""min"": -1, ""max"": 1}}]",,,,,,
40,SGX3_DEVELOPMENT_angular_area_002,"{""goal"": ""angular_area"", ""required_quantity"": null, ""required_unit"": null, ""decision_time"": null, ""max_resolution_m"": null, ""requires_bare_earth"": false, ""requires_cloud_mask"": false, ""max_uncertainty"": null, ""temporal_tolerance_h"": null, ""required_value_range"": null}","[{""name"": ""flood-polygon"", ""quantity"": ""flood_extent"", ""unit"": null, ""scale"": ""binary"", ""crs"": ""EPSG:4326"", ""resolution_m"": 10, ""temporal_resolution_h"": null, ""processing_level"": null, ""surface_model"": null, ""vertical_datum"": null, ""acquisition_time"": null, ""available_time"": null, ""provenance"": ""authoritative-product"", ""band_role"": null, ""nodata_semantics"": null, ""uncertainty"": null, ""allowed_values"": null, ""observed_min"": null, ""observed_max"": null, ""attrs"": {}}]","[{""op"": ""area"", ""params"": {""artifact"": 0, ""method"": ""planar"", ""output_unit"": ""km2""}}]",,,,,,
41,SGX3_HELDOUT-FAMILY_physical_range_violation_010,"{""goal"": ""physical_range_violation"", ""required_quantity"": null, ""required_unit"": null, ""decision_time"": null, ""max_resolution_m"": null, ""requires_bare_earth"": false, ""requires_cloud_mask"": false, ""max_uncertainty"": null, ""temporal_tolerance_h"": null, ""required_value_range"": null}","[{""name"": ""index"", ""quantity"": ""NDVI"", ""unit"": ""dimensionless"", ""scale"": ""continuous"", ""crs"": ""EPSG:32643"", ""resolution_m"": 10.0, ""temporal_resolution_h"": null, ""processing_level"": null, ""surface_model"": null, ""vertical_datum"": null, ""acquisition_time"": null, ""available_time"": null, ""provenance"": ""authoritative-product"", ""band_role"": null, ""nodata_semantics"": null, ""uncertainty"": null, ""allowed_values"": null, ""observed_min"": -0.8227485767917194, ""observed_max"": 0.7593046373274954, ""attrs"": {}}]","[{""op"": ""assert_value_range"", ""params"": {""artifact"": 0, ""min"": -1, ""max"": 1}}]",,,,,,
42,SGX3_DEVELOPMENT_band_grid_mismatch_000,"{""goal"": ""band_grid_mismatch"", ""required_quantity"": null, ""required_unit"": null, ""decision_time"": null, ""max_resolution_m"": null, ""requires_bare_earth"": false, ""requires_cloud_mask"": false, ""max_uncertainty"": null, ""temporal_tolerance_h"": null, ""required_value_range"": null}","[{""name"": ""red"", ""quantity"": ""reflectance"", ""unit"": null, ""scale"": ""continuous"", ""crs"": ""EPSG:32643"", ""resolution_m"": 10, ""temporal_resolution_h"": null, ""processing_level"": ""L2A"", ""surface_model"": null, ""vertical_datum"": null, ""acquisition_time"": null, ""available_time"": null, ""provenance"": ""authoritative-product"", ""band_role"": ""red"", ""nodata_semantics"": null, ""uncertainty"": null, ""allowed_values"": null, ""observed_min"": null, ""observed_max"": null, ""attrs"": {}}, {""name"": ""other"", ""quantity"": ""reflectance"", ""unit"": null, ""scale"": ""continuous"", ""crs"": ""EPSG:32643"", ""resolution_m"": 20, ""temporal_resolution_h"": null, ""processing_level"": ""L2A"", ""surface_model"": null, ""vertical_datum"": null, ""acquisition_time"": null, ""available_time"": null, ""provenance"": ""authoritative-product"", ""band_role"": ""nir"", ""nodata_semantics"": null, ""uncertainty"": null, ""allowed_values"": null, ""observed_min"": null, ""observed_max"": null, ""attrs"": {}}]","[{""op"": ""spectral_index"", ""params"": {""red_artifact"": 0, ""other_artifact"": 1, ""expected_other_role"": ""nir"", ""explicit_alignment"": false}}]",,,,,,
43,SGX3_BLIND_flood_remote_sensing_011,"{""goal"": ""flood_remote_sensing"", ""required_quantity"": null, ""required_unit"": null, ""decision_time"": null, ""max_resolution_m"": null, ""requires_bare_earth"": false, ""requires_cloud_mask"": false, ""max_uncertainty"": null, ""temporal_tolerance_h"": null, ""required_value_range"": null}","[{""name"": ""flood-mask-20"", ""quantity"": ""flood_extent"", ""unit"": null, ""scale"": ""binary"", ""crs"": ""EPSG:6933"", ""resolution_m"": 20, ""temporal_resolution_h"": null, ""processing_level"": null, ""surface_model"": null, ""vertical_datum"": null, ""acquisition_time"": null, ""available_time"": null, ""provenance"": ""authoritative-product"", ""band_role"": null, ""nodata_semantics"": null, ""uncertainty"": null, ""allowed_values"": null, ""observed_min"": null, ""observed_max"": null, ""attrs"": {""cloud_mask_applied"": false}}, {""name"": ""S1"", ""quantity"": ""backscatter"", ""unit"": null, ""scale"": ""continuous"", ""crs"": ""EPSG:32643"", ""resolution_m"": 10, ""temporal_resolution_h"": null, ""processing_level"": null, ""surface_model"": null, ""vertical_datum"": null, ""acquisition_time"": ""2024-07-15T10:00:00+00:00"", ""available_time"": null, ""provenance"": ""authoritative-product"", ""band_role"": null, ""nodata_semantics"": null, ""uncertainty"": null, ""allowed_values"": null, ""observed_min"": null, ""observed_max"": null, ""attrs"": {}}, {""name"": ""S2"", ""quantity"": ""reflectance"", ""unit"": null, ""scale"": ""continuous"", ""crs"": ""EPSG:32643"", ""resolution_m"": 10, ""temporal_resolution_h"": null, ""processing_level"": null, ""surface_model"": null, ""vertical_datum"": null, ""acquisition_time"": ""2024-07-15T10:00:00+00:00"", ""available_time"": null, ""provenance"": ""authoritative-product"", ""band_role"": null, ""nodata_semantics"": null, ""uncertainty"": null, ""allowed_values"": null, ""observed_min"": null, ""observed_max"": null, ""attrs"": {}}]","[{""op"": ""require_cloud_mask"", ""params"": {""artifact"": 0}}, {""op"": ""compare_sensors"", ""params"": {""a"": 1, ""b"": 2, ""tolerance_h"": 12}}, {""op"": ""area"", ""params"": {""artifact"": 0, ""method"": ""geodesic"", ""output_unit"": ""km2""}}]",,,,,,
44,SGX3_DEVELOPMENT_processing_level_003,"{""goal"": ""processing_level"", ""required_quantity"": null, ""required_unit"": null, ""decision_time"": null, ""max_resolution_m"": null, ""requires_bare_earth"": false, ""requires_cloud_mask"": false, ""max_uncertainty"": null, ""temporal_tolerance_h"": null, ""required_value_range"": null}","[{""name"": ""optical"", ""quantity"": ""reflectance"", ""unit"": null, ""scale"": ""continuous"", ""crs"": ""EPSG:32643"", ""resolution_m"": 10.0, ""temporal_resolution_h"": null, ""processing_level"": ""TOA"", ""surface_model"": null, ""vertical_datum"": null, ""acquisition_time"": null, ""available_time"": null, ""provenance"": ""authoritative-product"", ""band_role"": ""red"", ""nodata_semantics"": null, ""uncertainty"": null, ""allowed_values"": null, ""observed_min"": null, ""observed_max"": null, ""attrs"": {}}]","[{""op"": ""require_surface_reflectance"", ""params"": {""artifact"": 0}}]",,,,,,
45,SGX3_BLIND_landcover_change_022,"{""goal"": ""landcover_change"", ""required_quantity"": null, ""required_unit"": null, ""decision_time"": null, ""max_resolution_m"": null, ""requires_bare_earth"": false, ""requires_cloud_mask"": false, ""max_uncertainty"": null, ""temporal_tolerance_h"": null, ""required_value_range"": null}","[{""name"": ""WorldCover-20"", ""quantity"": ""land_cover"", ""unit"": null, ""scale"": ""categorical"", ""crs"": ""EPSG:4326"", ""resolution_m"": 20, ""temporal_resolution_h"": null, ""processing_level"": null, ""surface_model"": null, ""vertical_datum"": null, ""acquisition_time"": null, ""available_time"": null, ""provenance"": ""ESA WorldCover"", ""band_role"": null, ""nodata_semantics"": null, ""uncertainty"": null, ""allowed_values"": [10, 20, 30, 40, 50, 60, 70, 80, 90, 95, 100], ""observed_min"": null, ""observed_max"": null, ""attrs"": {}}]","[{""op"": ""resample"", ""params"": {""artifact"": 0, ""method"": ""lanczos"", ""target_resolution_m"": 30, ""evidence_of_new_information"": true}}]",,,,,,
46,SGX3_DEVELOPMENT_nodata_zero_000,"{""goal"": ""nodata_zero"", ""required_quantity"": null, ""required_unit"": null, ""decision_time"": null, ""max_resolution_m"": null, ""requires_bare_earth"": false, ""requires_cloud_mask"": false, ""max_uncertainty"": null, ""temporal_tolerance_h"": null, ""required_value_range"": null}","[{""name"": ""rain"", ""quantity"": ""rainfall"", ""unit"": ""mm"", ""scale"": ""continuous"", ""crs"": ""EPSG:32643"", ""resolution_m"": 10.0, ""temporal_resolution_h"": null, ""processing_level"": null, ""surface_model"": null, ""vertical_datum"": null, ""acquisition_time"": null, ""available_time"": null, ""provenance"": ""authoritative-product"", ""band_role"": null, ""nodata_semantics"": ""missing"", ""uncertainty"": null, ""allowed_values"": null, ""observed_min"": null, ""observed_max"": null, ""attrs"": {}}]","[{""op"": ""fill_nodata"", ""params"": {""artifact"": 0, ""value"": -9999, ""zero_is_physically_valid"": true}}]",,,,,,
47,SGX3_DEVELOPMENT_processing_level_001,"{""goal"": ""processing_level"", ""required_quantity"": null, ""required_unit"": null, ""decision_time"": null, ""max_resolution_m"": null, ""requires_bare_earth"": false, ""requires_cloud_mask"": false, ""max_uncertainty"": null, ""temporal_tolerance_h"": null, ""required_value_range"": null}","[{""name"": ""optical"", ""quantity"": ""reflectance"", ""unit"": null, ""scale"": ""continuous"", ""crs"": ""EPSG:32643"", ""resolution_m"": 10.0, ""temporal_resolution_h"": null, ""processing_level"": ""raw_DN"", ""surface_model"": null, ""vertical_datum"": null, ""acquisition_time"": null, ""available_time"": null, ""provenance"": ""authoritative-product"", ""band_role"": ""red"", ""nodata_semantics"": null, ""uncertainty"": null, ""allowed_values"": null, ""observed_min"": null, ""observed_max"": null, ""attrs"": {}}]","[{""op"": ""require_surface_reflectance"", ""params"": {""artifact"": 0}}]",,,,,,
48,SGX3_BLIND_flood_depth_006,"{""goal"": ""flood_depth"", ""required_quantity"": null, ""required_unit"": null, ""decision_time"": null, ""max_resolution_m"": null, ""requires_bare_earth"": false, ""requires_cloud_mask"": false, ""max_uncertainty"": null, ""temporal_tolerance_h"": null, ""required_value_range"": null}","[{""name"": ""terrain-10"", ""quantity"": ""elevation"", ""unit"": ""m"", ""scale"": ""continuous"", ""crs"": ""EPSG:32643"", ""resolution_m"": 10, ""temporal_resolution_h"": null, ""processing_level"": null, ""surface_model"": ""DSM"", ""vertical_datum"": ""EGM2008"", ""acquisition_time"": null, ""available_time"": null, ""provenance"": ""Copernicus DEM"", ""band_role"": null, ""nodata_semantics"": null, ""uncertainty"": null, ""allowed_values"": null, ""observed_min"": null, ""observed_max"": null, ""attrs"": {}}, {""name"": ""water-surface"", ""quantity"": ""water_level"", ""unit"": ""cm"", ""scale"": ""continuous"", ""crs"": ""EPSG:32643"", ""resolution_m"": 10.0, ""temporal_resolution_h"": null, ""processing_level"": null, ""surface_model"": null, ""vertical_datum"": null, ""acquisition_time"": null, ""available_time"": null, ""provenance"": ""hydraulic model"", ""band_role"": null, ""nodata_semantics"": null, ""uncertainty"": null, ""allowed_values"": null, ""observed_min"": null, ""observed_max"": null, ""attrs"": {}}]","[{""op"": ""combine_vertical"", ""params"": {""a"": 0, ""b"": 1}}, {""op"": ""convert_unit"", ""params"": {""artifact"": 1, ""to"": ""km""}}]",,,,,,
49,SGX3_BLIND_flood_remote_sensing_031,"{""goal"": ""flood_remote_sensing"", ""required_quantity"": null, ""required_unit"": null, ""decision_time"": null, ""max_resolution_m"": null, ""requires_bare_earth"": false, ""requires_cloud_mask"": false, ""max_uncertainty"": null, ""temporal_tolerance_h"": null, ""required_value_range"": null}","[{""name"": ""flood-mask-30"", ""quantity"": ""flood_extent"", ""unit"": null, ""scale"": ""binary"", ""crs"": ""EPSG:4326"", ""resolution_m"": 30, ""temporal_resolution_h"": null, ""processing_level"": null, ""surface_model"": null, ""vertical_datum"": null, ""acquisition_time"": null, ""available_time"": null, ""provenance"": ""authoritative-product"", ""band_role"": null, ""nodata_semantics"": null, ""uncertainty"": null, ""allowed_values"": null, ""observed_min"": null, ""observed_max"": null, ""attrs"": {""cloud_mask_applied"": true}}, {""name"": ""S1"", ""quantity"": ""backscatter"", ""unit"": null, ""scale"": ""continuous"", ""crs"": ""EPSG:32643"", ""resolution_m"": 10, ""temporal_resolution_h"": null, ""processing_level"": null, ""surface_model"": null, ""vertical_datum"": null, ""acquisition_time"": ""2024-07-05T10:00:00+00:00"", ""available_time"": null, ""provenance"": ""authoritative-product"", ""band_role"": null, ""nodata_semantics"": null, ""uncertainty"": null, ""allowed_values"": null, ""observed_min"": null, ""observed_max"": null, ""attrs"": {}}, {""name"": ""S2"", ""quantity"": ""reflectance"", ""unit"": null, ""scale"": ""continuous"", ""crs"": ""EPSG:32643"", ""resolution_m"": 10, ""temporal_resolution_h"": null, ""processing_level"": null, ""surface_model"": null, ""vertical_datum"": null, ""acquisition_time"": ""2024-07-08T10:00:00+00:00"", ""available_time"": null, ""provenance"": ""authoritative-product"", ""band_role"": null, ""nodata_semantics"": null, ""uncertainty"": null, ""allowed_values"": null, ""observed_min"": null, ""observed_max"": null, ""attrs"": {}}]","[{""op"": ""require_cloud_mask"", ""params"": {""artifact"": 0}}, {""op"": ""compare_sensors"", ""params"": {""a"": 1, ""b"": 2, ""tolerance_h"": 3}}, {""op"": ""area"", ""params"": {""artifact"": 0, ""method"": ""geodesic"", ""output_unit"": ""km2""}}]",,,,,,
50,SGX3_DEVELOPMENT_future_information_007,"{""goal"": ""flood forecast"", ""required_quantity"": null, ""required_unit"": null, ""decision_time"": ""2024-08-01T12:00:00+00:00"", ""max_resolution_m"": null, ""requires_bare_earth"": false, ""requires_cloud_mask"": false, ""max_uncertainty"": null, ""temporal_tolerance_h"": null, ""required_value_range"": null}","[{""name"": ""rain-feature"", ""quantity"": ""rainfall"", ""unit"": ""mm"", ""scale"": ""continuous"", ""crs"": ""EPSG:32643"", ""resolution_m"": 10.0, ""temporal_resolution_h"": null, ""processing_level"": null, ""surface_model"": null, ""vertical_datum"": null, ""acquisition_time"": null, ""available_time"": ""2024-08-01T15:00:00+00:00"", ""provenance"": ""authoritative-product"", ""band_role"": null, ""nodata_semantics"": null, ""uncertainty"": null, ""allowed_values"": null, ""observed_min"": null, ""observed_max"": null, ""attrs"": {}}]","[{""op"": ""predict"", ""params"": {""features"": [0]}}]",,,,,,
51,SGX3_BLIND_flood_remote_sensing_000,"{""goal"": ""flood_remote_sensing"", ""required_quantity"": null, ""required_unit"": null, ""decision_time"": null, ""max_resolution_m"": null, ""requires_bare_earth"": false, ""requires_cloud_mask"": false, ""max_uncertainty"": null, ""temporal_tolerance_h"": null, ""required_value_range"": null}","[{""name"": ""flood-mask-30"", ""quantity"": ""flood_extent"", ""unit"": null, ""scale"": ""binary"", ""crs"": ""EPSG:4326"", ""resolution_m"": 30, ""temporal_resolution_h"": null, ""processing_level"": null, ""surface_model"": null, ""vertical_datum"": null, ""acquisition_time"": null, ""available_time"": null, ""provenance"": ""authoritative-product"", ""band_role"": null, ""nodata_semantics"": null, ""uncertainty"": null, ""allowed_values"": null, ""observed_min"": null, ""observed_max"": null, ""attrs"": {""cloud_mask_applied"": true}}, {""name"": ""S1"", ""quantity"": ""backscatter"", ""unit"": null, ""scale"": ""continuous"", ""crs"": ""EPSG:32643"", ""resolution_m"": 10, ""temporal_resolution_h"": null, ""processing_level"": null, ""surface_model"": null, ""vertical_datum"": null, ""acquisition_time"": ""2024-07-05T10:00:00+00:00"", ""available_time"": null, ""provenance"": ""authoritative-product"", ""band_role"": null, ""nodata_semantics"": null, ""uncertainty"": null, ""allowed_values"": null, ""observed_min"": null, ""observed_max"": null, ""attrs"": {}}, {""name"": ""S2"", ""quantity"": ""reflectance"", ""unit"": null, ""scale"": ""continuous"", ""crs"": ""EPSG:32643"", ""resolution_m"": 10, ""temporal_resolution_h"": null, ""processing_level"": null, ""surface_model"": null, ""vertical_datum"": null, ""acquisition_time"": ""2024-07-05T16:00:00+00:00"", ""available_time"": null, ""provenance"": ""authoritative-product"", ""band_role"": null, ""nodata_semantics"": null, ""uncertainty"": null, ""allowed_values"": null, ""observed_min"": null, ""observed_max"": null, ""attrs"": {}}]","[{""op"": ""require_cloud_mask"", ""params"": {""artifact"": 0}}, {""op"": ""compare_sensors"", ""params"": {""a"": 1, ""b"": 2, ""tolerance_h"": 6}}, {""op"": ""area"", ""params"": {""artifact"": 0, ""method"": ""planar"", ""output_unit"": ""km2""}}]",,,,,,
52,SGX3_BLIND_eo_ml_validation_043,"{""goal"": ""eo_ml_validation"", ""required_quantity"": null, ""required_unit"": null, ""decision_time"": null, ""max_resolution_m"": null, ""requires_bare_earth"": false, ""requires_cloud_mask"": false, ""max_uncertainty"": null, ""temporal_tolerance_h"": null, ""required_value_range"": null}","[{""name"": ""EO-samples-7542"", ""quantity"": ""training_samples"", ""unit"": null, ""scale"": ""continuous"", ""crs"": ""EPSG:32643"", ""resolution_m"": 10.0, ""temporal_resolution_h"": null, ""processing_level"": null, ""surface_model"": null, ""vertical_datum"": null, ""acquisition_time"": null, ""available_time"": null, ""provenance"": ""authoritative-product"", ""band_role"": null, ""nodata_semantics"": null, ""uncertainty"": null, ""allowed_values"": null, ""observed_min"": null, ""observed_max"": null, ""attrs"": {}}]","[{""op"": ""split"", ""params"": {""mode"": ""temporal"", ""train_end"": ""2024-07-29T00:00:00+00:00"", ""test_start"": ""2024-07-01T00:00:00+00:00""}}]",,,,,,
53,SGX3_BLIND_flood_remote_sensing_046,"{""goal"": ""flood_remote_sensing"", ""required_quantity"": null, ""required_unit"": null, ""decision_time"": null, ""max_resolution_m"": null, ""requires_bare_earth"": false, ""requires_cloud_mask"": false, ""max_uncertainty"": null, ""temporal_tolerance_h"": null, ""required_value_range"": null}","[{""name"": ""flood-mask-20"", ""quantity"": ""flood_extent"", ""unit"": null, ""scale"": ""binary"", ""crs"": ""EPSG:32643"", ""resolution_m"": 20, ""temporal_resolution_h"": null, ""processing_level"": null, ""surface_model"": null, ""vertical_datum"": null, ""acquisition_time"": null, ""available_time"": null, ""provenance"": ""authoritative-product"", ""band_role"": null, ""nodata_semantics"": null, ""uncertainty"": null, ""allowed_values"": null, ""observed_min"": null, ""observed_max"": null, ""attrs"": {""cloud_mask_applied"": false}}, {""name"": ""S1"", ""quantity"": ""backscatter"", ""unit"": null, ""scale"": ""continuous"", ""crs"": ""EPSG:32643"", ""resolution_m"": 10, ""temporal_resolution_h"": null, ""processing_level"": null, ""surface_model"": null, ""vertical_datum"": null, ""acquisition_time"": ""2024-07-10T10:00:00+00:00"", ""available_time"": null, ""provenance"": ""authoritative-product"", ""band_role"": null, ""nodata_semantics"": null, ""uncertainty"": null, ""allowed_values"": null, ""observed_min"": null, ""observed_max"": null, ""attrs"": {}}, {""name"": ""S2"", ""quantity"": ""reflectance"", ""unit"": null, ""scale"": ""continuous"", ""crs"": ""EPSG:32643"", ""resolution_m"": 10, ""temporal_resolution_h"": null, ""processing_level"": null, ""surface_model"": null, ""vertical_datum"": null, ""acquisition_time"": ""2024-07-11T10:00:00+00:00"", ""available_time"": null, ""provenance"": ""authoritative-product"", ""band_role"": null, ""nodata_semantics"": null, ""uncertainty"": null, ""allowed_values"": null, ""observed_min"": null, ""observed_max"": null, ""attrs"": {}}]","[{""op"": ""require_cloud_mask"", ""params"": {""artifact"": 0}}, {""op"": ""compare_sensors"", ""params"": {""a"": 1, ""b"": 2, ""tolerance_h"": 6}}, {""op"": ""area"", ""params"": {""artifact"": 0, ""method"": ""planar"", ""output_unit"": ""km2""}}]",,,,,,
54,SGX3_BLIND_eo_ml_validation_036,"{""goal"": ""eo_ml_validation"", ""required_quantity"": null, ""required_unit"": null, ""decision_time"": null, ""max_resolution_m"": null, ""requires_bare_earth"": false, ""requires_cloud_mask"": false, ""max_uncertainty"": null, ""temporal_tolerance_h"": null, ""required_value_range"": null}","[{""name"": ""EO-samples-6992"", ""quantity"": ""training_samples"", ""unit"": null, ""scale"": ""continuous"", ""crs"": ""EPSG:32643"", ""resolution_m"": 10.0, ""temporal_resolution_h"": null, ""processing_level"": null, ""surface_model"": null, ""vertical_datum"": null, ""acquisition_time"": null, ""available_time"": null, ""provenance"": ""authoritative-product"", ""band_role"": null, ""nodata_semantics"": null, ""uncertainty"": null, ""allowed_values"": null, ""observed_min"": null, ""observed_max"": null, ""attrs"": {}}]","[{""op"": ""split"", ""params"": {""mode"": ""spatial"", ""separation_m"": 1551, ""dependence_range_m"": 3224}}]",,,,,,
55,SGX3_HELDOUT-FAMILY_uncertainty_missing_003,"{""goal"": ""operational decision"", ""required_quantity"": null, ""required_unit"": null, ""decision_time"": null, ""max_resolution_m"": null, ""requires_bare_earth"": false, ""requires_cloud_mask"": false, ""max_uncertainty"": 0.05, ""temporal_tolerance_h"": null, ""required_value_range"": null}","[{""name"": ""hazard"", ""quantity"": ""hazard_probability"", ""unit"": ""dimensionless"", ""scale"": ""continuous"", ""crs"": ""EPSG:32643"", ""resolution_m"": 10.0, ""temporal_resolution_h"": null, ""processing_level"": null, ""surface_model"": null, ""vertical_datum"": null, ""acquisition_time"": null, ""available_time"": null, ""provenance"": ""authoritative-product"", ""band_role"": null, ""nodata_semantics"": null, ""uncertainty"": 0.0332, ""allowed_values"": null, ""observed_min"": null, ""observed_max"": null, ""attrs"": {}}]",[],,,,,,
56,SGX3_BLIND_flood_depth_002,"{""goal"": ""flood_depth"", ""required_quantity"": null, ""required_unit"": null, ""decision_time"": null, ""max_resolution_m"": null, ""requires_bare_earth"": false, ""requires_cloud_mask"": false, ""max_uncertainty"": null, ""temporal_tolerance_h"": null, ""required_value_range"": null}","[{""name"": ""terrain-30"", ""quantity"": ""elevation"", ""unit"": ""m"", ""scale"": ""continuous"", ""crs"": ""EPSG:32643"", ""resolution_m"": 30, ""temporal_resolution_h"": null, ""processing_level"": null, ""surface_model"": ""DTM"", ""vertical_datum"": ""EGM2008"", ""acquisition_time"": null, ""available_time"": null, ""provenance"": ""Copernicus DEM"", ""band_role"": null, ""nodata_semantics"": null, ""uncertainty"": null, ""allowed_values"": null, ""observed_min"": null, ""observed_max"": null, ""attrs"": {}}, {""name"": ""water-surface"", ""quantity"": ""water_level"", ""unit"": ""cm"", ""scale"": ""continuous"", ""crs"": ""EPSG:32643"", ""resolution_m"": 10.0, ""temporal_resolution_h"": null, ""processing_level"": null, ""surface_model"": null, ""vertical_datum"": ""EGM96"", ""acquisition_time"": null, ""available_time"": null, ""provenance"": ""hydraulic model"", ""band_role"": null, ""nodata_semantics"": null, ""uncertainty"": null, ""allowed_values"": null, ""observed_min"": null, ""observed_max"": null, ""attrs"": {}}]","[{""op"": ""combine_vertical"", ""params"": {""a"": 0, ""b"": 1}}, {""op"": ""convert_unit"", ""params"": {""artifact"": 1, ""to"": ""K""}}]",,,,,,
57,SGX3_BLIND_flood_remote_sensing_014,"{""goal"": ""flood_remote_sensing"", ""required_quantity"": null, ""required_unit"": null, ""decision_time"": null, ""max_resolution_m"": null, ""requires_bare_earth"": false, ""requires_cloud_mask"": false, ""max_uncertainty"": null, ""temporal_tolerance_h"": null, ""required_value_range"": null}","[{""name"": ""flood-mask-10"", ""quantity"": ""flood_extent"", ""unit"": null, ""scale"": ""binary"", ""crs"": ""EPSG:4326"", ""resolution_m"": 10, ""temporal_resolution_h"": null, ""processing_level"": null, ""surface_model"": null, ""vertical_datum"": null, ""acquisition_time"": null, ""available_time"": null, ""provenance"": ""authoritative-product"", ""band_role"": null, ""nodata_semantics"": null, ""uncertainty"": null, ""allowed_values"": null, ""observed_min"": null, ""observed_max"": null, ""attrs"": {""cloud_mask_applied"": false}}, {""name"": ""S1"", ""quantity"": ""backscatter"", ""unit"": null, ""scale"": ""continuous"", ""crs"": ""EPSG:32643"", ""resolution_m"": 10, ""temporal_resolution_h"": null, ""processing_level"": null, ""surface_model"": null, ""vertical_datum"": null, ""acquisition_time"": ""2024-07-10T10:00:00+00:00"", ""available_time"": null, ""provenance"": ""authoritative-product"", ""band_role"": null, ""nodata_semantics"": null, ""uncertainty"": null, ""allowed_values"": null, ""observed_min"": null, ""observed_max"": null, ""attrs"": {}}, {""name"": ""S2"", ""quantity"": ""reflectance"", ""unit"": null, ""scale"": ""continuous"", ""crs"": ""EPSG:32643"", ""resolution_m"": 10, ""temporal_resolution_h"": null, ""processing_level"": null, ""surface_model"": null, ""vertical_datum"": null, ""acquisition_time"": ""2024-07-11T10:00:00+00:00"", ""available_time"": null, ""provenance"": ""authoritative-product"", ""band_role"": null, ""nodata_semantics"": null, ""uncertainty"": null, ""allowed_values"": null, ""observed_min"": null, ""observed_max"": null, ""attrs"": {}}]","[{""op"": ""require_cloud_mask"", ""params"": {""artifact"": 0}}, {""op"": ""compare_sensors"", ""params"": {""a"": 1, ""b"": 2, ""tolerance_h"": 6}}, {""op"": ""area"", ""params"": {""artifact"": 0, ""method"": ""geodesic"", ""output_unit"": ""km2""}}]",,,,,,
58,SGX3_HELDOUT-FAMILY_uncertainty_missing_014,"{""goal"": ""operational decision"", ""required_quantity"": null, ""required_unit"": null, ""decision_time"": null, ""max_resolution_m"": null, ""requires_bare_earth"": false, ""requires_cloud_mask"": false, ""max_uncertainty"": 0.05, ""temporal_tolerance_h"": null, ""required_value_range"": null}","[{""name"": ""hazard"", ""quantity"": ""hazard_probability"", ""unit"": ""dimensionless"", ""scale"": ""continuous"", ""crs"": ""EPSG:32643"", ""resolution_m"": 10.0, ""temporal_resolution_h"": null, ""processing_level"": null, ""surface_model"": null, ""vertical_datum"": null, ""acquisition_time"": null, ""available_time"": null, ""provenance"": ""authoritative-product"", ""band_role"": null, ""nodata_semantics"": null, ""uncertainty"": 0.0084, ""allowed_values"": null, ""observed_min"": null, ""observed_max"": null, ""attrs"": {}}]",[],,,,,,
59,SGX3_DEVELOPMENT_unsupported_resolution_gain_004,"{""goal"": ""unsupported_resolution_gain"", ""required_quantity"": null, ""required_unit"": null, ""decision_time"": null, ""max_resolution_m"": null, ""requires_bare_earth"": false, ""requires_cloud_mask"": false, ""max_uncertainty"": null, ""temporal_tolerance_h"": null, ""required_value_range"": null}","[{""name"": ""raster"", ""quantity"": ""surface_property"", ""unit"": null, ""scale"": ""continuous"", ""crs"": ""EPSG:32643"", ""resolution_m"": 100, ""temporal_resolution_h"": null, ""processing_level"": null, ""surface_model"": null, ""vertical_datum"": null, ""acquisition_time"": null, ""available_time"": null, ""provenance"": ""authoritative-product"", ""band_role"": null, ""nodata_semantics"": null, ""uncertainty"": null, ""allowed_values"": null, ""observed_min"": null, ""observed_max"": null, ""attrs"": {}}]","[{""op"": ""resample"", ""params"": {""artifact"": 0, ""method"": ""bilinear"", ""target_resolution_m"": 100, ""evidence_of_new_information"": false}}]",,,,,,
60,SGX3_DEVELOPMENT_categorical_interpolation_004,"{""goal"": ""categorical_interpolation"", ""required_quantity"": null, ""required_unit"": null, ""decision_time"": null, ""max_resolution_m"": null, ""requires_bare_earth"": false, ""requires_cloud_mask"": false, ""max_uncertainty"": null, ""temporal_tolerance_h"": null, ""required_value_range"": null}","[{""name"": ""landcover-10"", ""quantity"": ""land_cover"", ""unit"": null, ""scale"": ""categorical"", ""crs"": ""EPSG:4326"", ""resolution_m"": 10, ""temporal_resolution_h"": null, ""processing_level"": null, ""surface_model"": null, ""vertical_datum"": null, ""acquisition_time"": null, ""available_time"": null, ""provenance"": ""authoritative-product"", ""band_role"": null, ""nodata_semantics"": null, ""uncertainty"": null, ""allowed_values"": [10, 20, 30, 40, 50, 60, 70, 80, 90, 95, 100], ""observed_min"": null, ""observed_max"": null, ""attrs"": {}}]","[{""op"": ""resample"", ""params"": {""artifact"": 0, ""method"": ""nearest"", ""target_resolution_m"": 90, ""evidence_of_new_information"": true}}]",,,,,,
61,SGX3_BLIND_flood_remote_sensing_025,"{""goal"": ""flood_remote_sensing"", ""required_quantity"": null, ""required_unit"": null, ""decision_time"": null, ""max_resolution_m"": null, ""requires_bare_earth"": false, ""requires_cloud_mask"": false, ""max_uncertainty"": null, ""temporal_tolerance_h"": null, ""required_value_range"": null}","[{""name"": ""flood-mask-10"", ""quantity"": ""flood_extent"", ""unit"": null, ""scale"": ""binary"", ""crs"": ""EPSG:4326"", ""resolution_m"": 10, ""temporal_resolution_h"": null, ""processing_level"": null, ""surface_model"": null, ""vertical_datum"": null, ""acquisition_time"": null, ""available_time"": null, ""provenance"": ""authoritative-product"", ""band_role"": null, ""nodata_semantics"": null, ""uncertainty"": null, ""allowed_values"": null, ""observed_min"": null, ""observed_max"": null, ""attrs"": {""cloud_mask_applied"": true}}, {""name"": ""S1"", ""quantity"": ""backscatter"", ""unit"": null, ""scale"": ""continuous"", ""crs"": ""EPSG:32643"", ""resolution_m"": 10, ""temporal_resolution_h"": null, ""processing_level"": null, ""surface_model"": null, ""vertical_datum"": null, ""acquisition_time"": ""2024-07-15T10:00:00+00:00"", ""available_time"": null, ""provenance"": ""authoritative-product"", ""band_role"": null, ""nodata_semantics"": null, ""uncertainty"": null, ""allowed_values"": null, ""observed_min"": null, ""observed_max"": null, ""attrs"": {}}, {""name"": ""S2"", ""quantity"": ""reflectance"", ""unit"": null, ""scale"": ""continuous"", ""crs"": ""EPSG:32643"", ""resolution_m"": 10, ""temporal_resolution_h"": null, ""processing_level"": null, ""surface_model"": null, ""vertical_datum"": null, ""acquisition_time"": ""2024-07-15T13:00:00+00:00"", ""available_time"": null, ""provenance"": ""authoritative-product"", ""band_role"": null, ""nodata_semantics"": null, ""uncertainty"": null, ""allowed_values"": null, ""observed_min"": null, ""observed_max"": null, ""attrs"": {}}]","[{""op"": ""require_cloud_mask"", ""params"": {""artifact"": 0}}, {""op"": ""compare_sensors"", ""params"": {""a"": 1, ""b"": 2, ""tolerance_h"": 3}}, {""op"": ""area"", ""params"": {""artifact"": 0, ""method"": ""geodesic"", ""output_unit"": ""km2""}}]",,,,,,
62,SGX3_BLIND_landslide_forecast_025,"{""goal"": ""landslide forecast"", ""required_quantity"": null, ""required_unit"": null, ""decision_time"": ""2024-08-05T12:00:00+00:00"", ""max_resolution_m"": null, ""requires_bare_earth"": false, ""requires_cloud_mask"": false, ""max_uncertainty"": null, ""temporal_tolerance_h"": null, ""required_value_range"": null}","[{""name"": ""IMERG-feature"", ""quantity"": ""rainfall"", ""unit"": ""mm"", ""scale"": ""continuous"", ""crs"": ""EPSG:32643"", ""resolution_m"": 10.0, ""temporal_resolution_h"": null, ""processing_level"": null, ""surface_model"": null, ""vertical_datum"": null, ""acquisition_time"": null, ""available_time"": ""2024-08-04T12:00:00+00:00"", ""provenance"": null, ""band_role"": null, ""nodata_semantics"": null, ""uncertainty"": null, ""allowed_values"": null, ""observed_min"": null, ""observed_max"": null, ""attrs"": {}}, {""name"": ""terrain-60"", ""quantity"": ""elevation"", ""unit"": ""m"", ""scale"": ""continuous"", ""crs"": ""EPSG:32643"", ""resolution_m"": 60, ""temporal_resolution_h"": null, ""processing_level"": null, ""surface_model"": ""DSM"", ""vertical_datum"": ""EGM2008"", ""acquisition_time"": null, ""available_time"": null, ""provenance"": ""Copernicus DEM"", ""band_role"": null, ""nodata_semantics"": null, ""uncertainty"": null, ""allowed_values"": null, ""observed_min"": null, ""observed_max"": null, ""attrs"": {}}]","[{""op"": ""predict"", ""params"": {""features"": [0]}}, {""op"": ""require_bare_earth"", ""params"": {""artifact"": 1}}]",,,,,,
63,SGX3_BLIND_eo_ml_validation_018,"{""goal"": ""eo_ml_validation"", ""required_quantity"": null, ""required_unit"": null, ""decision_time"": null, ""max_resolution_m"": null, ""requires_bare_earth"": false, ""requires_cloud_mask"": false, ""max_uncertainty"": null, ""temporal_tolerance_h"": null, ""required_value_range"": null}","[{""name"": ""EO-samples-8371"", ""quantity"": ""training_samples"", ""unit"": null, ""scale"": ""continuous"", ""crs"": ""EPSG:32643"", ""resolution_m"": 10.0, ""temporal_resolution_h"": null, ""processing_level"": null, ""surface_model"": null, ""vertical_datum"": null, ""acquisition_time"": null, ""available_time"": null, ""provenance"": ""authoritative-product"", ""band_role"": null, ""nodata_semantics"": null, ""uncertainty"": null, ""allowed_values"": null, ""observed_min"": null, ""observed_max"": null, ""attrs"": {}}]","[{""op"": ""split"", ""params"": {""mode"": ""temporal"", ""train_end"": ""2024-07-23T00:00:00+00:00"", ""test_start"": ""2024-08-01T00:00:00+00:00""}}]",,,,,,
64,SGX3_HELDOUT-FAMILY_unit_dimension_mismatch_003,"{""goal"": ""unit_dimension_mismatch"", ""required_quantity"": null, ""required_unit"": null, ""decision_time"": null, ""max_resolution_m"": null, ""requires_bare_earth"": false, ""requires_cloud_mask"": false, ""max_uncertainty"": null, ""temporal_tolerance_h"": null, ""required_value_range"": null}","[{""name"": ""distance"", ""quantity"": ""distance"", ""unit"": ""m"", ""scale"": ""continuous"", ""crs"": ""EPSG:32643"", ""resolution_m"": 10.0, ""temporal_resolution_h"": null, ""processing_level"": null, ""surface_model"": null, ""vertical_datum"": null, ""acquisition_time"": null, ""available_time"": null, ""provenance"": ""authoritative-product"", ""band_role"": null, ""nodata_semantics"": null, ""uncertainty"": null, ""allowed_values"": null, ""observed_min"": null, ""observed_max"": null, ""attrs"": {}}]","[{""op"": ""convert_unit"", ""params"": {""artifact"": 0, ""to"": ""km""}}]",,,,,,
65,SGX3_DEVELOPMENT_processing_level_002,"{""goal"": ""processing_level"", ""required_quantity"": null, ""required_unit"": null, ""decision_time"": null, ""max_resolution_m"": null, ""requires_bare_earth"": false, ""requires_cloud_mask"": false, ""max_uncertainty"": null, ""temporal_tolerance_h"": null, ""required_value_range"": null}","[{""name"": ""optical"", ""quantity"": ""reflectance"", ""unit"": null, ""scale"": ""continuous"", ""crs"": ""EPSG:32643"", ""resolution_m"": 10.0, ""temporal_resolution_h"": null, ""processing_level"": ""L2A"", ""surface_model"": null, ""vertical_datum"": null, ""acquisition_time"": null, ""available_time"": null, ""provenance"": ""authoritative-product"", ""band_role"": ""red"", ""nodata_semantics"": null, ""uncertainty"": null, ""allowed_values"": null, ""observed_min"": null, ""observed_max"": null, ""attrs"": {}}]","[{""op"": ""require_surface_reflectance"", ""params"": {""artifact"": 0}}]",,,,,,
66,SGX3_BLIND_eo_ml_validation_040,"{""goal"": ""eo_ml_validation"", ""required_quantity"": null, ""required_unit"": null, ""decision_time"": null, ""max_resolution_m"": null, ""requires_bare_earth"": false, ""requires_cloud_mask"": false, ""max_uncertainty"": null, ""temporal_tolerance_h"": null, ""required_value_range"": null}","[{""name"": ""EO-samples-3798"", ""quantity"": ""training_samples"", ""unit"": null, ""scale"": ""continuous"", ""crs"": ""EPSG:32643"", ""resolution_m"": 10.0, ""temporal_resolution_h"": null, ""processing_level"": null, ""surface_model"": null, ""vertical_datum"": null, ""acquisition_time"": null, ""available_time"": null, ""provenance"": ""authoritative-product"", ""band_role"": null, ""nodata_semantics"": null, ""uncertainty"": null, ""allowed_values"": null, ""observed_min"": null, ""observed_max"": null, ""attrs"": {}}]","[{""op"": ""split"", ""params"": {""mode"": ""scene"", ""scene_overlap_fraction"": 0.5886}}]",,,,,,
67,SGX3_BLIND_landcover_change_007,"{""goal"": ""landcover_change"", ""required_quantity"": null, ""required_unit"": null, ""decision_time"": null, ""max_resolution_m"": null, ""requires_bare_earth"": false, ""requires_cloud_mask"": false, ""max_uncertainty"": null, ""temporal_tolerance_h"": null, ""required_value_range"": null}","[{""name"": ""WorldCover-20"", ""quantity"": ""land_cover"", ""unit"": null, ""scale"": ""categorical"", ""crs"": ""EPSG:4326"", ""resolution_m"": 20, ""temporal_resolution_h"": null, ""processing_level"": null, ""surface_model"": null, ""vertical_datum"": null, ""acquisition_time"": null, ""available_time"": null, ""provenance"": ""ESA WorldCover"", ""band_role"": null, ""nodata_semantics"": null, ""uncertainty"": null, ""allowed_values"": [10, 20, 30, 40, 50, 60, 70, 80, 90, 95, 100], ""observed_min"": null, ""observed_max"": null, ""attrs"": {}}]","[{""op"": ""resample"", ""params"": {""artifact"": 0, ""method"": ""lanczos"", ""target_resolution_m"": 40, ""evidence_of_new_information"": true}}]",,,,,,
68,SGX3_BLIND_flood_remote_sensing_020,"{""goal"": ""flood_remote_sensing"", ""required_quantity"": null, ""required_unit"": null, ""decision_time"": null, ""max_resolution_m"": null, ""requires_bare_earth"": false, ""requires_cloud_mask"": false, ""max_uncertainty"": null, ""temporal_tolerance_h"": null, ""required_value_range"": null}","[{""name"": ""flood-mask-20"", ""quantity"": ""flood_extent"", ""unit"": null, ""scale"": ""binary"", ""crs"": ""EPSG:32643"", ""resolution_m"": 20, ""temporal_resolution_h"": null, ""processing_level"": null, ""surface_model"": null, ""vertical_datum"": null, ""acquisition_time"": null, ""available_time"": null, ""provenance"": ""authoritative-product"", ""band_role"": null, ""nodata_semantics"": null, ""uncertainty"": null, ""allowed_values"": null, ""observed_min"": null, ""observed_max"": null, ""attrs"": {""cloud_mask_applied"": false}}, {""name"": ""S1"", ""quantity"": ""backscatter"", ""unit"": null, ""scale"": ""continuous"", ""crs"": ""EPSG:32643"", ""resolution_m"": 10, ""temporal_resolution_h"": null, ""processing_level"": null, ""surface_model"": null, ""vertical_datum"": null, ""acquisition_time"": ""2024-07-01T10:00:00+00:00"", ""available_time"": null, ""provenance"": ""authoritative-product"", ""band_role"": null, ""nodata_semantics"": null, ""uncertainty"": null, ""allowed_values"": null, ""observed_min"": null, ""observed_max"": null, ""attrs"": {}}, {""name"": ""S2"", ""quantity"": ""reflectance"", ""unit"": null, ""scale"": ""continuous"", ""crs"": ""EPSG:32643"", ""resolution_m"": 10, ""temporal_resolution_h"": null, ""processing_level"": null, ""surface_model"": null, ""vertical_datum"": null, ""acquisition_time"": ""2024-07-01T13:00:00+00:00"", ""available_time"": null, ""provenance"": ""authoritative-product"", ""band_role"": null, ""nodata_semantics"": null, ""uncertainty"": null, ""allowed_values"": null, ""observed_min"": null, ""observed_max"": null, ""attrs"": {}}]","[{""op"": ""require_cloud_mask"", ""params"": {""artifact"": 0}}, {""op"": ""compare_sensors"", ""params"": {""a"": 1, ""b"": 2, ""tolerance_h"": 12}}, {""op"": ""area"", ""params"": {""artifact"": 0, ""method"": ""planar"", ""output_unit"": ""km2""}}]",,,,,,
69,SGX3_BLIND_eo_ml_validation_031,"{""goal"": ""eo_ml_validation"", ""required_quantity"": null, ""required_unit"": null, ""decision_time"": null, ""max_resolution_m"": null, ""requires_bare_earth"": false, ""requires_cloud_mask"": false, ""max_uncertainty"": null, ""temporal_tolerance_h"": null, ""required_value_range"": null}","[{""name"": ""EO-samples-2307"", ""quantity"": ""training_samples"", ""unit"": null, ""scale"": ""continuous"", ""crs"": ""EPSG:32643"", ""resolution_m"": 10.0, ""temporal_resolution_h"": null, ""processing_level"": null, ""surface_model"": null, ""vertical_datum"": null, ""acquisition_time"": null, ""available_time"": null, ""provenance"": ""authoritative-product"", ""band_role"": null, ""nodata_semantics"": null, ""uncertainty"": null, ""allowed_values"": null, ""observed_min"": null, ""observed_max"": null, ""attrs"": {}}]","[{""op"": ""split"", ""params"": {""mode"": ""scene"", ""scene_overlap_fraction"": 0.4765}}]",,,,,,
70,SGX3_DEVELOPMENT_angular_area_007,"{""goal"": ""angular_area"", ""required_quantity"": null, ""required_unit"": null, ""decision_time"": null, ""max_resolution_m"": null, ""requires_bare_earth"": false, ""requires_cloud_mask"": false, ""max_uncertainty"": null, ""temporal_tolerance_h"": null, ""required_value_range"": null}","[{""name"": ""flood-polygon"", ""quantity"": ""flood_extent"", ""unit"": null, ""scale"": ""binary"", ""crs"": ""EPSG:32644"", ""resolution_m"": 20, ""temporal_resolution_h"": null, ""processing_level"": null, ""surface_model"": null, ""vertical_datum"": null, ""acquisition_time"": null, ""available_time"": null, ""provenance"": ""authoritative-product"", ""band_role"": null, ""nodata_semantics"": null, ""uncertainty"": null, ""allowed_values"": null, ""observed_min"": null, ""observed_max"": null, ""attrs"": {}}]","[{""op"": ""area"", ""params"": {""artifact"": 0, ""method"": ""planar"", ""output_unit"": ""km2""}}]",,,,,,
71,SGX3_BLIND_landslide_forecast_036,"{""goal"": ""landslide forecast"", ""required_quantity"": null, ""required_unit"": null, ""decision_time"": ""2024-08-15T12:00:00+00:00"", ""max_resolution_m"": null, ""requires_bare_earth"": false, ""requires_cloud_mask"": false, ""max_uncertainty"": null, ""temporal_tolerance_h"": null, ""required_value_range"": null}","[{""name"": ""IMERG-feature"", ""quantity"": ""rainfall"", ""unit"": ""mm"", ""scale"": ""continuous"", ""crs"": ""EPSG:32643"", ""resolution_m"": 10.0, ""temporal_resolution_h"": null, ""processing_level"": null, ""surface_model"": null, ""vertical_datum"": null, ""acquisition_time"": null, ""available_time"": ""2024-08-15T13:00:00+00:00"", ""provenance"": null, ""band_role"": null, ""nodata_semantics"": null, ""uncertainty"": null, ""allowed_values"": null, ""observed_min"": null, ""observed_max"": null, ""attrs"": {}}, {""name"": ""terrain-30"", ""quantity"": ""elevation"", ""unit"": ""m"", ""scale"": ""continuous"", ""crs"": ""EPSG:32643"", ""resolution_m"": 30, ""temporal_resolution_h"": null, ""processing_level"": null, ""surface_model"": ""DSM"", ""vertical_datum"": ""EGM2008"", ""acquisition_time"": null, ""available_time"": null, ""provenance"": ""Copernicus DEM"", ""band_role"": null, ""nodata_semantics"": null, ""uncertainty"": null, ""allowed_values"": null, ""observed_min"": null, ""observed_max"": null, ""attrs"": {}}]","[{""op"": ""predict"", ""params"": {""features"": [0]}}, {""op"": ""require_bare_earth"", ""params"": {""artifact"": 1}}]",,,,,,
72,SGX3_HELDOUT-FAMILY_uncertainty_missing_001,"{""goal"": ""operational decision"", ""required_quantity"": null, ""required_unit"": null, ""decision_time"": null, ""max_resolution_m"": null, ""requires_bare_earth"": false, ""requires_cloud_mask"": false, ""max_uncertainty"": 0.05, ""temporal_tolerance_h"": null, ""required_value_range"": null}","[{""name"": ""hazard"", ""quantity"": ""hazard_probability"", ""unit"": ""dimensionless"", ""scale"": ""continuous"", ""crs"": ""EPSG:32643"", ""resolution_m"": 10.0, ""temporal_resolution_h"": null, ""processing_level"": null, ""surface_model"": null, ""vertical_datum"": null, ""acquisition_time"": null, ""available_time"": null, ""provenance"": ""authoritative-product"", ""band_role"": null, ""nodata_semantics"": null, ""uncertainty"": 0.0305, ""allowed_values"": null, ""observed_min"": null, ""observed_max"": null, ""attrs"": {}}]",[],,,,,,
73,SGX3_DEVELOPMENT_cloud_mask_missing_001,"{""goal"": ""cloud_mask_missing"", ""required_quantity"": null, ""required_unit"": null, ""decision_time"": null, ""max_resolution_m"": null, ""requires_bare_earth"": false, ""requires_cloud_mask"": false, ""max_uncertainty"": null, ""temporal_tolerance_h"": null, ""required_value_range"": null}","[{""name"": ""S2-L2A"", ""quantity"": ""surface_reflectance"", ""unit"": null, ""scale"": ""continuous"", ""crs"": ""EPSG:32643"", ""resolution_m"": 10.0, ""temporal_resolution_h"": null, ""processing_level"": ""L2A"", ""surface_model"": null, ""vertical_datum"": null, ""acquisition_time"": null, ""available_time"": null, ""provenance"": ""authoritative-product"", ""band_role"": ""red"", ""nodata_semantics"": null, ""uncertainty"": null, ""allowed_values"": null, ""observed_min"": null, ""observed_max"": null, ""attrs"": {""cloud_mask_applied"": false}}]","[{""op"": ""require_cloud_mask"", ""params"": {""artifact"": 0}}]",,,,,,
74,SGX3_BLIND_landslide_forecast_028,"{""goal"": ""landslide forecast"", ""required_quantity"": null, ""required_unit"": null, ""decision_time"": ""2024-08-05T12:00:00+00:00"", ""max_resolution_m"": null, ""requires_bare_earth"": false, ""requires_cloud_mask"": false, ""max_uncertainty"": null, ""temporal_tolerance_h"": null, ""required_value_range"": null}","[{""name"": ""IMERG-feature"", ""quantity"": ""rainfall"", ""unit"": ""mm"", ""scale"": ""continuous"", ""crs"": ""EPSG:32643"", ""resolution_m"": 10.0, ""temporal_resolution_h"": null, ""processing_level"": null, ""surface_model"": null, ""vertical_datum"": null, ""acquisition_time"": null, ""available_time"": ""2024-08-06T00:00:00+00:00"", ""provenance"": null, ""band_role"": null, ""nodata_semantics"": null, ""uncertainty"": null, ""allowed_values"": null, ""observed_min"": null, ""observed_max"": null, ""attrs"": {}}, {""name"": ""terrain-90"", ""quantity"": ""elevation"", ""unit"": ""m"", ""scale"": ""continuous"", ""crs"": ""EPSG:32643"", ""resolution_m"": 90, ""temporal_resolution_h"": null, ""processing_level"": null, ""surface_model"": ""DSM"", ""vertical_datum"": ""EGM2008"", ""acquisition_time"": null, ""available_time"": null, ""provenance"": ""Copernicus DEM"", ""band_role"": null, ""nodata_semantics"": null, ""uncertainty"": null, ""allowed_values"": null, ""observed_min"": null, ""observed_max"": null, ""attrs"": {}}]","[{""op"": ""predict"", ""params"": {""features"": [0]}}, {""op"": ""require_bare_earth"", ""params"": {""artifact"": 1}}]",,,,,,
75,SGX3_BLIND_landslide_forecast_010,"{""goal"": ""landslide forecast"", ""required_quantity"": null, ""required_unit"": null, ""decision_time"": ""2024-08-05T12:00:00+00:00"", ""max_resolution_m"": null, ""requires_bare_earth"": false, ""requires_cloud_mask"": false, ""max_uncertainty"": null, ""temporal_tolerance_h"": null, ""required_value_range"": null}","[{""name"": ""IMERG-feature"", ""quantity"": ""rainfall"", ""unit"": ""mm"", ""scale"": ""continuous"", ""crs"": ""EPSG:32643"", ""resolution_m"": 10.0, ""temporal_resolution_h"": null, ""processing_level"": null, ""surface_model"": null, ""vertical_datum"": null, ""acquisition_time"": null, ""available_time"": ""2024-08-04T12:00:00+00:00"", ""provenance"": ""NASA GPM IMERG"", ""band_role"": null, ""nodata_semantics"": null, ""uncertainty"": null, ""allowed_values"": null, ""observed_min"": null, ""observed_max"": null, ""attrs"": {}}, {""name"": ""terrain-90"", ""quantity"": ""elevation"", ""unit"": ""m"", ""scale"": ""continuous"", ""crs"": ""EPSG:32643"", ""resolution_m"": 90, ""temporal_resolution_h"": null, ""processing_level"": null, ""surface_model"": ""DTM"", ""vertical_datum"": ""EGM2008"", ""acquisition_time"": null, ""available_time"": null, ""provenance"": ""Copernicus DEM"", ""band_role"": null, ""nodata_semantics"": null, ""uncertainty"": null, ""allowed_values"": null, ""observed_min"": null, ""observed_max"": null, ""attrs"": {}}]","[{""op"": ""predict"", ""params"": {""features"": [0]}}, {""op"": ""require_bare_earth"", ""params"": {""artifact"": 1}}]",,,,,,
76,SGX3_BLIND_landslide_forecast_045,"{""goal"": ""landslide forecast"", ""required_quantity"": null, ""required_unit"": null, ""decision_time"": ""2024-08-01T12:00:00+00:00"", ""max_resolution_m"": null, ""requires_bare_earth"": false, ""requires_cloud_mask"": false, ""max_uncertainty"": null, ""temporal_tolerance_h"": null, ""required_value_range"": null}","[{""name"": ""IMERG-feature"", ""quantity"": ""rainfall"", ""unit"": ""mm"", ""scale"": ""continuous"", ""crs"": ""EPSG:32643"", ""resolution_m"": 10.0, ""temporal_resolution_h"": null, ""processing_level"": null, ""surface_model"": null, ""vertical_datum"": null, ""acquisition_time"": null, ""available_time"": ""2024-08-02T00:00:00+00:00"", ""provenance"": null, ""band_role"": null, ""nodata_semantics"": null, ""uncertainty"": null, ""allowed_values"": null, ""observed_min"": null, ""observed_max"": null, ""attrs"": {}}, {""name"": ""terrain-30"", ""quantity"": ""elevation"", ""unit"": ""m"", ""scale"": ""continuous"", ""crs"": ""EPSG:32643"", ""resolution_m"": 30, ""temporal_resolution_h"": null, ""processing_level"": null, ""surface_model"": ""DTM"", ""vertical_datum"": ""EGM2008"", ""acquisition_time"": null, ""available_time"": null, ""provenance"": ""Copernicus DEM"", ""band_role"": null, ""nodata_semantics"": null, ""uncertainty"": null, ""allowed_values"": null, ""observed_min"": null, ""observed_max"": null, ""attrs"": {}}]","[{""op"": ""predict"", ""params"": {""features"": [0]}}, {""op"": ""require_bare_earth"", ""params"": {""artifact"": 1}}]",,,,,,
77,SGX3_BLIND_landcover_change_037,"{""goal"": ""landcover_change"", ""required_quantity"": null, ""required_unit"": null, ""decision_time"": null, ""max_resolution_m"": null, ""requires_bare_earth"": false, ""requires_cloud_mask"": false, ""max_uncertainty"": null, ""temporal_tolerance_h"": null, ""required_value_range"": null}","[{""name"": ""WorldCover-10"", ""quantity"": ""land_cover"", ""unit"": null, ""scale"": ""categorical"", ""crs"": ""EPSG:4326"", ""resolution_m"": 10, ""temporal_resolution_h"": null, ""processing_level"": null, ""surface_model"": null, ""vertical_datum"": null, ""acquisition_time"": null, ""available_time"": null, ""provenance"": ""ESA WorldCover"", ""band_role"": null, ""nodata_semantics"": null, ""uncertainty"": null, ""allowed_values"": [10, 20, 30, 40, 50, 60, 70, 80, 90, 95, 100], ""observed_min"": null, ""observed_max"": null, ""attrs"": {}}]","[{""op"": ""resample"", ""params"": {""artifact"": 0, ""method"": ""bilinear"", ""target_resolution_m"": 20, ""evidence_of_new_information"": true}}]",,,,,,
78,SGX3_BLIND_landslide_forecast_000,"{""goal"": ""landslide forecast"", ""required_quantity"": null, ""required_unit"": null, ""decision_time"": ""2024-08-20T12:00:00+00:00"", ""max_resolution_m"": null, ""requires_bare_earth"": false, ""requires_cloud_mask"": false, ""max_uncertainty"": null, ""temporal_tolerance_h"": null, ""required_value_range"": null}","[{""name"": ""IMERG-feature"", ""quantity"": ""rainfall"", ""unit"": ""mm"", ""scale"": ""continuous"", ""crs"": ""EPSG:32643"", ""resolution_m"": 10.0, ""temporal_resolution_h"": null, ""processing_level"": null, ""surface_model"": null, ""vertical_datum"": null, ""acquisition_time"": null, ""available_time"": ""2024-08-20T09:00:00+00:00"", ""provenance"": null, ""band_role"": null, ""nodata_semantics"": null, ""uncertainty"": null, ""allowed_values"": null, ""observed_min"": null, ""observed_max"": null, ""attrs"": {}}, {""name"": ""terrain-60"", ""quantity"": ""elevation"", ""unit"": ""m"", ""scale"": ""continuous"", ""crs"": ""EPSG:32643"", ""resolution_m"": 60, ""temporal_resolution_h"": null, ""processing_level"": null, ""surface_model"": ""DTM"", ""vertical_datum"": ""EGM2008"", ""acquisition_time"": null, ""available_time"": null, ""provenance"": ""Copernicus DEM"", ""band_role"": null, ""nodata_semantics"": null, ""uncertainty"": null, ""allowed_values"": null, ""observed_min"": null, ""observed_max"": null, ""attrs"": {}}]","[{""op"": ""predict"", ""params"": {""features"": [0]}}, {""op"": ""require_bare_earth"", ""params"": {""artifact"": 1}}]",,,,,,
79,SGX3_BLIND_landcover_change_041,"{""goal"": ""landcover_change"", ""required_quantity"": null, ""required_unit"": null, ""decision_time"": null, ""max_resolution_m"": null, ""requires_bare_earth"": false, ""requires_cloud_mask"": false, ""max_uncertainty"": null, ""temporal_tolerance_h"": null, ""required_value_range"": null}","[{""name"": ""WorldCover-20"", ""quantity"": ""land_cover"", ""unit"": null, ""scale"": ""categorical"", ""crs"": ""EPSG:4326"", ""resolution_m"": 20, ""temporal_resolution_h"": null, ""processing_level"": null, ""surface_model"": null, ""vertical_datum"": null, ""acquisition_time"": null, ""available_time"": null, ""provenance"": null, ""band_role"": null, ""nodata_semantics"": null, ""uncertainty"": null, ""allowed_values"": [10, 20, 30, 40, 50, 60, 70, 80, 90, 95, 100], ""observed_min"": null, ""observed_max"": null, ""attrs"": {}}]","[{""op"": ""resample"", ""params"": {""artifact"": 0, ""method"": ""cubic"", ""target_resolution_m"": 60, ""evidence_of_new_information"": true}}]",,,,,,
80,SGX3_BLIND_landcover_change_043,"{""goal"": ""landcover_change"", ""required_quantity"": null, ""required_unit"": null, ""decision_time"": null, ""max_resolution_m"": null, ""requires_bare_earth"": false, ""requires_cloud_mask"": false, ""max_uncertainty"": null, ""temporal_tolerance_h"": null, ""required_value_range"": null}","[{""name"": ""WorldCover-10"", ""quantity"": ""land_cover"", ""unit"": null, ""scale"": ""categorical"", ""crs"": ""EPSG:4326"", ""resolution_m"": 10, ""temporal_resolution_h"": null, ""processing_level"": null, ""surface_model"": null, ""vertical_datum"": null, ""acquisition_time"": null, ""available_time"": null, ""provenance"": ""ESA WorldCover"", ""band_role"": null, ""nodata_semantics"": null, ""uncertainty"": null, ""allowed_values"": [10, 20, 30, 40, 50, 60, 70, 80, 90, 95, 100], ""observed_min"": null, ""observed_max"": null, ""attrs"": {}}]","[{""op"": ""resample"", ""params"": {""artifact"": 0, ""method"": ""cubic"", ""target_resolution_m"": 30, ""evidence_of_new_information"": true}}]",,,,,,
81,SGX3_HELDOUT-FAMILY_multisensor_time_mismatch_004,"{""goal"": ""multisensor_time_mismatch"", ""required_quantity"": null, ""required_unit"": null, ""decision_time"": null, ""max_resolution_m"": null, ""requires_bare_earth"": false, ""requires_cloud_mask"": false, ""max_uncertainty"": null, ""temporal_tolerance_h"": null, ""required_value_range"": null}","[{""name"": ""S1"", ""quantity"": ""backscatter"", ""unit"": null, ""scale"": ""continuous"", ""crs"": ""EPSG:32643"", ""resolution_m"": 10.0, ""temporal_resolution_h"": null, ""processing_level"": null, ""surface_model"": null, ""vertical_datum"": null, ""acquisition_time"": ""2024-07-01T10:00:00+00:00"", ""available_time"": null, ""provenance"": ""authoritative-product"", ""band_role"": null, ""nodata_semantics"": null, ""uncertainty"": null, ""allowed_values"": null, ""observed_min"": null, ""observed_max"": null, ""attrs"": {}}, {""name"": ""S2"", ""quantity"": ""reflectance"", ""unit"": null, ""scale"": ""continuous"", ""crs"": ""EPSG:32643"", ""resolution_m"": 10.0, ""temporal_resolution_h"": null, ""processing_level"": null, ""surface_model"": null, ""vertical_datum"": null, ""acquisition_time"": ""2024-07-01T19:00:00+00:00"", ""available_time"": null, ""provenance"": ""authoritative-product"", ""band_role"": null, ""nodata_semantics"": null, ""uncertainty"": null, ""allowed_values"": null, ""observed_min"": null, ""observed_max"": null, ""attrs"": {}}]","[{""op"": ""compare_sensors"", ""params"": {""a"": 0, ""b"": 1, ""tolerance_h"": 12}}]",,,,,,
82,SGX3_BLIND_eo_ml_validation_027,"{""goal"": ""eo_ml_validation"", ""required_quantity"": null, ""required_unit"": null, ""decision_time"": null, ""max_resolution_m"": null, ""requires_bare_earth"": false, ""requires_cloud_mask"": false, ""max_uncertainty"": null, ""temporal_tolerance_h"": null, ""required_value_range"": null}","[{""name"": ""EO-samples-2207"", ""quantity"": ""training_samples"", ""unit"": null, ""scale"": ""continuous"", ""crs"": ""EPSG:32643"", ""resolution_m"": 10.0, ""temporal_resolution_h"": null, ""processing_level"": null, ""surface_model"": null, ""vertical_datum"": null, ""acquisition_time"": null, ""available_time"": null, ""provenance"": ""authoritative-product"", ""band_role"": null, ""nodata_semantics"": null, ""uncertainty"": null, ""allowed_values"": null, ""observed_min"": null, ""observed_max"": null, ""attrs"": {}}]","[{""op"": ""split"", ""params"": {""mode"": ""scene"", ""scene_overlap_fraction"": 0.5326}}]",,,,,,
83,SGX3_DEVELOPMENT_spatial_split_leakage_009,"{""goal"": ""spatial_split_leakage"", ""required_quantity"": null, ""required_unit"": null, ""decision_time"": null, ""max_resolution_m"": null, ""requires_bare_earth"": false, ""requires_cloud_mask"": false, ""max_uncertainty"": null, ""temporal_tolerance_h"": null, ""required_value_range"": null}","[{""name"": ""samples"", ""quantity"": ""training_samples"", ""unit"": null, ""scale"": ""continuous"", ""crs"": ""EPSG:32643"", ""resolution_m"": 10.0, ""temporal_resolution_h"": null, ""processing_level"": null, ""surface_model"": null, ""vertical_datum"": null, ""acquisition_time"": null, ""available_time"": null, ""provenance"": ""authoritative-product"", ""band_role"": null, ""nodata_semantics"": null, ""uncertainty"": null, ""allowed_values"": null, ""observed_min"": null, ""observed_max"": null, ""attrs"": {}}]","[{""op"": ""split"", ""params"": {""mode"": ""spatial"", ""separation_m"": 3992, ""dependence_range_m"": 2434}}]",,,,,,
84,SGX3_DEVELOPMENT_rate_mean_as_accumulation_003,"{""goal"": ""rate_mean_as_accumulation"", ""required_quantity"": null, ""required_unit"": null, ""decision_time"": null, ""max_resolution_m"": null, ""requires_bare_earth"": false, ""requires_cloud_mask"": false, ""max_uncertainty"": null, ""temporal_tolerance_h"": null, ""required_value_range"": null}","[{""name"": ""IMERG"", ""quantity"": ""precipitation_rate"", ""unit"": ""mm/h"", ""scale"": ""continuous"", ""crs"": ""EPSG:4326"", ""resolution_m"": 10000, ""temporal_resolution_h"": 0.5, ""processing_level"": null, ""surface_model"": null, ""vertical_datum"": null, ""acquisition_time"": null, ""available_time"": null, ""provenance"": ""authoritative-product"", ""band_role"": null, ""nodata_semantics"": null, ""uncertainty"": null, ""allowed_values"": null, ""observed_min"": null, ""observed_max"": null, ""attrs"": {}}]","[{""op"": ""temporal_aggregate"", ""params"": {""artifact"": 0, ""method"": ""mean"", ""sample_duration_h"": 0.5, ""declared_quantity"": ""accumulation""}}]",,,,,,
85,SGX3_BLIND_eo_ml_validation_010,"{""goal"": ""eo_ml_validation"", ""required_quantity"": null, ""required_unit"": null, ""decision_time"": null, ""max_resolution_m"": null, ""requires_bare_earth"": false, ""requires_cloud_mask"": false, ""max_uncertainty"": null, ""temporal_tolerance_h"": null, ""required_value_range"": null}","[{""name"": ""EO-samples-1596"", ""quantity"": ""training_samples"", ""unit"": null, ""scale"": ""continuous"", ""crs"": ""EPSG:32643"", ""resolution_m"": 10.0, ""temporal_resolution_h"": null, ""processing_level"": null, ""surface_model"": null, ""vertical_datum"": null, ""acquisition_time"": null, ""available_time"": null, ""provenance"": ""authoritative-product"", ""band_role"": null, ""nodata_semantics"": null, ""uncertainty"": null, ""allowed_values"": null, ""observed_min"": null, ""observed_max"": null, ""attrs"": {}}]","[{""op"": ""split"", ""params"": {""mode"": ""spatial"", ""separation_m"": 5810, ""dependence_range_m"": 1472}}]",,,,,,
86,SGX3_DEVELOPMENT_future_information_009,"{""goal"": ""flood forecast"", ""required_quantity"": null, ""required_unit"": null, ""decision_time"": ""2024-08-01T12:00:00+00:00"", ""max_resolution_m"": null, ""requires_bare_earth"": false, ""requires_cloud_mask"": false, ""max_uncertainty"": null, ""temporal_tolerance_h"": null, ""required_value_range"": null}","[{""name"": ""rain-feature"", ""quantity"": ""rainfall"", ""unit"": ""mm"", ""scale"": ""continuous"", ""crs"": ""EPSG:32643"", ""resolution_m"": 10.0, ""temporal_resolution_h"": null, ""processing_level"": null, ""surface_model"": null, ""vertical_datum"": null, ""acquisition_time"": null, ""available_time"": ""2024-07-31T12:00:00+00:00"", ""provenance"": ""authoritative-product"", ""band_role"": null, ""nodata_semantics"": null, ""uncertainty"": null, ""allowed_values"": null, ""observed_min"": null, ""observed_max"": null, ""attrs"": {}}]","[{""op"": ""predict"", ""params"": {""features"": [0]}}]",,,,,,
87,SGX3_HELDOUT-FAMILY_physical_range_violation_013,"{""goal"": ""physical_range_violation"", ""required_quantity"": null, ""required_unit"": null, ""decision_time"": null, ""max_resolution_m"": null, ""requires_bare_earth"": false, ""requires_cloud_mask"": false, ""max_uncertainty"": null, ""temporal_tolerance_h"": null, ""required_value_range"": null}","[{""name"": ""index"", ""quantity"": ""NDVI"", ""unit"": ""dimensionless"", ""scale"": ""continuous"", ""crs"": ""EPSG:32643"", ""resolution_m"": 10.0, ""temporal_resolution_h"": null, ""processing_level"": null, ""surface_model"": null, ""vertical_datum"": null, ""acquisition_time"": null, ""available_time"": null, ""provenance"": ""authoritative-product"", ""band_role"": null, ""nodata_semantics"": null, ""uncertainty"": null, ""allowed_values"": null, ""observed_min"": -0.36860274517733194, ""observed_max"": 0.7109580910108333, ""attrs"": {}}]","[{""op"": ""assert_value_range"", ""params"": {""artifact"": 0, ""min"": -1, ""max"": 1}}]",,,,,,
88,SGX3_BLIND_flood_remote_sensing_045,"{""goal"": ""flood_remote_sensing"", ""required_quantity"": null, ""required_unit"": null, ""decision_time"": null, ""max_resolution_m"": null, ""requires_bare_earth"": false, ""requires_cloud_mask"": false, ""max_uncertainty"": null, ""temporal_tolerance_h"": null, ""required_value_range"": null}","[{""name"": ""flood-mask-30"", ""quantity"": ""flood_extent"", ""unit"": null, ""scale"": ""binary"", ""crs"": ""EPSG:4326"", ""resolution_m"": 30, ""temporal_resolution_h"": null, ""processing_level"": null, ""surface_model"": null, ""vertical_datum"": null, ""acquisition_time"": null, ""available_time"": null, ""provenance"": ""authoritative-product"", ""band_role"": null, ""nodata_semantics"": null, ""uncertainty"": null, ""allowed_values"": null, ""observed_min"": null, ""observed_max"": null, ""attrs"": {""cloud_mask_applied"": true}}, {""name"": ""S1"", ""quantity"": ""backscatter"", ""unit"": null, ""scale"": ""continuous"", ""crs"": ""EPSG:32643"", ""resolution_m"": 10, ""temporal_resolution_h"": null, ""processing_level"": null, ""surface_model"": null, ""vertical_datum"": null, ""acquisition_time"": ""2024-07-10T10:00:00+00:00"", ""available_time"": null, ""provenance"": ""authoritative-product"", ""band_role"": null, ""nodata_semantics"": null, ""uncertainty"": null, ""allowed_values"": null, ""observed_min"": null, ""observed_max"": null, ""attrs"": {}}, {""name"": ""S2"", ""quantity"": ""reflectance"", ""unit"": null, ""scale"": ""continuous"", ""crs"": ""EPSG:32643"", ""resolution_m"": 10, ""temporal_resolution_h"": null, ""processing_level"": null, ""surface_model"": null, ""vertical_datum"": null, ""acquisition_time"": ""2024-07-10T13:00:00+00:00"", ""available_time"": null, ""provenance"": ""authoritative-product"", ""band_role"": null, ""nodata_semantics"": null, ""uncertainty"": null, ""allowed_values"": null, ""observed_min"": null, ""observed_max"": null, ""attrs"": {}}]","[{""op"": ""require_cloud_mask"", ""params"": {""artifact"": 0}}, {""op"": ""compare_sensors"", ""params"": {""a"": 1, ""b"": 2, ""tolerance_h"": 3}}, {""op"": ""area"", ""params"": {""artifact"": 0, ""method"": ""planar"", ""output_unit"": ""km2""}}]",,,,,,
89,SGX3_DEVELOPMENT_future_information_004,"{""goal"": ""flood forecast"", ""required_quantity"": null, ""required_unit"": null, ""decision_time"": ""2024-08-01T12:00:00+00:00"", ""max_resolution_m"": null, ""requires_bare_earth"": false, ""requires_cloud_mask"": false, ""max_uncertainty"": null, ""temporal_tolerance_h"": null, ""required_value_range"": null}","[{""name"": ""rain-feature"", ""quantity"": ""rainfall"", ""unit"": ""mm"", ""scale"": ""continuous"", ""crs"": ""EPSG:32643"", ""resolution_m"": 10.0, ""temporal_resolution_h"": null, ""processing_level"": null, ""surface_model"": null, ""vertical_datum"": null, ""acquisition_time"": null, ""available_time"": ""2024-08-01T09:00:00+00:00"", ""provenance"": ""authoritative-product"", ""band_role"": null, ""nodata_semantics"": null, ""uncertainty"": null, ""allowed_values"": null, ""observed_min"": null, ""observed_max"": null, ""attrs"": {}}]","[{""op"": ""predict"", ""params"": {""features"": [0]}}]",,,,,,
90,SGX3_DEVELOPMENT_unsupported_resolution_gain_001,"{""goal"": ""unsupported_resolution_gain"", ""required_quantity"": null, ""required_unit"": null, ""decision_time"": null, ""max_resolution_m"": null, ""requires_bare_earth"": false, ""requires_cloud_mask"": false, ""max_uncertainty"": null, ""temporal_tolerance_h"": null, ""required_value_range"": null}","[{""name"": ""raster"", ""quantity"": ""surface_property"", ""unit"": null, ""scale"": ""continuous"", ""crs"": ""EPSG:32643"", ""resolution_m"": 50, ""temporal_resolution_h"": null, ""processing_level"": null, ""surface_model"": null, ""vertical_datum"": null, ""acquisition_time"": null, ""available_time"": null, ""provenance"": ""authoritative-product"", ""band_role"": null, ""nodata_semantics"": null, ""uncertainty"": null, ""allowed_values"": null, ""observed_min"": null, ""observed_max"": null, ""attrs"": {}}]","[{""op"": ""resample"", ""params"": {""artifact"": 0, ""method"": ""bilinear"", ""target_resolution_m"": 12.5, ""evidence_of_new_information"": false}}]",,,,,,
91,SGX3_DEVELOPMENT_categorical_interpolation_012,"{""goal"": ""categorical_interpolation"", ""required_quantity"": null, ""required_unit"": null, ""decision_time"": null, ""max_resolution_m"": null, ""requires_bare_earth"": false, ""requires_cloud_mask"": false, ""max_uncertainty"": null, ""temporal_tolerance_h"": null, ""required_value_range"": null}","[{""name"": ""landcover-20"", ""quantity"": ""land_cover"", ""unit"": null, ""scale"": ""categorical"", ""crs"": ""EPSG:4326"", ""resolution_m"": 20, ""temporal_resolution_h"": null, ""processing_level"": null, ""surface_model"": null, ""vertical_datum"": null, ""acquisition_time"": null, ""available_time"": null, ""provenance"": ""authoritative-product"", ""band_role"": null, ""nodata_semantics"": null, ""uncertainty"": null, ""allowed_values"": [10, 20, 30, 40, 50, 60, 70, 80, 90, 95, 100], ""observed_min"": null, ""observed_max"": null, ""attrs"": {}}]","[{""op"": ""resample"", ""params"": {""artifact"": 0, ""method"": ""nearest"", ""target_resolution_m"": 35, ""evidence_of_new_information"": true}}]",,,,,,
92,SGX3_HELDOUT-FAMILY_temporal_split_overlap_011,"{""goal"": ""temporal_split_overlap"", ""required_quantity"": null, ""required_unit"": null, ""decision_time"": null, ""max_resolution_m"": null, ""requires_bare_earth"": false, ""requires_cloud_mask"": false, ""max_uncertainty"": null, ""temporal_tolerance_h"": null, ""required_value_range"": null}","[{""name"": ""records"", ""quantity"": ""time_series"", ""unit"": null, ""scale"": ""continuous"", ""crs"": ""EPSG:32643"", ""resolution_m"": 10.0, ""temporal_resolution_h"": null, ""processing_level"": null, ""surface_model"": null, ""vertical_datum"": null, ""acquisition_time"": null, ""available_time"": null, ""provenance"": ""authoritative-product"", ""band_role"": null, ""nodata_semantics"": null, ""uncertainty"": null, ""allowed_values"": null, ""observed_min"": null, ""observed_max"": null, ""attrs"": {}}]","[{""op"": ""split"", ""params"": {""mode"": ""temporal"", ""train_end"": ""2024-06-11T00:00:00+00:00"", ""test_start"": ""2024-07-01T00:00:00+00:00""}}]",,,,,,
93,SGX3_DEVELOPMENT_categorical_interpolation_006,"{""goal"": ""categorical_interpolation"", ""required_quantity"": null, ""required_unit"": null, ""decision_time"": null, ""max_resolution_m"": null, ""requires_bare_earth"": false, ""requires_cloud_mask"": false, ""max_uncertainty"": null, ""temporal_tolerance_h"": null, ""required_value_range"": null}","[{""name"": ""landcover-10"", ""quantity"": ""land_cover"", ""unit"": null, ""scale"": ""categorical"", ""crs"": ""EPSG:4326"", ""resolution_m"": 10, ""temporal_resolution_h"": null, ""processing_level"": null, ""surface_model"": null, ""vertical_datum"": null, ""acquisition_time"": null, ""available_time"": null, ""provenance"": ""authoritative-product"", ""band_role"": null, ""nodata_semantics"": null, ""uncertainty"": null, ""allowed_values"": [10, 20, 30, 40, 50, 60, 70, 80, 90, 95, 100], ""observed_min"": null, ""observed_max"": null, ""attrs"": {}}]","[{""op"": ""resample"", ""params"": {""artifact"": 0, ""method"": ""lanczos"", ""target_resolution_m"": 25, ""evidence_of_new_information"": true}}]",,,,,,
94,SGX3_BLIND_flood_remote_sensing_040,"{""goal"": ""flood_remote_sensing"", ""required_quantity"": null, ""required_unit"": null, ""decision_time"": null, ""max_resolution_m"": null, ""requires_bare_earth"": false, ""requires_cloud_mask"": false, ""max_uncertainty"": null, ""temporal_tolerance_h"": null, ""required_value_range"": null}","[{""name"": ""flood-mask-10"", ""quantity"": ""flood_extent"", ""unit"": null, ""scale"": ""binary"", ""crs"": ""EPSG:32643"", ""resolution_m"": 10, ""temporal_resolution_h"": null, ""processing_level"": null, ""surface_model"": null, ""vertical_datum"": null, ""acquisition_time"": null, ""available_time"": null, ""provenance"": ""authoritative-product"", ""band_role"": null, ""nodata_semantics"": null, ""uncertainty"": null, ""allowed_values"": null, ""observed_min"": null, ""observed_max"": null, ""attrs"": {""cloud_mask_applied"": false}}, {""name"": ""S1"", ""quantity"": ""backscatter"", ""unit"": null, ""scale"": ""continuous"", ""crs"": ""EPSG:32643"", ""resolution_m"": 10, ""temporal_resolution_h"": null, ""processing_level"": null, ""surface_model"": null, ""vertical_datum"": null, ""acquisition_time"": ""2024-07-15T10:00:00+00:00"", ""available_time"": null, ""provenance"": ""authoritative-product"", ""band_role"": null, ""nodata_semantics"": null, ""uncertainty"": null, ""allowed_values"": null, ""observed_min"": null, ""observed_max"": null, ""attrs"": {}}, {""name"": ""S2"", ""quantity"": ""reflectance"", ""unit"": null, ""scale"": ""continuous"", ""crs"": ""EPSG:32643"", ""resolution_m"": 10, ""temporal_resolution_h"": null, ""processing_level"": null, ""surface_model"": null, ""vertical_datum"": null, ""acquisition_time"": ""2024-07-15T22:00:00+00:00"", ""available_time"": null, ""provenance"": ""authoritative-product"", ""band_role"": null, ""nodata_semantics"": null, ""uncertainty"": null, ""allowed_values"": null, ""observed_min"": null, ""observed_max"": null, ""attrs"": {}}]","[{""op"": ""require_cloud_mask"", ""params"": {""artifact"": 0}}, {""op"": ""compare_sensors"", ""params"": {""a"": 1, ""b"": 2, ""tolerance_h"": 6}}, {""op"": ""area"", ""params"": {""artifact"": 0, ""method"": ""planar"", ""output_unit"": ""km2""}}]",,,,,,
95,SGX3_DEVELOPMENT_unsupported_resolution_gain_013,"{""goal"": ""unsupported_resolution_gain"", ""required_quantity"": null, ""required_unit"": null, ""decision_time"": null, ""max_resolution_m"": null, ""requires_bare_earth"": false, ""requires_cloud_mask"": false, ""max_uncertainty"": null, ""temporal_tolerance_h"": null, ""required_value_range"": null}","[{""name"": ""raster"", ""quantity"": ""surface_property"", ""unit"": null, ""scale"": ""continuous"", ""crs"": ""EPSG:32643"", ""resolution_m"": 30, ""temporal_resolution_h"": null, ""processing_level"": null, ""surface_model"": null, ""vertical_datum"": null, ""acquisition_time"": null, ""available_time"": null, ""provenance"": ""authoritative-product"", ""band_role"": null, ""nodata_semantics"": null, ""uncertainty"": null, ""allowed_values"": null, ""observed_min"": null, ""observed_max"": null, ""attrs"": {}}]","[{""op"": ""resample"", ""params"": {""artifact"": 0, ""method"": ""bilinear"", ""target_resolution_m"": 7.5, ""evidence_of_new_information"": false}}]",,,,,,
96,SGX3_HELDOUT-FAMILY_uncertainty_missing_000,"{""goal"": ""operational decision"", ""required_quantity"": null, ""required_unit"": null, ""decision_time"": null, ""max_resolution_m"": null, ""requires_bare_earth"": false, ""requires_cloud_mask"": false, ""max_uncertainty"": 0.05, ""temporal_tolerance_h"": null, ""required_value_range"": null}","[{""name"": ""hazard"", ""quantity"": ""hazard_probability"", ""unit"": ""dimensionless"", ""scale"": ""continuous"", ""crs"": ""EPSG:32643"", ""resolution_m"": 10.0, ""temporal_resolution_h"": null, ""processing_level"": null, ""surface_model"": null, ""vertical_datum"": null, ""acquisition_time"": null, ""available_time"": null, ""provenance"": ""authoritative-product"", ""band_role"": null, ""nodata_semantics"": null, ""uncertainty"": null, ""allowed_values"": null, ""observed_min"": null, ""observed_max"": null, ""attrs"": {}}]",[],,,,,,
97,SGX3_HELDOUT-FAMILY_physical_range_violation_007,"{""goal"": ""physical_range_violation"", ""required_quantity"": null, ""required_unit"": null, ""decision_time"": null, ""max_resolution_m"": null, ""requires_bare_earth"": false, ""requires_cloud_mask"": false, ""max_uncertainty"": null, ""temporal_tolerance_h"": null, ""required_value_range"": null}","[{""name"": ""index"", ""quantity"": ""NDVI"", ""unit"": ""dimensionless"", ""scale"": ""continuous"", ""crs"": ""EPSG:32643"", ""resolution_m"": 10.0, ""temporal_resolution_h"": null, ""processing_level"": null, ""surface_model"": null, ""vertical_datum"": null, ""acquisition_time"": null, ""available_time"": null, ""provenance"": ""authoritative-product"", ""band_role"": null, ""nodata_semantics"": null, ""uncertainty"": null, ""allowed_values"": null, ""observed_min"": -0.03460813962175069, ""observed_max"": 0.8258539476197895, ""attrs"": {}}]","[{""op"": ""assert_value_range"", ""params"": {""artifact"": 0, ""min"": -1, ""max"": 1}}]",,,,,,
98,SGX3_HELDOUT-FAMILY_temporal_split_overlap_003,"{""goal"": ""temporal_split_overlap"", ""required_quantity"": null, ""required_unit"": null, ""decision_time"": null, ""max_resolution_m"": null, ""requires_bare_earth"": false, ""requires_cloud_mask"": false, ""max_uncertainty"": null, ""temporal_tolerance_h"": null, ""required_value_range"": null}","[{""name"": ""records"", ""quantity"": ""time_series"", ""unit"": null, ""scale"": ""continuous"", ""crs"": ""EPSG:32643"", ""resolution_m"": 10.0, ""temporal_resolution_h"": null, ""processing_level"": null, ""surface_model"": null, ""vertical_datum"": null, ""acquisition_time"": null, ""available_time"": null, ""provenance"": ""authoritative-product"", ""band_role"": null, ""nodata_semantics"": null, ""uncertainty"": null, ""allowed_values"": null, ""observed_min"": null, ""observed_max"": null, ""attrs"": {}}]","[{""op"": ""split"", ""params"": {""mode"": ""temporal"", ""train_end"": ""2024-07-03T00:00:00+00:00"", ""test_start"": ""2024-07-01T00:00:00+00:00""}}]",,,,,,
99,SGX3_DEVELOPMENT_DSM_as_DTM_000,"{""goal"": ""DSM_as_DTM"", ""required_quantity"": null, ""required_unit"": null, ""decision_time"": null, ""max_resolution_m"": null, ""requires_bare_earth"": false, ""requires_cloud_mask"": false, ""max_uncertainty"": null, ""temporal_tolerance_h"": null, ""required_value_range"": null}","[{""name"": ""terrain"", ""quantity"": ""elevation"", ""unit"": ""m"", ""scale"": ""continuous"", ""crs"": ""EPSG:32643"", ""resolution_m"": 30, ""temporal_resolution_h"": null, ""processing_level"": null, ""surface_model"": ""DTM"", ""vertical_datum"": ""EGM2008"", ""acquisition_time"": null, ""available_time"": null, ""provenance"": ""authoritative-product"", ""band_role"": null, ""nodata_semantics"": null, ""uncertainty"": null, ""allowed_values"": null, ""observed_min"": null, ""observed_max"": null, ""attrs"": {}}]","[{""op"": ""require_bare_earth"", ""params"": {""artifact"": 0}}]",,,,,,
100,SGX3_HELDOUT-FAMILY_uncertainty_missing_012,"{""goal"": ""operational decision"", ""required_quantity"": null, ""required_unit"": null, ""decision_time"": null, ""max_resolution_m"": null, ""requires_bare_earth"": false, ""requires_cloud_mask"": false, ""max_uncertainty"": 0.05, ""temporal_tolerance_h"": null, ""required_value_range"": null}","[{""name"": ""hazard"", ""quantity"": ""hazard_probability"", ""unit"": ""dimensionless"", ""scale"": ""continuous"", ""crs"": ""EPSG:32643"", ""resolution_m"": 10.0, ""temporal_resolution_h"": null, ""processing_level"": null, ""surface_model"": null, ""vertical_datum"": null, ""acquisition_time"": null, ""available_time"": null, ""provenance"": ""authoritative-product"", ""band_role"": null, ""nodata_semantics"": null, ""uncertainty"": 0.0281, ""allowed_values"": null, ""observed_min"": null, ""observed_max"": null, ""attrs"": {}}]",[],,,,,,
101,SGX3_HELDOUT-FAMILY_temporal_split_overlap_000,"{""goal"": ""temporal_split_overlap"", ""required_quantity"": null, ""required_unit"": null, ""decision_time"": null, ""max_resolution_m"": null, ""requires_bare_earth"": false, ""requires_cloud_mask"": false, ""max_uncertainty"": null, ""temporal_tolerance_h"": null, ""required_value_range"": null}","[{""name"": ""records"", ""quantity"": ""time_series"", ""unit"": null, ""scale"": ""continuous"", ""crs"": ""EPSG:32643"", ""resolution_m"": 10.0, ""temporal_resolution_h"": null, ""processing_level"": null, ""surface_model"": null, ""vertical_datum"": null, ""acquisition_time"": null, ""available_time"": null, ""provenance"": ""authoritative-product"", ""band_role"": null, ""nodata_semantics"": null, ""uncertainty"": null, ""allowed_values"": null, ""observed_min"": null, ""observed_max"": null, ""attrs"": {}}]","[{""op"": ""split"", ""params"": {""mode"": ""temporal"", ""train_end"": ""2024-07-07T00:00:00+00:00"", ""test_start"": ""2024-07-01T00:00:00+00:00""}}]",,,,,,
102,SGX3_DEVELOPMENT_future_information_000,"{""goal"": ""flood forecast"", ""required_quantity"": null, ""required_unit"": null, ""decision_time"": ""2024-08-01T12:00:00+00:00"", ""max_resolution_m"": null, ""requires_bare_earth"": false, ""requires_cloud_mask"": false, ""max_uncertainty"": null, ""temporal_tolerance_h"": null, ""required_value_range"": null}","[{""name"": ""rain-feature"", ""quantity"": ""rainfall"", ""unit"": ""mm"", ""scale"": ""continuous"", ""crs"": ""EPSG:32643"", ""resolution_m"": 10.0, ""temporal_resolution_h"": null, ""processing_level"": null, ""surface_model"": null, ""vertical_datum"": null, ""acquisition_time"": null, ""available_time"": ""2024-08-01T06:00:00+00:00"", ""provenance"": ""authoritative-product"", ""band_role"": null, ""nodata_semantics"": null, ""uncertainty"": null, ""allowed_values"": null, ""observed_min"": null, ""observed_max"": null, ""attrs"": {}}]","[{""op"": ""predict"", ""params"": {""features"": [0]}}]",,,,,,
103,SGX3_BLIND_landcover_change_028,"{""goal"": ""landcover_change"", ""required_quantity"": null, ""required_unit"": null, ""decision_time"": null, ""max_resolution_m"": null, ""requires_bare_earth"": false, ""requires_cloud_mask"": false, ""max_uncertainty"": null, ""temporal_tolerance_h"": null, ""required_value_range"": null}","[{""name"": ""WorldCover-20"", ""quantity"": ""land_cover"", ""unit"": null, ""scale"": ""categorical"", ""crs"": ""EPSG:4326"", ""resolution_m"": 20, ""temporal_resolution_h"": null, ""processing_level"": null, ""surface_model"": null, ""vertical_datum"": null, ""acquisition_time"": null, ""available_time"": null, ""provenance"": null, ""band_role"": null, ""nodata_semantics"": null, ""uncertainty"": null, ""allowed_values"": [10, 20, 30, 40, 50, 60, 70, 80, 90, 95, 100], ""observed_min"": null, ""observed_max"": null, ""attrs"": {}}]","[{""op"": ""resample"", ""params"": {""artifact"": 0, ""method"": ""bilinear"", ""target_resolution_m"": 60, ""evidence_of_new_information"": true}}]",,,,,,
104,SGX3_DEVELOPMENT_future_information_008,"{""goal"": ""flood forecast"", ""required_quantity"": null, ""required_unit"": null, ""decision_time"": ""2024-08-01T12:00:00+00:00"", ""max_resolution_m"": null, ""requires_bare_earth"": false, ""requires_cloud_mask"": false, ""max_uncertainty"": null, ""temporal_tolerance_h"": null, ""required_value_range"": null}","[{""name"": ""rain-feature"", ""quantity"": ""rainfall"", ""unit"": ""mm"", ""scale"": ""continuous"", ""crs"": ""EPSG:32643"", ""resolution_m"": 10.0, ""temporal_resolution_h"": null, ""processing_level"": null, ""surface_model"": null, ""vertical_datum"": null, ""acquisition_time"": null, ""available_time"": ""2024-08-01T11:00:00+00:00"", ""provenance"": ""authoritative-product"", ""band_role"": null, ""nodata_semantics"": null, ""uncertainty"": null, ""allowed_values"": null, ""observed_min"": null, ""observed_max"": null, ""attrs"": {}}]","[{""op"": ""predict"", ""params"": {""features"": [0]}}]",,,,,,
105,SGX3_BLIND_landslide_forecast_016,"{""goal"": ""landslide forecast"", ""required_quantity"": null, ""required_unit"": null, ""decision_time"": ""2024-08-15T12:00:00+00:00"", ""max_resolution_m"": null, ""requires_bare_earth"": false, ""requires_cloud_mask"": false, ""max_uncertainty"": null, ""temporal_tolerance_h"": null, ""required_value_range"": null}","[{""name"": ""IMERG-feature"", ""quantity"": ""rainfall"", ""unit"": ""mm"", ""scale"": ""continuous"", ""crs"": ""EPSG:32643"", ""resolution_m"": 10.0, ""temporal_resolution_h"": null, ""processing_level"": null, ""surface_model"": null, ""vertical_datum"": null, ""acquisition_time"": null, ""available_time"": ""2024-08-15T18:00:00+00:00"", ""provenance"": null, ""band_role"": null, ""nodata_semantics"": null, ""uncertainty"": null, ""allowed_values"": null, ""observed_min"": null, ""observed_max"": null, ""attrs"": {}}, {""name"": ""terrain-60"", ""quantity"": ""elevation"", ""unit"": ""m"", ""scale"": ""continuous"", ""crs"": ""EPSG:32643"", ""resolution_m"": 60, ""temporal_resolution_h"": null, ""processing_level"": null, ""surface_model"": ""DSM"", ""vertical_datum"": ""EGM2008"", ""acquisition_time"": null, ""available_time"": null, ""provenance"": ""Copernicus DEM"", ""band_role"": null, ""nodata_semantics"": null, ""uncertainty"": null, ""allowed_values"": null, ""observed_min"": null, ""observed_max"": null, ""attrs"": {}}]","[{""op"": ""predict"", ""params"": {""features"": [0]}}, {""op"": ""require_bare_earth"", ""params"": {""artifact"": 1}}]",,,,,,
106,SGX3_HELDOUT-FAMILY_rate_sum_without_duration_005,"{""goal"": ""rate_sum_without_duration"", ""required_quantity"": null, ""required_unit"": null, ""decision_time"": null, ""max_resolution_m"": null, ""requires_bare_earth"": false, ""requires_cloud_mask"": false, ""max_uncertainty"": null, ""temporal_tolerance_h"": null, ""required_value_range"": null}","[{""name"": ""precip-rate"", ""quantity"": ""precipitation_rate"", ""unit"": ""mm/h"", ""scale"": ""continuous"", ""crs"": ""EPSG:4326"", ""resolution_m"": 10000, ""temporal_resolution_h"": 0.1, ""processing_level"": null, ""surface_model"": null, ""vertical_datum"": null, ""acquisition_time"": null, ""available_time"": null, ""provenance"": ""authoritative-product"", ""band_role"": null, ""nodata_semantics"": null, ""uncertainty"": null, ""allowed_values"": null, ""observed_min"": null, ""observed_max"": null, ""attrs"": {}}]","[{""op"": ""temporal_aggregate"", ""params"": {""artifact"": 0, ""method"": ""integrate"", ""sample_duration_h"": 0.1, ""declared_quantity"": ""accumulation""}}]",,,,,,
107,SGX3_HELDOUT-FAMILY_multisensor_time_mismatch_008,"{""goal"": ""multisensor_time_mismatch"", ""required_quantity"": null, ""required_unit"": null, ""decision_time"": null, ""max_resolution_m"": null, ""requires_bare_earth"": false, ""requires_cloud_mask"": false, ""max_uncertainty"": null, ""temporal_tolerance_h"": null, ""required_value_range"": null}","[{""name"": ""S1"", ""quantity"": ""backscatter"", ""unit"": null, ""scale"": ""continuous"", ""crs"": ""EPSG:32643"", ""resolution_m"": 10.0, ""temporal_resolution_h"": null, ""processing_level"": null, ""surface_model"": null, ""vertical_datum"": null, ""acquisition_time"": ""2024-07-01T10:00:00+00:00"", ""available_time"": null, ""provenance"": ""authoritative-product"", ""band_role"": null, ""nodata_semantics"": null, ""uncertainty"": null, ""allowed_values"": null, ""observed_min"": null, ""observed_max"": null, ""attrs"": {}}, {""name"": ""S2"", ""quantity"": ""reflectance"", ""unit"": null, ""scale"": ""continuous"", ""crs"": ""EPSG:32643"", ""resolution_m"": 10.0, ""temporal_resolution_h"": null, ""processing_level"": null, ""surface_model"": null, ""vertical_datum"": null, ""acquisition_time"": ""2024-07-04T06:00:00+00:00"", ""available_time"": null, ""provenance"": ""authoritative-product"", ""band_role"": null, ""nodata_semantics"": null, ""uncertainty"": null, ""allowed_values"": null, ""observed_min"": null, ""observed_max"": null, ""attrs"": {}}]","[{""op"": ""compare_sensors"", ""params"": {""a"": 0, ""b"": 1, ""tolerance_h"": 6}}]",,,,,,
108,SGX3_BLIND_flood_depth_027,"{""goal"": ""flood_depth"", ""required_quantity"": null, ""required_unit"": null, ""decision_time"": null, ""max_resolution_m"": null, ""requires_bare_earth"": false, ""requires_cloud_mask"": false, ""max_uncertainty"": null, ""temporal_tolerance_h"": null, ""required_value_range"": null}","[{""name"": ""terrain-90"", ""quantity"": ""elevation"", ""unit"": ""m"", ""scale"": ""continuous"", ""crs"": ""EPSG:32643"", ""resolution_m"": 90, ""temporal_resolution_h"": null, ""processing_level"": null, ""surface_model"": ""DSM"", ""vertical_datum"": ""EGM2008"", ""acquisition_time"": null, ""available_time"": null, ""provenance"": ""Copernicus DEM"", ""band_role"": null, ""nodata_semantics"": null, ""uncertainty"": null, ""allowed_values"": null, ""observed_min"": null, ""observed_max"": null, ""attrs"": {}}, {""name"": ""water-surface"", ""quantity"": ""water_level"", ""unit"": ""cm"", ""scale"": ""continuous"", ""crs"": ""EPSG:32643"", ""resolution_m"": 10.0, ""temporal_resolution_h"": null, ""processing_level"": null, ""surface_model"": null, ""vertical_datum"": ""WGS84_ellipsoid"", ""acquisition_time"": null, ""available_time"": null, ""provenance"": ""hydraulic model"", ""band_role"": null, ""nodata_semantics"": null, ""uncertainty"": null, ""allowed_values"": null, ""observed_min"": null, ""observed_max"": null, ""attrs"": {}}]","[{""op"": ""combine_vertical"", ""params"": {""a"": 0, ""b"": 1}}, {""op"": ""convert_unit"", ""params"": {""artifact"": 1, ""to"": ""km2""}}]",,,,,,
109,SGX3_BLIND_flood_depth_024,"{""goal"": ""flood_depth"", ""required_quantity"": null, ""required_unit"": null, ""decision_time"": null, ""max_resolution_m"": null, ""requires_bare_earth"": false, ""requires_cloud_mask"": false, ""max_uncertainty"": null, ""temporal_tolerance_h"": null, ""required_value_range"": null}","[{""name"": ""terrain-10"", ""quantity"": ""elevation"", ""unit"": ""m"", ""scale"": ""continuous"", ""crs"": ""EPSG:32643"", ""resolution_m"": 10, ""temporal_resolution_h"": null, ""processing_level"": null, ""surface_model"": ""DSM"", ""vertical_datum"": ""EGM2008"", ""acquisition_time"": null, ""available_time"": null, ""provenance"": ""Copernicus DEM"", ""band_role"": null, ""nodata_semantics"": null, ""uncertainty"": null, ""allowed_values"": null, ""observed_min"": null, ""observed_max"": null, ""attrs"": {}}, {""name"": ""water-surface"", ""quantity"": ""water_level"", ""unit"": ""m"", ""scale"": ""continuous"", ""crs"": ""EPSG:32643"", ""resolution_m"": 10.0, ""temporal_resolution_h"": null, ""processing_level"": null, ""surface_model"": null, ""vertical_datum"": ""EGM2008"", ""acquisition_time"": null, ""available_time"": null, ""provenance"": ""hydraulic model"", ""band_role"": null, ""nodata_semantics"": null, ""uncertainty"": null, ""allowed_values"": null, ""observed_min"": null, ""observed_max"": null, ""attrs"": {}}]","[{""op"": ""combine_vertical"", ""params"": {""a"": 0, ""b"": 1}}, {""op"": ""convert_unit"", ""params"": {""artifact"": 1, ""to"": ""K""}}]",,,,,,
110,SGX3_HELDOUT-FAMILY_scene_overlap_leakage_012,"{""goal"": ""scene_overlap_leakage"", ""required_quantity"": null, ""required_unit"": null, ""decision_time"": null, ""max_resolution_m"": null, ""requires_bare_earth"": false, ""requires_cloud_mask"": false, ""max_uncertainty"": null, ""temporal_tolerance_h"": null, ""required_value_range"": null}","[{""name"": ""chips"", ""quantity"": ""image_samples"", ""unit"": null, ""scale"": ""continuous"", ""crs"": ""EPSG:32643"", ""resolution_m"": 10.0, ""temporal_resolution_h"": null, ""processing_level"": null, ""surface_model"": null, ""vertical_datum"": null, ""acquisition_time"": null, ""available_time"": null, ""provenance"": ""authoritative-product"", ""band_role"": null, ""nodata_semantics"": null, ""uncertainty"": null, ""allowed_values"": null, ""observed_min"": null, ""observed_max"": null, ""attrs"": {}}]","[{""op"": ""split"", ""params"": {""mode"": ""scene"", ""scene_overlap_fraction"": 0.087}}]",,,,,,
111,SGX3_BLIND_eo_ml_validation_017,"{""goal"": ""eo_ml_validation"", ""required_quantity"": null, ""required_unit"": null, ""decision_time"": null, ""max_resolution_m"": null, ""requires_bare_earth"": false, ""requires_cloud_mask"": false, ""max_uncertainty"": null, ""temporal_tolerance_h"": null, ""required_value_range"": null}","[{""name"": ""EO-samples-6802"", ""quantity"": ""training_samples"", ""unit"": null, ""scale"": ""continuous"", ""crs"": ""EPSG:32643"", ""resolution_m"": 10.0, ""temporal_resolution_h"": null, ""processing_level"": null, ""surface_model"": null, ""vertical_datum"": null, ""acquisition_time"": null, ""available_time"": null, ""provenance"": ""authoritative-product"", ""band_role"": null, ""nodata_semantics"": null, ""uncertainty"": null, ""allowed_values"": null, ""observed_min"": null, ""observed_max"": null, ""attrs"": {}}]","[{""op"": ""split"", ""params"": {""mode"": ""scene"", ""scene_overlap_fraction"": 0.218}}]",,,,,,
112,SGX3_HELDOUT-FAMILY_vertical_datum_mismatch_002,"{""goal"": ""vertical_datum_mismatch"", ""required_quantity"": null, ""required_unit"": null, ""decision_time"": null, ""max_resolution_m"": null, ""requires_bare_earth"": false, ""requires_cloud_mask"": false, ""max_uncertainty"": null, ""temporal_tolerance_h"": null, ""required_value_range"": null}","[{""name"": ""terrain"", ""quantity"": ""elevation"", ""unit"": ""m"", ""scale"": ""continuous"", ""crs"": ""EPSG:32643"", ""resolution_m"": 10.0, ""temporal_resolution_h"": null, ""processing_level"": null, ""surface_model"": null, ""vertical_datum"": ""EGM2008"", ""acquisition_time"": null, ""available_time"": null, ""provenance"": ""authoritative-product"", ""band_role"": null, ""nodata_semantics"": null, ""uncertainty"": null, ""allowed_values"": null, ""observed_min"": null, ""observed_max"": null, ""attrs"": {}}, {""name"": ""water"", ""quantity"": ""water_level"", ""unit"": ""m"", ""scale"": ""continuous"", ""crs"": ""EPSG:32643"", ""resolution_m"": 10.0, ""temporal_resolution_h"": null, ""processing_level"": null, ""surface_model"": null, ""vertical_datum"": ""WGS84_ellipsoid"", ""acquisition_time"": null, ""available_time"": null, ""provenance"": ""authoritative-product"", ""band_role"": null, ""nodata_semantics"": null, ""uncertainty"": null, ""allowed_values"": null, ""observed_min"": null, ""observed_max"": null, ""attrs"": {}}]","[{""op"": ""combine_vertical"", ""params"": {""a"": 0, ""b"": 1}}]",,,,,,
113,SGX3_HELDOUT-FAMILY_missing_provenance_000,"{""goal"": ""missing_provenance"", ""required_quantity"": null, ""required_unit"": null, ""decision_time"": null, ""max_resolution_m"": null, ""requires_bare_earth"": false, ""requires_cloud_mask"": false, ""max_uncertainty"": null, ""temporal_tolerance_h"": null, ""required_value_range"": null}","[{""name"": ""unknown-input"", ""quantity"": ""elevation"", ""unit"": null, ""scale"": ""continuous"", ""crs"": ""EPSG:32643"", ""resolution_m"": 10.0, ""temporal_resolution_h"": null, ""processing_level"": null, ""surface_model"": null, ""vertical_datum"": null, ""acquisition_time"": null, ""available_time"": null, ""provenance"": null, ""band_role"": null, ""nodata_semantics"": null, ""uncertainty"": null, ""allowed_values"": null, ""observed_min"": null, ""observed_max"": null, ""attrs"": {}}]",[],,,,,,
114,SGX3_DEVELOPMENT_spectral_role_001,"{""goal"": ""spectral_role"", ""required_quantity"": null, ""required_unit"": null, ""decision_time"": null, ""max_resolution_m"": null, ""requires_bare_earth"": false, ""requires_cloud_mask"": false, ""max_uncertainty"": null, ""temporal_tolerance_h"": null, ""required_value_range"": null}","[{""name"": ""red"", ""quantity"": ""reflectance"", ""unit"": null, ""scale"": ""continuous"", ""crs"": ""EPSG:32643"", ""resolution_m"": 10, ""temporal_resolution_h"": null, ""processing_level"": ""L2A"", ""surface_model"": null, ""vertical_datum"": null, ""acquisition_time"": null, ""available_time"": null, ""provenance"": ""authoritative-product"", ""band_role"": ""red"", ""nodata_semantics"": null, ""uncertainty"": null, ""allowed_values"": null, ""observed_min"": null, ""observed_max"": null, ""attrs"": {}}, {""name"": ""other"", ""quantity"": ""reflectance"", ""unit"": null, ""scale"": ""continuous"", ""crs"": ""EPSG:32643"", ""resolution_m"": 10, ""temporal_resolution_h"": null, ""processing_level"": ""L2A"", ""surface_model"": null, ""vertical_datum"": null, ""acquisition_time"": null, ""available_time"": null, ""provenance"": ""authoritative-product"", ""band_role"": ""swir16"", ""nodata_semantics"": null, ""uncertainty"": null, ""allowed_values"": null, ""observed_min"": null, ""observed_max"": null, ""attrs"": {}}]","[{""op"": ""spectral_index"", ""params"": {""red_artifact"": 0, ""other_artifact"": 1, ""expected_other_role"": ""nir"", ""explicit_alignment"": true}}]",,,,,,
115,SGX3_HELDOUT-FAMILY_uncertainty_missing_008,"{""goal"": ""operational decision"", ""required_quantity"": null, ""required_unit"": null, ""decision_time"": null, ""max_resolution_m"": null, ""requires_bare_earth"": false, ""requires_cloud_mask"": false, ""max_uncertainty"": 0.05, ""temporal_tolerance_h"": null, ""required_value_range"": null}","[{""name"": ""hazard"", ""quantity"": ""hazard_probability"", ""unit"": ""dimensionless"", ""scale"": ""continuous"", ""crs"": ""EPSG:32643"", ""resolution_m"": 10.0, ""temporal_resolution_h"": null, ""processing_level"": null, ""surface_model"": null, ""vertical_datum"": null, ""acquisition_time"": null, ""available_time"": null, ""provenance"": ""authoritative-product"", ""band_role"": null, ""nodata_semantics"": null, ""uncertainty"": 0.0116, ""allowed_values"": null, ""observed_min"": null, ""observed_max"": null, ""attrs"": {}}]",[],,,,,,
116,SGX3_BLIND_landcover_change_047,"{""goal"": ""landcover_change"", ""required_quantity"": null, ""required_unit"": null, ""decision_time"": null, ""max_resolution_m"": null, ""requires_bare_earth"": false, ""requires_cloud_mask"": false, ""max_uncertainty"": null, ""temporal_tolerance_h"": null, ""required_value_range"": null}","[{""name"": ""WorldCover-20"", ""quantity"": ""land_cover"", ""unit"": null, ""scale"": ""categorical"", ""crs"": ""EPSG:4326"", ""resolution_m"": 20, ""temporal_resolution_h"": null, ""processing_level"": null, ""surface_model"": null, ""vertical_datum"": null, ""acquisition_time"": null, ""available_time"": null, ""provenance"": null, ""band_role"": null, ""nodata_semantics"": null, ""uncertainty"": null, ""allowed_values"": [10, 20, 30, 40, 50, 60, 70, 80, 90, 95, 100], ""observed_min"": null, ""observed_max"": null, ""attrs"": {}}]","[{""op"": ""resample"", ""params"": {""artifact"": 0, ""method"": ""bilinear"", ""target_resolution_m"": 40, ""evidence_of_new_information"": true}}]",,,,,,
117,SGX3_BLIND_flood_depth_032,"{""goal"": ""flood_depth"", ""required_quantity"": null, ""required_unit"": null, ""decision_time"": null, ""max_resolution_m"": null, ""requires_bare_earth"": false, ""requires_cloud_mask"": false, ""max_uncertainty"": null, ""temporal_tolerance_h"": null, ""required_value_range"": null}","[{""name"": ""terrain-90"", ""quantity"": ""elevation"", ""unit"": ""m"", ""scale"": ""continuous"", ""crs"": ""EPSG:32643"", ""resolution_m"": 90, ""temporal_resolution_h"": null, ""processing_level"": null, ""surface_model"": ""DSM"", ""vertical_datum"": ""EGM2008"", ""acquisition_time"": null, ""available_time"": null, ""provenance"": ""Copernicus DEM"", ""band_role"": null, ""nodata_semantics"": null, ""uncertainty"": null, ""allowed_values"": null, ""observed_min"": null, ""observed_max"": null, ""attrs"": {}}, {""name"": ""water-surface"", ""quantity"": ""water_level"", ""unit"": ""m"", ""scale"": ""continuous"", ""crs"": ""EPSG:32643"", ""resolution_m"": 10.0, ""temporal_resolution_h"": null, ""processing_level"": null, ""surface_model"": null, ""vertical_datum"": ""EGM2008"", ""acquisition_time"": null, ""available_time"": null, ""provenance"": ""hydraulic model"", ""band_role"": null, ""nodata_semantics"": null, ""uncertainty"": null, ""allowed_values"": null, ""observed_min"": null, ""observed_max"": null, ""attrs"": {}}]","[{""op"": ""combine_vertical"", ""params"": {""a"": 0, ""b"": 1}}, {""op"": ""convert_unit"", ""params"": {""artifact"": 1, ""to"": ""km2""}}]",,,,,,
118,SGX3_BLIND_eo_ml_validation_047,"{""goal"": ""eo_ml_validation"", ""required_quantity"": null, ""required_unit"": null, ""decision_time"": null, ""max_resolution_m"": null, ""requires_bare_earth"": false, ""requires_cloud_mask"": false, ""max_uncertainty"": null, ""temporal_tolerance_h"": null, ""required_value_range"": null}","[{""name"": ""EO-samples-1636"", ""quantity"": ""training_samples"", ""unit"": null, ""scale"": ""continuous"", ""crs"": ""EPSG:32643"", ""resolution_m"": 10.0, ""temporal_resolution_h"": null, ""processing_level"": null, ""surface_model"": null, ""vertical_datum"": null, ""acquisition_time"": null, ""available_time"": null, ""provenance"": ""authoritative-product"", ""band_role"": null, ""nodata_semantics"": null, ""uncertainty"": null, ""allowed_values"": null, ""observed_min"": null, ""observed_max"": null, ""attrs"": {}}]","[{""op"": ""split"", ""params"": {""mode"": ""temporal"", ""train_end"": ""2024-07-17T00:00:00+00:00"", ""test_start"": ""2024-07-01T00:00:00+00:00""}}]",,,,,,
119,SGX3_DEVELOPMENT_unsupported_resolution_gain_015,"{""goal"": ""unsupported_resolution_gain"", ""required_quantity"": null, ""required_unit"": null, ""decision_time"": null, ""max_resolution_m"": null, ""requires_bare_earth"": false, ""requires_cloud_mask"": false, ""max_uncertainty"": null, ""temporal_tolerance_h"": null, ""required_value_range"": null}","[{""name"": ""raster"", ""quantity"": ""surface_property"", ""unit"": null, ""scale"": ""continuous"", ""crs"": ""EPSG:32643"", ""resolution_m"": 50, ""temporal_resolution_h"": null, ""processing_level"": null, ""surface_model"": null, ""vertical_datum"": null, ""acquisition_time"": null, ""available_time"": null, ""provenance"": ""authoritative-product"", ""band_role"": null, ""nodata_semantics"": null, ""uncertainty"": null, ""allowed_values"": null, ""observed_min"": null, ""observed_max"": null, ""attrs"": {}}]","[{""op"": ""resample"", ""params"": {""artifact"": 0, ""method"": ""bilinear"", ""target_resolution_m"": 150, ""evidence_of_new_information"": false}}]",,,,,,
120,SGX3_HELDOUT-FAMILY_multisensor_time_mismatch_010,"{""goal"": ""multisensor_time_mismatch"", ""required_quantity"": null, ""required_unit"": null, ""decision_time"": null, ""max_resolution_m"": null, ""requires_bare_earth"": false, ""requires_cloud_mask"": false, ""max_uncertainty"": null, ""temporal_tolerance_h"": null, ""required_value_range"": null}","[{""name"": ""S1"", ""quantity"": ""backscatter"", ""unit"": null, ""scale"": ""continuous"", ""crs"": ""EPSG:32643"", ""resolution_m"": 10.0, ""temporal_resolution_h"": null, ""processing_level"": null, ""surface_model"": null, ""vertical_datum"": null, ""acquisition_time"": ""2024-07-01T10:00:00+00:00"", ""available_time"": null, ""provenance"": ""authoritative-product"", ""band_role"": null, ""nodata_semantics"": null, ""uncertainty"": null, ""allowed_values"": null, ""observed_min"": null, ""observed_max"": null, ""attrs"": {}}, {""name"": ""S2"", ""quantity"": ""reflectance"", ""unit"": null, ""scale"": ""continuous"", ""crs"": ""EPSG:32643"", ""resolution_m"": 10.0, ""temporal_resolution_h"": null, ""processing_level"": null, ""surface_model"": null, ""vertical_datum"": null, ""acquisition_time"": ""2024-07-03T03:00:00+00:00"", ""available_time"": null, ""provenance"": ""authoritative-product"", ""band_role"": null, ""nodata_semantics"": null, ""uncertainty"": null, ""allowed_values"": null, ""observed_min"": null, ""observed_max"": null, ""attrs"": {}}]","[{""op"": ""compare_sensors"", ""params"": {""a"": 0, ""b"": 1, ""tolerance_h"": 12}}]",,,,,,
121,SGX3_DEVELOPMENT_angular_area_005,"{""goal"": ""angular_area"", ""required_quantity"": null, ""required_unit"": null, ""decision_time"": null, ""max_resolution_m"": null, ""requires_bare_earth"": false, ""requires_cloud_mask"": false, ""max_uncertainty"": null, ""temporal_tolerance_h"": null, ""required_value_range"": null}","[{""name"": ""flood-polygon"", ""quantity"": ""flood_extent"", ""unit"": null, ""scale"": ""binary"", ""crs"": ""EPSG:32644"", ""resolution_m"": 30, ""temporal_resolution_h"": null, ""processing_level"": null, ""surface_model"": null, ""vertical_datum"": null, ""acquisition_time"": null, ""available_time"": null, ""provenance"": ""authoritative-product"", ""band_role"": null, ""nodata_semantics"": null, ""uncertainty"": null, ""allowed_values"": null, ""observed_min"": null, ""observed_max"": null, ""attrs"": {}}]","[{""op"": ""area"", ""params"": {""artifact"": 0, ""method"": ""planar"", ""output_unit"": ""km2""}}]",,,,,,
122,SGX3_BLIND_flood_depth_012,"{""goal"": ""flood_depth"", ""required_quantity"": null, ""required_unit"": null, ""decision_time"": null, ""max_resolution_m"": null, ""requires_bare_earth"": false, ""requires_cloud_mask"": false, ""max_uncertainty"": null, ""temporal_tolerance_h"": null, ""required_value_range"": null}","[{""name"": ""terrain-10"", ""quantity"": ""elevation"", ""unit"": ""m"", ""scale"": ""continuous"", ""crs"": ""EPSG:32643"", ""resolution_m"": 10, ""temporal_resolution_h"": null, ""processing_level"": null, ""surface_model"": ""DSM"", ""vertical_datum"": ""EGM2008"", ""acquisition_time"": null, ""available_time"": null, ""provenance"": ""Copernicus DEM"", ""band_role"": null, ""nodata_semantics"": null, ""uncertainty"": null, ""allowed_values"": null, ""observed_min"": null, ""observed_max"": null, ""attrs"": {}}, {""name"": ""water-surface"", ""quantity"": ""water_level"", ""unit"": ""m"", ""scale"": ""continuous"", ""crs"": ""EPSG:32643"", ""resolution_m"": 10.0, ""temporal_resolution_h"": null, ""processing_level"": null, ""surface_model"": null, ""vertical_datum"": null, ""acquisition_time"": null, ""available_time"": null, ""provenance"": ""hydraulic model"", ""band_role"": null, ""nodata_semantics"": null, ""uncertainty"": null, ""allowed_values"": null, ""observed_min"": null, ""observed_max"": null, ""attrs"": {}}]","[{""op"": ""combine_vertical"", ""params"": {""a"": 0, ""b"": 1}}, {""op"": ""convert_unit"", ""params"": {""artifact"": 1, ""to"": ""km2""}}]",,,,,,
123,SGX3_HELDOUT-FAMILY_scene_overlap_leakage_010,"{""goal"": ""scene_overlap_leakage"", ""required_quantity"": null, ""required_unit"": null, ""decision_time"": null, ""max_resolution_m"": null, ""requires_bare_earth"": false, ""requires_cloud_mask"": false, ""max_uncertainty"": null, ""temporal_tolerance_h"": null, ""required_value_range"": null}","[{""name"": ""chips"", ""quantity"": ""image_samples"", ""unit"": null, ""scale"": ""continuous"", ""crs"": ""EPSG:32643"", ""resolution_m"": 10.0, ""temporal_resolution_h"": null, ""processing_level"": null, ""surface_model"": null, ""vertical_datum"": null, ""acquisition_time"": null, ""available_time"": null, ""provenance"": ""authoritative-product"", ""band_role"": null, ""nodata_semantics"": null, ""uncertainty"": null, ""allowed_values"": null, ""observed_min"": null, ""observed_max"": null, ""attrs"": {}}]","[{""op"": ""split"", ""params"": {""mode"": ""scene"", ""scene_overlap_fraction"": 0.259}}]",,,,,,
124,SGX3_BLIND_flood_remote_sensing_049,"{""goal"": ""flood_remote_sensing"", ""required_quantity"": null, ""required_unit"": null, ""decision_time"": null, ""max_resolution_m"": null, ""requires_bare_earth"": false, ""requires_cloud_mask"": false, ""max_uncertainty"": null, ""temporal_tolerance_h"": null, ""required_value_range"": null}","[{""name"": ""flood-mask-20"", ""quantity"": ""flood_extent"", ""unit"": null, ""scale"": ""binary"", ""crs"": ""EPSG:6933"", ""resolution_m"": 20, ""temporal_resolution_h"": null, ""processing_level"": null, ""surface_model"": null, ""vertical_datum"": null, ""acquisition_time"": null, ""available_time"": null, ""provenance"": ""authoritative-product"", ""band_role"": null, ""nodata_semantics"": null, ""uncertainty"": null, ""allowed_values"": null, ""observed_min"": null, ""observed_max"": null, ""attrs"": {""cloud_mask_applied"": true}}, {""name"": ""S1"", ""quantity"": ""backscatter"", ""unit"": null, ""scale"": ""continuous"", ""crs"": ""EPSG:32643"", ""resolution_m"": 10, ""temporal_resolution_h"": null, ""processing_level"": null, ""surface_model"": null, ""vertical_datum"": null, ""acquisition_time"": ""2024-07-15T10:00:00+00:00"", ""available_time"": null, ""provenance"": ""authoritative-product"", ""band_role"": null, ""nodata_semantics"": null, ""uncertainty"": null, ""allowed_values"": null, ""observed_min"": null, ""observed_max"": null, ""attrs"": {}}, {""name"": ""S2"", ""quantity"": ""reflectance"", ""unit"": null, ""scale"": ""continuous"", ""crs"": ""EPSG:32643"", ""resolution_m"": 10, ""temporal_resolution_h"": null, ""processing_level"": null, ""surface_model"": null, ""vertical_datum"": null, ""acquisition_time"": ""2024-07-15T22:00:00+00:00"", ""available_time"": null, ""provenance"": ""authoritative-product"", ""band_role"": null, ""nodata_semantics"": null, ""uncertainty"": null, ""allowed_values"": null, ""observed_min"": null, ""observed_max"": null, ""attrs"": {}}]","[{""op"": ""require_cloud_mask"", ""params"": {""artifact"": 0}}, {""op"": ""compare_sensors"", ""params"": {""a"": 1, ""b"": 2, ""tolerance_h"": 24}}, {""op"": ""area"", ""params"": {""artifact"": 0, ""method"": ""geodesic"", ""output_unit"": ""km2""}}]",,,,,,
125,SGX3_BLIND_flood_depth_029,"{""goal"": ""flood_depth"", ""required_quantity"": null, ""required_unit"": null, ""decision_time"": null, ""max_resolution_m"": null, ""requires_bare_earth"": false, ""requires_cloud_mask"": false, ""max_uncertainty"": null, ""temporal_tolerance_h"": null, ""required_value_range"": null}","[{""name"": ""terrain-10"", ""quantity"": ""elevation"", ""unit"": ""m"", ""scale"": ""continuous"", ""crs"": ""EPSG:32643"", ""resolution_m"": 10, ""temporal_resolution_h"": null, ""processing_level"": null, ""surface_model"": ""DTM"", ""vertical_datum"": ""EGM2008"", ""acquisition_time"": null, ""available_time"": null, ""provenance"": ""Copernicus DEM"", ""band_role"": null, ""nodata_semantics"": null, ""uncertainty"": null, ""allowed_values"": null, ""observed_min"": null, ""observed_max"": null, ""attrs"": {}}, {""name"": ""water-surface"", ""quantity"": ""water_level"", ""unit"": ""m"", ""scale"": ""continuous"", ""crs"": ""EPSG:32643"", ""resolution_m"": 10.0, ""temporal_resolution_h"": null, ""processing_level"": null, ""surface_model"": null, ""vertical_datum"": ""EGM2008"", ""acquisition_time"": null, ""available_time"": null, ""provenance"": ""hydraulic model"", ""band_role"": null, ""nodata_semantics"": null, ""uncertainty"": null, ""allowed_values"": null, ""observed_min"": null, ""observed_max"": null, ""attrs"": {}}]","[{""op"": ""combine_vertical"", ""params"": {""a"": 0, ""b"": 1}}, {""op"": ""convert_unit"", ""params"": {""artifact"": 1, ""to"": ""K""}}]",,,,,,
126,SGX3_HELDOUT-FAMILY_temporal_split_overlap_006,"{""goal"": ""temporal_split_overlap"", ""required_quantity"": null, ""required_unit"": null, ""decision_time"": null, ""max_resolution_m"": null, ""requires_bare_earth"": false, ""requires_cloud_mask"": false, ""max_uncertainty"": null, ""temporal_tolerance_h"": null, ""required_value_range"": null}","[{""name"": ""records"", ""quantity"": ""time_series"", ""unit"": null, ""scale"": ""continuous"", ""crs"": ""EPSG:32643"", ""resolution_m"": 10.0, ""temporal_resolution_h"": null, ""processing_level"": null, ""surface_model"": null, ""vertical_datum"": null, ""acquisition_time"": null, ""available_time"": null, ""provenance"": ""authoritative-product"", ""band_role"": null, ""nodata_semantics"": null, ""uncertainty"": null, ""allowed_values"": null, ""observed_min"": null, ""observed_max"": null, ""attrs"": {}}]","[{""op"": ""split"", ""params"": {""mode"": ""temporal"", ""train_end"": ""2024-06-13T00:00:00+00:00"", ""test_start"": ""2024-07-01T00:00:00+00:00""}}]",,,,,,
127,SGX3_HELDOUT-FAMILY_physical_range_violation_000,"{""goal"": ""physical_range_violation"", ""required_quantity"": null, ""required_unit"": null, ""decision_time"": null, ""max_resolution_m"": null, ""requires_bare_earth"": false, ""requires_cloud_mask"": false, ""max_uncertainty"": null, ""temporal_tolerance_h"": null, ""required_value_range"": null}","[{""name"": ""index"", ""quantity"": ""NDVI"", ""unit"": ""dimensionless"", ""scale"": ""continuous"", ""crs"": ""EPSG:32643"", ""resolution_m"": 10.0, ""temporal_resolution_h"": null, ""processing_level"": null, ""surface_model"": null, ""vertical_datum"": null, ""acquisition_time"": null, ""available_time"": null, ""provenance"": ""authoritative-product"", ""band_role"": null, ""nodata_semantics"": null, ""uncertainty"": null, ""allowed_values"": null, ""observed_min"": -0.8, ""observed_max"": 1.3, ""attrs"": {}}]","[{""op"": ""assert_value_range"", ""params"": {""artifact"": 0, ""min"": -1, ""max"": 1}}]",,,,,,
128,SGX3_BLIND_flood_depth_041,"{""goal"": ""flood_depth"", ""required_quantity"": null, ""required_unit"": null, ""decision_time"": null, ""max_resolution_m"": null, ""requires_bare_earth"": false, ""requires_cloud_mask"": false, ""max_uncertainty"": null, ""temporal_tolerance_h"": null, ""required_value_range"": null}","[{""name"": ""terrain-90"", ""quantity"": ""elevation"", ""unit"": ""m"", ""scale"": ""continuous"", ""crs"": ""EPSG:32643"", ""resolution_m"": 90, ""temporal_resolution_h"": null, ""processing_level"": null, ""surface_model"": ""DTM"", ""vertical_datum"": ""EGM2008"", ""acquisition_time"": null, ""available_time"": null, ""provenance"": ""Copernicus DEM"", ""band_role"": null, ""nodata_semantics"": null, ""uncertainty"": null, ""allowed_values"": null, ""observed_min"": null, ""observed_max"": null, ""attrs"": {}}, {""name"": ""water-surface"", ""quantity"": ""water_level"", ""unit"": ""m"", ""scale"": ""continuous"", ""crs"": ""EPSG:32643"", ""resolution_m"": 10.0, ""temporal_resolution_h"": null, ""processing_level"": null, ""surface_model"": null, ""vertical_datum"": ""EGM2008"", ""acquisition_time"": null, ""available_time"": null, ""provenance"": ""hydraulic model"", ""band_role"": null, ""nodata_semantics"": null, ""uncertainty"": null, ""allowed_values"": null, ""observed_min"": null, ""observed_max"": null, ""attrs"": {}}]","[{""op"": ""combine_vertical"", ""params"": {""a"": 0, ""b"": 1}}, {""op"": ""convert_unit"", ""params"": {""artifact"": 1, ""to"": ""K""}}]",,,,,,
129,SGX3_HELDOUT-FAMILY_vertical_datum_mismatch_000,"{""goal"": ""vertical_datum_mismatch"", ""required_quantity"": null, ""required_unit"": null, ""decision_time"": null, ""max_resolution_m"": null, ""requires_bare_earth"": false, ""requires_cloud_mask"": false, ""max_uncertainty"": null, ""temporal_tolerance_h"": null, ""required_value_range"": null}","[{""name"": ""terrain"", ""quantity"": ""elevation"", ""unit"": ""m"", ""scale"": ""continuous"", ""crs"": ""EPSG:32643"", ""resolution_m"": 10.0, ""temporal_resolution_h"": null, ""processing_level"": null, ""surface_model"": null, ""vertical_datum"": ""EGM2008"", ""acquisition_time"": null, ""available_time"": null, ""provenance"": ""authoritative-product"", ""band_role"": null, ""nodata_semantics"": null, ""uncertainty"": null, ""allowed_values"": null, ""observed_min"": null, ""observed_max"": null, ""attrs"": {}}, {""name"": ""water"", ""quantity"": ""water_level"", ""unit"": ""m"", ""scale"": ""continuous"", ""crs"": ""EPSG:32643"", ""resolution_m"": 10.0, ""temporal_resolution_h"": null, ""processing_level"": null, ""surface_model"": null, ""vertical_datum"": ""EGM96"", ""acquisition_time"": null, ""available_time"": null, ""provenance"": ""authoritative-product"", ""band_role"": null, ""nodata_semantics"": null, ""uncertainty"": null, ""allowed_values"": null, ""observed_min"": null, ""observed_max"": null, ""attrs"": {}}]","[{""op"": ""combine_vertical"", ""params"": {""a"": 0, ""b"": 1}}]",,,,,,
130,SGX3_DEVELOPMENT_categorical_interpolation_010,"{""goal"": ""categorical_interpolation"", ""required_quantity"": null, ""required_unit"": null, ""decision_time"": null, ""max_resolution_m"": null, ""requires_bare_earth"": false, ""requires_cloud_mask"": false, ""max_uncertainty"": null, ""temporal_tolerance_h"": null, ""required_value_range"": null}","[{""name"": ""landcover-20"", ""quantity"": ""land_cover"", ""unit"": null, ""scale"": ""categorical"", ""crs"": ""EPSG:4326"", ""resolution_m"": 20, ""temporal_resolution_h"": null, ""processing_level"": null, ""surface_model"": null, ""vertical_datum"": null, ""acquisition_time"": null, ""available_time"": null, ""provenance"": ""authoritative-product"", ""band_role"": null, ""nodata_semantics"": null, ""uncertainty"": null, ""allowed_values"": [10, 20, 30, 40, 50, 60, 70, 80, 90, 95, 100], ""observed_min"": null, ""observed_max"": null, ""attrs"": {}}]","[{""op"": ""resample"", ""params"": {""artifact"": 0, ""method"": ""lanczos"", ""target_resolution_m"": 60, ""evidence_of_new_information"": true}}]",,,,,,
131,SGX3_HELDOUT-FAMILY_scene_overlap_leakage_004,"{""goal"": ""scene_overlap_leakage"", ""required_quantity"": null, ""required_unit"": null, ""decision_time"": null, ""max_resolution_m"": null, ""requires_bare_earth"": false, ""requires_cloud_mask"": false, ""max_uncertainty"": null, ""temporal_tolerance_h"": null, ""required_value_range"": null}","[{""name"": ""chips"", ""quantity"": ""image_samples"", ""unit"": null, ""scale"": ""continuous"", ""crs"": ""EPSG:32643"", ""resolution_m"": 10.0, ""temporal_resolution_h"": null, ""processing_level"": null, ""surface_model"": null, ""vertical_datum"": null, ""acquisition_time"": null, ""available_time"": null, ""provenance"": ""authoritative-product"", ""band_role"": null, ""nodata_semantics"": null, ""uncertainty"": null, ""allowed_values"": null, ""observed_min"": null, ""observed_max"": null, ""attrs"": {}}]","[{""op"": ""split"", ""params"": {""mode"": ""scene"", ""scene_overlap_fraction"": 0.404}}]",,,,,,
132,SGX3_BLIND_flood_remote_sensing_007,"{""goal"": ""flood_remote_sensing"", ""required_quantity"": null, ""required_unit"": null, ""decision_time"": null, ""max_resolution_m"": null, ""requires_bare_earth"": false, ""requires_cloud_mask"": false, ""max_uncertainty"": null, ""temporal_tolerance_h"": null, ""required_value_range"": null}","[{""name"": ""flood-mask-10"", ""quantity"": ""flood_extent"", ""unit"": null, ""scale"": ""binary"", ""crs"": ""EPSG:6933"", ""resolution_m"": 10, ""temporal_resolution_h"": null, ""processing_level"": null, ""surface_model"": null, ""vertical_datum"": null, ""acquisition_time"": null, ""available_time"": null, ""provenance"": ""authoritative-product"", ""band_role"": null, ""nodata_semantics"": null, ""uncertainty"": null, ""allowed_values"": null, ""observed_min"": null, ""observed_max"": null, ""attrs"": {""cloud_mask_applied"": true}}, {""name"": ""S1"", ""quantity"": ""backscatter"", ""unit"": null, ""scale"": ""continuous"", ""crs"": ""EPSG:32643"", ""resolution_m"": 10, ""temporal_resolution_h"": null, ""processing_level"": null, ""surface_model"": null, ""vertical_datum"": null, ""acquisition_time"": ""2024-07-05T10:00:00+00:00"", ""available_time"": null, ""provenance"": ""authoritative-product"", ""band_role"": null, ""nodata_semantics"": null, ""uncertainty"": null, ""allowed_values"": null, ""observed_min"": null, ""observed_max"": null, ""attrs"": {}}, {""name"": ""S2"", ""quantity"": ""reflectance"", ""unit"": null, ""scale"": ""continuous"", ""crs"": ""EPSG:32643"", ""resolution_m"": 10, ""temporal_resolution_h"": null, ""processing_level"": null, ""surface_model"": null, ""vertical_datum"": null, ""acquisition_time"": ""2024-07-05T22:00:00+00:00"", ""available_time"": null, ""provenance"": ""authoritative-product"", ""band_role"": null, ""nodata_semantics"": null, ""uncertainty"": null, ""allowed_values"": null, ""observed_min"": null, ""observed_max"": null, ""attrs"": {}}]","[{""op"": ""require_cloud_mask"", ""params"": {""artifact"": 0}}, {""op"": ""compare_sensors"", ""params"": {""a"": 1, ""b"": 2, ""tolerance_h"": 6}}, {""op"": ""area"", ""params"": {""artifact"": 0, ""method"": ""geodesic"", ""output_unit"": ""km2""}}]",,,,,,
133,SGX3_HELDOUT-FAMILY_temporal_split_overlap_005,"{""goal"": ""temporal_split_overlap"", ""required_quantity"": null, ""required_unit"": null, ""decision_time"": null, ""max_resolution_m"": null, ""requires_bare_earth"": false, ""requires_cloud_mask"": false, ""max_uncertainty"": null, ""temporal_tolerance_h"": null, ""required_value_range"": null}","[{""name"": ""records"", ""quantity"": ""time_series"", ""unit"": null, ""scale"": ""continuous"", ""crs"": ""EPSG:32643"", ""resolution_m"": 10.0, ""temporal_resolution_h"": null, ""processing_level"": null, ""surface_model"": null, ""vertical_datum"": null, ""acquisition_time"": null, ""available_time"": null, ""provenance"": ""authoritative-product"", ""band_role"": null, ""nodata_semantics"": null, ""uncertainty"": null, ""allowed_values"": null, ""observed_min"": null, ""observed_max"": null, ""attrs"": {}}]","[{""op"": ""split"", ""params"": {""mode"": ""temporal"", ""train_end"": ""2024-06-01T00:00:00+00:00"", ""test_start"": ""2024-07-01T00:00:00+00:00""}}]",,,,,,
134,SGX3_BLIND_landcover_change_012,"{""goal"": ""landcover_change"", ""required_quantity"": null, ""required_unit"": null, ""decision_time"": null, ""max_resolution_m"": null, ""requires_bare_earth"": false, ""requires_cloud_mask"": false, ""max_uncertainty"": null, ""temporal_tolerance_h"": null, ""required_value_range"": null}","[{""name"": ""WorldCover-20"", ""quantity"": ""land_cover"", ""unit"": null, ""scale"": ""categorical"", ""crs"": ""EPSG:4326"", ""resolution_m"": 20, ""temporal_resolution_h"": null, ""processing_level"": null, ""surface_model"": null, ""vertical_datum"": null, ""acquisition_time"": null, ""available_time"": null, ""provenance"": null, ""band_role"": null, ""nodata_semantics"": null, ""uncertainty"": null, ""allowed_values"": [10, 20, 30, 40, 50, 60, 70, 80, 90, 95, 100], ""observed_min"": null, ""observed_max"": null, ""attrs"": {}}]","[{""op"": ""resample"", ""params"": {""artifact"": 0, ""method"": ""lanczos"", ""target_resolution_m"": 40, ""evidence_of_new_information"": true}}]",,,,,,
135,SGX3_DEVELOPMENT_unsupported_resolution_gain_014,"{""goal"": ""unsupported_resolution_gain"", ""required_quantity"": null, ""required_unit"": null, ""decision_time"": null, ""max_resolution_m"": null, ""requires_bare_earth"": false, ""requires_cloud_mask"": false, ""max_uncertainty"": null, ""temporal_tolerance_h"": null, ""required_value_range"": null}","[{""name"": ""raster"", ""quantity"": ""surface_property"", ""unit"": null, ""scale"": ""continuous"", ""crs"": ""EPSG:32643"", ""resolution_m"": 20, ""temporal_resolution_h"": null, ""processing_level"": null, ""surface_model"": null, ""vertical_datum"": null, ""acquisition_time"": null, ""available_time"": null, ""provenance"": ""authoritative-product"", ""band_role"": null, ""nodata_semantics"": null, ""uncertainty"": null, ""allowed_values"": null, ""observed_min"": null, ""observed_max"": null, ""attrs"": {}}]","[{""op"": ""resample"", ""params"": {""artifact"": 0, ""method"": ""bilinear"", ""target_resolution_m"": 10.0, ""evidence_of_new_information"": false}}]",,,,,,
136,SGX3_HELDOUT-FAMILY_scene_overlap_leakage_006,"{""goal"": ""scene_overlap_leakage"", ""required_quantity"": null, ""required_unit"": null, ""decision_time"": null, ""max_resolution_m"": null, ""requires_bare_earth"": false, ""requires_cloud_mask"": false, ""max_uncertainty"": null, ""temporal_tolerance_h"": null, ""required_value_range"": null}","[{""name"": ""chips"", ""quantity"": ""image_samples"", ""unit"": null, ""scale"": ""continuous"", ""crs"": ""EPSG:32643"", ""resolution_m"": 10.0, ""temporal_resolution_h"": null, ""processing_level"": null, ""surface_model"": null, ""vertical_datum"": null, ""acquisition_time"": null, ""available_time"": null, ""provenance"": ""authoritative-product"", ""band_role"": null, ""nodata_semantics"": null, ""uncertainty"": null, ""allowed_values"": null, ""observed_min"": null, ""observed_max"": null, ""attrs"": {}}]","[{""op"": ""split"", ""params"": {""mode"": ""scene"", ""scene_overlap_fraction"": 0.396}}]",,,,,,
137,SGX3_BLIND_flood_remote_sensing_002,"{""goal"": ""flood_remote_sensing"", ""required_quantity"": null, ""required_unit"": null, ""decision_time"": null, ""max_resolution_m"": null, ""requires_bare_earth"": false, ""requires_cloud_mask"": false, ""max_uncertainty"": null, ""temporal_tolerance_h"": null, ""required_value_range"": null}","[{""name"": ""flood-mask-20"", ""quantity"": ""flood_extent"", ""unit"": null, ""scale"": ""binary"", ""crs"": ""EPSG:4326"", ""resolution_m"": 20, ""temporal_resolution_h"": null, ""processing_level"": null, ""surface_model"": null, ""vertical_datum"": null, ""acquisition_time"": null, ""available_time"": null, ""provenance"": ""authoritative-product"", ""band_role"": null, ""nodata_semantics"": null, ""uncertainty"": null, ""allowed_values"": null, ""observed_min"": null, ""observed_max"": null, ""attrs"": {""cloud_mask_applied"": false}}, {""name"": ""S1"", ""quantity"": ""backscatter"", ""unit"": null, ""scale"": ""continuous"", ""crs"": ""EPSG:32643"", ""resolution_m"": 10, ""temporal_resolution_h"": null, ""processing_level"": null, ""surface_model"": null, ""vertical_datum"": null, ""acquisition_time"": ""2024-07-05T10:00:00+00:00"", ""available_time"": null, ""provenance"": ""authoritative-product"", ""band_role"": null, ""nodata_semantics"": null, ""uncertainty"": null, ""allowed_values"": null, ""observed_min"": null, ""observed_max"": null, ""attrs"": {}}, {""name"": ""S2"", ""quantity"": ""reflectance"", ""unit"": null, ""scale"": ""continuous"", ""crs"": ""EPSG:32643"", ""resolution_m"": 10, ""temporal_resolution_h"": null, ""processing_level"": null, ""surface_model"": null, ""vertical_datum"": null, ""acquisition_time"": ""2024-07-06T10:00:00+00:00"", ""available_time"": null, ""provenance"": ""authoritative-product"", ""band_role"": null, ""nodata_semantics"": null, ""uncertainty"": null, ""allowed_values"": null, ""observed_min"": null, ""observed_max"": null, ""attrs"": {}}]","[{""op"": ""require_cloud_mask"", ""params"": {""artifact"": 0}}, {""op"": ""compare_sensors"", ""params"": {""a"": 1, ""b"": 2, ""tolerance_h"": 24}}, {""op"": ""area"", ""params"": {""artifact"": 0, ""method"": ""planar"", ""output_unit"": ""km2""}}]",,,,,,
138,SGX3_DEVELOPMENT_nodata_zero_001,"{""goal"": ""nodata_zero"", ""required_quantity"": null, ""required_unit"": null, ""decision_time"": null, ""max_resolution_m"": null, ""requires_bare_earth"": false, ""requires_cloud_mask"": false, ""max_uncertainty"": null, ""temporal_tolerance_h"": null, ""required_value_range"": null}","[{""name"": ""rain"", ""quantity"": ""rainfall"", ""unit"": ""mm"", ""scale"": ""continuous"", ""crs"": ""EPSG:32643"", ""resolution_m"": 10.0, ""temporal_resolution_h"": null, ""processing_level"": null, ""surface_model"": null, ""vertical_datum"": null, ""acquisition_time"": null, ""available_time"": null, ""provenance"": ""authoritative-product"", ""band_role"": null, ""nodata_semantics"": ""missing"", ""uncertainty"": null, ""allowed_values"": null, ""observed_min"": null, ""observed_max"": null, ""attrs"": {}}]","[{""op"": ""fill_nodata"", ""params"": {""artifact"": 0, ""value"": 0, ""zero_is_physically_valid"": true}}]",,,,,,
139,SGX3_BLIND_landcover_change_032,"{""goal"": ""landcover_change"", ""required_quantity"": null, ""required_unit"": null, ""decision_time"": null, ""max_resolution_m"": null, ""requires_bare_earth"": false, ""requires_cloud_mask"": false, ""max_uncertainty"": null, ""temporal_tolerance_h"": null, ""required_value_range"": null}","[{""name"": ""WorldCover-20"", ""quantity"": ""land_cover"", ""unit"": null, ""scale"": ""categorical"", ""crs"": ""EPSG:4326"", ""resolution_m"": 20, ""temporal_resolution_h"": null, ""processing_level"": null, ""surface_model"": null, ""vertical_datum"": null, ""acquisition_time"": null, ""available_time"": null, ""provenance"": ""ESA WorldCover"", ""band_role"": null, ""nodata_semantics"": null, ""uncertainty"": null, ""allowed_values"": [10, 20, 30, 40, 50, 60, 70, 80, 90, 95, 100], ""observed_min"": null, ""observed_max"": null, ""attrs"": {}}]","[{""op"": ""resample"", ""params"": {""artifact"": 0, ""method"": ""lanczos"", ""target_resolution_m"": 50, ""evidence_of_new_information"": true}}]",,,,,,
140,SGX3_DEVELOPMENT_rate_mean_as_accumulation_004,"{""goal"": ""rate_mean_as_accumulation"", ""required_quantity"": null, ""required_unit"": null, ""decision_time"": null, ""max_resolution_m"": null, ""requires_bare_earth"": false, ""requires_cloud_mask"": false, ""max_uncertainty"": null, ""temporal_tolerance_h"": null, ""required_value_range"": null}","[{""name"": ""IMERG"", ""quantity"": ""precipitation_rate"", ""unit"": ""mm/h"", ""scale"": ""continuous"", ""crs"": ""EPSG:4326"", ""resolution_m"": 10000, ""temporal_resolution_h"": 0.5, ""processing_level"": null, ""surface_model"": null, ""vertical_datum"": null, ""acquisition_time"": null, ""available_time"": null, ""provenance"": ""authoritative-product"", ""band_role"": null, ""nodata_semantics"": null, ""uncertainty"": null, ""allowed_values"": null, ""observed_min"": null, ""observed_max"": null, ""attrs"": {}}]","[{""op"": ""temporal_aggregate"", ""params"": {""artifact"": 0, ""method"": ""integrate"", ""sample_duration_h"": 0.5, ""declared_quantity"": ""accumulation""}}]",,,,,,
141,SGX3_BLIND_flood_remote_sensing_012,"{""goal"": ""flood_remote_sensing"", ""required_quantity"": null, ""required_unit"": null, ""decision_time"": null, ""max_resolution_m"": null, ""requires_bare_earth"": false, ""requires_cloud_mask"": false, ""max_uncertainty"": null, ""temporal_tolerance_h"": null, ""required_value_range"": null}","[{""name"": ""flood-mask-10"", ""quantity"": ""flood_extent"", ""unit"": null, ""scale"": ""binary"", ""crs"": ""EPSG:4326"", ""resolution_m"": 10, ""temporal_resolution_h"": null, ""processing_level"": null, ""surface_model"": null, ""vertical_datum"": null, ""acquisition_time"": null, ""available_time"": null, ""provenance"": ""authoritative-product"", ""band_role"": null, ""nodata_semantics"": null, ""uncertainty"": null, ""allowed_values"": null, ""observed_min"": null, ""observed_max"": null, ""attrs"": {""cloud_mask_applied"": true}}, {""name"": ""S1"", ""quantity"": ""backscatter"", ""unit"": null, ""scale"": ""continuous"", ""crs"": ""EPSG:32643"", ""resolution_m"": 10, ""temporal_resolution_h"": null, ""processing_level"": null, ""surface_model"": null, ""vertical_datum"": null, ""acquisition_time"": ""2024-07-15T10:00:00+00:00"", ""available_time"": null, ""provenance"": ""authoritative-product"", ""band_role"": null, ""nodata_semantics"": null, ""uncertainty"": null, ""allowed_values"": null, ""observed_min"": null, ""observed_max"": null, ""attrs"": {}}, {""name"": ""S2"", ""quantity"": ""reflectance"", ""unit"": null, ""scale"": ""continuous"", ""crs"": ""EPSG:32643"", ""resolution_m"": 10, ""temporal_resolution_h"": null, ""processing_level"": null, ""surface_model"": null, ""vertical_datum"": null, ""acquisition_time"": ""2024-07-17T10:00:00+00:00"", ""available_time"": null, ""provenance"": ""authoritative-product"", ""band_role"": null, ""nodata_semantics"": null, ""uncertainty"": null, ""allowed_values"": null, ""observed_min"": null, ""observed_max"": null, ""attrs"": {}}]","[{""op"": ""require_cloud_mask"", ""params"": {""artifact"": 0}}, {""op"": ""compare_sensors"", ""params"": {""a"": 1, ""b"": 2, ""tolerance_h"": 6}}, {""op"": ""area"", ""params"": {""artifact"": 0, ""method"": ""planar"", ""output_unit"": ""km2""}}]",,,,,,
142,SGX3_BLIND_landcover_change_005,"{""goal"": ""landcover_change"", ""required_quantity"": null, ""required_unit"": null, ""decision_time"": null, ""max_resolution_m"": null, ""requires_bare_earth"": false, ""requires_cloud_mask"": false, ""max_uncertainty"": null, ""temporal_tolerance_h"": null, ""required_value_range"": null}","[{""name"": ""WorldCover-20"", ""quantity"": ""land_cover"", ""unit"": null, ""scale"": ""categorical"", ""crs"": ""EPSG:4326"", ""resolution_m"": 20, ""temporal_resolution_h"": null, ""processing_level"": null, ""surface_model"": null, ""vertical_datum"": null, ""acquisition_time"": null, ""available_time"": null, ""provenance"": ""ESA WorldCover"", ""band_role"": null, ""nodata_semantics"": null, ""uncertainty"": null, ""allowed_values"": [10, 20, 30, 40, 50, 60, 70, 80, 90, 95, 100], ""observed_min"": null, ""observed_max"": null, ""attrs"": {}}]","[{""op"": ""resample"", ""params"": {""artifact"": 0, ""method"": ""bilinear"", ""target_resolution_m"": 40, ""evidence_of_new_information"": true}}]",,,,,,
143,SGX3_DEVELOPMENT_band_grid_mismatch_001,"{""goal"": ""band_grid_mismatch"", ""required_quantity"": null, ""required_unit"": null, ""decision_time"": null, ""max_resolution_m"": null, ""requires_bare_earth"": false, ""requires_cloud_mask"": false, ""max_uncertainty"": null, ""temporal_tolerance_h"": null, ""required_value_range"": null}","[{""name"": ""red"", ""quantity"": ""reflectance"", ""unit"": null, ""scale"": ""continuous"", ""crs"": ""EPSG:32643"", ""resolution_m"": 10, ""temporal_resolution_h"": null, ""processing_level"": ""L2A"", ""surface_model"": null, ""vertical_datum"": null, ""acquisition_time"": null, ""available_time"": null, ""provenance"": ""authoritative-product"", ""band_role"": ""red"", ""nodata_semantics"": null, ""uncertainty"": null, ""allowed_values"": null, ""observed_min"": null, ""observed_max"": null, ""attrs"": {}}, {""name"": ""other"", ""quantity"": ""reflectance"", ""unit"": null, ""scale"": ""continuous"", ""crs"": ""EPSG:32643"", ""resolution_m"": 10, ""temporal_resolution_h"": null, ""processing_level"": ""L2A"", ""surface_model"": null, ""vertical_datum"": null, ""acquisition_time"": null, ""available_time"": null, ""provenance"": ""authoritative-product"", ""band_role"": ""nir"", ""nodata_semantics"": null, ""uncertainty"": null, ""allowed_values"": null, ""observed_min"": null, ""observed_max"": null, ""attrs"": {}}]","[{""op"": ""spectral_index"", ""params"": {""red_artifact"": 0, ""other_artifact"": 1, ""expected_other_role"": ""nir"", ""explicit_alignment"": true}}]",,,,,,
144,SGX3_BLIND_flood_depth_033,"{""goal"": ""flood_depth"", ""required_quantity"": null, ""required_unit"": null, ""decision_time"": null, ""max_resolution_m"": null, ""requires_bare_earth"": false, ""requires_cloud_mask"": false, ""max_uncertainty"": null, ""temporal_tolerance_h"": null, ""required_value_range"": null}","[{""name"": ""terrain-90"", ""quantity"": ""elevation"", ""unit"": ""m"", ""scale"": ""continuous"", ""crs"": ""EPSG:32643"", ""resolution_m"": 90, ""temporal_resolution_h"": null, ""processing_level"": null, ""surface_model"": ""DTM"", ""vertical_datum"": ""EGM2008"", ""acquisition_time"": null, ""available_time"": null, ""provenance"": ""Copernicus DEM"", ""band_role"": null, ""nodata_semantics"": null, ""uncertainty"": null, ""allowed_values"": null, ""observed_min"": null, ""observed_max"": null, ""attrs"": {}}, {""name"": ""water-surface"", ""quantity"": ""water_level"", ""unit"": ""m"", ""scale"": ""continuous"", ""crs"": ""EPSG:32643"", ""resolution_m"": 10.0, ""temporal_resolution_h"": null, ""processing_level"": null, ""surface_model"": null, ""vertical_datum"": ""EGM2008"", ""acquisition_time"": null, ""available_time"": null, ""provenance"": ""hydraulic model"", ""band_role"": null, ""nodata_semantics"": null, ""uncertainty"": null, ""allowed_values"": null, ""observed_min"": null, ""observed_max"": null, ""attrs"": {}}]","[{""op"": ""combine_vertical"", ""params"": {""a"": 0, ""b"": 1}}, {""op"": ""convert_unit"", ""params"": {""artifact"": 1, ""to"": ""m""}}]",,,,,,
145,SGX3_BLIND_flood_depth_045,"{""goal"": ""flood_depth"", ""required_quantity"": null, ""required_unit"": null, ""decision_time"": null, ""max_resolution_m"": null, ""requires_bare_earth"": false, ""requires_cloud_mask"": false, ""max_uncertainty"": null, ""temporal_tolerance_h"": null, ""required_value_range"": null}","[{""name"": ""terrain-10"", ""quantity"": ""elevation"", ""unit"": ""m"", ""scale"": ""continuous"", ""crs"": ""EPSG:32643"", ""resolution_m"": 10, ""temporal_resolution_h"": null, ""processing_level"": null, ""surface_model"": ""DSM"", ""vertical_datum"": ""EGM2008"", ""acquisition_time"": null, ""available_time"": null, ""provenance"": ""Copernicus DEM"", ""band_role"": null, ""nodata_semantics"": null, ""uncertainty"": null, ""allowed_values"": null, ""observed_min"": null, ""observed_max"": null, ""attrs"": {}}, {""name"": ""water-surface"", ""quantity"": ""water_level"", ""unit"": ""m"", ""scale"": ""continuous"", ""crs"": ""EPSG:32643"", ""resolution_m"": 10.0, ""temporal_resolution_h"": null, ""processing_level"": null, ""surface_model"": null, ""vertical_datum"": ""EGM2008"", ""acquisition_time"": null, ""available_time"": null, ""provenance"": ""hydraulic model"", ""band_role"": null, ""nodata_semantics"": null, ""uncertainty"": null, ""allowed_values"": null, ""observed_min"": null, ""observed_max"": null, ""attrs"": {}}]","[{""op"": ""combine_vertical"", ""params"": {""a"": 0, ""b"": 1}}, {""op"": ""convert_unit"", ""params"": {""artifact"": 1, ""to"": ""m""}}]",,,,,,
146,SGX3_DEVELOPMENT_categorical_interpolation_002,"{""goal"": ""categorical_interpolation"", ""required_quantity"": null, ""required_unit"": null, ""decision_time"": null, ""max_resolution_m"": null, ""requires_bare_earth"": false, ""requires_cloud_mask"": false, ""max_uncertainty"": null, ""temporal_tolerance_h"": null, ""required_value_range"": null}","[{""name"": ""landcover-30"", ""quantity"": ""land_cover"", ""unit"": null, ""scale"": ""categorical"", ""crs"": ""EPSG:4326"", ""resolution_m"": 30, ""temporal_resolution_h"": null, ""processing_level"": null, ""surface_model"": null, ""vertical_datum"": null, ""acquisition_time"": null, ""available_time"": null, ""provenance"": ""authoritative-product"", ""band_role"": null, ""nodata_semantics"": null, ""uncertainty"": null, ""allowed_values"": [10, 20, 30, 40, 50, 60, 70, 80, 90, 95, 100], ""observed_min"": null, ""observed_max"": null, ""attrs"": {}}]","[{""op"": ""resample"", ""params"": {""artifact"": 0, ""method"": ""mode"", ""target_resolution_m"": 90, ""evidence_of_new_information"": true}}]",,,,,,
147,SGX3_HELDOUT-FAMILY_vertical_datum_unknown_001,"{""goal"": ""vertical_datum_unknown"", ""required_quantity"": null, ""required_unit"": null, ""decision_time"": null, ""max_resolution_m"": null, ""requires_bare_earth"": false, ""requires_cloud_mask"": false, ""max_uncertainty"": null, ""temporal_tolerance_h"": null, ""required_value_range"": null}","[{""name"": ""terrain"", ""quantity"": ""elevation"", ""unit"": ""m"", ""scale"": ""continuous"", ""crs"": ""EPSG:32643"", ""resolution_m"": 10.0, ""temporal_resolution_h"": null, ""processing_level"": null, ""surface_model"": null, ""vertical_datum"": ""EGM2008"", ""acquisition_time"": null, ""available_time"": null, ""provenance"": ""authoritative-product"", ""band_role"": null, ""nodata_semantics"": null, ""uncertainty"": null, ""allowed_values"": null, ""observed_min"": null, ""observed_max"": null, ""attrs"": {}}, {""name"": ""water"", ""quantity"": ""water_level"", ""unit"": ""m"", ""scale"": ""continuous"", ""crs"": ""EPSG:32643"", ""resolution_m"": 10.0, ""temporal_resolution_h"": null, ""processing_level"": null, ""surface_model"": null, ""vertical_datum"": ""EGM2008"", ""acquisition_time"": null, ""available_time"": null, ""provenance"": ""authoritative-product"", ""band_role"": null, ""nodata_semantics"": null, ""uncertainty"": null, ""allowed_values"": null, ""observed_min"": null, ""observed_max"": null, ""attrs"": {}}]","[{""op"": ""combine_vertical"", ""params"": {""a"": 0, ""b"": 1}}]",,,,,,
148,SGX3_DEVELOPMENT_unsupported_resolution_gain_009,"{""goal"": ""unsupported_resolution_gain"", ""required_quantity"": null, ""required_unit"": null, ""decision_time"": null, ""max_resolution_m"": null, ""requires_bare_earth"": false, ""requires_cloud_mask"": false, ""max_uncertainty"": null, ""temporal_tolerance_h"": null, ""required_value_range"": null}","[{""name"": ""raster"", ""quantity"": ""surface_property"", ""unit"": null, ""scale"": ""continuous"", ""crs"": ""EPSG:32643"", ""resolution_m"": 30, ""temporal_resolution_h"": null, ""processing_level"": null, ""surface_model"": null, ""vertical_datum"": null, ""acquisition_time"": null, ""available_time"": null, ""provenance"": ""authoritative-product"", ""band_role"": null, ""nodata_semantics"": null, ""uncertainty"": null, ""allowed_values"": null, ""observed_min"": null, ""observed_max"": null, ""attrs"": {}}]","[{""op"": ""resample"", ""params"": {""artifact"": 0, ""method"": ""bilinear"", ""target_resolution_m"": 60, ""evidence_of_new_information"": false}}]",,,,,,
149,SGX3_HELDOUT-FAMILY_temporal_split_overlap_002,"{""goal"": ""temporal_split_overlap"", ""required_quantity"": null, ""required_unit"": null, ""decision_time"": null, ""max_resolution_m"": null, ""requires_bare_earth"": false, ""requires_cloud_mask"": false, ""max_uncertainty"": null, ""temporal_tolerance_h"": null, ""required_value_range"": null}","[{""name"": ""records"", ""quantity"": ""time_series"", ""unit"": null, ""scale"": ""continuous"", ""crs"": ""EPSG:32643"", ""resolution_m"": 10.0, ""temporal_resolution_h"": null, ""processing_level"": null, ""surface_model"": null, ""vertical_datum"": null, ""acquisition_time"": null, ""available_time"": null, ""provenance"": ""authoritative-product"", ""band_role"": null, ""nodata_semantics"": null, ""uncertainty"": null, ""allowed_values"": null, ""observed_min"": null, ""observed_max"": null, ""attrs"": {}}]","[{""op"": ""split"", ""params"": {""mode"": ""temporal"", ""train_end"": ""2024-07-01T00:00:00+00:00"", ""test_start"": ""2024-07-01T00:00:00+00:00""}}]",,,,,,
150,SGX3_DEVELOPMENT_unsupported_resolution_gain_012,"{""goal"": ""unsupported_resolution_gain"", ""required_quantity"": null, ""required_unit"": null, ""decision_time"": null, ""max_resolution_m"": null, ""requires_bare_earth"": false, ""requires_cloud_mask"": false, ""max_uncertainty"": null, ""temporal_tolerance_h"": null, ""required_value_range"": null}","[{""name"": ""raster"", ""quantity"": ""surface_property"", ""unit"": null, ""scale"": ""continuous"", ""crs"": ""EPSG:32643"", ""resolution_m"": 50, ""temporal_resolution_h"": null, ""processing_level"": null, ""surface_model"": null, ""vertical_datum"": null, ""acquisition_time"": null, ""available_time"": null, ""provenance"": ""authoritative-product"", ""band_role"": null, ""nodata_semantics"": null, ""uncertainty"": null, ""allowed_values"": null, ""observed_min"": null, ""observed_max"": null, ""attrs"": {}}]","[{""op"": ""resample"", ""params"": {""artifact"": 0, ""method"": ""bilinear"", ""target_resolution_m"": 100, ""evidence_of_new_information"": false}}]",,,,,,
151,SGX3_DEVELOPMENT_spectral_role_002,"{""goal"": ""spectral_role"", ""required_quantity"": null, ""required_unit"": null, ""decision_time"": null, ""max_resolution_m"": null, ""requires_bare_earth"": false, ""requires_cloud_mask"": false, ""max_uncertainty"": null, ""temporal_tolerance_h"": null, ""required_value_range"": null}","[{""name"": ""red"", ""quantity"": ""reflectance"", ""unit"": null, ""scale"": ""continuous"", ""crs"": ""EPSG:32643"", ""resolution_m"": 10, ""temporal_resolution_h"": null, ""processing_level"": ""L2A"", ""surface_model"": null, ""vertical_datum"": null, ""acquisition_time"": null, ""available_time"": null, ""provenance"": ""authoritative-product"", ""band_role"": ""red"", ""nodata_semantics"": null, ""uncertainty"": null, ""allowed_values"": null, ""observed_min"": null, ""observed_max"": null, ""attrs"": {}}, {""name"": ""other"", ""quantity"": ""reflectance"", ""unit"": null, ""scale"": ""continuous"", ""crs"": ""EPSG:32643"", ""resolution_m"": 10, ""temporal_resolution_h"": null, ""processing_level"": ""L2A"", ""surface_model"": null, ""vertical_datum"": null, ""acquisition_time"": null, ""available_time"": null, ""provenance"": ""authoritative-product"", ""band_role"": ""nir"", ""nodata_semantics"": null, ""uncertainty"": null, ""allowed_values"": null, ""observed_min"": null, ""observed_max"": null, ""attrs"": {}}]","[{""op"": ""spectral_index"", ""params"": {""red_artifact"": 0, ""other_artifact"": 1, ""expected_other_role"": ""nir"", ""explicit_alignment"": true}}]",,,,,,
152,SGX3_BLIND_flood_depth_020,"{""goal"": ""flood_depth"", ""required_quantity"": null, ""required_unit"": null, ""decision_time"": null, ""max_resolution_m"": null, ""requires_bare_earth"": false, ""requires_cloud_mask"": false, ""max_uncertainty"": null, ""temporal_tolerance_h"": null, ""required_value_range"": null}","[{""name"": ""terrain-30"", ""quantity"": ""elevation"", ""unit"": ""m"", ""scale"": ""continuous"", ""crs"": ""EPSG:32643"", ""resolution_m"": 30, ""temporal_resolution_h"": null, ""processing_level"": null, ""surface_model"": ""DTM"", ""vertical_datum"": ""EGM2008"", ""acquisition_time"": null, ""available_time"": null, ""provenance"": ""Copernicus DEM"", ""band_role"": null, ""nodata_semantics"": null, ""uncertainty"": null, ""allowed_values"": null, ""observed_min"": null, ""observed_max"": null, ""attrs"": {}}, {""name"": ""water-surface"", ""quantity"": ""water_level"", ""unit"": ""km"", ""scale"": ""continuous"", ""crs"": ""EPSG:32643"", ""resolution_m"": 10.0, ""temporal_resolution_h"": null, ""processing_level"": null, ""surface_model"": null, ""vertical_datum"": ""WGS84_ellipsoid"", ""acquisition_time"": null, ""available_time"": null, ""provenance"": ""hydraulic model"", ""band_role"": null, ""nodata_semantics"": null, ""uncertainty"": null, ""allowed_values"": null, ""observed_min"": null, ""observed_max"": null, ""attrs"": {}}]","[{""op"": ""combine_vertical"", ""params"": {""a"": 0, ""b"": 1}}, {""op"": ""convert_unit"", ""params"": {""artifact"": 1, ""to"": ""km2""}}]",,,,,,
153,SGX3_HELDOUT-FAMILY_scene_overlap_leakage_001,"{""goal"": ""scene_overlap_leakage"", ""required_quantity"": null, ""required_unit"": null, ""decision_time"": null, ""max_resolution_m"": null, ""requires_bare_earth"": false, ""requires_cloud_mask"": false, ""max_uncertainty"": null, ""temporal_tolerance_h"": null, ""required_value_range"": null}","[{""name"": ""chips"", ""quantity"": ""image_samples"", ""unit"": null, ""scale"": ""continuous"", ""crs"": ""EPSG:32643"", ""resolution_m"": 10.0, ""temporal_resolution_h"": null, ""processing_level"": null, ""surface_model"": null, ""vertical_datum"": null, ""acquisition_time"": null, ""available_time"": null, ""provenance"": ""authoritative-product"", ""band_role"": null, ""nodata_semantics"": null, ""uncertainty"": null, ""allowed_values"": null, ""observed_min"": null, ""observed_max"": null, ""attrs"": {}}]","[{""op"": ""split"", ""params"": {""mode"": ""scene"", ""scene_overlap_fraction"": 0.0}}]",,,,,,
154,SGX3_DEVELOPMENT_spectral_role_000,"{""goal"": ""spectral_role"", ""required_quantity"": null, ""required_unit"": null, ""decision_time"": null, ""max_resolution_m"": null, ""requires_bare_earth"": false, ""requires_cloud_mask"": false, ""max_uncertainty"": null, ""temporal_tolerance_h"": null, ""required_value_range"": null}","[{""name"": ""red"", ""quantity"": ""reflectance"", ""unit"": null, ""scale"": ""continuous"", ""crs"": ""EPSG:32643"", ""resolution_m"": 10, ""temporal_resolution_h"": null, ""processing_level"": ""L2A"", ""surface_model"": null, ""vertical_datum"": null, ""acquisition_time"": null, ""available_time"": null, ""provenance"": ""authoritative-product"", ""band_role"": ""red"", ""nodata_semantics"": null, ""uncertainty"": null, ""allowed_values"": null, ""observed_min"": null, ""observed_max"": null, ""attrs"": {}}, {""name"": ""other"", ""quantity"": ""reflectance"", ""unit"": null, ""scale"": ""continuous"", ""crs"": ""EPSG:32643"", ""resolution_m"": 10, ""temporal_resolution_h"": null, ""processing_level"": ""L2A"", ""surface_model"": null, ""vertical_datum"": null, ""acquisition_time"": null, ""available_time"": null, ""provenance"": ""authoritative-product"", ""band_role"": ""rededge"", ""nodata_semantics"": null, ""uncertainty"": null, ""allowed_values"": null, ""observed_min"": null, ""observed_max"": null, ""attrs"": {}}]","[{""op"": ""spectral_index"", ""params"": {""red_artifact"": 0, ""other_artifact"": 1, ""expected_other_role"": ""nir"", ""explicit_alignment"": true}}]",,,,,,
155,SGX3_BLIND_flood_remote_sensing_022,"{""goal"": ""flood_remote_sensing"", ""required_quantity"": null, ""required_unit"": null, ""decision_time"": null, ""max_resolution_m"": null, ""requires_bare_earth"": false, ""requires_cloud_mask"": false, ""max_uncertainty"": null, ""temporal_tolerance_h"": null, ""required_value_range"": null}","[{""name"": ""flood-mask-30"", ""quantity"": ""flood_extent"", ""unit"": null, ""scale"": ""binary"", ""crs"": ""EPSG:6933"", ""resolution_m"": 30, ""temporal_resolution_h"": null, ""processing_level"": null, ""surface_model"": null, ""vertical_datum"": null, ""acquisition_time"": null, ""available_time"": null, ""provenance"": ""authoritative-product"", ""band_role"": null, ""nodata_semantics"": null, ""uncertainty"": null, ""allowed_values"": null, ""observed_min"": null, ""observed_max"": null, ""attrs"": {""cloud_mask_applied"": false}}, {""name"": ""S1"", ""quantity"": ""backscatter"", ""unit"": null, ""scale"": ""continuous"", ""crs"": ""EPSG:32643"", ""resolution_m"": 10, ""temporal_resolution_h"": null, ""processing_level"": null, ""surface_model"": null, ""vertical_datum"": null, ""acquisition_time"": ""2024-07-10T10:00:00+00:00"", ""available_time"": null, ""provenance"": ""authoritative-product"", ""band_role"": null, ""nodata_semantics"": null, ""uncertainty"": null, ""allowed_values"": null, ""observed_min"": null, ""observed_max"": null, ""attrs"": {}}, {""name"": ""S2"", ""quantity"": ""reflectance"", ""unit"": null, ""scale"": ""continuous"", ""crs"": ""EPSG:32643"", ""resolution_m"": 10, ""temporal_resolution_h"": null, ""processing_level"": null, ""surface_model"": null, ""vertical_datum"": null, ""acquisition_time"": ""2024-07-10T22:00:00+00:00"", ""available_time"": null, ""provenance"": ""authoritative-product"", ""band_role"": null, ""nodata_semantics"": null, ""uncertainty"": null, ""allowed_values"": null, ""observed_min"": null, ""observed_max"": null, ""attrs"": {}}]","[{""op"": ""require_cloud_mask"", ""params"": {""artifact"": 0}}, {""op"": ""compare_sensors"", ""params"": {""a"": 1, ""b"": 2, ""tolerance_h"": 12}}, {""op"": ""area"", ""params"": {""artifact"": 0, ""method"": ""geodesic"", ""output_unit"": ""km2""}}]",,,,,,
156,SGX3_BLIND_landslide_forecast_034,"{""goal"": ""landslide forecast"", ""required_quantity"": null, ""required_unit"": null, ""decision_time"": ""2024-08-01T12:00:00+00:00"", ""max_resolution_m"": null, ""requires_bare_earth"": false, ""requires_cloud_mask"": false, ""max_uncertainty"": null, ""temporal_tolerance_h"": null, ""required_value_range"": null}","[{""name"": ""IMERG-feature"", ""quantity"": ""rainfall"", ""unit"": ""mm"", ""scale"": ""continuous"", ""crs"": ""EPSG:32643"", ""resolution_m"": 10.0, ""temporal_resolution_h"": null, ""processing_level"": null, ""surface_model"": null, ""vertical_datum"": null, ""acquisition_time"": null, ""available_time"": ""2024-08-01T09:00:00+00:00"", ""provenance"": ""NASA GPM IMERG"", ""band_role"": null, ""nodata_semantics"": null, ""uncertainty"": null, ""allowed_values"": null, ""observed_min"": null, ""observed_max"": null, ""attrs"": {}}, {""name"": ""terrain-90"", ""quantity"": ""elevation"", ""unit"": ""m"", ""scale"": ""continuous"", ""crs"": ""EPSG:32643"", ""resolution_m"": 90, ""temporal_resolution_h"": null, ""processing_level"": null, ""surface_model"": ""DSM"", ""vertical_datum"": ""EGM2008"", ""acquisition_time"": null, ""available_time"": null, ""provenance"": ""Copernicus DEM"", ""band_role"": null, ""nodata_semantics"": null, ""uncertainty"": null, ""allowed_values"": null, ""observed_min"": null, ""observed_max"": null, ""attrs"": {}}]","[{""op"": ""predict"", ""params"": {""features"": [0]}}, {""op"": ""require_bare_earth"", ""params"": {""artifact"": 1}}]",,,,,,
157,SGX3_BLIND_landslide_forecast_030,"{""goal"": ""landslide forecast"", ""required_quantity"": null, ""required_unit"": null, ""decision_time"": ""2024-08-15T12:00:00+00:00"", ""max_resolution_m"": null, ""requires_bare_earth"": false, ""requires_cloud_mask"": false, ""max_uncertainty"": null, ""temporal_tolerance_h"": null, ""required_value_range"": null}","[{""name"": ""IMERG-feature"", ""quantity"": ""rainfall"", ""unit"": ""mm"", ""scale"": ""continuous"", ""crs"": ""EPSG:32643"", ""resolution_m"": 10.0, ""temporal_resolution_h"": null, ""processing_level"": null, ""surface_model"": null, ""vertical_datum"": null, ""acquisition_time"": null, ""available_time"": ""2024-08-14T12:00:00+00:00"", ""provenance"": null, ""band_role"": null, ""nodata_semantics"": null, ""uncertainty"": null, ""allowed_values"": null, ""observed_min"": null, ""observed_max"": null, ""attrs"": {}}, {""name"": ""terrain-60"", ""quantity"": ""elevation"", ""unit"": ""m"", ""scale"": ""continuous"", ""crs"": ""EPSG:32643"", ""resolution_m"": 60, ""temporal_resolution_h"": null, ""processing_level"": null, ""surface_model"": ""DSM"", ""vertical_datum"": ""EGM2008"", ""acquisition_time"": null, ""available_time"": null, ""provenance"": ""Copernicus DEM"", ""band_role"": null, ""nodata_semantics"": null, ""uncertainty"": null, ""allowed_values"": null, ""observed_min"": null, ""observed_max"": null, ""attrs"": {}}]","[{""op"": ""predict"", ""params"": {""features"": [0]}}, {""op"": ""require_bare_earth"", ""params"": {""artifact"": 1}}]",,,,,,
158,SGX3_BLIND_landcover_change_017,"{""goal"": ""landcover_change"", ""required_quantity"": null, ""required_unit"": null, ""decision_time"": null, ""max_resolution_m"": null, ""requires_bare_earth"": false, ""requires_cloud_mask"": false, ""max_uncertainty"": null, ""temporal_tolerance_h"": null, ""required_value_range"": null}","[{""name"": ""WorldCover-10"", ""quantity"": ""land_cover"", ""unit"": null, ""scale"": ""categorical"", ""crs"": ""EPSG:4326"", ""resolution_m"": 10, ""temporal_resolution_h"": null, ""processing_level"": null, ""surface_model"": null, ""vertical_datum"": null, ""acquisition_time"": null, ""available_time"": null, ""provenance"": null, ""band_role"": null, ""nodata_semantics"": null, ""uncertainty"": null, ""allowed_values"": [10, 20, 30, 40, 50, 60, 70, 80, 90, 95, 100], ""observed_min"": null, ""observed_max"": null, ""attrs"": {}}]","[{""op"": ""resample"", ""params"": {""artifact"": 0, ""method"": ""bilinear"", ""target_resolution_m"": 60, ""evidence_of_new_information"": true}}]",,,,,,
159,SGX3_HELDOUT-FAMILY_temporal_split_overlap_015,"{""goal"": ""temporal_split_overlap"", ""required_quantity"": null, ""required_unit"": null, ""decision_time"": null, ""max_resolution_m"": null, ""requires_bare_earth"": false, ""requires_cloud_mask"": false, ""max_uncertainty"": null, ""temporal_tolerance_h"": null, ""required_value_range"": null}","[{""name"": ""records"", ""quantity"": ""time_series"", ""unit"": null, ""scale"": ""continuous"", ""crs"": ""EPSG:32643"", ""resolution_m"": 10.0, ""temporal_resolution_h"": null, ""processing_level"": null, ""surface_model"": null, ""vertical_datum"": null, ""acquisition_time"": null, ""available_time"": null, ""provenance"": ""authoritative-product"", ""band_role"": null, ""nodata_semantics"": null, ""uncertainty"": null, ""allowed_values"": null, ""observed_min"": null, ""observed_max"": null, ""attrs"": {}}]","[{""op"": ""split"", ""params"": {""mode"": ""temporal"", ""train_end"": ""2024-06-24T00:00:00+00:00"", ""test_start"": ""2024-07-01T00:00:00+00:00""}}]",,,,,,
160,SGX3_BLIND_flood_depth_021,"{""goal"": ""flood_depth"", ""required_quantity"": null, ""required_unit"": null, ""decision_time"": null, ""max_resolution_m"": null, ""requires_bare_earth"": false, ""requires_cloud_mask"": false, ""max_uncertainty"": null, ""temporal_tolerance_h"": null, ""required_value_range"": null}","[{""name"": ""terrain-90"", ""quantity"": ""elevation"", ""unit"": ""m"", ""scale"": ""continuous"", ""crs"": ""EPSG:32643"", ""resolution_m"": 90, ""temporal_resolution_h"": null, ""processing_level"": null, ""surface_model"": ""DSM"", ""vertical_datum"": ""EGM2008"", ""acquisition_time"": null, ""available_time"": null, ""provenance"": ""Copernicus DEM"", ""band_role"": null, ""nodata_semantics"": null, ""uncertainty"": null, ""allowed_values"": null, ""observed_min"": null, ""observed_max"": null, ""attrs"": {}}, {""name"": ""water-surface"", ""quantity"": ""water_level"", ""unit"": ""m"", ""scale"": ""continuous"", ""crs"": ""EPSG:32643"", ""resolution_m"": 10.0, ""temporal_resolution_h"": null, ""processing_level"": null, ""surface_model"": null, ""vertical_datum"": ""EGM96"", ""acquisition_time"": null, ""available_time"": null, ""provenance"": ""hydraulic model"", ""band_role"": null, ""nodata_semantics"": null, ""uncertainty"": null, ""allowed_values"": null, ""observed_min"": null, ""observed_max"": null, ""attrs"": {}}]","[{""op"": ""combine_vertical"", ""params"": {""a"": 0, ""b"": 1}}, {""op"": ""convert_unit"", ""params"": {""artifact"": 1, ""to"": ""km""}}]",,,,,,
161,SGX3_BLIND_flood_depth_014,"{""goal"": ""flood_depth"", ""required_quantity"": null, ""required_unit"": null, ""decision_time"": null, ""max_resolution_m"": null, ""requires_bare_earth"": false, ""requires_cloud_mask"": false, ""max_uncertainty"": null, ""temporal_tolerance_h"": null, ""required_value_range"": null}","[{""name"": ""terrain-90"", ""quantity"": ""elevation"", ""unit"": ""m"", ""scale"": ""continuous"", ""crs"": ""EPSG:32643"", ""resolution_m"": 90, ""temporal_resolution_h"": null, ""processing_level"": null, ""surface_model"": ""DTM"", ""vertical_datum"": ""EGM2008"", ""acquisition_time"": null, ""available_time"": null, ""provenance"": ""Copernicus DEM"", ""band_role"": null, ""nodata_semantics"": null, ""uncertainty"": null, ""allowed_values"": null, ""observed_min"": null, ""observed_max"": null, ""attrs"": {}}, {""name"": ""water-surface"", ""quantity"": ""water_level"", ""unit"": ""km"", ""scale"": ""continuous"", ""crs"": ""EPSG:32643"", ""resolution_m"": 10.0, ""temporal_resolution_h"": null, ""processing_level"": null, ""surface_model"": null, ""vertical_datum"": ""EGM96"", ""acquisition_time"": null, ""available_time"": null, ""provenance"": ""hydraulic model"", ""band_role"": null, ""nodata_semantics"": null, ""uncertainty"": null, ""allowed_values"": null, ""observed_min"": null, ""observed_max"": null, ""attrs"": {}}]","[{""op"": ""combine_vertical"", ""params"": {""a"": 0, ""b"": 1}}, {""op"": ""convert_unit"", ""params"": {""artifact"": 1, ""to"": ""K""}}]",,,,,,
162,SGX3_DEVELOPMENT_spatial_split_leakage_002,"{""goal"": ""spatial_split_leakage"", ""required_quantity"": null, ""required_unit"": null, ""decision_time"": null, ""max_resolution_m"": null, ""requires_bare_earth"": false, ""requires_cloud_mask"": false, ""max_uncertainty"": null, ""temporal_tolerance_h"": null, ""required_value_range"": null}","[{""name"": ""samples"", ""quantity"": ""training_samples"", ""unit"": null, ""scale"": ""continuous"", ""crs"": ""EPSG:32643"", ""resolution_m"": 10.0, ""temporal_resolution_h"": null, ""processing_level"": null, ""surface_model"": null, ""vertical_datum"": null, ""acquisition_time"": null, ""available_time"": null, ""provenance"": ""authoritative-product"", ""band_role"": null, ""nodata_semantics"": null, ""uncertainty"": null, ""allowed_values"": null, ""observed_min"": null, ""observed_max"": null, ""attrs"": {}}]","[{""op"": ""split"", ""params"": {""mode"": ""spatial"", ""separation_m"": 1827, ""dependence_range_m"": 3641}}]",,,,,,
163,SGX3_HELDOUT-FAMILY_rate_sum_without_duration_002,"{""goal"": ""rate_sum_without_duration"", ""required_quantity"": null, ""required_unit"": null, ""decision_time"": null, ""max_resolution_m"": null, ""requires_bare_earth"": false, ""requires_cloud_mask"": false, ""max_uncertainty"": null, ""temporal_tolerance_h"": null, ""required_value_range"": null}","[{""name"": ""precip-rate"", ""quantity"": ""precipitation_rate"", ""unit"": ""mm/h"", ""scale"": ""continuous"", ""crs"": ""EPSG:4326"", ""resolution_m"": 10000, ""temporal_resolution_h"": 0.5, ""processing_level"": null, ""surface_model"": null, ""vertical_datum"": null, ""acquisition_time"": null, ""available_time"": null, ""provenance"": ""authoritative-product"", ""band_role"": null, ""nodata_semantics"": null, ""uncertainty"": null, ""allowed_values"": null, ""observed_min"": null, ""observed_max"": null, ""attrs"": {}}]","[{""op"": ""temporal_aggregate"", ""params"": {""artifact"": 0, ""method"": ""sum"", ""sample_duration_h"": 0.5, ""declared_quantity"": ""accumulation""}}]",,,,,,
164,SGX3_BLIND_eo_ml_validation_039,"{""goal"": ""eo_ml_validation"", ""required_quantity"": null, ""required_unit"": null, ""decision_time"": null, ""max_resolution_m"": null, ""requires_bare_earth"": false, ""requires_cloud_mask"": false, ""max_uncertainty"": null, ""temporal_tolerance_h"": null, ""required_value_range"": null}","[{""name"": ""EO-samples-7375"", ""quantity"": ""training_samples"", ""unit"": null, ""scale"": ""continuous"", ""crs"": ""EPSG:32643"", ""resolution_m"": 10.0, ""temporal_resolution_h"": null, ""processing_level"": null, ""surface_model"": null, ""vertical_datum"": null, ""acquisition_time"": null, ""available_time"": null, ""provenance"": ""authoritative-product"", ""band_role"": null, ""nodata_semantics"": null, ""uncertainty"": null, ""allowed_values"": null, ""observed_min"": null, ""observed_max"": null, ""attrs"": {}}]","[{""op"": ""split"", ""params"": {""mode"": ""scene"", ""scene_overlap_fraction"": 0.55}}]",,,,,,
165,SGX3_HELDOUT-FAMILY_multisensor_time_mismatch_014,"{""goal"": ""multisensor_time_mismatch"", ""required_quantity"": null, ""required_unit"": null, ""decision_time"": null, ""max_resolution_m"": null, ""requires_bare_earth"": false, ""requires_cloud_mask"": false, ""max_uncertainty"": null, ""temporal_tolerance_h"": null, ""required_value_range"": null}","[{""name"": ""S1"", ""quantity"": ""backscatter"", ""unit"": null, ""scale"": ""continuous"", ""crs"": ""EPSG:32643"", ""resolution_m"": 10.0, ""temporal_resolution_h"": null, ""processing_level"": null, ""surface_model"": null, ""vertical_datum"": null, ""acquisition_time"": ""2024-07-01T10:00:00+00:00"", ""available_time"": null, ""provenance"": ""authoritative-product"", ""band_role"": null, ""nodata_semantics"": null, ""uncertainty"": null, ""allowed_values"": null, ""observed_min"": null, ""observed_max"": null, ""attrs"": {}}, {""name"": ""S2"", ""quantity"": ""reflectance"", ""unit"": null, ""scale"": ""continuous"", ""crs"": ""EPSG:32643"", ""resolution_m"": 10.0, ""temporal_resolution_h"": null, ""processing_level"": null, ""surface_model"": null, ""vertical_datum"": null, ""acquisition_time"": ""2024-07-02T22:00:00+00:00"", ""available_time"": null, ""provenance"": ""authoritative-product"", ""band_role"": null, ""nodata_semantics"": null, ""uncertainty"": null, ""allowed_values"": null, ""observed_min"": null, ""observed_max"": null, ""attrs"": {}}]","[{""op"": ""compare_sensors"", ""params"": {""a"": 0, ""b"": 1, ""tolerance_h"": 24}}]",,,,,,
166,SGX3_DEVELOPMENT_unsupported_resolution_gain_010,"{""goal"": ""unsupported_resolution_gain"", ""required_quantity"": null, ""required_unit"": null, ""decision_time"": null, ""max_resolution_m"": null, ""requires_bare_earth"": false, ""requires_cloud_mask"": false, ""max_uncertainty"": null, ""temporal_tolerance_h"": null, ""required_value_range"": null}","[{""name"": ""raster"", ""quantity"": ""surface_property"", ""unit"": null, ""scale"": ""continuous"", ""crs"": ""EPSG:32643"", ""resolution_m"": 100, ""temporal_resolution_h"": null, ""processing_level"": null, ""surface_model"": null, ""vertical_datum"": null, ""acquisition_time"": null, ""available_time"": null, ""provenance"": ""authoritative-product"", ""band_role"": null, ""nodata_semantics"": null, ""uncertainty"": null, ""allowed_values"": null, ""observed_min"": null, ""observed_max"": null, ""attrs"": {}}]","[{""op"": ""resample"", ""params"": {""artifact"": 0, ""method"": ""bilinear"", ""target_resolution_m"": 50.0, ""evidence_of_new_information"": false}}]",,,,,,
167,SGX3_BLIND_flood_remote_sensing_041,"{""goal"": ""flood_remote_sensing"", ""required_quantity"": null, ""required_unit"": null, ""decision_time"": null, ""max_resolution_m"": null, ""requires_bare_earth"": false, ""requires_cloud_mask"": false, ""max_uncertainty"": null, ""temporal_tolerance_h"": null, ""required_value_range"": null}","[{""name"": ""flood-mask-10"", ""quantity"": ""flood_extent"", ""unit"": null, ""scale"": ""binary"", ""crs"": ""EPSG:32643"", ""resolution_m"": 10, ""temporal_resolution_h"": null, ""processing_level"": null, ""surface_model"": null, ""vertical_datum"": null, ""acquisition_time"": null, ""available_time"": null, ""provenance"": ""authoritative-product"", ""band_role"": null, ""nodata_semantics"": null, ""uncertainty"": null, ""allowed_values"": null, ""observed_min"": null, ""observed_max"": null, ""attrs"": {""cloud_mask_applied"": true}}, {""name"": ""S1"", ""quantity"": ""backscatter"", ""unit"": null, ""scale"": ""continuous"", ""crs"": ""EPSG:32643"", ""resolution_m"": 10, ""temporal_resolution_h"": null, ""processing_level"": null, ""surface_model"": null, ""vertical_datum"": null, ""acquisition_time"": ""2024-07-01T10:00:00+00:00"", ""available_time"": null, ""provenance"": ""authoritative-product"", ""band_role"": null, ""nodata_semantics"": null, ""uncertainty"": null, ""allowed_values"": null, ""observed_min"": null, ""observed_max"": null, ""attrs"": {}}, {""name"": ""S2"", ""quantity"": ""reflectance"", ""unit"": null, ""scale"": ""continuous"", ""crs"": ""EPSG:32643"", ""resolution_m"": 10, ""temporal_resolution_h"": null, ""processing_level"": null, ""surface_model"": null, ""vertical_datum"": null, ""acquisition_time"": ""2024-07-03T10:00:00+00:00"", ""available_time"": null, ""provenance"": ""authoritative-product"", ""band_role"": null, ""nodata_semantics"": null, ""uncertainty"": null, ""allowed_values"": null, ""observed_min"": null, ""observed_max"": null, ""attrs"": {}}]","[{""op"": ""require_cloud_mask"", ""params"": {""artifact"": 0}}, {""op"": ""compare_sensors"", ""params"": {""a"": 1, ""b"": 2, ""tolerance_h"": 3}}, {""op"": ""area"", ""params"": {""artifact"": 0, ""method"": ""geodesic"", ""output_unit"": ""km2""}}]",,,,,,
168,SGX3_BLIND_flood_depth_007,"{""goal"": ""flood_depth"", ""required_quantity"": null, ""required_unit"": null, ""decision_time"": null, ""max_resolution_m"": null, ""requires_bare_earth"": false, ""requires_cloud_mask"": false, ""max_uncertainty"": null, ""temporal_tolerance_h"": null, ""required_value_range"": null}","[{""name"": ""terrain-10"", ""quantity"": ""elevation"", ""unit"": ""m"", ""scale"": ""continuous"", ""crs"": ""EPSG:32643"", ""resolution_m"": 10, ""temporal_resolution_h"": null, ""processing_level"": null, ""surface_model"": ""DTM"", ""vertical_datum"": ""EGM2008"", ""acquisition_time"": null, ""available_time"": null, ""provenance"": ""Copernicus DEM"", ""band_role"": null, ""nodata_semantics"": null, ""uncertainty"": null, ""allowed_values"": null, ""observed_min"": null, ""observed_max"": null, ""attrs"": {}}, {""name"": ""water-surface"", ""quantity"": ""water_level"", ""unit"": ""km"", ""scale"": ""continuous"", ""crs"": ""EPSG:32643"", ""resolution_m"": 10.0, ""temporal_resolution_h"": null, ""processing_level"": null, ""surface_model"": null, ""vertical_datum"": ""EGM2008"", ""acquisition_time"": null, ""available_time"": null, ""provenance"": ""hydraulic model"", ""band_role"": null, ""nodata_semantics"": null, ""uncertainty"": null, ""allowed_values"": null, ""observed_min"": null, ""observed_max"": null, ""attrs"": {}}]","[{""op"": ""combine_vertical"", ""params"": {""a"": 0, ""b"": 1}}, {""op"": ""convert_unit"", ""params"": {""artifact"": 1, ""to"": ""m""}}]",,,,,,
169,SGX3_BLIND_landcover_change_044,"{""goal"": ""landcover_change"", ""required_quantity"": null, ""required_unit"": null, ""decision_time"": null, ""max_resolution_m"": null, ""requires_bare_earth"": false, ""requires_cloud_mask"": false, ""max_uncertainty"": null, ""temporal_tolerance_h"": null, ""required_value_range"": null}","[{""name"": ""WorldCover-10"", ""quantity"": ""land_cover"", ""unit"": null, ""scale"": ""categorical"", ""crs"": ""EPSG:4326"", ""resolution_m"": 10, ""temporal_resolution_h"": null, ""processing_level"": null, ""surface_model"": null, ""vertical_datum"": null, ""acquisition_time"": null, ""available_time"": null, ""provenance"": ""ESA WorldCover"", ""band_role"": null, ""nodata_semantics"": null, ""uncertainty"": null, ""allowed_values"": [10, 20, 30, 40, 50, 60, 70, 80, 90, 95, 100], ""observed_min"": null, ""observed_max"": null, ""attrs"": {}}]","[{""op"": ""resample"", ""params"": {""artifact"": 0, ""method"": ""mode"", ""target_resolution_m"": 20, ""evidence_of_new_information"": true}}]",,,,,,
170,SGX3_BLIND_eo_ml_validation_014,"{""goal"": ""eo_ml_validation"", ""required_quantity"": null, ""required_unit"": null, ""decision_time"": null, ""max_resolution_m"": null, ""requires_bare_earth"": false, ""requires_cloud_mask"": false, ""max_uncertainty"": null, ""temporal_tolerance_h"": null, ""required_value_range"": null}","[{""name"": ""EO-samples-5324"", ""quantity"": ""training_samples"", ""unit"": null, ""scale"": ""continuous"", ""crs"": ""EPSG:32643"", ""resolution_m"": 10.0, ""temporal_resolution_h"": null, ""processing_level"": null, ""surface_model"": null, ""vertical_datum"": null, ""acquisition_time"": null, ""available_time"": null, ""provenance"": ""authoritative-product"", ""band_role"": null, ""nodata_semantics"": null, ""uncertainty"": null, ""allowed_values"": null, ""observed_min"": null, ""observed_max"": null, ""attrs"": {}}]","[{""op"": ""split"", ""params"": {""mode"": ""spatial"", ""separation_m"": 6846, ""dependence_range_m"": 1869}}]",,,,,,
171,SGX3_HELDOUT-FAMILY_uncertainty_missing_011,"{""goal"": ""operational decision"", ""required_quantity"": null, ""required_unit"": null, ""decision_time"": null, ""max_resolution_m"": null, ""requires_bare_earth"": false, ""requires_cloud_mask"": false, ""max_uncertainty"": 0.05, ""temporal_tolerance_h"": null, ""required_value_range"": null}","[{""name"": ""hazard"", ""quantity"": ""hazard_probability"", ""unit"": ""dimensionless"", ""scale"": ""continuous"", ""crs"": ""EPSG:32643"", ""resolution_m"": 10.0, ""temporal_resolution_h"": null, ""processing_level"": null, ""surface_model"": null, ""vertical_datum"": null, ""acquisition_time"": null, ""available_time"": null, ""provenance"": ""authoritative-product"", ""band_role"": null, ""nodata_semantics"": null, ""uncertainty"": 0.0354, ""allowed_values"": null, ""observed_min"": null, ""observed_max"": null, ""attrs"": {}}]",[],,,,,,
172,SGX3_BLIND_flood_depth_026,"{""goal"": ""flood_depth"", ""required_quantity"": null, ""required_unit"": null, ""decision_time"": null, ""max_resolution_m"": null, ""requires_bare_earth"": false, ""requires_cloud_mask"": false, ""max_uncertainty"": null, ""temporal_tolerance_h"": null, ""required_value_range"": null}","[{""name"": ""terrain-90"", ""quantity"": ""elevation"", ""unit"": ""m"", ""scale"": ""continuous"", ""crs"": ""EPSG:32643"", ""resolution_m"": 90, ""temporal_resolution_h"": null, ""processing_level"": null, ""surface_model"": ""DTM"", ""vertical_datum"": ""EGM2008"", ""acquisition_time"": null, ""available_time"": null, ""provenance"": ""Copernicus DEM"", ""band_role"": null, ""nodata_semantics"": null, ""uncertainty"": null, ""allowed_values"": null, ""observed_min"": null, ""observed_max"": null, ""attrs"": {}}, {""name"": ""water-surface"", ""quantity"": ""water_level"", ""unit"": ""km"", ""scale"": ""continuous"", ""crs"": ""EPSG:32643"", ""resolution_m"": 10.0, ""temporal_resolution_h"": null, ""processing_level"": null, ""surface_model"": null, ""vertical_datum"": ""EGM96"", ""acquisition_time"": null, ""available_time"": null, ""provenance"": ""hydraulic model"", ""band_role"": null, ""nodata_semantics"": null, ""uncertainty"": null, ""allowed_values"": null, ""observed_min"": null, ""observed_max"": null, ""attrs"": {}}]","[{""op"": ""combine_vertical"", ""params"": {""a"": 0, ""b"": 1}}, {""op"": ""convert_unit"", ""params"": {""artifact"": 1, ""to"": ""km2""}}]",,,,,,
173,SGX3_BLIND_landcover_change_001,"{""goal"": ""landcover_change"", ""required_quantity"": null, ""required_unit"": null, ""decision_time"": null, ""max_resolution_m"": null, ""requires_bare_earth"": false, ""requires_cloud_mask"": false, ""max_uncertainty"": null, ""temporal_tolerance_h"": null, ""required_value_range"": null}","[{""name"": ""WorldCover-20"", ""quantity"": ""land_cover"", ""unit"": null, ""scale"": ""categorical"", ""crs"": ""EPSG:4326"", ""resolution_m"": 20, ""temporal_resolution_h"": null, ""processing_level"": null, ""surface_model"": null, ""vertical_datum"": null, ""acquisition_time"": null, ""available_time"": null, ""provenance"": ""ESA WorldCover"", ""band_role"": null, ""nodata_semantics"": null, ""uncertainty"": null, ""allowed_values"": [10, 20, 30, 40, 50, 60, 70, 80, 90, 95, 100], ""observed_min"": null, ""observed_max"": null, ""attrs"": {}}]","[{""op"": ""resample"", ""params"": {""artifact"": 0, ""method"": ""nearest"", ""target_resolution_m"": 60, ""evidence_of_new_information"": true}}]",,,,,,
174,SGX3_BLIND_flood_remote_sensing_035,"{""goal"": ""flood_remote_sensing"", ""required_quantity"": null, ""required_unit"": null, ""decision_time"": null, ""max_resolution_m"": null, ""requires_bare_earth"": false, ""requires_cloud_mask"": false, ""max_uncertainty"": null, ""temporal_tolerance_h"": null, ""required_value_range"": null}","[{""name"": ""flood-mask-20"", ""quantity"": ""flood_extent"", ""unit"": null, ""scale"": ""binary"", ""crs"": ""EPSG:6933"", ""resolution_m"": 20, ""temporal_resolution_h"": null, ""processing_level"": null, ""surface_model"": null, ""vertical_datum"": null, ""acquisition_time"": null, ""available_time"": null, ""provenance"": ""authoritative-product"", ""band_role"": null, ""nodata_semantics"": null, ""uncertainty"": null, ""allowed_values"": null, ""observed_min"": null, ""observed_max"": null, ""attrs"": {""cloud_mask_applied"": false}}, {""name"": ""S1"", ""quantity"": ""backscatter"", ""unit"": null, ""scale"": ""continuous"", ""crs"": ""EPSG:32643"", ""resolution_m"": 10, ""temporal_resolution_h"": null, ""processing_level"": null, ""surface_model"": null, ""vertical_datum"": null, ""acquisition_time"": ""2024-07-10T10:00:00+00:00"", ""available_time"": null, ""provenance"": ""authoritative-product"", ""band_role"": null, ""nodata_semantics"": null, ""uncertainty"": null, ""allowed_values"": null, ""observed_min"": null, ""observed_max"": null, ""attrs"": {}}, {""name"": ""S2"", ""quantity"": ""reflectance"", ""unit"": null, ""scale"": ""continuous"", ""crs"": ""EPSG:32643"", ""resolution_m"": 10, ""temporal_resolution_h"": null, ""processing_level"": null, ""surface_model"": null, ""vertical_datum"": null, ""acquisition_time"": ""2024-07-10T22:00:00+00:00"", ""available_time"": null, ""provenance"": ""authoritative-product"", ""band_role"": null, ""nodata_semantics"": null, ""uncertainty"": null, ""allowed_values"": null, ""observed_min"": null, ""observed_max"": null, ""attrs"": {}}]","[{""op"": ""require_cloud_mask"", ""params"": {""artifact"": 0}}, {""op"": ""compare_sensors"", ""params"": {""a"": 1, ""b"": 2, ""tolerance_h"": 3}}, {""op"": ""area"", ""params"": {""artifact"": 0, ""method"": ""geodesic"", ""output_unit"": ""km2""}}]",,,,,,
175,SGX3_DEVELOPMENT_angular_area_009,"{""goal"": ""angular_area"", ""required_quantity"": null, ""required_unit"": null, ""decision_time"": null, ""max_resolution_m"": null, ""requires_bare_earth"": false, ""requires_cloud_mask"": false, ""max_uncertainty"": null, ""temporal_tolerance_h"": null, ""required_value_range"": null}","[{""name"": ""flood-polygon"", ""quantity"": ""flood_extent"", ""unit"": null, ""scale"": ""binary"", ""crs"": ""EPSG:32643"", ""resolution_m"": 30, ""temporal_resolution_h"": null, ""processing_level"": null, ""surface_model"": null, ""vertical_datum"": null, ""acquisition_time"": null, ""available_time"": null, ""provenance"": ""authoritative-product"", ""band_role"": null, ""nodata_semantics"": null, ""uncertainty"": null, ""allowed_values"": null, ""observed_min"": null, ""observed_max"": null, ""attrs"": {}}]","[{""op"": ""area"", ""params"": {""artifact"": 0, ""method"": ""planar"", ""output_unit"": ""km2""}}]",,,,,,
176,SGX3_BLIND_eo_ml_validation_004,"{""goal"": ""eo_ml_validation"", ""required_quantity"": null, ""required_unit"": null, ""decision_time"": null, ""max_resolution_m"": null, ""requires_bare_earth"": false, ""requires_cloud_mask"": false, ""max_uncertainty"": null, ""temporal_tolerance_h"": null, ""required_value_range"": null}","[{""name"": ""EO-samples-8553"", ""quantity"": ""training_samples"", ""unit"": null, ""scale"": ""continuous"", ""crs"": ""EPSG:32643"", ""resolution_m"": 10.0, ""temporal_resolution_h"": null, ""processing_level"": null, ""surface_model"": null, ""vertical_datum"": null, ""acquisition_time"": null, ""available_time"": null, ""provenance"": ""authoritative-product"", ""band_role"": null, ""nodata_semantics"": null, ""uncertainty"": null, ""allowed_values"": null, ""observed_min"": null, ""observed_max"": null, ""attrs"": {}}]","[{""op"": ""split"", ""params"": {""mode"": ""temporal"", ""train_end"": ""2024-04-13T00:00:00+00:00"", ""test_start"": ""2024-05-01T00:00:00+00:00""}}]",,,,,,
177,SGX3_HELDOUT-FAMILY_quality_metadata_loss_001,"{""goal"": ""quality_metadata_loss"", ""required_quantity"": null, ""required_unit"": null, ""decision_time"": null, ""max_resolution_m"": null, ""requires_bare_earth"": false, ""requires_cloud_mask"": false, ""max_uncertainty"": null, ""temporal_tolerance_h"": null, ""required_value_range"": null}","[{""name"": ""reflectance"", ""quantity"": ""surface_reflectance"", ""unit"": null, ""scale"": ""continuous"", ""crs"": ""EPSG:32643"", ""resolution_m"": 10.0, ""temporal_resolution_h"": null, ""processing_level"": null, ""surface_model"": null, ""vertical_datum"": null, ""acquisition_time"": null, ""available_time"": null, ""provenance"": ""authoritative-product"", ""band_role"": null, ""nodata_semantics"": null, ""uncertainty"": null, ""allowed_values"": null, ""observed_min"": null, ""observed_max"": null, ""attrs"": {""quality_layer"": ""SCL""}}]","[{""op"": ""drop_quality_metadata"", ""params"": {""artifact"": 0, ""required_downstream"": false}}]",,,,,,
178,SGX3_HELDOUT-FAMILY_multisensor_time_mismatch_013,"{""goal"": ""multisensor_time_mismatch"", ""required_quantity"": null, ""required_unit"": null, ""decision_time"": null, ""max_resolution_m"": null, ""requires_bare_earth"": false, ""requires_cloud_mask"": false, ""max_uncertainty"": null, ""temporal_tolerance_h"": null, ""required_value_range"": null}","[{""name"": ""S1"", ""quantity"": ""backscatter"", ""unit"": null, ""scale"": ""continuous"", ""crs"": ""EPSG:32643"", ""resolution_m"": 10.0, ""temporal_resolution_h"": null, ""processing_level"": null, ""surface_model"": null, ""vertical_datum"": null, ""acquisition_time"": ""2024-07-01T10:00:00+00:00"", ""available_time"": null, ""provenance"": ""authoritative-product"", ""band_role"": null, ""nodata_semantics"": null, ""uncertainty"": null, ""allowed_values"": null, ""observed_min"": null, ""observed_max"": null, ""attrs"": {}}, {""name"": ""S2"", ""quantity"": ""reflectance"", ""unit"": null, ""scale"": ""continuous"", ""crs"": ""EPSG:32643"", ""resolution_m"": 10.0, ""temporal_resolution_h"": null, ""processing_level"": null, ""surface_model"": null, ""vertical_datum"": null, ""acquisition_time"": ""2024-07-01T13:00:00+00:00"", ""available_time"": null, ""provenance"": ""authoritative-product"", ""band_role"": null, ""nodata_semantics"": null, ""uncertainty"": null, ""allowed_values"": null, ""observed_min"": null, ""observed_max"": null, ""attrs"": {}}]","[{""op"": ""compare_sensors"", ""params"": {""a"": 0, ""b"": 1, ""tolerance_h"": 3}}]",,,,,,
179,SGX3_HELDOUT-FAMILY_scene_overlap_leakage_011,"{""goal"": ""scene_overlap_leakage"", ""required_quantity"": null, ""required_unit"": null, ""decision_time"": null, ""max_resolution_m"": null, ""requires_bare_earth"": false, ""requires_cloud_mask"": false, ""max_uncertainty"": null, ""temporal_tolerance_h"": null, ""required_value_range"": null}","[{""name"": ""chips"", ""quantity"": ""image_samples"", ""unit"": null, ""scale"": ""continuous"", ""crs"": ""EPSG:32643"", ""resolution_m"": 10.0, ""temporal_resolution_h"": null, ""processing_level"": null, ""surface_model"": null, ""vertical_datum"": null, ""acquisition_time"": null, ""available_time"": null, ""provenance"": ""authoritative-product"", ""band_role"": null, ""nodata_semantics"": null, ""uncertainty"": null, ""allowed_values"": null, ""observed_min"": null, ""observed_max"": null, ""attrs"": {}}]","[{""op"": ""split"", ""params"": {""mode"": ""scene"", ""scene_overlap_fraction"": 0.316}}]",,,,,,
180,SGX3_BLIND_landslide_forecast_006,"{""goal"": ""landslide forecast"", ""required_quantity"": null, ""required_unit"": null, ""decision_time"": ""2024-08-15T12:00:00+00:00"", ""max_resolution_m"": null, ""requires_bare_earth"": false, ""requires_cloud_mask"": false, ""max_uncertainty"": null, ""temporal_tolerance_h"": null, ""required_value_range"": null}","[{""name"": ""IMERG-feature"", ""quantity"": ""rainfall"", ""unit"": ""mm"", ""scale"": ""continuous"", ""crs"": ""EPSG:32643"", ""resolution_m"": 10.0, ""temporal_resolution_h"": null, ""processing_level"": null, ""surface_model"": null, ""vertical_datum"": null, ""acquisition_time"": null, ""available_time"": ""2024-08-16T00:00:00+00:00"", ""provenance"": ""NASA GPM IMERG"", ""band_role"": null, ""nodata_semantics"": null, ""uncertainty"": null, ""allowed_values"": null, ""observed_min"": null, ""observed_max"": null, ""attrs"": {}}, {""name"": ""terrain-30"", ""quantity"": ""elevation"", ""unit"": ""m"", ""scale"": ""continuous"", ""crs"": ""EPSG:32643"", ""resolution_m"": 30, ""temporal_resolution_h"": null, ""processing_level"": null, ""surface_model"": ""DTM"", ""vertical_datum"": ""EGM2008"", ""acquisition_time"": null, ""available_time"": null, ""provenance"": ""Copernicus DEM"", ""band_role"": null, ""nodata_semantics"": null, ""uncertainty"": null, ""allowed_values"": null, ""observed_min"": null, ""observed_max"": null, ""attrs"": {}}]","[{""op"": ""predict"", ""params"": {""features"": [0]}}, {""op"": ""require_bare_earth"", ""params"": {""artifact"": 1}}]",,,,,,
