review_order,case_id,workflow_intent,artifacts_json,steps_json,A_verdict,A_reason,A_confidence,B_verdict,B_reason,B_confidence
1,SGX3_BLIND_flood_depth_011,"{""goal"": ""flood_depth"", ""required_quantity"": null, ""required_unit"": null, ""decision_time"": null, ""max_resolution_m"": null, ""requires_bare_earth"": false, ""requires_cloud_mask"": false, ""max_uncertainty"": null, ""temporal_tolerance_h"": null, ""required_value_range"": null}","[{""name"": ""terrain-90"", ""quantity"": ""elevation"", ""unit"": ""m"", ""scale"": ""continuous"", ""crs"": ""EPSG:32643"", ""resolution_m"": 90, ""temporal_resolution_h"": null, ""processing_level"": null, ""surface_model"": ""DSM"", ""vertical_datum"": ""EGM2008"", ""acquisition_time"": null, ""available_time"": null, ""provenance"": ""Copernicus DEM"", ""band_role"": null, ""nodata_semantics"": null, ""uncertainty"": null, ""allowed_values"": null, ""observed_min"": null, ""observed_max"": null, ""attrs"": {}}, {""name"": ""water-surface"", ""quantity"": ""water_level"", ""unit"": ""cm"", ""scale"": ""continuous"", ""crs"": ""EPSG:32643"", ""resolution_m"": 10.0, ""temporal_resolution_h"": null, ""processing_level"": null, ""surface_model"": null, ""vertical_datum"": ""WGS84_ellipsoid"", ""acquisition_time"": null, ""available_time"": null, ""provenance"": ""hydraulic model"", ""band_role"": null, ""nodata_semantics"": null, ""uncertainty"": null, ""allowed_values"": null, ""observed_min"": null, ""observed_max"": null, ""attrs"": {}}]","[{""op"": ""combine_vertical"", ""params"": {""a"": 0, ""b"": 1}}, {""op"": ""convert_unit"", ""params"": {""artifact"": 1, ""to"": ""m""}}]",REFUTED,"The elevation data (from terrain-90) has a unit of meters (m), while the water-level data (from water-surface) has a unit of centimeters (cm). The conversion operation attempts to convert units between these two incompatible scales without specifying how to handle the scale difference.",4,UNPARSED,,
2,SGX3_BLIND_flood_depth_034,"{""goal"": ""flood_depth"", ""required_quantity"": null, ""required_unit"": null, ""decision_time"": null, ""max_resolution_m"": null, ""requires_bare_earth"": false, ""requires_cloud_mask"": false, ""max_uncertainty"": null, ""temporal_tolerance_h"": null, ""required_value_range"": null}","[{""name"": ""terrain-10"", ""quantity"": ""elevation"", ""unit"": ""m"", ""scale"": ""continuous"", ""crs"": ""EPSG:32643"", ""resolution_m"": 10, ""temporal_resolution_h"": null, ""processing_level"": null, ""surface_model"": ""DSM"", ""vertical_datum"": ""EGM2008"", ""acquisition_time"": null, ""available_time"": null, ""provenance"": ""Copernicus DEM"", ""band_role"": null, ""nodata_semantics"": null, ""uncertainty"": null, ""allowed_values"": null, ""observed_min"": null, ""observed_max"": null, ""attrs"": {}}, {""name"": ""water-surface"", ""quantity"": ""water_level"", ""unit"": ""cm"", ""scale"": ""continuous"", ""crs"": ""EPSG:32643"", ""resolution_m"": 10.0, ""temporal_resolution_h"": null, ""processing_level"": null, ""surface_model"": null, ""vertical_datum"": ""EGM96"", ""acquisition_time"": null, ""available_time"": null, ""provenance"": ""hydraulic model"", ""band_role"": null, ""nodata_semantics"": null, ""uncertainty"": null, ""allowed_values"": null, ""observed_min"": null, ""observed_max"": null, ""attrs"": {}}]","[{""op"": ""combine_vertical"", ""params"": {""a"": 0, ""b"": 1}}, {""op"": ""convert_unit"", ""params"": {""artifact"": 1, ""to"": ""km2""}}]",REFUTED,The conversion of units between elevation (m) and water level (cm) is unsupported because they represent fundamentally different quantities.,4,UNPARSED,,
3,SGX3_BLIND_eo_ml_validation_049,"{""goal"": ""eo_ml_validation"", ""required_quantity"": null, ""required_unit"": null, ""decision_time"": null, ""max_resolution_m"": null, ""requires_bare_earth"": false, ""requires_cloud_mask"": false, ""max_uncertainty"": null, ""temporal_tolerance_h"": null, ""required_value_range"": null}","[{""name"": ""EO-samples-3249"", ""quantity"": ""training_samples"", ""unit"": null, ""scale"": ""continuous"", ""crs"": ""EPSG:32643"", ""resolution_m"": 10.0, ""temporal_resolution_h"": null, ""processing_level"": null, ""surface_model"": null, ""vertical_datum"": null, ""acquisition_time"": null, ""available_time"": null, ""provenance"": ""authoritative-product"", ""band_role"": null, ""nodata_semantics"": null, ""uncertainty"": null, ""allowed_values"": null, ""observed_min"": null, ""observed_max"": null, ""attrs"": {}}]","[{""op"": ""split"", ""params"": {""mode"": ""temporal"", ""train_end"": ""2024-07-01T00:00:00+00:00"", ""test_start"": ""2024-06-01T00:00:00+00:00""}}]",REFUTED,The provided artifacts do not contain any information about how the EO samples will be converted into a format suitable for ML validation. The conversion process is crucial as it must ensure compatibility with the required input formats and scales.,4,UNPARSED,,
4,SGX3_HELDOUT-FAMILY_unit_dimension_mismatch_002,"{""goal"": ""unit_dimension_mismatch"", ""required_quantity"": null, ""required_unit"": null, ""decision_time"": null, ""max_resolution_m"": null, ""requires_bare_earth"": false, ""requires_cloud_mask"": false, ""max_uncertainty"": null, ""temporal_tolerance_h"": null, ""required_value_range"": null}","[{""name"": ""distance"", ""quantity"": ""distance"", ""unit"": ""m"", ""scale"": ""continuous"", ""crs"": ""EPSG:32643"", ""resolution_m"": 10.0, ""temporal_resolution_h"": null, ""processing_level"": null, ""surface_model"": null, ""vertical_datum"": null, ""acquisition_time"": null, ""available_time"": null, ""provenance"": ""authoritative-product"", ""band_role"": null, ""nodata_semantics"": null, ""uncertainty"": null, ""allowed_values"": null, ""observed_min"": null, ""observed_max"": null, ""attrs"": {}}]","[{""op"": ""convert_unit"", ""params"": {""artifact"": 0, ""to"": ""cm""}}]",REFUTED,"The provided artifact has a unit of 'm' (metres), which is incompatible with the required unit of 'cm' (centimetres) as specified in the scientific goal.",4,UNPARSED,,
5,SGX3_BLIND_flood_remote_sensing_017,"{""goal"": ""flood_remote_sensing"", ""required_quantity"": null, ""required_unit"": null, ""decision_time"": null, ""max_resolution_m"": null, ""requires_bare_earth"": false, ""requires_cloud_mask"": false, ""max_uncertainty"": null, ""temporal_tolerance_h"": null, ""required_value_range"": null}","[{""name"": ""flood-mask-20"", ""quantity"": ""flood_extent"", ""unit"": null, ""scale"": ""binary"", ""crs"": ""EPSG:32643"", ""resolution_m"": 20, ""temporal_resolution_h"": null, ""processing_level"": null, ""surface_model"": null, ""vertical_datum"": null, ""acquisition_time"": null, ""available_time"": null, ""provenance"": ""authoritative-product"", ""band_role"": null, ""nodata_semantics"": null, ""uncertainty"": null, ""allowed_values"": null, ""observed_min"": null, ""observed_max"": null, ""attrs"": {""cloud_mask_applied"": false}}, {""name"": ""S1"", ""quantity"": ""backscatter"", ""unit"": null, ""scale"": ""continuous"", ""crs"": ""EPSG:32643"", ""resolution_m"": 10, ""temporal_resolution_h"": null, ""processing_level"": null, ""surface_model"": null, ""vertical_datum"": null, ""acquisition_time"": ""2024-07-05T10:00:00+00:00"", ""available_time"": null, ""provenance"": ""authoritative-product"", ""band_role"": null, ""nodata_semantics"": null, ""uncertainty"": null, ""allowed_values"": null, ""observed_min"": null, ""observed_max"": null, ""attrs"": {}}, {""name"": ""S2"", ""quantity"": ""reflectance"", ""unit"": null, ""scale"": ""continuous"", ""crs"": ""EPSG:32643"", ""resolution_m"": 10, ""temporal_resolution_h"": null, ""processing_level"": null, ""surface_model"": null, ""vertical_datum"": null, ""acquisition_time"": ""2024-07-05T22:00:00+00:00"", ""available_time"": null, ""provenance"": ""authoritative-product"", ""band_role"": null, ""nodata_semantics"": null, ""uncertainty"": null, ""allowed_values"": null, ""observed_min"": null, ""observed_max"": null, ""attrs"": {}}]","[{""op"": ""require_cloud_mask"", ""params"": {""artifact"": 0}}, {""op"": ""compare_sensors"", ""params"": {""a"": 1, ""b"": 2, ""tolerance_h"": 12}}, {""op"": ""area"", ""params"": {""artifact"": 0, ""method"": ""geodesic"", ""output_unit"": ""km2""}}]",REFUTED,"The provided artifacts do not match the required units (binary vs. continuous) and resolutions (20m vs. 10m). The flood mask artifact has no unit specified, while the S1 and S2 reflectance artifacts specify 'continuous' scale.",3,UNPARSED,,
6,SGX3_BLIND_landcover_change_013,"{""goal"": ""landcover_change"", ""required_quantity"": null, ""required_unit"": null, ""decision_time"": null, ""max_resolution_m"": null, ""requires_bare_earth"": false, ""requires_cloud_mask"": false, ""max_uncertainty"": null, ""temporal_tolerance_h"": null, ""required_value_range"": null}","[{""name"": ""WorldCover-20"", ""quantity"": ""land_cover"", ""unit"": null, ""scale"": ""categorical"", ""crs"": ""EPSG:4326"", ""resolution_m"": 20, ""temporal_resolution_h"": null, ""processing_level"": null, ""surface_model"": null, ""vertical_datum"": null, ""acquisition_time"": null, ""available_time"": null, ""provenance"": ""ESA WorldCover"", ""band_role"": null, ""nodata_semantics"": null, ""uncertainty"": null, ""allowed_values"": [10, 20, 30, 40, 50, 60, 70, 80, 90, 95, 100], ""observed_min"": null, ""observed_max"": null, ""attrs"": {}}]","[{""op"": ""resample"", ""params"": {""artifact"": 0, ""method"": ""bilinear"", ""target_resolution_m"": 60, ""evidence_of_new_information"": true}}]",REFUTED,The provided method 'bilinear' is unsupported by the given artifacts. The artifacts do not contain any raster data suitable for resampling.,4,UNPARSED,,
7,SGX3_BLIND_flood_remote_sensing_005,"{""goal"": ""flood_remote_sensing"", ""required_quantity"": null, ""required_unit"": null, ""decision_time"": null, ""max_resolution_m"": null, ""requires_bare_earth"": false, ""requires_cloud_mask"": false, ""max_uncertainty"": null, ""temporal_tolerance_h"": null, ""required_value_range"": null}","[{""name"": ""flood-mask-10"", ""quantity"": ""flood_extent"", ""unit"": null, ""scale"": ""binary"", ""crs"": ""EPSG:4326"", ""resolution_m"": 10, ""temporal_resolution_h"": null, ""processing_level"": null, ""surface_model"": null, ""vertical_datum"": null, ""acquisition_time"": null, ""available_time"": null, ""provenance"": ""authoritative-product"", ""band_role"": null, ""nodata_semantics"": null, ""uncertainty"": null, ""allowed_values"": null, ""observed_min"": null, ""observed_max"": null, ""attrs"": {""cloud_mask_applied"": true}}, {""name"": ""S1"", ""quantity"": ""backscatter"", ""unit"": null, ""scale"": ""continuous"", ""crs"": ""EPSG:32643"", ""resolution_m"": 10, ""temporal_resolution_h"": null, ""processing_level"": null, ""surface_model"": null, ""vertical_datum"": null, ""acquisition_time"": ""2024-07-01T10:00:00+00:00"", ""available_time"": null, ""provenance"": ""authoritative-product"", ""band_role"": null, ""nodata_semantics"": null, ""uncertainty"": null, ""allowed_values"": null, ""observed_min"": null, ""observed_max"": null, ""attrs"": {}}, {""name"": ""S2"", ""quantity"": ""reflectance"", ""unit"": null, ""scale"": ""continuous"", ""crs"": ""EPSG:32643"", ""resolution_m"": 10, ""temporal_resolution_h"": null, ""processing_level"": null, ""surface_model"": null, ""vertical_datum"": null, ""acquisition_time"": ""2024-07-01T16:00:00+00:00"", ""available_time"": null, ""provenance"": ""authoritative-product"", ""band_role"": null, ""nodata_semantics"": null, ""uncertainty"": null, ""allowed_values"": null, ""observed_min"": null, ""observed_max"": null, ""attrs"": {}}]","[{""op"": ""require_cloud_mask"", ""params"": {""artifact"": 0}}, {""op"": ""compare_sensors"", ""params"": {""a"": 1, ""b"": 2, ""tolerance_h"": 3}}, {""op"": ""area"", ""params"": {""artifact"": 0, ""method"": ""geodesic"", ""output_unit"": ""km2""}}]",REFUTED,The provided artifacts do not match the required units (binary vs. continuous) and resolutions (10m vs. 10m). The comparison of sensors requires consistent unit types and resolutions.,3,UNPARSED,,
8,SGX3_HELDOUT-FAMILY_scene_overlap_leakage_009,"{""goal"": ""scene_overlap_leakage"", ""required_quantity"": null, ""required_unit"": null, ""decision_time"": null, ""max_resolution_m"": null, ""requires_bare_earth"": false, ""requires_cloud_mask"": false, ""max_uncertainty"": null, ""temporal_tolerance_h"": null, ""required_value_range"": null}","[{""name"": ""chips"", ""quantity"": ""image_samples"", ""unit"": null, ""scale"": ""continuous"", ""crs"": ""EPSG:32643"", ""resolution_m"": 10.0, ""temporal_resolution_h"": null, ""processing_level"": null, ""surface_model"": null, ""vertical_datum"": null, ""acquisition_time"": null, ""available_time"": null, ""provenance"": ""authoritative-product"", ""band_role"": null, ""nodata_semantics"": null, ""uncertainty"": null, ""allowed_values"": null, ""observed_min"": null, ""observed_max"": null, ""attrs"": {}}]","[{""op"": ""split"", ""params"": {""mode"": ""scene"", ""scene_overlap_fraction"": 0.039}}]",REFUTED,"The provided artifacts do not include any unit information, which is essential for defining the scale of the imagery.",4,UNPARSED,,
9,SGX3_BLIND_landcover_change_011,"{""goal"": ""landcover_change"", ""required_quantity"": null, ""required_unit"": null, ""decision_time"": null, ""max_resolution_m"": null, ""requires_bare_earth"": false, ""requires_cloud_mask"": false, ""max_uncertainty"": null, ""temporal_tolerance_h"": null, ""required_value_range"": null}","[{""name"": ""WorldCover-10"", ""quantity"": ""land_cover"", ""unit"": null, ""scale"": ""categorical"", ""crs"": ""EPSG:4326"", ""resolution_m"": 10, ""temporal_resolution_h"": null, ""processing_level"": null, ""surface_model"": null, ""vertical_datum"": null, ""acquisition_time"": null, ""available_time"": null, ""provenance"": ""ESA WorldCover"", ""band_role"": null, ""nodata_semantics"": null, ""uncertainty"": null, ""allowed_values"": [10, 20, 30, 40, 50, 60, 70, 80, 90, 95, 100], ""observed_min"": null, ""observed_max"": null, ""attrs"": {}}]","[{""op"": ""resample"", ""params"": {""artifact"": 0, ""method"": ""lanczos"", ""target_resolution_m"": 60, ""evidence_of_new_information"": true}}]",REFUTED,The provided method 'lanczos' for resampling categorical land cover data is unsupported for categorical data.,4,UNPARSED,,
10,SGX3_BLIND_landslide_forecast_003,"{""goal"": ""landslide forecast"", ""required_quantity"": null, ""required_unit"": null, ""decision_time"": ""2024-08-15T12:00:00+00:00"", ""max_resolution_m"": null, ""requires_bare_earth"": false, ""requires_cloud_mask"": false, ""max_uncertainty"": null, ""temporal_tolerance_h"": null, ""required_value_range"": null}","[{""name"": ""IMERG-feature"", ""quantity"": ""rainfall"", ""unit"": ""mm"", ""scale"": ""continuous"", ""crs"": ""EPSG:32643"", ""resolution_m"": 10.0, ""temporal_resolution_h"": null, ""processing_level"": null, ""surface_model"": null, ""vertical_datum"": null, ""acquisition_time"": null, ""available_time"": ""2024-08-16T00:00:00+00:00"", ""provenance"": ""NASA GPM IMERG"", ""band_role"": null, ""nodata_semantics"": null, ""uncertainty"": null, ""allowed_values"": null, ""observed_min"": null, ""observed_max"": null, ""attrs"": {}}, {""name"": ""terrain-90"", ""quantity"": ""elevation"", ""unit"": ""m"", ""scale"": ""continuous"", ""crs"": ""EPSG:32643"", ""resolution_m"": 90, ""temporal_resolution_h"": null, ""processing_level"": null, ""surface_model"": ""DSM"", ""vertical_datum"": ""EGM2008"", ""acquisition_time"": null, ""available_time"": null, ""provenance"": ""Copernicus DEM"", ""band_role"": null, ""nodata_semantics"": null, ""uncertainty"": null, ""allowed_values"": null, ""observed_min"": null, ""observed_max"": null, ""attrs"": {}}]","[{""op"": ""predict"", ""params"": {""features"": [0]}}, {""op"": ""require_bare_earth"", ""params"": {""artifact"": 1}}]",REFUTED,The provided artifacts do not include units for the required quantities (rainfall and elevation). The scientific goal requires specific unit information which is missing.,4,UNPARSED,,
11,SGX3_DEVELOPMENT_future_information_002,"{""goal"": ""flood forecast"", ""required_quantity"": null, ""required_unit"": null, ""decision_time"": ""2024-08-01T12:00:00+00:00"", ""max_resolution_m"": null, ""requires_bare_earth"": false, ""requires_cloud_mask"": false, ""max_uncertainty"": null, ""temporal_tolerance_h"": null, ""required_value_range"": null}","[{""name"": ""rain-feature"", ""quantity"": ""rainfall"", ""unit"": ""mm"", ""scale"": ""continuous"", ""crs"": ""EPSG:32643"", ""resolution_m"": 10.0, ""temporal_resolution_h"": null, ""processing_level"": null, ""surface_model"": null, ""vertical_datum"": null, ""acquisition_time"": null, ""available_time"": ""2024-08-01T00:00:00+00:00"", ""provenance"": ""authoritative-product"", ""band_role"": null, ""nodata_semantics"": null, ""uncertainty"": null, ""allowed_values"": null, ""observed_min"": null, ""observed_max"": null, ""attrs"": {}}]","[{""op"": ""predict"", ""params"": {""features"": [0]}}]",REFUTED,"The provided artifacts do not include any information about units, which is crucial for understanding the scale of measurements in the context of flood forecasting.",4,UNPARSED,,
12,SGX3_DEVELOPMENT_categorical_interpolation_003,"{""goal"": ""categorical_interpolation"", ""required_quantity"": null, ""required_unit"": null, ""decision_time"": null, ""max_resolution_m"": null, ""requires_bare_earth"": false, ""requires_cloud_mask"": false, ""max_uncertainty"": null, ""temporal_tolerance_h"": null, ""required_value_range"": null}","[{""name"": ""landcover-20"", ""quantity"": ""land_cover"", ""unit"": null, ""scale"": ""categorical"", ""crs"": ""EPSG:4326"", ""resolution_m"": 20, ""temporal_resolution_h"": null, ""processing_level"": null, ""surface_model"": null, ""vertical_datum"": null, ""acquisition_time"": null, ""available_time"": null, ""provenance"": ""authoritative-product"", ""band_role"": null, ""nodata_semantics"": null, ""uncertainty"": null, ""allowed_values"": [10, 20, 30, 40, 50, 60, 70, 80, 90, 95, 100], ""observed_min"": null, ""observed_max"": null, ""attrs"": {}}]","[{""op"": ""resample"", ""params"": {""artifact"": 0, ""method"": ""nearest"", ""target_resolution_m"": 60, ""evidence_of_new_information"": true}}]",REFUTED,The provided method 'nearest' for resampling categorical data is unsupported for interpolation purposes.,4,UNPARSED,,
13,SGX3_DEVELOPMENT_unsupported_resolution_gain_000,"{""goal"": ""unsupported_resolution_gain"", ""required_quantity"": null, ""required_unit"": null, ""decision_time"": null, ""max_resolution_m"": null, ""requires_bare_earth"": false, ""requires_cloud_mask"": false, ""max_uncertainty"": null, ""temporal_tolerance_h"": null, ""required_value_range"": null}","[{""name"": ""raster"", ""quantity"": ""surface_property"", ""unit"": null, ""scale"": ""continuous"", ""crs"": ""EPSG:32643"", ""resolution_m"": 20, ""temporal_resolution_h"": null, ""processing_level"": null, ""surface_model"": null, ""vertical_datum"": null, ""acquisition_time"": null, ""available_time"": null, ""provenance"": ""authoritative-product"", ""band_role"": null, ""nodata_semantics"": null, ""uncertainty"": null, ""allowed_values"": null, ""observed_min"": null, ""observed_max"": null, ""attrs"": {}}]","[{""op"": ""resample"", ""params"": {""artifact"": 0, ""method"": ""bilinear"", ""target_resolution_m"": 60, ""evidence_of_new_information"": false}}]",REFUTED,"The provided workflow aims to achieve 'unsupported resolution gain', which implies increasing the resolution of a raster dataset without loss of information. However, the current artifact has a resolution of 20 meters, while the target resolution specified in the workflow is 60 meters. This mismatch indicates that the workflow cannot fulfill the intended purpose as described.",4,UNPARSED,,
14,SGX3_BLIND_flood_depth_043,"{""goal"": ""flood_depth"", ""required_quantity"": null, ""required_unit"": null, ""decision_time"": null, ""max_resolution_m"": null, ""requires_bare_earth"": false, ""requires_cloud_mask"": false, ""max_uncertainty"": null, ""temporal_tolerance_h"": null, ""required_value_range"": null}","[{""name"": ""terrain-10"", ""quantity"": ""elevation"", ""unit"": ""m"", ""scale"": ""continuous"", ""crs"": ""EPSG:32643"", ""resolution_m"": 10, ""temporal_resolution_h"": null, ""processing_level"": null, ""surface_model"": ""DTM"", ""vertical_datum"": ""EGM2008"", ""acquisition_time"": null, ""available_time"": null, ""provenance"": ""Copernicus DEM"", ""band_role"": null, ""nodata_semantics"": null, ""uncertainty"": null, ""allowed_values"": null, ""observed_min"": null, ""observed_max"": null, ""attrs"": {}}, {""name"": ""water-surface"", ""quantity"": ""water_level"", ""unit"": ""cm"", ""scale"": ""continuous"", ""crs"": ""EPSG:32643"", ""resolution_m"": 10.0, ""temporal_resolution_h"": null, ""processing_level"": null, ""surface_model"": null, ""vertical_datum"": ""WGS84_ellipsoid"", ""acquisition_time"": null, ""available_time"": null, ""provenance"": ""hydraulic model"", ""band_role"": null, ""nodata_semantics"": null, ""uncertainty"": null, ""allowed_values"": null, ""observed_min"": null, ""observed_max"": null, ""attrs"": {}}]","[{""op"": ""combine_vertical"", ""params"": {""a"": 0, ""b"": 1}}, {""op"": ""convert_unit"", ""params"": {""artifact"": 1, ""to"": ""km""}}]",REFUTED,The conversion of units between elevation (m) and water level (cm) is unsupported because they represent fundamentally different quantities.,4,UNPARSED,,
15,SGX3_BLIND_flood_remote_sensing_018,"{""goal"": ""flood_remote_sensing"", ""required_quantity"": null, ""required_unit"": null, ""decision_time"": null, ""max_resolution_m"": null, ""requires_bare_earth"": false, ""requires_cloud_mask"": false, ""max_uncertainty"": null, ""temporal_tolerance_h"": null, ""required_value_range"": null}","[{""name"": ""flood-mask-30"", ""quantity"": ""flood_extent"", ""unit"": null, ""scale"": ""binary"", ""crs"": ""EPSG:32643"", ""resolution_m"": 30, ""temporal_resolution_h"": null, ""processing_level"": null, ""surface_model"": null, ""vertical_datum"": null, ""acquisition_time"": null, ""available_time"": null, ""provenance"": ""authoritative-product"", ""band_role"": null, ""nodata_semantics"": null, ""uncertainty"": null, ""allowed_values"": null, ""observed_min"": null, ""observed_max"": null, ""attrs"": {""cloud_mask_applied"": true}}, {""name"": ""S1"", ""quantity"": ""backscatter"", ""unit"": null, ""scale"": ""continuous"", ""crs"": ""EPSG:32643"", ""resolution_m"": 10, ""temporal_resolution_h"": null, ""processing_level"": null, ""surface_model"": null, ""vertical_datum"": null, ""acquisition_time"": ""2024-07-10T10:00:00+00:00"", ""available_time"": null, ""provenance"": ""authoritative-product"", ""band_role"": null, ""nodata_semantics"": null, ""uncertainty"": null, ""allowed_values"": null, ""observed_min"": null, ""observed_max"": null, ""attrs"": {}}, {""name"": ""S2"", ""quantity"": ""reflectance"", ""unit"": null, ""scale"": ""continuous"", ""crs"": ""EPSG:32643"", ""resolution_m"": 10, ""temporal_resolution_h"": null, ""processing_level"": null, ""surface_model"": null, ""vertical_datum"": null, ""acquisition_time"": ""2024-07-13T10:00:00+00:00"", ""available_time"": null, ""provenance"": ""authoritative-product"", ""band_role"": null, ""nodata_semantics"": null, ""uncertainty"": null, ""allowed_values"": null, ""observed_min"": null, ""observed_max"": null, ""attrs"": {}}]","[{""op"": ""require_cloud_mask"", ""params"": {""artifact"": 0}}, {""op"": ""compare_sensors"", ""params"": {""a"": 1, ""b"": 2, ""tolerance_h"": 24}}, {""op"": ""area"", ""params"": {""artifact"": 0, ""method"": ""planar"", ""output_unit"": ""km2""}}]",REFUTED,The provided artifacts do not match the required units (binary vs. continuous) and resolutions (30m vs. 10m). The comparison of sensors requires consistent unit scales.,3,UNPARSED,,
16,SGX3_BLIND_eo_ml_validation_015,"{""goal"": ""eo_ml_validation"", ""required_quantity"": null, ""required_unit"": null, ""decision_time"": null, ""max_resolution_m"": null, ""requires_bare_earth"": false, ""requires_cloud_mask"": false, ""max_uncertainty"": null, ""temporal_tolerance_h"": null, ""required_value_range"": null}","[{""name"": ""EO-samples-750"", ""quantity"": ""training_samples"", ""unit"": null, ""scale"": ""continuous"", ""crs"": ""EPSG:32643"", ""resolution_m"": 10.0, ""temporal_resolution_h"": null, ""processing_level"": null, ""surface_model"": null, ""vertical_datum"": null, ""acquisition_time"": null, ""available_time"": null, ""provenance"": ""authoritative-product"", ""band_role"": null, ""nodata_semantics"": null, ""uncertainty"": null, ""allowed_values"": null, ""observed_min"": null, ""observed_max"": null, ""attrs"": {}}]","[{""op"": ""split"", ""params"": {""mode"": ""scene"", ""scene_overlap_fraction"": 0.1738}}]",REFUTED,"The provided artifacts do not include any information about units, which is crucial for understanding the scale and resolution of the data.",4,UNPARSED,,
17,SGX3_BLIND_landcover_change_042,"{""goal"": ""landcover_change"", ""required_quantity"": null, ""required_unit"": null, ""decision_time"": null, ""max_resolution_m"": null, ""requires_bare_earth"": false, ""requires_cloud_mask"": false, ""max_uncertainty"": null, ""temporal_tolerance_h"": null, ""required_value_range"": null}","[{""name"": ""WorldCover-10"", ""quantity"": ""land_cover"", ""unit"": null, ""scale"": ""categorical"", ""crs"": ""EPSG:4326"", ""resolution_m"": 10, ""temporal_resolution_h"": null, ""processing_level"": null, ""surface_model"": null, ""vertical_datum"": null, ""acquisition_time"": null, ""available_time"": null, ""provenance"": null, ""band_role"": null, ""nodata_semantics"": null, ""uncertainty"": null, ""allowed_values"": [10, 20, 30, 40, 50, 60, 70, 80, 90, 95, 100], ""observed_min"": null, ""observed_max"": null, ""attrs"": {}}]","[{""op"": ""resample"", ""params"": {""artifact"": 0, ""method"": ""cubic"", ""target_resolution_m"": 30, ""evidence_of_new_information"": true}}]",REFUTED,The provided method 'cubic' for resampling categorical land cover data at a resolution of 30 meters is unsupported for categorical data.,4,UNPARSED,,
18,SGX3_DEVELOPMENT_spatial_split_leakage_000,"{""goal"": ""spatial_split_leakage"", ""required_quantity"": null, ""required_unit"": null, ""decision_time"": null, ""max_resolution_m"": null, ""requires_bare_earth"": false, ""requires_cloud_mask"": false, ""max_uncertainty"": null, ""temporal_tolerance_h"": null, ""required_value_range"": null}","[{""name"": ""samples"", ""quantity"": ""training_samples"", ""unit"": null, ""scale"": ""continuous"", ""crs"": ""EPSG:32643"", ""resolution_m"": 10.0, ""temporal_resolution_h"": null, ""processing_level"": null, ""surface_model"": null, ""vertical_datum"": null, ""acquisition_time"": null, ""available_time"": null, ""provenance"": ""authoritative-product"", ""band_role"": null, ""nodata_semantics"": null, ""uncertainty"": null, ""allowed_values"": null, ""observed_min"": null, ""observed_max"": null, ""attrs"": {}}]","[{""op"": ""split"", ""params"": {""mode"": ""spatial"", ""separation_m"": 5388, ""dependence_range_m"": 3758}}]",REFUTED,"The provided artifacts do not include any information about units, which is crucial for understanding the scale of measurements in the dataset.",4,UNPARSED,,
19,SGX3_BLIND_eo_ml_validation_013,"{""goal"": ""eo_ml_validation"", ""required_quantity"": null, ""required_unit"": null, ""decision_time"": null, ""max_resolution_m"": null, ""requires_bare_earth"": false, ""requires_cloud_mask"": false, ""max_uncertainty"": null, ""temporal_tolerance_h"": null, ""required_value_range"": null}","[{""name"": ""EO-samples-579"", ""quantity"": ""training_samples"", ""unit"": null, ""scale"": ""continuous"", ""crs"": ""EPSG:32643"", ""resolution_m"": 10.0, ""temporal_resolution_h"": null, ""processing_level"": null, ""surface_model"": null, ""vertical_datum"": null, ""acquisition_time"": null, ""available_time"": null, ""provenance"": ""authoritative-product"", ""band_role"": null, ""nodata_semantics"": null, ""uncertainty"": null, ""allowed_values"": null, ""observed_min"": null, ""observed_max"": null, ""attrs"": {}}]","[{""op"": ""split"", ""params"": {""mode"": ""spatial"", ""separation_m"": 5300, ""dependence_range_m"": 1188}}]",REFUTED,"The artifacts do not provide any information about units, which is crucial for understanding the scale of measurements in EO samples.",4,UNPARSED,,
20,SGX3_HELDOUT-FAMILY_missing_provenance_001,"{""goal"": ""missing_provenance"", ""required_quantity"": null, ""required_unit"": null, ""decision_time"": null, ""max_resolution_m"": null, ""requires_bare_earth"": false, ""requires_cloud_mask"": false, ""max_uncertainty"": null, ""temporal_tolerance_h"": null, ""required_value_range"": null}","[{""name"": ""unknown-input"", ""quantity"": ""elevation"", ""unit"": null, ""scale"": ""continuous"", ""crs"": ""EPSG:32643"", ""resolution_m"": 10.0, ""temporal_resolution_h"": null, ""processing_level"": null, ""surface_model"": null, ""vertical_datum"": null, ""acquisition_time"": null, ""available_time"": null, ""provenance"": ""official-product"", ""band_role"": null, ""nodata_semantics"": null, ""uncertainty"": null, ""allowed_values"": null, ""observed_min"": null, ""observed_max"": null, ""attrs"": {}}]",[],REFUTED,"The provided artifacts do not contain any information about the source of the elevation data, which is essential for establishing a provenance chain.",5,UNPARSED,,
21,SGX3_HELDOUT-FAMILY_categorical_mean_aggregation_002,"{""goal"": ""categorical_mean_aggregation"", ""required_quantity"": null, ""required_unit"": null, ""decision_time"": null, ""max_resolution_m"": null, ""requires_bare_earth"": false, ""requires_cloud_mask"": false, ""max_uncertainty"": null, ""temporal_tolerance_h"": null, ""required_value_range"": null}","[{""name"": ""landcover"", ""quantity"": ""land_cover"", ""unit"": null, ""scale"": ""categorical"", ""crs"": ""EPSG:32643"", ""resolution_m"": 10.0, ""temporal_resolution_h"": null, ""processing_level"": null, ""surface_model"": null, ""vertical_datum"": null, ""acquisition_time"": null, ""available_time"": null, ""provenance"": ""authoritative-product"", ""band_role"": null, ""nodata_semantics"": null, ""uncertainty"": null, ""allowed_values"": [10, 20, 30, 40, 50, 60, 70, 80, 90, 95, 100], ""observed_min"": null, ""observed_max"": null, ""attrs"": {}}]","[{""op"": ""aggregate_categorical"", ""params"": {""artifact"": 0, ""method"": ""median""}}]",PROVEN,"The provided information aligns with the scientific goal of categorical mean aggregation as described in the goal section. The artifact 'landcover' meets all required criteria (categorical scale, EPSG:32643 CRS, resolution of 10 meters) without any conflicting assumptions or invalid choices.",5,UNPARSED,,
22,SGX3_DEVELOPMENT_future_information_006,"{""goal"": ""flood forecast"", ""required_quantity"": null, ""required_unit"": null, ""decision_time"": ""2024-08-01T12:00:00+00:00"", ""max_resolution_m"": null, ""requires_bare_earth"": false, ""requires_cloud_mask"": false, ""max_uncertainty"": null, ""temporal_tolerance_h"": null, ""required_value_range"": null}","[{""name"": ""rain-feature"", ""quantity"": ""rainfall"", ""unit"": ""mm"", ""scale"": ""continuous"", ""crs"": ""EPSG:32643"", ""resolution_m"": 10.0, ""temporal_resolution_h"": null, ""processing_level"": null, ""surface_model"": null, ""vertical_datum"": null, ""acquisition_time"": null, ""available_time"": ""2024-08-01T18:00:00+00:00"", ""provenance"": ""authoritative-product"", ""band_role"": null, ""nodata_semantics"": null, ""uncertainty"": null, ""allowed_values"": null, ""observed_min"": null, ""observed_max"": null, ""attrs"": {}}]","[{""op"": ""predict"", ""params"": {""features"": [0]}}]",REFUTED,"The provided artifacts do not include any information about units, which is crucial for understanding the scale of measurements in the context of flood forecasting.",4,UNPARSED,,
23,SGX3_BLIND_landcover_change_025,"{""goal"": ""landcover_change"", ""required_quantity"": null, ""required_unit"": null, ""decision_time"": null, ""max_resolution_m"": null, ""requires_bare_earth"": false, ""requires_cloud_mask"": false, ""max_uncertainty"": null, ""temporal_tolerance_h"": null, ""required_value_range"": null}","[{""name"": ""WorldCover-20"", ""quantity"": ""land_cover"", ""unit"": null, ""scale"": ""categorical"", ""crs"": ""EPSG:4326"", ""resolution_m"": 20, ""temporal_resolution_h"": null, ""processing_level"": null, ""surface_model"": null, ""vertical_datum"": null, ""acquisition_time"": null, ""available_time"": null, ""provenance"": null, ""band_role"": null, ""nodata_semantics"": null, ""uncertainty"": null, ""allowed_values"": [10, 20, 30, 40, 50, 60, 70, 80, 90, 95, 100], ""observed_min"": null, ""observed_max"": null, ""attrs"": {}}]","[{""op"": ""resample"", ""params"": {""artifact"": 0, ""method"": ""cubic"", ""target_resolution_m"": 30, ""evidence_of_new_information"": true}}]",REFUTED,"The provided artifacts do not include any information about units, which is crucial for understanding the scale of measurements in land cover change analysis.",4,UNPARSED,,
24,SGX3_BLIND_landslide_forecast_022,"{""goal"": ""landslide forecast"", ""required_quantity"": null, ""required_unit"": null, ""decision_time"": ""2024-08-05T12:00:00+00:00"", ""max_resolution_m"": null, ""requires_bare_earth"": false, ""requires_cloud_mask"": false, ""max_uncertainty"": null, ""temporal_tolerance_h"": null, ""required_value_range"": null}","[{""name"": ""IMERG-feature"", ""quantity"": ""rainfall"", ""unit"": ""mm"", ""scale"": ""continuous"", ""crs"": ""EPSG:32643"", ""resolution_m"": 10.0, ""temporal_resolution_h"": null, ""processing_level"": null, ""surface_model"": null, ""vertical_datum"": null, ""acquisition_time"": null, ""available_time"": ""2024-08-06T00:00:00+00:00"", ""provenance"": ""NASA GPM IMERG"", ""band_role"": null, ""nodata_semantics"": null, ""uncertainty"": null, ""allowed_values"": null, ""observed_min"": null, ""observed_max"": null, ""attrs"": {}}, {""name"": ""terrain-60"", ""quantity"": ""elevation"", ""unit"": ""m"", ""scale"": ""continuous"", ""crs"": ""EPSG:32643"", ""resolution_m"": 60, ""temporal_resolution_h"": null, ""processing_level"": null, ""surface_model"": ""DSM"", ""vertical_datum"": ""EGM2008"", ""acquisition_time"": null, ""available_time"": null, ""provenance"": ""Copernicus DEM"", ""band_role"": null, ""nodata_semantics"": null, ""uncertainty"": null, ""allowed_values"": null, ""observed_min"": null, ""observed_max"": null, ""attrs"": {}}]","[{""op"": ""predict"", ""params"": {""features"": [0]}}, {""op"": ""require_bare_earth"", ""params"": {""artifact"": 1}}]",REFUTED,The provided artifacts do not include units for the required quantities (rainfall and elevation). The scientific goal requires specific unit information which is missing.,4,UNPARSED,,
25,SGX3_BLIND_flood_depth_039,"{""goal"": ""flood_depth"", ""required_quantity"": null, ""required_unit"": null, ""decision_time"": null, ""max_resolution_m"": null, ""requires_bare_earth"": false, ""requires_cloud_mask"": false, ""max_uncertainty"": null, ""temporal_tolerance_h"": null, ""required_value_range"": null}","[{""name"": ""terrain-10"", ""quantity"": ""elevation"", ""unit"": ""m"", ""scale"": ""continuous"", ""crs"": ""EPSG:32643"", ""resolution_m"": 10, ""temporal_resolution_h"": null, ""processing_level"": null, ""surface_model"": ""DSM"", ""vertical_datum"": ""EGM2008"", ""acquisition_time"": null, ""available_time"": null, ""provenance"": ""Copernicus DEM"", ""band_role"": null, ""nodata_semantics"": null, ""uncertainty"": null, ""allowed_values"": null, ""observed_min"": null, ""observed_max"": null, ""attrs"": {}}, {""name"": ""water-surface"", ""quantity"": ""water_level"", ""unit"": ""m"", ""scale"": ""continuous"", ""crs"": ""EPSG:32643"", ""resolution_m"": 10.0, ""temporal_resolution_h"": null, ""processing_level"": null, ""surface_model"": null, ""vertical_datum"": null, ""acquisition_time"": null, ""available_time"": null, ""provenance"": ""hydraulic model"", ""band_role"": null, ""nodata_semantics"": null, ""uncertainty"": null, ""allowed_values"": null, ""observed_min"": null, ""observed_max"": null, ""attrs"": {}}]","[{""op"": ""combine_vertical"", ""params"": {""a"": 0, ""b"": 1}}, {""op"": ""convert_unit"", ""params"": {""artifact"": 1, ""to"": ""K""}}]",REFUTED,The conversion of unit from 'm' (meter) to 'K' (Kelvin) is unsupported as Kelvin is not a supported unit in the given context.,4,UNPARSED,,
26,SGX3_HELDOUT-FAMILY_uncertainty_missing_009,"{""goal"": ""operational decision"", ""required_quantity"": null, ""required_unit"": null, ""decision_time"": null, ""max_resolution_m"": null, ""requires_bare_earth"": false, ""requires_cloud_mask"": false, ""max_uncertainty"": 0.05, ""temporal_tolerance_h"": null, ""required_value_range"": null}","[{""name"": ""hazard"", ""quantity"": ""hazard_probability"", ""unit"": ""dimensionless"", ""scale"": ""continuous"", ""crs"": ""EPSG:32643"", ""resolution_m"": 10.0, ""temporal_resolution_h"": null, ""processing_level"": null, ""surface_model"": null, ""vertical_datum"": null, ""acquisition_time"": null, ""available_time"": null, ""provenance"": ""authoritative-product"", ""band_role"": null, ""nodata_semantics"": null, ""uncertainty"": 0.011, ""allowed_values"": null, ""observed_min"": null, ""observed_max"": null, ""attrs"": {}}]",[],REFUTED,"The provided hazard probability data has a scale of 'continuous', which is incompatible with the requirement for operational decisions where discrete values (e.g., binary outcomes) are typically used.",4,UNPARSED,,
27,SGX3_BLIND_eo_ml_validation_032,"{""goal"": ""eo_ml_validation"", ""required_quantity"": null, ""required_unit"": null, ""decision_time"": null, ""max_resolution_m"": null, ""requires_bare_earth"": false, ""requires_cloud_mask"": false, ""max_uncertainty"": null, ""temporal_tolerance_h"": null, ""required_value_range"": null}","[{""name"": ""EO-samples-288"", ""quantity"": ""training_samples"", ""unit"": null, ""scale"": ""continuous"", ""crs"": ""EPSG:32643"", ""resolution_m"": 10.0, ""temporal_resolution_h"": null, ""processing_level"": null, ""surface_model"": null, ""vertical_datum"": null, ""acquisition_time"": null, ""available_time"": null, ""provenance"": ""authoritative-product"", ""band_role"": null, ""nodata_semantics"": null, ""uncertainty"": null, ""allowed_values"": null, ""observed_min"": null, ""observed_max"": null, ""attrs"": {}}]","[{""op"": ""split"", ""params"": {""mode"": ""scene"", ""scene_overlap_fraction"": 0.0497}}]",REFUTED,"The provided artifacts do not contain any information about units, which is crucial for understanding the scale and resolution of the data.",4,UNPARSED,,
28,SGX3_BLIND_eo_ml_validation_030,"{""goal"": ""eo_ml_validation"", ""required_quantity"": null, ""required_unit"": null, ""decision_time"": null, ""max_resolution_m"": null, ""requires_bare_earth"": false, ""requires_cloud_mask"": false, ""max_uncertainty"": null, ""temporal_tolerance_h"": null, ""required_value_range"": null}","[{""name"": ""EO-samples-1528"", ""quantity"": ""training_samples"", ""unit"": null, ""scale"": ""continuous"", ""crs"": ""EPSG:32643"", ""resolution_m"": 10.0, ""temporal_resolution_h"": null, ""processing_level"": null, ""surface_model"": null, ""vertical_datum"": null, ""acquisition_time"": null, ""available_time"": null, ""provenance"": ""authoritative-product"", ""band_role"": null, ""nodata_semantics"": null, ""uncertainty"": null, ""allowed_values"": null, ""observed_min"": null, ""observed_max"": null, ""attrs"": {}}]","[{""op"": ""split"", ""params"": {""mode"": ""scene"", ""scene_overlap_fraction"": 0.0382}}]",REFUTED,"The provided artifacts do not contain any information about units, which is crucial for understanding the scale and resolution of the data.",4,UNPARSED,,
29,SGX3_BLIND_eo_ml_validation_021,"{""goal"": ""eo_ml_validation"", ""required_quantity"": null, ""required_unit"": null, ""decision_time"": null, ""max_resolution_m"": null, ""requires_bare_earth"": false, ""requires_cloud_mask"": false, ""max_uncertainty"": null, ""temporal_tolerance_h"": null, ""required_value_range"": null}","[{""name"": ""EO-samples-7218"", ""quantity"": ""training_samples"", ""unit"": null, ""scale"": ""continuous"", ""crs"": ""EPSG:32643"", ""resolution_m"": 10.0, ""temporal_resolution_h"": null, ""processing_level"": null, ""surface_model"": null, ""vertical_datum"": null, ""acquisition_time"": null, ""available_time"": null, ""provenance"": ""authoritative-product"", ""band_role"": null, ""nodata_semantics"": null, ""uncertainty"": null, ""allowed_values"": null, ""observed_min"": null, ""observed_max"": null, ""attrs"": {}}]","[{""op"": ""split"", ""params"": {""mode"": ""temporal"", ""train_end"": ""2024-04-28T00:00:00+00:00"", ""test_start"": ""2024-05-01T00:00:00+00:00""}}]",REFUTED,The provided artifacts do not contain any information about how the EO samples will be converted into a format suitable for ML validation. The conversion process is crucial as it must ensure compatibility with the required input formats and scales.,4,UNPARSED,,
30,SGX3_BLIND_landcover_change_018,"{""goal"": ""landcover_change"", ""required_quantity"": null, ""required_unit"": null, ""decision_time"": null, ""max_resolution_m"": null, ""requires_bare_earth"": false, ""requires_cloud_mask"": false, ""max_uncertainty"": null, ""temporal_tolerance_h"": null, ""required_value_range"": null}","[{""name"": ""WorldCover-10"", ""quantity"": ""land_cover"", ""unit"": null, ""scale"": ""categorical"", ""crs"": ""EPSG:4326"", ""resolution_m"": 10, ""temporal_resolution_h"": null, ""processing_level"": null, ""surface_model"": null, ""vertical_datum"": null, ""acquisition_time"": null, ""available_time"": null, ""provenance"": null, ""band_role"": null, ""nodata_semantics"": null, ""uncertainty"": null, ""allowed_values"": [10, 20, 30, 40, 50, 60, 70, 80, 90, 95, 100], ""observed_min"": null, ""observed_max"": null, ""attrs"": {}}]","[{""op"": ""resample"", ""params"": {""artifact"": 0, ""method"": ""lanczos"", ""target_resolution_m"": 60, ""evidence_of_new_information"": true}}]",REFUTED,The provided method 'lanczos' for resampling categorical land cover data is unsupported for categorical data.,4,UNPARSED,,
31,SGX3_DEVELOPMENT_unsupported_resolution_gain_008,"{""goal"": ""unsupported_resolution_gain"", ""required_quantity"": null, ""required_unit"": null, ""decision_time"": null, ""max_resolution_m"": null, ""requires_bare_earth"": false, ""requires_cloud_mask"": false, ""max_uncertainty"": null, ""temporal_tolerance_h"": null, ""required_value_range"": null}","[{""name"": ""raster"", ""quantity"": ""surface_property"", ""unit"": null, ""scale"": ""continuous"", ""crs"": ""EPSG:32643"", ""resolution_m"": 20, ""temporal_resolution_h"": null, ""processing_level"": null, ""surface_model"": null, ""vertical_datum"": null, ""acquisition_time"": null, ""available_time"": null, ""provenance"": ""authoritative-product"", ""band_role"": null, ""nodata_semantics"": null, ""uncertainty"": null, ""allowed_values"": null, ""observed_min"": null, ""observed_max"": null, ""attrs"": {}}]","[{""op"": ""resample"", ""params"": {""artifact"": 0, ""method"": ""bilinear"", ""target_resolution_m"": 6.666666666666667, ""evidence_of_new_information"": false}}]",REFUTED,"The provided workflow aims to achieve 'unsupported resolution gain', which implies increasing the resolution of a raster dataset without loss of information. However, the current artifact has a resolution of 20 meters, while the target resolution specified in the operation is 6.666666666666667 meters (approximately 6.7 meters). This discrepancy indicates that the requested resolution increase cannot be achieved using the given method.",4,UNPARSED,,
32,SGX3_HELDOUT-FAMILY_physical_range_violation_009,"{""goal"": ""physical_range_violation"", ""required_quantity"": null, ""required_unit"": null, ""decision_time"": null, ""max_resolution_m"": null, ""requires_bare_earth"": false, ""requires_cloud_mask"": false, ""max_uncertainty"": null, ""temporal_tolerance_h"": null, ""required_value_range"": null}","[{""name"": ""index"", ""quantity"": ""NDVI"", ""unit"": ""dimensionless"", ""scale"": ""continuous"", ""crs"": ""EPSG:32643"", ""resolution_m"": 10.0, ""temporal_resolution_h"": null, ""processing_level"": null, ""surface_model"": null, ""vertical_datum"": null, ""acquisition_time"": null, ""available_time"": null, ""provenance"": ""authoritative-product"", ""band_role"": null, ""nodata_semantics"": null, ""uncertainty"": null, ""allowed_values"": null, ""observed_min"": -0.7538676247869512, ""observed_max"": 0.873246829799791, ""attrs"": {}}]","[{""op"": ""assert_value_range"", ""params"": {""artifact"": 0, ""min"": -1, ""max"": 1}}]",REFUTED,"The provided artifact has a value range of [-0.7538676247869512, 0.873246829799791] which falls outside the required value range (-1, 1). This mismatch indicates a potential issue in the data validation process.",4,UNPARSED,,
33,SGX3_DEVELOPMENT_spatial_split_leakage_006,"{""goal"": ""spatial_split_leakage"", ""required_quantity"": null, ""required_unit"": null, ""decision_time"": null, ""max_resolution_m"": null, ""requires_bare_earth"": false, ""requires_cloud_mask"": false, ""max_uncertainty"": null, ""temporal_tolerance_h"": null, ""required_value_range"": null}","[{""name"": ""samples"", ""quantity"": ""training_samples"", ""unit"": null, ""scale"": ""continuous"", ""crs"": ""EPSG:32643"", ""resolution_m"": 10.0, ""temporal_resolution_h"": null, ""processing_level"": null, ""surface_model"": null, ""vertical_datum"": null, ""acquisition_time"": null, ""available_time"": null, ""provenance"": ""authoritative-product"", ""band_role"": null, ""nodata_semantics"": null, ""uncertainty"": null, ""allowed_values"": null, ""observed_min"": null, ""observed_max"": null, ""attrs"": {}}]","[{""op"": ""split"", ""params"": {""mode"": ""spatial"", ""separation_m"": 8315, ""dependence_range_m"": 4180}}]",REFUTED,"The provided artifacts do not include any information about units, which is crucial for understanding the scale of measurements in the dataset.",4,UNPARSED,,
34,SGX3_BLIND_landslide_forecast_021,"{""goal"": ""landslide forecast"", ""required_quantity"": null, ""required_unit"": null, ""decision_time"": ""2024-08-05T12:00:00+00:00"", ""max_resolution_m"": null, ""requires_bare_earth"": false, ""requires_cloud_mask"": false, ""max_uncertainty"": null, ""temporal_tolerance_h"": null, ""required_value_range"": null}","[{""name"": ""IMERG-feature"", ""quantity"": ""rainfall"", ""unit"": ""mm"", ""scale"": ""continuous"", ""crs"": ""EPSG:32643"", ""resolution_m"": 10.0, ""temporal_resolution_h"": null, ""processing_level"": null, ""surface_model"": null, ""vertical_datum"": null, ""acquisition_time"": null, ""available_time"": ""2024-08-05T06:00:00+00:00"", ""provenance"": null, ""band_role"": null, ""nodata_semantics"": null, ""uncertainty"": null, ""allowed_values"": null, ""observed_min"": null, ""observed_max"": null, ""attrs"": {}}, {""name"": ""terrain-90"", ""quantity"": ""elevation"", ""unit"": ""m"", ""scale"": ""continuous"", ""crs"": ""EPSG:32643"", ""resolution_m"": 90, ""temporal_resolution_h"": null, ""processing_level"": null, ""surface_model"": ""DSM"", ""vertical_datum"": ""EGM2008"", ""acquisition_time"": null, ""available_time"": null, ""provenance"": ""Copernicus DEM"", ""band_role"": null, ""nodata_semantics"": null, ""uncertainty"": null, ""allowed_values"": null, ""observed_min"": null, ""observed_max"": null, ""attrs"": {}}]","[{""op"": ""predict"", ""params"": {""features"": [0]}}, {""op"": ""require_bare_earth"", ""params"": {""artifact"": 1}}]",REFUTED,"The IMERG feature (rainfall) has a unit of 'mm', which is categorical data. The terrain-90 elevation (continuous data) cannot be directly used as input for rainfall prediction without converting it into a categorical format.",4,UNPARSED,,
35,SGX3_BLIND_flood_remote_sensing_003,"{""goal"": ""flood_remote_sensing"", ""required_quantity"": null, ""required_unit"": null, ""decision_time"": null, ""max_resolution_m"": null, ""requires_bare_earth"": false, ""requires_cloud_mask"": false, ""max_uncertainty"": null, ""temporal_tolerance_h"": null, ""required_value_range"": null}","[{""name"": ""flood-mask-30"", ""quantity"": ""flood_extent"", ""unit"": null, ""scale"": ""binary"", ""crs"": ""EPSG:4326"", ""resolution_m"": 30, ""temporal_resolution_h"": null, ""processing_level"": null, ""surface_model"": null, ""vertical_datum"": null, ""acquisition_time"": null, ""available_time"": null, ""provenance"": ""authoritative-product"", ""band_role"": null, ""nodata_semantics"": null, ""uncertainty"": null, ""allowed_values"": null, ""observed_min"": null, ""observed_max"": null, ""attrs"": {""cloud_mask_applied"": true}}, {""name"": ""S1"", ""quantity"": ""backscatter"", ""unit"": null, ""scale"": ""continuous"", ""crs"": ""EPSG:32643"", ""resolution_m"": 10, ""temporal_resolution_h"": null, ""processing_level"": null, ""surface_model"": null, ""vertical_datum"": null, ""acquisition_time"": ""2024-07-01T10:00:00+00:00"", ""available_time"": null, ""provenance"": ""authoritative-product"", ""band_role"": null, ""nodata_semantics"": null, ""uncertainty"": null, ""allowed_values"": null, ""observed_min"": null, ""observed_max"": null, ""attrs"": {}}, {""name"": ""S2"", ""quantity"": ""reflectance"", ""unit"": null, ""scale"": ""continuous"", ""crs"": ""EPSG:32643"", ""resolution_m"": 10, ""temporal_resolution_h"": null, ""processing_level"": null, ""surface_model"": null, ""vertical_datum"": null, ""acquisition_time"": ""2024-07-01T10:00:00+00:00"", ""available_time"": null, ""provenance"": ""authoritative-product"", ""band_role"": null, ""nodata_semantics"": null, ""uncertainty"": null, ""allowed_values"": null, ""observed_min"": null, ""observed_max"": null, ""attrs"": {}}]","[{""op"": ""require_cloud_mask"", ""params"": {""artifact"": 0}}, {""op"": ""compare_sensors"", ""params"": {""a"": 1, ""b"": 2, ""tolerance_h"": 12}}, {""op"": ""area"", ""params"": {""artifact"": 0, ""method"": ""planar"", ""output_unit"": ""km2""}}]",REFUTED,The provided artifacts do not match the required units (binary vs. continuous) and resolutions (30m vs. 10m). The comparison of sensors in area requires consistent unit scales.,3,UNPARSED,,
36,SGX3_DEVELOPMENT_band_grid_mismatch_002,"{""goal"": ""band_grid_mismatch"", ""required_quantity"": null, ""required_unit"": null, ""decision_time"": null, ""max_resolution_m"": null, ""requires_bare_earth"": false, ""requires_cloud_mask"": false, ""max_uncertainty"": null, ""temporal_tolerance_h"": null, ""required_value_range"": null}","[{""name"": ""red"", ""quantity"": ""reflectance"", ""unit"": null, ""scale"": ""continuous"", ""crs"": ""EPSG:32643"", ""resolution_m"": 10, ""temporal_resolution_h"": null, ""processing_level"": ""L2A"", ""surface_model"": null, ""vertical_datum"": null, ""acquisition_time"": null, ""available_time"": null, ""provenance"": ""authoritative-product"", ""band_role"": ""red"", ""nodata_semantics"": null, ""uncertainty"": null, ""allowed_values"": null, ""observed_min"": null, ""observed_max"": null, ""attrs"": {}}, {""name"": ""other"", ""quantity"": ""reflectance"", ""unit"": null, ""scale"": ""continuous"", ""crs"": ""EPSG:32643"", ""resolution_m"": 60, ""temporal_resolution_h"": null, ""processing_level"": ""L2A"", ""surface_model"": null, ""vertical_datum"": null, ""acquisition_time"": null, ""available_time"": null, ""provenance"": ""authoritative-product"", ""band_role"": ""nir"", ""nodata_semantics"": null, ""uncertainty"": null, ""allowed_values"": null, ""observed_min"": null, ""observed_max"": null, ""attrs"": {}}]","[{""op"": ""spectral_index"", ""params"": {""red_artifact"": 0, ""other_artifact"": 1, ""expected_other_role"": ""nir"", ""explicit_alignment"": false}}]",REFUTED,"The provided artifacts do not contain unit information, which is essential for performing spectral index calculations.",4,UNPARSED,,
37,SGX3_HELDOUT-FAMILY_scene_overlap_leakage_005,"{""goal"": ""scene_overlap_leakage"", ""required_quantity"": null, ""required_unit"": null, ""decision_time"": null, ""max_resolution_m"": null, ""requires_bare_earth"": false, ""requires_cloud_mask"": false, ""max_uncertainty"": null, ""temporal_tolerance_h"": null, ""required_value_range"": null}","[{""name"": ""chips"", ""quantity"": ""image_samples"", ""unit"": null, ""scale"": ""continuous"", ""crs"": ""EPSG:32643"", ""resolution_m"": 10.0, ""temporal_resolution_h"": null, ""processing_level"": null, ""surface_model"": null, ""vertical_datum"": null, ""acquisition_time"": null, ""available_time"": null, ""provenance"": ""authoritative-product"", ""band_role"": null, ""nodata_semantics"": null, ""uncertainty"": null, ""allowed_values"": null, ""observed_min"": null, ""observed_max"": null, ""attrs"": {}}]","[{""op"": ""split"", ""params"": {""mode"": ""scene"", ""scene_overlap_fraction"": 0.594}}]",REFUTED,"The provided artifacts do not include any unit information, which is essential for defining the scale of the imagery.",4,UNPARSED,,
38,SGX3_BLIND_eo_ml_validation_022,"{""goal"": ""eo_ml_validation"", ""required_quantity"": null, ""required_unit"": null, ""decision_time"": null, ""max_resolution_m"": null, ""requires_bare_earth"": false, ""requires_cloud_mask"": false, ""max_uncertainty"": null, ""temporal_tolerance_h"": null, ""required_value_range"": null}","[{""name"": ""EO-samples-8252"", ""quantity"": ""training_samples"", ""unit"": null, ""scale"": ""continuous"", ""crs"": ""EPSG:32643"", ""resolution_m"": 10.0, ""temporal_resolution_h"": null, ""processing_level"": null, ""surface_model"": null, ""vertical_datum"": null, ""acquisition_time"": null, ""available_time"": null, ""provenance"": ""authoritative-product"", ""band_role"": null, ""nodata_semantics"": null, ""uncertainty"": null, ""allowed_values"": null, ""observed_min"": null, ""observed_max"": null, ""attrs"": {}}]","[{""op"": ""split"", ""params"": {""mode"": ""scene"", ""scene_overlap_fraction"": 0.6003}}]",REFUTED,"The provided artifacts do not contain any information about units, which is crucial for understanding the scale and resolution of the data.",4,UNPARSED,,
39,SGX3_HELDOUT-FAMILY_physical_range_violation_002,"{""goal"": ""physical_range_violation"", ""required_quantity"": null, ""required_unit"": null, ""decision_time"": null, ""max_resolution_m"": null, ""requires_bare_earth"": false, ""requires_cloud_mask"": false, ""max_uncertainty"": null, ""temporal_tolerance_h"": null, ""required_value_range"": null}","[{""name"": ""index"", ""quantity"": ""NDVI"", ""unit"": ""dimensionless"", ""scale"": ""continuous"", ""crs"": ""EPSG:32643"", ""resolution_m"": 10.0, ""temporal_resolution_h"": null, ""processing_level"": null, ""surface_model"": null, ""vertical_datum"": null, ""acquisition_time"": null, ""available_time"": null, ""provenance"": ""authoritative-product"", ""band_role"": null, ""nodata_semantics"": null, ""uncertainty"": null, ""allowed_values"": null, ""observed_min"": -2, ""observed_max"": 2, ""attrs"": {}}]","[{""op"": ""assert_value_range"", ""params"": {""artifact"": 0, ""min"": -1, ""max"": 1}}]",REFUTED,"The provided artifact has a value range of [-2, 2] while the required value range for 'physical_range_violation' is typically between -1 and 1.",4,UNPARSED,,
40,SGX3_DEVELOPMENT_angular_area_002,"{""goal"": ""angular_area"", ""required_quantity"": null, ""required_unit"": null, ""decision_time"": null, ""max_resolution_m"": null, ""requires_bare_earth"": false, ""requires_cloud_mask"": false, ""max_uncertainty"": null, ""temporal_tolerance_h"": null, ""required_value_range"": null}","[{""name"": ""flood-polygon"", ""quantity"": ""flood_extent"", ""unit"": null, ""scale"": ""binary"", ""crs"": ""EPSG:4326"", ""resolution_m"": 10, ""temporal_resolution_h"": null, ""processing_level"": null, ""surface_model"": null, ""vertical_datum"": null, ""acquisition_time"": null, ""available_time"": null, ""provenance"": ""authoritative-product"", ""band_role"": null, ""nodata_semantics"": null, ""uncertainty"": null, ""allowed_values"": null, ""observed_min"": null, ""observed_max"": null, ""attrs"": {}}]","[{""op"": ""area"", ""params"": {""artifact"": 0, ""method"": ""planar"", ""output_unit"": ""km2""}}]",REFUTED,The provided unit 'km2' (square kilometers) is unsupported by the given artifacts which do not specify any area measurement.,4,UNPARSED,,
41,SGX3_HELDOUT-FAMILY_physical_range_violation_010,"{""goal"": ""physical_range_violation"", ""required_quantity"": null, ""required_unit"": null, ""decision_time"": null, ""max_resolution_m"": null, ""requires_bare_earth"": false, ""requires_cloud_mask"": false, ""max_uncertainty"": null, ""temporal_tolerance_h"": null, ""required_value_range"": null}","[{""name"": ""index"", ""quantity"": ""NDVI"", ""unit"": ""dimensionless"", ""scale"": ""continuous"", ""crs"": ""EPSG:32643"", ""resolution_m"": 10.0, ""temporal_resolution_h"": null, ""processing_level"": null, ""surface_model"": null, ""vertical_datum"": null, ""acquisition_time"": null, ""available_time"": null, ""provenance"": ""authoritative-product"", ""band_role"": null, ""nodata_semantics"": null, ""uncertainty"": null, ""allowed_values"": null, ""observed_min"": -0.8227485767917194, ""observed_max"": 0.7593046373274954, ""attrs"": {}}]","[{""op"": ""assert_value_range"", ""params"": {""artifact"": 0, ""min"": -1, ""max"": 1}}]",REFUTED,"The provided artifact's observed value range (-0.8227485767917194 to 0.7593046373274954) does not match the required value range of [-1, 1] as specified in the goal.",4,UNPARSED,,
42,SGX3_DEVELOPMENT_band_grid_mismatch_000,"{""goal"": ""band_grid_mismatch"", ""required_quantity"": null, ""required_unit"": null, ""decision_time"": null, ""max_resolution_m"": null, ""requires_bare_earth"": false, ""requires_cloud_mask"": false, ""max_uncertainty"": null, ""temporal_tolerance_h"": null, ""required_value_range"": null}","[{""name"": ""red"", ""quantity"": ""reflectance"", ""unit"": null, ""scale"": ""continuous"", ""crs"": ""EPSG:32643"", ""resolution_m"": 10, ""temporal_resolution_h"": null, ""processing_level"": ""L2A"", ""surface_model"": null, ""vertical_datum"": null, ""acquisition_time"": null, ""available_time"": null, ""provenance"": ""authoritative-product"", ""band_role"": ""red"", ""nodata_semantics"": null, ""uncertainty"": null, ""allowed_values"": null, ""observed_min"": null, ""observed_max"": null, ""attrs"": {}}, {""name"": ""other"", ""quantity"": ""reflectance"", ""unit"": null, ""scale"": ""continuous"", ""crs"": ""EPSG:32643"", ""resolution_m"": 20, ""temporal_resolution_h"": null, ""processing_level"": ""L2A"", ""surface_model"": null, ""vertical_datum"": null, ""acquisition_time"": null, ""available_time"": null, ""provenance"": ""authoritative-product"", ""band_role"": ""nir"", ""nodata_semantics"": null, ""uncertainty"": null, ""allowed_values"": null, ""observed_min"": null, ""observed_max"": null, ""attrs"": {}}]","[{""op"": ""spectral_index"", ""params"": {""red_artifact"": 0, ""other_artifact"": 1, ""expected_other_role"": ""nir"", ""explicit_alignment"": false}}]",REFUTED,"The provided artifacts do not contain unit information, which is essential for performing spectral index calculations.",4,UNPARSED,,
43,SGX3_BLIND_flood_remote_sensing_011,"{""goal"": ""flood_remote_sensing"", ""required_quantity"": null, ""required_unit"": null, ""decision_time"": null, ""max_resolution_m"": null, ""requires_bare_earth"": false, ""requires_cloud_mask"": false, ""max_uncertainty"": null, ""temporal_tolerance_h"": null, ""required_value_range"": null}","[{""name"": ""flood-mask-20"", ""quantity"": ""flood_extent"", ""unit"": null, ""scale"": ""binary"", ""crs"": ""EPSG:6933"", ""resolution_m"": 20, ""temporal_resolution_h"": null, ""processing_level"": null, ""surface_model"": null, ""vertical_datum"": null, ""acquisition_time"": null, ""available_time"": null, ""provenance"": ""authoritative-product"", ""band_role"": null, ""nodata_semantics"": null, ""uncertainty"": null, ""allowed_values"": null, ""observed_min"": null, ""observed_max"": null, ""attrs"": {""cloud_mask_applied"": false}}, {""name"": ""S1"", ""quantity"": ""backscatter"", ""unit"": null, ""scale"": ""continuous"", ""crs"": ""EPSG:32643"", ""resolution_m"": 10, ""temporal_resolution_h"": null, ""processing_level"": null, ""surface_model"": null, ""vertical_datum"": null, ""acquisition_time"": ""2024-07-15T10:00:00+00:00"", ""available_time"": null, ""provenance"": ""authoritative-product"", ""band_role"": null, ""nodata_semantics"": null, ""uncertainty"": null, ""allowed_values"": null, ""observed_min"": null, ""observed_max"": null, ""attrs"": {}}, {""name"": ""S2"", ""quantity"": ""reflectance"", ""unit"": null, ""scale"": ""continuous"", ""crs"": ""EPSG:32643"", ""resolution_m"": 10, ""temporal_resolution_h"": null, ""processing_level"": null, ""surface_model"": null, ""vertical_datum"": null, ""acquisition_time"": ""2024-07-15T10:00:00+00:00"", ""available_time"": null, ""provenance"": ""authoritative-product"", ""band_role"": null, ""nodata_semantics"": null, ""uncertainty"": null, ""allowed_values"": null, ""observed_min"": null, ""observed_max"": null, ""attrs"": {}}]","[{""op"": ""require_cloud_mask"", ""params"": {""artifact"": 0}}, {""op"": ""compare_sensors"", ""params"": {""a"": 1, ""b"": 2, ""tolerance_h"": 12}}, {""op"": ""area"", ""params"": {""artifact"": 0, ""method"": ""geodesic"", ""output_unit"": ""km2""}}]",REFUTED,"The provided artifacts do not match the required units (binary vs. continuous) and resolutions (20m vs. 10m). The flood mask artifact requires binary values while the S1 and S2 reflectance artifacts require continuous values. Additionally, the resolution of the flood mask artifact (20m) is significantly higher than the other artifacts (10m), which may affect the accuracy of the area calculation.",3,UNPARSED,,
44,SGX3_DEVELOPMENT_processing_level_003,"{""goal"": ""processing_level"", ""required_quantity"": null, ""required_unit"": null, ""decision_time"": null, ""max_resolution_m"": null, ""requires_bare_earth"": false, ""requires_cloud_mask"": false, ""max_uncertainty"": null, ""temporal_tolerance_h"": null, ""required_value_range"": null}","[{""name"": ""optical"", ""quantity"": ""reflectance"", ""unit"": null, ""scale"": ""continuous"", ""crs"": ""EPSG:32643"", ""resolution_m"": 10.0, ""temporal_resolution_h"": null, ""processing_level"": ""TOA"", ""surface_model"": null, ""vertical_datum"": null, ""acquisition_time"": null, ""available_time"": null, ""provenance"": ""authoritative-product"", ""band_role"": ""red"", ""nodata_semantics"": null, ""uncertainty"": null, ""allowed_values"": null, ""observed_min"": null, ""observed_max"": null, ""attrs"": {}}]","[{""op"": ""require_surface_reflectance"", ""params"": {""artifact"": 0}}]",REFUTED,"The provided artifact has no unit associated with it, which is required for consistent measurement and comparison.",4,UNPARSED,,
45,SGX3_BLIND_landcover_change_022,"{""goal"": ""landcover_change"", ""required_quantity"": null, ""required_unit"": null, ""decision_time"": null, ""max_resolution_m"": null, ""requires_bare_earth"": false, ""requires_cloud_mask"": false, ""max_uncertainty"": null, ""temporal_tolerance_h"": null, ""required_value_range"": null}","[{""name"": ""WorldCover-20"", ""quantity"": ""land_cover"", ""unit"": null, ""scale"": ""categorical"", ""crs"": ""EPSG:4326"", ""resolution_m"": 20, ""temporal_resolution_h"": null, ""processing_level"": null, ""surface_model"": null, ""vertical_datum"": null, ""acquisition_time"": null, ""available_time"": null, ""provenance"": ""ESA WorldCover"", ""band_role"": null, ""nodata_semantics"": null, ""uncertainty"": null, ""allowed_values"": [10, 20, 30, 40, 50, 60, 70, 80, 90, 95, 100], ""observed_min"": null, ""observed_max"": null, ""attrs"": {}}]","[{""op"": ""resample"", ""params"": {""artifact"": 0, ""method"": ""lanczos"", ""target_resolution_m"": 30, ""evidence_of_new_information"": true}}]",REFUTED,The provided method 'lanczos' for resampling categorical land cover data is unsupported for categorical data.,4,UNPARSED,,
46,SGX3_DEVELOPMENT_nodata_zero_000,"{""goal"": ""nodata_zero"", ""required_quantity"": null, ""required_unit"": null, ""decision_time"": null, ""max_resolution_m"": null, ""requires_bare_earth"": false, ""requires_cloud_mask"": false, ""max_uncertainty"": null, ""temporal_tolerance_h"": null, ""required_value_range"": null}","[{""name"": ""rain"", ""quantity"": ""rainfall"", ""unit"": ""mm"", ""scale"": ""continuous"", ""crs"": ""EPSG:32643"", ""resolution_m"": 10.0, ""temporal_resolution_h"": null, ""processing_level"": null, ""surface_model"": null, ""vertical_datum"": null, ""acquisition_time"": null, ""available_time"": null, ""provenance"": ""authoritative-product"", ""band_role"": null, ""nodata_semantics"": ""missing"", ""uncertainty"": null, ""allowed_values"": null, ""observed_min"": null, ""observed_max"": null, ""attrs"": {}}]","[{""op"": ""fill_nodata"", ""params"": {""artifact"": 0, ""value"": -9999, ""zero_is_physically_valid"": true}}]",REFUTED,"The provided artifact 'rain' has no nodata value defined (i.e., it uses 'missing' as nodata semantics), which contradicts the requirement of having a specific nodata value (-9999 in this case). This invalidates the entire workflow.",4,UNPARSED,,
47,SGX3_DEVELOPMENT_processing_level_001,"{""goal"": ""processing_level"", ""required_quantity"": null, ""required_unit"": null, ""decision_time"": null, ""max_resolution_m"": null, ""requires_bare_earth"": false, ""requires_cloud_mask"": false, ""max_uncertainty"": null, ""temporal_tolerance_h"": null, ""required_value_range"": null}","[{""name"": ""optical"", ""quantity"": ""reflectance"", ""unit"": null, ""scale"": ""continuous"", ""crs"": ""EPSG:32643"", ""resolution_m"": 10.0, ""temporal_resolution_h"": null, ""processing_level"": ""raw_DN"", ""surface_model"": null, ""vertical_datum"": null, ""acquisition_time"": null, ""available_time"": null, ""provenance"": ""authoritative-product"", ""band_role"": ""red"", ""nodata_semantics"": null, ""uncertainty"": null, ""allowed_values"": null, ""observed_min"": null, ""observed_max"": null, ""attrs"": {}}]","[{""op"": ""require_surface_reflectance"", ""params"": {""artifact"": 0}}]",REFUTED,"The provided artifact has no unit associated with it, which is required for consistent measurement interpretation.",4,UNPARSED,,
48,SGX3_BLIND_flood_depth_006,"{""goal"": ""flood_depth"", ""required_quantity"": null, ""required_unit"": null, ""decision_time"": null, ""max_resolution_m"": null, ""requires_bare_earth"": false, ""requires_cloud_mask"": false, ""max_uncertainty"": null, ""temporal_tolerance_h"": null, ""required_value_range"": null}","[{""name"": ""terrain-10"", ""quantity"": ""elevation"", ""unit"": ""m"", ""scale"": ""continuous"", ""crs"": ""EPSG:32643"", ""resolution_m"": 10, ""temporal_resolution_h"": null, ""processing_level"": null, ""surface_model"": ""DSM"", ""vertical_datum"": ""EGM2008"", ""acquisition_time"": null, ""available_time"": null, ""provenance"": ""Copernicus DEM"", ""band_role"": null, ""nodata_semantics"": null, ""uncertainty"": null, ""allowed_values"": null, ""observed_min"": null, ""observed_max"": null, ""attrs"": {}}, {""name"": ""water-surface"", ""quantity"": ""water_level"", ""unit"": ""cm"", ""scale"": ""continuous"", ""crs"": ""EPSG:32643"", ""resolution_m"": 10.0, ""temporal_resolution_h"": null, ""processing_level"": null, ""surface_model"": null, ""vertical_datum"": null, ""acquisition_time"": null, ""available_time"": null, ""provenance"": ""hydraulic model"", ""band_role"": null, ""nodata_semantics"": null, ""uncertainty"": null, ""allowed_values"": null, ""observed_min"": null, ""observed_max"": null, ""attrs"": {}}]","[{""op"": ""combine_vertical"", ""params"": {""a"": 0, ""b"": 1}}, {""op"": ""convert_unit"", ""params"": {""artifact"": 1, ""to"": ""km""}}]",REFUTED,The conversion of unit from cm (water-level) to km (terrain elevation) is unsupported as they represent fundamentally different scales and units.,4,UNPARSED,,
49,SGX3_BLIND_flood_remote_sensing_031,"{""goal"": ""flood_remote_sensing"", ""required_quantity"": null, ""required_unit"": null, ""decision_time"": null, ""max_resolution_m"": null, ""requires_bare_earth"": false, ""requires_cloud_mask"": false, ""max_uncertainty"": null, ""temporal_tolerance_h"": null, ""required_value_range"": null}","[{""name"": ""flood-mask-30"", ""quantity"": ""flood_extent"", ""unit"": null, ""scale"": ""binary"", ""crs"": ""EPSG:4326"", ""resolution_m"": 30, ""temporal_resolution_h"": null, ""processing_level"": null, ""surface_model"": null, ""vertical_datum"": null, ""acquisition_time"": null, ""available_time"": null, ""provenance"": ""authoritative-product"", ""band_role"": null, ""nodata_semantics"": null, ""uncertainty"": null, ""allowed_values"": null, ""observed_min"": null, ""observed_max"": null, ""attrs"": {""cloud_mask_applied"": true}}, {""name"": ""S1"", ""quantity"": ""backscatter"", ""unit"": null, ""scale"": ""continuous"", ""crs"": ""EPSG:32643"", ""resolution_m"": 10, ""temporal_resolution_h"": null, ""processing_level"": null, ""surface_model"": null, ""vertical_datum"": null, ""acquisition_time"": ""2024-07-05T10:00:00+00:00"", ""available_time"": null, ""provenance"": ""authoritative-product"", ""band_role"": null, ""nodata_semantics"": null, ""uncertainty"": null, ""allowed_values"": null, ""observed_min"": null, ""observed_max"": null, ""attrs"": {}}, {""name"": ""S2"", ""quantity"": ""reflectance"", ""unit"": null, ""scale"": ""continuous"", ""crs"": ""EPSG:32643"", ""resolution_m"": 10, ""temporal_resolution_h"": null, ""processing_level"": null, ""surface_model"": null, ""vertical_datum"": null, ""acquisition_time"": ""2024-07-08T10:00:00+00:00"", ""available_time"": null, ""provenance"": ""authoritative-product"", ""band_role"": null, ""nodata_semantics"": null, ""uncertainty"": null, ""allowed_values"": null, ""observed_min"": null, ""observed_max"": null, ""attrs"": {}}]","[{""op"": ""require_cloud_mask"", ""params"": {""artifact"": 0}}, {""op"": ""compare_sensors"", ""params"": {""a"": 1, ""b"": 2, ""tolerance_h"": 3}}, {""op"": ""area"", ""params"": {""artifact"": 0, ""method"": ""geodesic"", ""output_unit"": ""km2""}}]",REFUTED,The provided artifacts do not match the required units (binary vs. continuous) and resolutions (30m vs. 10m). The comparison of sensors requires consistent unit scales.,3,UNPARSED,,
50,SGX3_DEVELOPMENT_future_information_007,"{""goal"": ""flood forecast"", ""required_quantity"": null, ""required_unit"": null, ""decision_time"": ""2024-08-01T12:00:00+00:00"", ""max_resolution_m"": null, ""requires_bare_earth"": false, ""requires_cloud_mask"": false, ""max_uncertainty"": null, ""temporal_tolerance_h"": null, ""required_value_range"": null}","[{""name"": ""rain-feature"", ""quantity"": ""rainfall"", ""unit"": ""mm"", ""scale"": ""continuous"", ""crs"": ""EPSG:32643"", ""resolution_m"": 10.0, ""temporal_resolution_h"": null, ""processing_level"": null, ""surface_model"": null, ""vertical_datum"": null, ""acquisition_time"": null, ""available_time"": ""2024-08-01T15:00:00+00:00"", ""provenance"": ""authoritative-product"", ""band_role"": null, ""nodata_semantics"": null, ""uncertainty"": null, ""allowed_values"": null, ""observed_min"": null, ""observed_max"": null, ""attrs"": {}}]","[{""op"": ""predict"", ""params"": {""features"": [0]}}]",REFUTED,"The provided artifacts do not include any information about units, which is crucial for understanding the scale of measurements in the context of flood forecasting.",4,UNPARSED,,
51,SGX3_BLIND_flood_remote_sensing_000,"{""goal"": ""flood_remote_sensing"", ""required_quantity"": null, ""required_unit"": null, ""decision_time"": null, ""max_resolution_m"": null, ""requires_bare_earth"": false, ""requires_cloud_mask"": false, ""max_uncertainty"": null, ""temporal_tolerance_h"": null, ""required_value_range"": null}","[{""name"": ""flood-mask-30"", ""quantity"": ""flood_extent"", ""unit"": null, ""scale"": ""binary"", ""crs"": ""EPSG:4326"", ""resolution_m"": 30, ""temporal_resolution_h"": null, ""processing_level"": null, ""surface_model"": null, ""vertical_datum"": null, ""acquisition_time"": null, ""available_time"": null, ""provenance"": ""authoritative-product"", ""band_role"": null, ""nodata_semantics"": null, ""uncertainty"": null, ""allowed_values"": null, ""observed_min"": null, ""observed_max"": null, ""attrs"": {""cloud_mask_applied"": true}}, {""name"": ""S1"", ""quantity"": ""backscatter"", ""unit"": null, ""scale"": ""continuous"", ""crs"": ""EPSG:32643"", ""resolution_m"": 10, ""temporal_resolution_h"": null, ""processing_level"": null, ""surface_model"": null, ""vertical_datum"": null, ""acquisition_time"": ""2024-07-05T10:00:00+00:00"", ""available_time"": null, ""provenance"": ""authoritative-product"", ""band_role"": null, ""nodata_semantics"": null, ""uncertainty"": null, ""allowed_values"": null, ""observed_min"": null, ""observed_max"": null, ""attrs"": {}}, {""name"": ""S2"", ""quantity"": ""reflectance"", ""unit"": null, ""scale"": ""continuous"", ""crs"": ""EPSG:32643"", ""resolution_m"": 10, ""temporal_resolution_h"": null, ""processing_level"": null, ""surface_model"": null, ""vertical_datum"": null, ""acquisition_time"": ""2024-07-05T16:00:00+00:00"", ""available_time"": null, ""provenance"": ""authoritative-product"", ""band_role"": null, ""nodata_semantics"": null, ""uncertainty"": null, ""allowed_values"": null, ""observed_min"": null, ""observed_max"": null, ""attrs"": {}}]","[{""op"": ""require_cloud_mask"", ""params"": {""artifact"": 0}}, {""op"": ""compare_sensors"", ""params"": {""a"": 1, ""b"": 2, ""tolerance_h"": 6}}, {""op"": ""area"", ""params"": {""artifact"": 0, ""method"": ""planar"", ""output_unit"": ""km2""}}]",REFUTED,The provided artifacts do not match the required units (binary vs. continuous) and resolutions (30m vs. 10m). The comparison of sensors requires consistent unit scales.,3,UNPARSED,,
52,SGX3_BLIND_eo_ml_validation_043,"{""goal"": ""eo_ml_validation"", ""required_quantity"": null, ""required_unit"": null, ""decision_time"": null, ""max_resolution_m"": null, ""requires_bare_earth"": false, ""requires_cloud_mask"": false, ""max_uncertainty"": null, ""temporal_tolerance_h"": null, ""required_value_range"": null}","[{""name"": ""EO-samples-7542"", ""quantity"": ""training_samples"", ""unit"": null, ""scale"": ""continuous"", ""crs"": ""EPSG:32643"", ""resolution_m"": 10.0, ""temporal_resolution_h"": null, ""processing_level"": null, ""surface_model"": null, ""vertical_datum"": null, ""acquisition_time"": null, ""available_time"": null, ""provenance"": ""authoritative-product"", ""band_role"": null, ""nodata_semantics"": null, ""uncertainty"": null, ""allowed_values"": null, ""observed_min"": null, ""observed_max"": null, ""attrs"": {}}]","[{""op"": ""split"", ""params"": {""mode"": ""temporal"", ""train_end"": ""2024-07-29T00:00:00+00:00"", ""test_start"": ""2024-07-01T00:00:00+00:00""}}]",REFUTED,The provided artifacts do not contain any information about how the EO samples will be converted into a format suitable for ML validation. The conversion process is crucial as it must ensure compatibility with the required input formats and scales.,4,UNPARSED,,
53,SGX3_BLIND_flood_remote_sensing_046,"{""goal"": ""flood_remote_sensing"", ""required_quantity"": null, ""required_unit"": null, ""decision_time"": null, ""max_resolution_m"": null, ""requires_bare_earth"": false, ""requires_cloud_mask"": false, ""max_uncertainty"": null, ""temporal_tolerance_h"": null, ""required_value_range"": null}","[{""name"": ""flood-mask-20"", ""quantity"": ""flood_extent"", ""unit"": null, ""scale"": ""binary"", ""crs"": ""EPSG:32643"", ""resolution_m"": 20, ""temporal_resolution_h"": null, ""processing_level"": null, ""surface_model"": null, ""vertical_datum"": null, ""acquisition_time"": null, ""available_time"": null, ""provenance"": ""authoritative-product"", ""band_role"": null, ""nodata_semantics"": null, ""uncertainty"": null, ""allowed_values"": null, ""observed_min"": null, ""observed_max"": null, ""attrs"": {""cloud_mask_applied"": false}}, {""name"": ""S1"", ""quantity"": ""backscatter"", ""unit"": null, ""scale"": ""continuous"", ""crs"": ""EPSG:32643"", ""resolution_m"": 10, ""temporal_resolution_h"": null, ""processing_level"": null, ""surface_model"": null, ""vertical_datum"": null, ""acquisition_time"": ""2024-07-10T10:00:00+00:00"", ""available_time"": null, ""provenance"": ""authoritative-product"", ""band_role"": null, ""nodata_semantics"": null, ""uncertainty"": null, ""allowed_values"": null, ""observed_min"": null, ""observed_max"": null, ""attrs"": {}}, {""name"": ""S2"", ""quantity"": ""reflectance"", ""unit"": null, ""scale"": ""continuous"", ""crs"": ""EPSG:32643"", ""resolution_m"": 10, ""temporal_resolution_h"": null, ""processing_level"": null, ""surface_model"": null, ""vertical_datum"": null, ""acquisition_time"": ""2024-07-11T10:00:00+00:00"", ""available_time"": null, ""provenance"": ""authoritative-product"", ""band_role"": null, ""nodata_semantics"": null, ""uncertainty"": null, ""allowed_values"": null, ""observed_min"": null, ""observed_max"": null, ""attrs"": {}}]","[{""op"": ""require_cloud_mask"", ""params"": {""artifact"": 0}}, {""op"": ""compare_sensors"", ""params"": {""a"": 1, ""b"": 2, ""tolerance_h"": 6}}, {""op"": ""area"", ""params"": {""artifact"": 0, ""method"": ""planar"", ""output_unit"": ""km2""}}]",REFUTED,The provided artifacts do not match the required units (binary vs. continuous) and resolutions (20m vs. 10m). The comparison of sensors requires consistent unit scales.,3,UNPARSED,,
54,SGX3_BLIND_eo_ml_validation_036,"{""goal"": ""eo_ml_validation"", ""required_quantity"": null, ""required_unit"": null, ""decision_time"": null, ""max_resolution_m"": null, ""requires_bare_earth"": false, ""requires_cloud_mask"": false, ""max_uncertainty"": null, ""temporal_tolerance_h"": null, ""required_value_range"": null}","[{""name"": ""EO-samples-6992"", ""quantity"": ""training_samples"", ""unit"": null, ""scale"": ""continuous"", ""crs"": ""EPSG:32643"", ""resolution_m"": 10.0, ""temporal_resolution_h"": null, ""processing_level"": null, ""surface_model"": null, ""vertical_datum"": null, ""acquisition_time"": null, ""available_time"": null, ""provenance"": ""authoritative-product"", ""band_role"": null, ""nodata_semantics"": null, ""uncertainty"": null, ""allowed_values"": null, ""observed_min"": null, ""observed_max"": null, ""attrs"": {}}]","[{""op"": ""split"", ""params"": {""mode"": ""spatial"", ""separation_m"": 1551, ""dependence_range_m"": 3224}}]",REFUTED,"The provided artifacts do not contain any information about units, which is crucial for understanding the scale of measurements in EO samples.",4,UNPARSED,,
55,SGX3_HELDOUT-FAMILY_uncertainty_missing_003,"{""goal"": ""operational decision"", ""required_quantity"": null, ""required_unit"": null, ""decision_time"": null, ""max_resolution_m"": null, ""requires_bare_earth"": false, ""requires_cloud_mask"": false, ""max_uncertainty"": 0.05, ""temporal_tolerance_h"": null, ""required_value_range"": null}","[{""name"": ""hazard"", ""quantity"": ""hazard_probability"", ""unit"": ""dimensionless"", ""scale"": ""continuous"", ""crs"": ""EPSG:32643"", ""resolution_m"": 10.0, ""temporal_resolution_h"": null, ""processing_level"": null, ""surface_model"": null, ""vertical_datum"": null, ""acquisition_time"": null, ""available_time"": null, ""provenance"": ""authoritative-product"", ""band_role"": null, ""nodata_semantics"": null, ""uncertainty"": 0.0332, ""allowed_values"": null, ""observed_min"": null, ""observed_max"": null, ""attrs"": {}}]",[],REFUTED,"The provided hazard probability data has a scale of 'continuous', which is incompatible with the requirement for operational decisions where discrete values (e.g., binary) are typically used.",4,UNPARSED,,
56,SGX3_BLIND_flood_depth_002,"{""goal"": ""flood_depth"", ""required_quantity"": null, ""required_unit"": null, ""decision_time"": null, ""max_resolution_m"": null, ""requires_bare_earth"": false, ""requires_cloud_mask"": false, ""max_uncertainty"": null, ""temporal_tolerance_h"": null, ""required_value_range"": null}","[{""name"": ""terrain-30"", ""quantity"": ""elevation"", ""unit"": ""m"", ""scale"": ""continuous"", ""crs"": ""EPSG:32643"", ""resolution_m"": 30, ""temporal_resolution_h"": null, ""processing_level"": null, ""surface_model"": ""DTM"", ""vertical_datum"": ""EGM2008"", ""acquisition_time"": null, ""available_time"": null, ""provenance"": ""Copernicus DEM"", ""band_role"": null, ""nodata_semantics"": null, ""uncertainty"": null, ""allowed_values"": null, ""observed_min"": null, ""observed_max"": null, ""attrs"": {}}, {""name"": ""water-surface"", ""quantity"": ""water_level"", ""unit"": ""cm"", ""scale"": ""continuous"", ""crs"": ""EPSG:32643"", ""resolution_m"": 10.0, ""temporal_resolution_h"": null, ""processing_level"": null, ""surface_model"": null, ""vertical_datum"": ""EGM96"", ""acquisition_time"": null, ""available_time"": null, ""provenance"": ""hydraulic model"", ""band_role"": null, ""nodata_semantics"": null, ""uncertainty"": null, ""allowed_values"": null, ""observed_min"": null, ""observed_max"": null, ""attrs"": {}}]","[{""op"": ""combine_vertical"", ""params"": {""a"": 0, ""b"": 1}}, {""op"": ""convert_unit"", ""params"": {""artifact"": 1, ""to"": ""K""}}]",REFUTED,The conversion of units between elevation (m) and water level (cm) is unsupported because they represent fundamentally different quantities.,4,UNPARSED,,
57,SGX3_BLIND_flood_remote_sensing_014,"{""goal"": ""flood_remote_sensing"", ""required_quantity"": null, ""required_unit"": null, ""decision_time"": null, ""max_resolution_m"": null, ""requires_bare_earth"": false, ""requires_cloud_mask"": false, ""max_uncertainty"": null, ""temporal_tolerance_h"": null, ""required_value_range"": null}","[{""name"": ""flood-mask-10"", ""quantity"": ""flood_extent"", ""unit"": null, ""scale"": ""binary"", ""crs"": ""EPSG:4326"", ""resolution_m"": 10, ""temporal_resolution_h"": null, ""processing_level"": null, ""surface_model"": null, ""vertical_datum"": null, ""acquisition_time"": null, ""available_time"": null, ""provenance"": ""authoritative-product"", ""band_role"": null, ""nodata_semantics"": null, ""uncertainty"": null, ""allowed_values"": null, ""observed_min"": null, ""observed_max"": null, ""attrs"": {""cloud_mask_applied"": false}}, {""name"": ""S1"", ""quantity"": ""backscatter"", ""unit"": null, ""scale"": ""continuous"", ""crs"": ""EPSG:32643"", ""resolution_m"": 10, ""temporal_resolution_h"": null, ""processing_level"": null, ""surface_model"": null, ""vertical_datum"": null, ""acquisition_time"": ""2024-07-10T10:00:00+00:00"", ""available_time"": null, ""provenance"": ""authoritative-product"", ""band_role"": null, ""nodata_semantics"": null, ""uncertainty"": null, ""allowed_values"": null, ""observed_min"": null, ""observed_max"": null, ""attrs"": {}}, {""name"": ""S2"", ""quantity"": ""reflectance"", ""unit"": null, ""scale"": ""continuous"", ""crs"": ""EPSG:32643"", ""resolution_m"": 10, ""temporal_resolution_h"": null, ""processing_level"": null, ""surface_model"": null, ""vertical_datum"": null, ""acquisition_time"": ""2024-07-11T10:00:00+00:00"", ""available_time"": null, ""provenance"": ""authoritative-product"", ""band_role"": null, ""nodata_semantics"": null, ""uncertainty"": null, ""allowed_values"": null, ""observed_min"": null, ""observed_max"": null, ""attrs"": {}}]","[{""op"": ""require_cloud_mask"", ""params"": {""artifact"": 0}}, {""op"": ""compare_sensors"", ""params"": {""a"": 1, ""b"": 2, ""tolerance_h"": 6}}, {""op"": ""area"", ""params"": {""artifact"": 0, ""method"": ""geodesic"", ""output_unit"": ""km2""}}]",REFUTED,The provided artifacts do not match the required units (binary vs. continuous) and resolutions (10m vs. 10m). The comparison of sensors requires consistent unit scales.,3,UNPARSED,,
58,SGX3_HELDOUT-FAMILY_uncertainty_missing_014,"{""goal"": ""operational decision"", ""required_quantity"": null, ""required_unit"": null, ""decision_time"": null, ""max_resolution_m"": null, ""requires_bare_earth"": false, ""requires_cloud_mask"": false, ""max_uncertainty"": 0.05, ""temporal_tolerance_h"": null, ""required_value_range"": null}","[{""name"": ""hazard"", ""quantity"": ""hazard_probability"", ""unit"": ""dimensionless"", ""scale"": ""continuous"", ""crs"": ""EPSG:32643"", ""resolution_m"": 10.0, ""temporal_resolution_h"": null, ""processing_level"": null, ""surface_model"": null, ""vertical_datum"": null, ""acquisition_time"": null, ""available_time"": null, ""provenance"": ""authoritative-product"", ""band_role"": null, ""nodata_semantics"": null, ""uncertainty"": 0.0084, ""allowed_values"": null, ""observed_min"": null, ""observed_max"": null, ""attrs"": {}}]",[],REFUTED,"The provided hazard probability data has a scale of 'continuous', which is incompatible with the requirement for operational decisions where discrete values (e.g., binary) are typically used.",4,UNPARSED,,
59,SGX3_DEVELOPMENT_unsupported_resolution_gain_004,"{""goal"": ""unsupported_resolution_gain"", ""required_quantity"": null, ""required_unit"": null, ""decision_time"": null, ""max_resolution_m"": null, ""requires_bare_earth"": false, ""requires_cloud_mask"": false, ""max_uncertainty"": null, ""temporal_tolerance_h"": null, ""required_value_range"": null}","[{""name"": ""raster"", ""quantity"": ""surface_property"", ""unit"": null, ""scale"": ""continuous"", ""crs"": ""EPSG:32643"", ""resolution_m"": 100, ""temporal_resolution_h"": null, ""processing_level"": null, ""surface_model"": null, ""vertical_datum"": null, ""acquisition_time"": null, ""available_time"": null, ""provenance"": ""authoritative-product"", ""band_role"": null, ""nodata_semantics"": null, ""uncertainty"": null, ""allowed_values"": null, ""observed_min"": null, ""observed_max"": null, ""attrs"": {}}]","[{""op"": ""resample"", ""params"": {""artifact"": 0, ""method"": ""bilinear"", ""target_resolution_m"": 100, ""evidence_of_new_information"": false}}]",REFUTED,"The provided workflow aims to achieve 'unsupported resolution gain', which implies increasing the resolution of a raster dataset without loss of information. However, the current artifact has a resolution of 100 meters, which is already at the highest possible resolution (assuming no further resampling). Resampling methods like bilinear interpolation do not increase resolution; they interpolate between existing pixels. Therefore, achieving unsupported resolution gain in this context would require additional steps beyond what is currently specified.",4,UNPARSED,,
60,SGX3_DEVELOPMENT_categorical_interpolation_004,"{""goal"": ""categorical_interpolation"", ""required_quantity"": null, ""required_unit"": null, ""decision_time"": null, ""max_resolution_m"": null, ""requires_bare_earth"": false, ""requires_cloud_mask"": false, ""max_uncertainty"": null, ""temporal_tolerance_h"": null, ""required_value_range"": null}","[{""name"": ""landcover-10"", ""quantity"": ""land_cover"", ""unit"": null, ""scale"": ""categorical"", ""crs"": ""EPSG:4326"", ""resolution_m"": 10, ""temporal_resolution_h"": null, ""processing_level"": null, ""surface_model"": null, ""vertical_datum"": null, ""acquisition_time"": null, ""available_time"": null, ""provenance"": ""authoritative-product"", ""band_role"": null, ""nodata_semantics"": null, ""uncertainty"": null, ""allowed_values"": [10, 20, 30, 40, 50, 60, 70, 80, 90, 95, 100], ""observed_min"": null, ""observed_max"": null, ""attrs"": {}}]","[{""op"": ""resample"", ""params"": {""artifact"": 0, ""method"": ""nearest"", ""target_resolution_m"": 90, ""evidence_of_new_information"": true}}]",REFUTED,The provided method 'nearest' for resampling categorical data (land cover) is unsupported for categorical interpolation tasks.,4,UNPARSED,,
61,SGX3_BLIND_flood_remote_sensing_025,"{""goal"": ""flood_remote_sensing"", ""required_quantity"": null, ""required_unit"": null, ""decision_time"": null, ""max_resolution_m"": null, ""requires_bare_earth"": false, ""requires_cloud_mask"": false, ""max_uncertainty"": null, ""temporal_tolerance_h"": null, ""required_value_range"": null}","[{""name"": ""flood-mask-10"", ""quantity"": ""flood_extent"", ""unit"": null, ""scale"": ""binary"", ""crs"": ""EPSG:4326"", ""resolution_m"": 10, ""temporal_resolution_h"": null, ""processing_level"": null, ""surface_model"": null, ""vertical_datum"": null, ""acquisition_time"": null, ""available_time"": null, ""provenance"": ""authoritative-product"", ""band_role"": null, ""nodata_semantics"": null, ""uncertainty"": null, ""allowed_values"": null, ""observed_min"": null, ""observed_max"": null, ""attrs"": {""cloud_mask_applied"": true}}, {""name"": ""S1"", ""quantity"": ""backscatter"", ""unit"": null, ""scale"": ""continuous"", ""crs"": ""EPSG:32643"", ""resolution_m"": 10, ""temporal_resolution_h"": null, ""processing_level"": null, ""surface_model"": null, ""vertical_datum"": null, ""acquisition_time"": ""2024-07-15T10:00:00+00:00"", ""available_time"": null, ""provenance"": ""authoritative-product"", ""band_role"": null, ""nodata_semantics"": null, ""uncertainty"": null, ""allowed_values"": null, ""observed_min"": null, ""observed_max"": null, ""attrs"": {}}, {""name"": ""S2"", ""quantity"": ""reflectance"", ""unit"": null, ""scale"": ""continuous"", ""crs"": ""EPSG:32643"", ""resolution_m"": 10, ""temporal_resolution_h"": null, ""processing_level"": null, ""surface_model"": null, ""vertical_datum"": null, ""acquisition_time"": ""2024-07-15T13:00:00+00:00"", ""available_time"": null, ""provenance"": ""authoritative-product"", ""band_role"": null, ""nodata_semantics"": null, ""uncertainty"": null, ""allowed_values"": null, ""observed_min"": null, ""observed_max"": null, ""attrs"": {}}]","[{""op"": ""require_cloud_mask"", ""params"": {""artifact"": 0}}, {""op"": ""compare_sensors"", ""params"": {""a"": 1, ""b"": 2, ""tolerance_h"": 3}}, {""op"": ""area"", ""params"": {""artifact"": 0, ""method"": ""geodesic"", ""output_unit"": ""km2""}}]",REFUTED,The provided artifacts do not match the required units (binary vs. continuous) and resolutions (10m vs. 10m). The comparison of sensors requires consistent unit types and resolutions.,3,UNPARSED,,
62,SGX3_BLIND_landslide_forecast_025,"{""goal"": ""landslide forecast"", ""required_quantity"": null, ""required_unit"": null, ""decision_time"": ""2024-08-05T12:00:00+00:00"", ""max_resolution_m"": null, ""requires_bare_earth"": false, ""requires_cloud_mask"": false, ""max_uncertainty"": null, ""temporal_tolerance_h"": null, ""required_value_range"": null}","[{""name"": ""IMERG-feature"", ""quantity"": ""rainfall"", ""unit"": ""mm"", ""scale"": ""continuous"", ""crs"": ""EPSG:32643"", ""resolution_m"": 10.0, ""temporal_resolution_h"": null, ""processing_level"": null, ""surface_model"": null, ""vertical_datum"": null, ""acquisition_time"": null, ""available_time"": ""2024-08-04T12:00:00+00:00"", ""provenance"": null, ""band_role"": null, ""nodata_semantics"": null, ""uncertainty"": null, ""allowed_values"": null, ""observed_min"": null, ""observed_max"": null, ""attrs"": {}}, {""name"": ""terrain-60"", ""quantity"": ""elevation"", ""unit"": ""m"", ""scale"": ""continuous"", ""crs"": ""EPSG:32643"", ""resolution_m"": 60, ""temporal_resolution_h"": null, ""processing_level"": null, ""surface_model"": ""DSM"", ""vertical_datum"": ""EGM2008"", ""acquisition_time"": null, ""available_time"": null, ""provenance"": ""Copernicus DEM"", ""band_role"": null, ""nodata_semantics"": null, ""uncertainty"": null, ""allowed_values"": null, ""observed_min"": null, ""observed_max"": null, ""attrs"": {}}]","[{""op"": ""predict"", ""params"": {""features"": [0]}}, {""op"": ""require_bare_earth"", ""params"": {""artifact"": 1}}]",REFUTED,"The IMERG feature (rainfall) has a unit of 'mm', which is categorical data. The terrain-60 elevation (continuous data) cannot be directly used as input for rainfall prediction without converting it into a categorical format.",4,UNPARSED,,
63,SGX3_BLIND_eo_ml_validation_018,"{""goal"": ""eo_ml_validation"", ""required_quantity"": null, ""required_unit"": null, ""decision_time"": null, ""max_resolution_m"": null, ""requires_bare_earth"": false, ""requires_cloud_mask"": false, ""max_uncertainty"": null, ""temporal_tolerance_h"": null, ""required_value_range"": null}","[{""name"": ""EO-samples-8371"", ""quantity"": ""training_samples"", ""unit"": null, ""scale"": ""continuous"", ""crs"": ""EPSG:32643"", ""resolution_m"": 10.0, ""temporal_resolution_h"": null, ""processing_level"": null, ""surface_model"": null, ""vertical_datum"": null, ""acquisition_time"": null, ""available_time"": null, ""provenance"": ""authoritative-product"", ""band_role"": null, ""nodata_semantics"": null, ""uncertainty"": null, ""allowed_values"": null, ""observed_min"": null, ""observed_max"": null, ""attrs"": {}}]","[{""op"": ""split"", ""params"": {""mode"": ""temporal"", ""train_end"": ""2024-07-23T00:00:00+00:00"", ""test_start"": ""2024-08-01T00:00:00+00:00""}}]",REFUTED,The provided artifacts do not contain any information about how the EO samples will be converted into a format suitable for ML validation. The conversion process is crucial as it must ensure compatibility with the required input formats and scales.,4,UNPARSED,,
64,SGX3_HELDOUT-FAMILY_unit_dimension_mismatch_003,"{""goal"": ""unit_dimension_mismatch"", ""required_quantity"": null, ""required_unit"": null, ""decision_time"": null, ""max_resolution_m"": null, ""requires_bare_earth"": false, ""requires_cloud_mask"": false, ""max_uncertainty"": null, ""temporal_tolerance_h"": null, ""required_value_range"": null}","[{""name"": ""distance"", ""quantity"": ""distance"", ""unit"": ""m"", ""scale"": ""continuous"", ""crs"": ""EPSG:32643"", ""resolution_m"": 10.0, ""temporal_resolution_h"": null, ""processing_level"": null, ""surface_model"": null, ""vertical_datum"": null, ""acquisition_time"": null, ""available_time"": null, ""provenance"": ""authoritative-product"", ""band_role"": null, ""nodata_semantics"": null, ""uncertainty"": null, ""allowed_values"": null, ""observed_min"": null, ""observed_max"": null, ""attrs"": {}}]","[{""op"": ""convert_unit"", ""params"": {""artifact"": 0, ""to"": ""km""}}]",REFUTED,"The provided artifact has a unit of 'm' (metres), which is incompatible with the required unit of 'km' (kilometres) as specified in the scientific goal.",4,UNPARSED,,
65,SGX3_DEVELOPMENT_processing_level_002,"{""goal"": ""processing_level"", ""required_quantity"": null, ""required_unit"": null, ""decision_time"": null, ""max_resolution_m"": null, ""requires_bare_earth"": false, ""requires_cloud_mask"": false, ""max_uncertainty"": null, ""temporal_tolerance_h"": null, ""required_value_range"": null}","[{""name"": ""optical"", ""quantity"": ""reflectance"", ""unit"": null, ""scale"": ""continuous"", ""crs"": ""EPSG:32643"", ""resolution_m"": 10.0, ""temporal_resolution_h"": null, ""processing_level"": ""L2A"", ""surface_model"": null, ""vertical_datum"": null, ""acquisition_time"": null, ""available_time"": null, ""provenance"": ""authoritative-product"", ""band_role"": ""red"", ""nodata_semantics"": null, ""uncertainty"": null, ""allowed_values"": null, ""observed_min"": null, ""observed_max"": null, ""attrs"": {}}]","[{""op"": ""require_surface_reflectance"", ""params"": {""artifact"": 0}}]",REFUTED,"The provided artifact has no unit associated with it, which is required for consistent measurement interpretation.",4,UNPARSED,,
66,SGX3_BLIND_eo_ml_validation_040,"{""goal"": ""eo_ml_validation"", ""required_quantity"": null, ""required_unit"": null, ""decision_time"": null, ""max_resolution_m"": null, ""requires_bare_earth"": false, ""requires_cloud_mask"": false, ""max_uncertainty"": null, ""temporal_tolerance_h"": null, ""required_value_range"": null}","[{""name"": ""EO-samples-3798"", ""quantity"": ""training_samples"", ""unit"": null, ""scale"": ""continuous"", ""crs"": ""EPSG:32643"", ""resolution_m"": 10.0, ""temporal_resolution_h"": null, ""processing_level"": null, ""surface_model"": null, ""vertical_datum"": null, ""acquisition_time"": null, ""available_time"": null, ""provenance"": ""authoritative-product"", ""band_role"": null, ""nodata_semantics"": null, ""uncertainty"": null, ""allowed_values"": null, ""observed_min"": null, ""observed_max"": null, ""attrs"": {}}]","[{""op"": ""split"", ""params"": {""mode"": ""scene"", ""scene_overlap_fraction"": 0.5886}}]",REFUTED,"The provided artifacts do not contain any information about units, which is crucial for understanding the scale and resolution of the data.",4,UNPARSED,,
67,SGX3_BLIND_landcover_change_007,"{""goal"": ""landcover_change"", ""required_quantity"": null, ""required_unit"": null, ""decision_time"": null, ""max_resolution_m"": null, ""requires_bare_earth"": false, ""requires_cloud_mask"": false, ""max_uncertainty"": null, ""temporal_tolerance_h"": null, ""required_value_range"": null}","[{""name"": ""WorldCover-20"", ""quantity"": ""land_cover"", ""unit"": null, ""scale"": ""categorical"", ""crs"": ""EPSG:4326"", ""resolution_m"": 20, ""temporal_resolution_h"": null, ""processing_level"": null, ""surface_model"": null, ""vertical_datum"": null, ""acquisition_time"": null, ""available_time"": null, ""provenance"": ""ESA WorldCover"", ""band_role"": null, ""nodata_semantics"": null, ""uncertainty"": null, ""allowed_values"": [10, 20, 30, 40, 50, 60, 70, 80, 90, 95, 100], ""observed_min"": null, ""observed_max"": null, ""attrs"": {}}]","[{""op"": ""resample"", ""params"": {""artifact"": 0, ""method"": ""lanczos"", ""target_resolution_m"": 40, ""evidence_of_new_information"": true}}]",REFUTED,The provided method 'lanczos' for resampling categorical land cover data is unsupported for categorical data.,4,UNPARSED,,
68,SGX3_BLIND_flood_remote_sensing_020,"{""goal"": ""flood_remote_sensing"", ""required_quantity"": null, ""required_unit"": null, ""decision_time"": null, ""max_resolution_m"": null, ""requires_bare_earth"": false, ""requires_cloud_mask"": false, ""max_uncertainty"": null, ""temporal_tolerance_h"": null, ""required_value_range"": null}","[{""name"": ""flood-mask-20"", ""quantity"": ""flood_extent"", ""unit"": null, ""scale"": ""binary"", ""crs"": ""EPSG:32643"", ""resolution_m"": 20, ""temporal_resolution_h"": null, ""processing_level"": null, ""surface_model"": null, ""vertical_datum"": null, ""acquisition_time"": null, ""available_time"": null, ""provenance"": ""authoritative-product"", ""band_role"": null, ""nodata_semantics"": null, ""uncertainty"": null, ""allowed_values"": null, ""observed_min"": null, ""observed_max"": null, ""attrs"": {""cloud_mask_applied"": false}}, {""name"": ""S1"", ""quantity"": ""backscatter"", ""unit"": null, ""scale"": ""continuous"", ""crs"": ""EPSG:32643"", ""resolution_m"": 10, ""temporal_resolution_h"": null, ""processing_level"": null, ""surface_model"": null, ""vertical_datum"": null, ""acquisition_time"": ""2024-07-01T10:00:00+00:00"", ""available_time"": null, ""provenance"": ""authoritative-product"", ""band_role"": null, ""nodata_semantics"": null, ""uncertainty"": null, ""allowed_values"": null, ""observed_min"": null, ""observed_max"": null, ""attrs"": {}}, {""name"": ""S2"", ""quantity"": ""reflectance"", ""unit"": null, ""scale"": ""continuous"", ""crs"": ""EPSG:32643"", ""resolution_m"": 10, ""temporal_resolution_h"": null, ""processing_level"": null, ""surface_model"": null, ""vertical_datum"": null, ""acquisition_time"": ""2024-07-01T13:00:00+00:00"", ""available_time"": null, ""provenance"": ""authoritative-product"", ""band_role"": null, ""nodata_semantics"": null, ""uncertainty"": null, ""allowed_values"": null, ""observed_min"": null, ""observed_max"": null, ""attrs"": {}}]","[{""op"": ""require_cloud_mask"", ""params"": {""artifact"": 0}}, {""op"": ""compare_sensors"", ""params"": {""a"": 1, ""b"": 2, ""tolerance_h"": 12}}, {""op"": ""area"", ""params"": {""artifact"": 0, ""method"": ""planar"", ""output_unit"": ""km2""}}]",REFUTED,The provided artifacts do not match the required units (binary vs. continuous) and resolutions (20m vs. 10m). The comparison of sensors requires consistent unit scales.,3,UNPARSED,,
69,SGX3_BLIND_eo_ml_validation_031,"{""goal"": ""eo_ml_validation"", ""required_quantity"": null, ""required_unit"": null, ""decision_time"": null, ""max_resolution_m"": null, ""requires_bare_earth"": false, ""requires_cloud_mask"": false, ""max_uncertainty"": null, ""temporal_tolerance_h"": null, ""required_value_range"": null}","[{""name"": ""EO-samples-2307"", ""quantity"": ""training_samples"", ""unit"": null, ""scale"": ""continuous"", ""crs"": ""EPSG:32643"", ""resolution_m"": 10.0, ""temporal_resolution_h"": null, ""processing_level"": null, ""surface_model"": null, ""vertical_datum"": null, ""acquisition_time"": null, ""available_time"": null, ""provenance"": ""authoritative-product"", ""band_role"": null, ""nodata_semantics"": null, ""uncertainty"": null, ""allowed_values"": null, ""observed_min"": null, ""observed_max"": null, ""attrs"": {}}]","[{""op"": ""split"", ""params"": {""mode"": ""scene"", ""scene_overlap_fraction"": 0.4765}}]",REFUTED,"The provided artifacts do not contain any information about units, which is crucial for understanding the scale and resolution of the data.",4,UNPARSED,,
70,SGX3_DEVELOPMENT_angular_area_007,"{""goal"": ""angular_area"", ""required_quantity"": null, ""required_unit"": null, ""decision_time"": null, ""max_resolution_m"": null, ""requires_bare_earth"": false, ""requires_cloud_mask"": false, ""max_uncertainty"": null, ""temporal_tolerance_h"": null, ""required_value_range"": null}","[{""name"": ""flood-polygon"", ""quantity"": ""flood_extent"", ""unit"": null, ""scale"": ""binary"", ""crs"": ""EPSG:32644"", ""resolution_m"": 20, ""temporal_resolution_h"": null, ""processing_level"": null, ""surface_model"": null, ""vertical_datum"": null, ""acquisition_time"": null, ""available_time"": null, ""provenance"": ""authoritative-product"", ""band_role"": null, ""nodata_semantics"": null, ""uncertainty"": null, ""allowed_values"": null, ""observed_min"": null, ""observed_max"": null, ""attrs"": {}}]","[{""op"": ""area"", ""params"": {""artifact"": 0, ""method"": ""planar"", ""output_unit"": ""km2""}}]",REFUTED,The provided unit 'km2' (square kilometers) is unsupported by the given artifacts which do not specify any area measurement.,4,UNPARSED,,
71,SGX3_BLIND_landslide_forecast_036,"{""goal"": ""landslide forecast"", ""required_quantity"": null, ""required_unit"": null, ""decision_time"": ""2024-08-15T12:00:00+00:00"", ""max_resolution_m"": null, ""requires_bare_earth"": false, ""requires_cloud_mask"": false, ""max_uncertainty"": null, ""temporal_tolerance_h"": null, ""required_value_range"": null}","[{""name"": ""IMERG-feature"", ""quantity"": ""rainfall"", ""unit"": ""mm"", ""scale"": ""continuous"", ""crs"": ""EPSG:32643"", ""resolution_m"": 10.0, ""temporal_resolution_h"": null, ""processing_level"": null, ""surface_model"": null, ""vertical_datum"": null, ""acquisition_time"": null, ""available_time"": ""2024-08-15T13:00:00+00:00"", ""provenance"": null, ""band_role"": null, ""nodata_semantics"": null, ""uncertainty"": null, ""allowed_values"": null, ""observed_min"": null, ""observed_max"": null, ""attrs"": {}}, {""name"": ""terrain-30"", ""quantity"": ""elevation"", ""unit"": ""m"", ""scale"": ""continuous"", ""crs"": ""EPSG:32643"", ""resolution_m"": 30, ""temporal_resolution_h"": null, ""processing_level"": null, ""surface_model"": ""DSM"", ""vertical_datum"": ""EGM2008"", ""acquisition_time"": null, ""available_time"": null, ""provenance"": ""Copernicus DEM"", ""band_role"": null, ""nodata_semantics"": null, ""uncertainty"": null, ""allowed_values"": null, ""observed_min"": null, ""observed_max"": null, ""attrs"": {}}]","[{""op"": ""predict"", ""params"": {""features"": [0]}}, {""op"": ""require_bare_earth"", ""params"": {""artifact"": 1}}]",REFUTED,"The IMERG feature (rainfall) has a unit of 'mm', which is categorical data. The terrain-30 elevation (continuous data) cannot be directly used as input for rainfall prediction without converting it into a categorical format.",4,UNPARSED,,
72,SGX3_HELDOUT-FAMILY_uncertainty_missing_001,"{""goal"": ""operational decision"", ""required_quantity"": null, ""required_unit"": null, ""decision_time"": null, ""max_resolution_m"": null, ""requires_bare_earth"": false, ""requires_cloud_mask"": false, ""max_uncertainty"": 0.05, ""temporal_tolerance_h"": null, ""required_value_range"": null}","[{""name"": ""hazard"", ""quantity"": ""hazard_probability"", ""unit"": ""dimensionless"", ""scale"": ""continuous"", ""crs"": ""EPSG:32643"", ""resolution_m"": 10.0, ""temporal_resolution_h"": null, ""processing_level"": null, ""surface_model"": null, ""vertical_datum"": null, ""acquisition_time"": null, ""available_time"": null, ""provenance"": ""authoritative-product"", ""band_role"": null, ""nodata_semantics"": null, ""uncertainty"": 0.0305, ""allowed_values"": null, ""observed_min"": null, ""observed_max"": null, ""attrs"": {}}]",[],REFUTED,"The provided hazard probability data has a scale of 'continuous', which is incompatible with the requirement for operational decisions where discrete values (e.g., binary) are typically used.",4,UNPARSED,,
73,SGX3_DEVELOPMENT_cloud_mask_missing_001,"{""goal"": ""cloud_mask_missing"", ""required_quantity"": null, ""required_unit"": null, ""decision_time"": null, ""max_resolution_m"": null, ""requires_bare_earth"": false, ""requires_cloud_mask"": false, ""max_uncertainty"": null, ""temporal_tolerance_h"": null, ""required_value_range"": null}","[{""name"": ""S2-L2A"", ""quantity"": ""surface_reflectance"", ""unit"": null, ""scale"": ""continuous"", ""crs"": ""EPSG:32643"", ""resolution_m"": 10.0, ""temporal_resolution_h"": null, ""processing_level"": ""L2A"", ""surface_model"": null, ""vertical_datum"": null, ""acquisition_time"": null, ""available_time"": null, ""provenance"": ""authoritative-product"", ""band_role"": ""red"", ""nodata_semantics"": null, ""uncertainty"": null, ""allowed_values"": null, ""observed_min"": null, ""observed_max"": null, ""attrs"": {""cloud_mask_applied"": false}}]","[{""op"": ""require_cloud_mask"", ""params"": {""artifact"": 0}}]",REFUTED,The provided artifacts do not include cloud mask information required by the 'cloud_mask_missing' goal.,4,UNPARSED,,
74,SGX3_BLIND_landslide_forecast_028,"{""goal"": ""landslide forecast"", ""required_quantity"": null, ""required_unit"": null, ""decision_time"": ""2024-08-05T12:00:00+00:00"", ""max_resolution_m"": null, ""requires_bare_earth"": false, ""requires_cloud_mask"": false, ""max_uncertainty"": null, ""temporal_tolerance_h"": null, ""required_value_range"": null}","[{""name"": ""IMERG-feature"", ""quantity"": ""rainfall"", ""unit"": ""mm"", ""scale"": ""continuous"", ""crs"": ""EPSG:32643"", ""resolution_m"": 10.0, ""temporal_resolution_h"": null, ""processing_level"": null, ""surface_model"": null, ""vertical_datum"": null, ""acquisition_time"": null, ""available_time"": ""2024-08-06T00:00:00+00:00"", ""provenance"": null, ""band_role"": null, ""nodata_semantics"": null, ""uncertainty"": null, ""allowed_values"": null, ""observed_min"": null, ""observed_max"": null, ""attrs"": {}}, {""name"": ""terrain-90"", ""quantity"": ""elevation"", ""unit"": ""m"", ""scale"": ""continuous"", ""crs"": ""EPSG:32643"", ""resolution_m"": 90, ""temporal_resolution_h"": null, ""processing_level"": null, ""surface_model"": ""DSM"", ""vertical_datum"": ""EGM2008"", ""acquisition_time"": null, ""available_time"": null, ""provenance"": ""Copernicus DEM"", ""band_role"": null, ""nodata_semantics"": null, ""uncertainty"": null, ""allowed_values"": null, ""observed_min"": null, ""observed_max"": null, ""attrs"": {}}]","[{""op"": ""predict"", ""params"": {""features"": [0]}}, {""op"": ""require_bare_earth"", ""params"": {""artifact"": 1}}]",REFUTED,"The IMERG feature (rainfall) has a unit of 'mm', which is categorical data. The terrain-90 elevation (continuous data) cannot be directly used as input for rainfall prediction without converting it into a categorical format.",4,UNPARSED,,
75,SGX3_BLIND_landslide_forecast_010,"{""goal"": ""landslide forecast"", ""required_quantity"": null, ""required_unit"": null, ""decision_time"": ""2024-08-05T12:00:00+00:00"", ""max_resolution_m"": null, ""requires_bare_earth"": false, ""requires_cloud_mask"": false, ""max_uncertainty"": null, ""temporal_tolerance_h"": null, ""required_value_range"": null}","[{""name"": ""IMERG-feature"", ""quantity"": ""rainfall"", ""unit"": ""mm"", ""scale"": ""continuous"", ""crs"": ""EPSG:32643"", ""resolution_m"": 10.0, ""temporal_resolution_h"": null, ""processing_level"": null, ""surface_model"": null, ""vertical_datum"": null, ""acquisition_time"": null, ""available_time"": ""2024-08-04T12:00:00+00:00"", ""provenance"": ""NASA GPM IMERG"", ""band_role"": null, ""nodata_semantics"": null, ""uncertainty"": null, ""allowed_values"": null, ""observed_min"": null, ""observed_max"": null, ""attrs"": {}}, {""name"": ""terrain-90"", ""quantity"": ""elevation"", ""unit"": ""m"", ""scale"": ""continuous"", ""crs"": ""EPSG:32643"", ""resolution_m"": 90, ""temporal_resolution_h"": null, ""processing_level"": null, ""surface_model"": ""DTM"", ""vertical_datum"": ""EGM2008"", ""acquisition_time"": null, ""available_time"": null, ""provenance"": ""Copernicus DEM"", ""band_role"": null, ""nodata_semantics"": null, ""uncertainty"": null, ""allowed_values"": null, ""observed_min"": null, ""observed_max"": null, ""attrs"": {}}]","[{""op"": ""predict"", ""params"": {""features"": [0]}}, {""op"": ""require_bare_earth"", ""params"": {""artifact"": 1}}]",REFUTED,The provided artifacts do not include units for the required quantities (rainfall and elevation). The scientific goal requires specific unit information which is missing.,4,UNPARSED,,
76,SGX3_BLIND_landslide_forecast_045,"{""goal"": ""landslide forecast"", ""required_quantity"": null, ""required_unit"": null, ""decision_time"": ""2024-08-01T12:00:00+00:00"", ""max_resolution_m"": null, ""requires_bare_earth"": false, ""requires_cloud_mask"": false, ""max_uncertainty"": null, ""temporal_tolerance_h"": null, ""required_value_range"": null}","[{""name"": ""IMERG-feature"", ""quantity"": ""rainfall"", ""unit"": ""mm"", ""scale"": ""continuous"", ""crs"": ""EPSG:32643"", ""resolution_m"": 10.0, ""temporal_resolution_h"": null, ""processing_level"": null, ""surface_model"": null, ""vertical_datum"": null, ""acquisition_time"": null, ""available_time"": ""2024-08-02T00:00:00+00:00"", ""provenance"": null, ""band_role"": null, ""nodata_semantics"": null, ""uncertainty"": null, ""allowed_values"": null, ""observed_min"": null, ""observed_max"": null, ""attrs"": {}}, {""name"": ""terrain-30"", ""quantity"": ""elevation"", ""unit"": ""m"", ""scale"": ""continuous"", ""crs"": ""EPSG:32643"", ""resolution_m"": 30, ""temporal_resolution_h"": null, ""processing_level"": null, ""surface_model"": ""DTM"", ""vertical_datum"": ""EGM2008"", ""acquisition_time"": null, ""available_time"": null, ""provenance"": ""Copernicus DEM"", ""band_role"": null, ""nodata_semantics"": null, ""uncertainty"": null, ""allowed_values"": null, ""observed_min"": null, ""observed_max"": null, ""attrs"": {}}]","[{""op"": ""predict"", ""params"": {""features"": [0]}}, {""op"": ""require_bare_earth"", ""params"": {""artifact"": 1}}]",REFUTED,"The IMERG feature (rainfall) has a unit of 'mm', which is categorical data. The terrain-30 elevation (continuous data) cannot be directly used as input for rainfall prediction without converting it into a categorical format.",4,UNPARSED,,
77,SGX3_BLIND_landcover_change_037,"{""goal"": ""landcover_change"", ""required_quantity"": null, ""required_unit"": null, ""decision_time"": null, ""max_resolution_m"": null, ""requires_bare_earth"": false, ""requires_cloud_mask"": false, ""max_uncertainty"": null, ""temporal_tolerance_h"": null, ""required_value_range"": null}","[{""name"": ""WorldCover-10"", ""quantity"": ""land_cover"", ""unit"": null, ""scale"": ""categorical"", ""crs"": ""EPSG:4326"", ""resolution_m"": 10, ""temporal_resolution_h"": null, ""processing_level"": null, ""surface_model"": null, ""vertical_datum"": null, ""acquisition_time"": null, ""available_time"": null, ""provenance"": ""ESA WorldCover"", ""band_role"": null, ""nodata_semantics"": null, ""uncertainty"": null, ""allowed_values"": [10, 20, 30, 40, 50, 60, 70, 80, 90, 95, 100], ""observed_min"": null, ""observed_max"": null, ""attrs"": {}}]","[{""op"": ""resample"", ""params"": {""artifact"": 0, ""method"": ""bilinear"", ""target_resolution_m"": 20, ""evidence_of_new_information"": true}}]",REFUTED,The provided method 'bilinear' is not supported by the artifacts. The artifacts do not contain any raster data suitable for resampling.,4,UNPARSED,,
78,SGX3_BLIND_landslide_forecast_000,"{""goal"": ""landslide forecast"", ""required_quantity"": null, ""required_unit"": null, ""decision_time"": ""2024-08-20T12:00:00+00:00"", ""max_resolution_m"": null, ""requires_bare_earth"": false, ""requires_cloud_mask"": false, ""max_uncertainty"": null, ""temporal_tolerance_h"": null, ""required_value_range"": null}","[{""name"": ""IMERG-feature"", ""quantity"": ""rainfall"", ""unit"": ""mm"", ""scale"": ""continuous"", ""crs"": ""EPSG:32643"", ""resolution_m"": 10.0, ""temporal_resolution_h"": null, ""processing_level"": null, ""surface_model"": null, ""vertical_datum"": null, ""acquisition_time"": null, ""available_time"": ""2024-08-20T09:00:00+00:00"", ""provenance"": null, ""band_role"": null, ""nodata_semantics"": null, ""uncertainty"": null, ""allowed_values"": null, ""observed_min"": null, ""observed_max"": null, ""attrs"": {}}, {""name"": ""terrain-60"", ""quantity"": ""elevation"", ""unit"": ""m"", ""scale"": ""continuous"", ""crs"": ""EPSG:32643"", ""resolution_m"": 60, ""temporal_resolution_h"": null, ""processing_level"": null, ""surface_model"": ""DTM"", ""vertical_datum"": ""EGM2008"", ""acquisition_time"": null, ""available_time"": null, ""provenance"": ""Copernicus DEM"", ""band_role"": null, ""nodata_semantics"": null, ""uncertainty"": null, ""allowed_values"": null, ""observed_min"": null, ""observed_max"": null, ""attrs"": {}}]","[{""op"": ""predict"", ""params"": {""features"": [0]}}, {""op"": ""require_bare_earth"", ""params"": {""artifact"": 1}}]",REFUTED,"The provided artifacts do not include any rainfall data (unit 'mm'), which is required by the scientific goal of landslide forecasting.",4,UNPARSED,,
79,SGX3_BLIND_landcover_change_041,"{""goal"": ""landcover_change"", ""required_quantity"": null, ""required_unit"": null, ""decision_time"": null, ""max_resolution_m"": null, ""requires_bare_earth"": false, ""requires_cloud_mask"": false, ""max_uncertainty"": null, ""temporal_tolerance_h"": null, ""required_value_range"": null}","[{""name"": ""WorldCover-20"", ""quantity"": ""land_cover"", ""unit"": null, ""scale"": ""categorical"", ""crs"": ""EPSG:4326"", ""resolution_m"": 20, ""temporal_resolution_h"": null, ""processing_level"": null, ""surface_model"": null, ""vertical_datum"": null, ""acquisition_time"": null, ""available_time"": null, ""provenance"": null, ""band_role"": null, ""nodata_semantics"": null, ""uncertainty"": null, ""allowed_values"": [10, 20, 30, 40, 50, 60, 70, 80, 90, 95, 100], ""observed_min"": null, ""observed_max"": null, ""attrs"": {}}]","[{""op"": ""resample"", ""params"": {""artifact"": 0, ""method"": ""cubic"", ""target_resolution_m"": 60, ""evidence_of_new_information"": true}}]",REFUTED,"The provided artifacts do not include any information about units, which is crucial for understanding the scale of measurements in land cover change analysis.",4,UNPARSED,,
80,SGX3_BLIND_landcover_change_043,"{""goal"": ""landcover_change"", ""required_quantity"": null, ""required_unit"": null, ""decision_time"": null, ""max_resolution_m"": null, ""requires_bare_earth"": false, ""requires_cloud_mask"": false, ""max_uncertainty"": null, ""temporal_tolerance_h"": null, ""required_value_range"": null}","[{""name"": ""WorldCover-10"", ""quantity"": ""land_cover"", ""unit"": null, ""scale"": ""categorical"", ""crs"": ""EPSG:4326"", ""resolution_m"": 10, ""temporal_resolution_h"": null, ""processing_level"": null, ""surface_model"": null, ""vertical_datum"": null, ""acquisition_time"": null, ""available_time"": null, ""provenance"": ""ESA WorldCover"", ""band_role"": null, ""nodata_semantics"": null, ""uncertainty"": null, ""allowed_values"": [10, 20, 30, 40, 50, 60, 70, 80, 90, 95, 100], ""observed_min"": null, ""observed_max"": null, ""attrs"": {}}]","[{""op"": ""resample"", ""params"": {""artifact"": 0, ""method"": ""cubic"", ""target_resolution_m"": 30, ""evidence_of_new_information"": true}}]",REFUTED,The provided method 'cubic' for resampling categorical land cover data is unsupported for categorical data.,4,UNPARSED,,
81,SGX3_HELDOUT-FAMILY_multisensor_time_mismatch_004,"{""goal"": ""multisensor_time_mismatch"", ""required_quantity"": null, ""required_unit"": null, ""decision_time"": null, ""max_resolution_m"": null, ""requires_bare_earth"": false, ""requires_cloud_mask"": false, ""max_uncertainty"": null, ""temporal_tolerance_h"": null, ""required_value_range"": null}","[{""name"": ""S1"", ""quantity"": ""backscatter"", ""unit"": null, ""scale"": ""continuous"", ""crs"": ""EPSG:32643"", ""resolution_m"": 10.0, ""temporal_resolution_h"": null, ""processing_level"": null, ""surface_model"": null, ""vertical_datum"": null, ""acquisition_time"": ""2024-07-01T10:00:00+00:00"", ""available_time"": null, ""provenance"": ""authoritative-product"", ""band_role"": null, ""nodata_semantics"": null, ""uncertainty"": null, ""allowed_values"": null, ""observed_min"": null, ""observed_max"": null, ""attrs"": {}}, {""name"": ""S2"", ""quantity"": ""reflectance"", ""unit"": null, ""scale"": ""continuous"", ""crs"": ""EPSG:32643"", ""resolution_m"": 10.0, ""temporal_resolution_h"": null, ""processing_level"": null, ""surface_model"": null, ""vertical_datum"": null, ""acquisition_time"": ""2024-07-01T19:00:00+00:00"", ""available_time"": null, ""provenance"": ""authoritative-product"", ""band_role"": null, ""nodata_semantics"": null, ""uncertainty"": null, ""allowed_values"": null, ""observed_min"": null, ""observed_max"": null, ""attrs"": {}}]","[{""op"": ""compare_sensors"", ""params"": {""a"": 0, ""b"": 1, ""tolerance_h"": 12}}]",REFUTED,"The provided artifacts do not match the required units (backscatter vs reflectance) and resolutions (10m vs 10m). Additionally, the temporal resolution of S1 is not specified, which is crucial for comparing sensors.",4,UNPARSED,,
82,SGX3_BLIND_eo_ml_validation_027,"{""goal"": ""eo_ml_validation"", ""required_quantity"": null, ""required_unit"": null, ""decision_time"": null, ""max_resolution_m"": null, ""requires_bare_earth"": false, ""requires_cloud_mask"": false, ""max_uncertainty"": null, ""temporal_tolerance_h"": null, ""required_value_range"": null}","[{""name"": ""EO-samples-2207"", ""quantity"": ""training_samples"", ""unit"": null, ""scale"": ""continuous"", ""crs"": ""EPSG:32643"", ""resolution_m"": 10.0, ""temporal_resolution_h"": null, ""processing_level"": null, ""surface_model"": null, ""vertical_datum"": null, ""acquisition_time"": null, ""available_time"": null, ""provenance"": ""authoritative-product"", ""band_role"": null, ""nodata_semantics"": null, ""uncertainty"": null, ""allowed_values"": null, ""observed_min"": null, ""observed_max"": null, ""attrs"": {}}]","[{""op"": ""split"", ""params"": {""mode"": ""scene"", ""scene_overlap_fraction"": 0.5326}}]",REFUTED,"The provided artifacts do not contain any information about units, which is crucial for understanding the scale and resolution of the data.",4,UNPARSED,,
83,SGX3_DEVELOPMENT_spatial_split_leakage_009,"{""goal"": ""spatial_split_leakage"", ""required_quantity"": null, ""required_unit"": null, ""decision_time"": null, ""max_resolution_m"": null, ""requires_bare_earth"": false, ""requires_cloud_mask"": false, ""max_uncertainty"": null, ""temporal_tolerance_h"": null, ""required_value_range"": null}","[{""name"": ""samples"", ""quantity"": ""training_samples"", ""unit"": null, ""scale"": ""continuous"", ""crs"": ""EPSG:32643"", ""resolution_m"": 10.0, ""temporal_resolution_h"": null, ""processing_level"": null, ""surface_model"": null, ""vertical_datum"": null, ""acquisition_time"": null, ""available_time"": null, ""provenance"": ""authoritative-product"", ""band_role"": null, ""nodata_semantics"": null, ""uncertainty"": null, ""allowed_values"": null, ""observed_min"": null, ""observed_max"": null, ""attrs"": {}}]","[{""op"": ""split"", ""params"": {""mode"": ""spatial"", ""separation_m"": 3992, ""dependence_range_m"": 2434}}]",REFUTED,"The provided artifacts do not include any information about units, which is crucial for understanding the scale of measurements in the dataset.",4,UNPARSED,,
84,SGX3_DEVELOPMENT_rate_mean_as_accumulation_003,"{""goal"": ""rate_mean_as_accumulation"", ""required_quantity"": null, ""required_unit"": null, ""decision_time"": null, ""max_resolution_m"": null, ""requires_bare_earth"": false, ""requires_cloud_mask"": false, ""max_uncertainty"": null, ""temporal_tolerance_h"": null, ""required_value_range"": null}","[{""name"": ""IMERG"", ""quantity"": ""precipitation_rate"", ""unit"": ""mm/h"", ""scale"": ""continuous"", ""crs"": ""EPSG:4326"", ""resolution_m"": 10000, ""temporal_resolution_h"": 0.5, ""processing_level"": null, ""surface_model"": null, ""vertical_datum"": null, ""acquisition_time"": null, ""available_time"": null, ""provenance"": ""authoritative-product"", ""band_role"": null, ""nodata_semantics"": null, ""uncertainty"": null, ""allowed_values"": null, ""observed_min"": null, ""observed_max"": null, ""attrs"": {}}]","[{""op"": ""temporal_aggregate"", ""params"": {""artifact"": 0, ""method"": ""mean"", ""sample_duration_h"": 0.5, ""declared_quantity"": ""accumulation""}}]",PROVEN,The provided workflow aligns with the scientific goal of calculating accumulation from precipitation rate data using the mean aggregation method over a specified time interval.,4,UNPARSED,,
85,SGX3_BLIND_eo_ml_validation_010,"{""goal"": ""eo_ml_validation"", ""required_quantity"": null, ""required_unit"": null, ""decision_time"": null, ""max_resolution_m"": null, ""requires_bare_earth"": false, ""requires_cloud_mask"": false, ""max_uncertainty"": null, ""temporal_tolerance_h"": null, ""required_value_range"": null}","[{""name"": ""EO-samples-1596"", ""quantity"": ""training_samples"", ""unit"": null, ""scale"": ""continuous"", ""crs"": ""EPSG:32643"", ""resolution_m"": 10.0, ""temporal_resolution_h"": null, ""processing_level"": null, ""surface_model"": null, ""vertical_datum"": null, ""acquisition_time"": null, ""available_time"": null, ""provenance"": ""authoritative-product"", ""band_role"": null, ""nodata_semantics"": null, ""uncertainty"": null, ""allowed_values"": null, ""observed_min"": null, ""observed_max"": null, ""attrs"": {}}]","[{""op"": ""split"", ""params"": {""mode"": ""spatial"", ""separation_m"": 5810, ""dependence_range_m"": 1472}}]",REFUTED,"The artifacts do not contain any unit information, which is crucial for understanding the scale of measurements.",4,UNPARSED,,
86,SGX3_DEVELOPMENT_future_information_009,"{""goal"": ""flood forecast"", ""required_quantity"": null, ""required_unit"": null, ""decision_time"": ""2024-08-01T12:00:00+00:00"", ""max_resolution_m"": null, ""requires_bare_earth"": false, ""requires_cloud_mask"": false, ""max_uncertainty"": null, ""temporal_tolerance_h"": null, ""required_value_range"": null}","[{""name"": ""rain-feature"", ""quantity"": ""rainfall"", ""unit"": ""mm"", ""scale"": ""continuous"", ""crs"": ""EPSG:32643"", ""resolution_m"": 10.0, ""temporal_resolution_h"": null, ""processing_level"": null, ""surface_model"": null, ""vertical_datum"": null, ""acquisition_time"": null, ""available_time"": ""2024-07-31T12:00:00+00:00"", ""provenance"": ""authoritative-product"", ""band_role"": null, ""nodata_semantics"": null, ""uncertainty"": null, ""allowed_values"": null, ""observed_min"": null, ""observed_max"": null, ""attrs"": {}}]","[{""op"": ""predict"", ""params"": {""features"": [0]}}]",REFUTED,"The provided artifacts do not include any information about units, which is crucial for understanding the scale of measurements in the context of flood forecasting.",4,UNPARSED,,
87,SGX3_HELDOUT-FAMILY_physical_range_violation_013,"{""goal"": ""physical_range_violation"", ""required_quantity"": null, ""required_unit"": null, ""decision_time"": null, ""max_resolution_m"": null, ""requires_bare_earth"": false, ""requires_cloud_mask"": false, ""max_uncertainty"": null, ""temporal_tolerance_h"": null, ""required_value_range"": null}","[{""name"": ""index"", ""quantity"": ""NDVI"", ""unit"": ""dimensionless"", ""scale"": ""continuous"", ""crs"": ""EPSG:32643"", ""resolution_m"": 10.0, ""temporal_resolution_h"": null, ""processing_level"": null, ""surface_model"": null, ""vertical_datum"": null, ""acquisition_time"": null, ""available_time"": null, ""provenance"": ""authoritative-product"", ""band_role"": null, ""nodata_semantics"": null, ""uncertainty"": null, ""allowed_values"": null, ""observed_min"": -0.36860274517733194, ""observed_max"": 0.7109580910108333, ""attrs"": {}}]","[{""op"": ""assert_value_range"", ""params"": {""artifact"": 0, ""min"": -1, ""max"": 1}}]",REFUTED,"The provided artifact's observed range (-0.36860274517733194 to 0.7109580910108333) does not match the required value range of [-1, 1]. This mismatch indicates a potential issue in the data validation process.",4,UNPARSED,,
88,SGX3_BLIND_flood_remote_sensing_045,"{""goal"": ""flood_remote_sensing"", ""required_quantity"": null, ""required_unit"": null, ""decision_time"": null, ""max_resolution_m"": null, ""requires_bare_earth"": false, ""requires_cloud_mask"": false, ""max_uncertainty"": null, ""temporal_tolerance_h"": null, ""required_value_range"": null}","[{""name"": ""flood-mask-30"", ""quantity"": ""flood_extent"", ""unit"": null, ""scale"": ""binary"", ""crs"": ""EPSG:4326"", ""resolution_m"": 30, ""temporal_resolution_h"": null, ""processing_level"": null, ""surface_model"": null, ""vertical_datum"": null, ""acquisition_time"": null, ""available_time"": null, ""provenance"": ""authoritative-product"", ""band_role"": null, ""nodata_semantics"": null, ""uncertainty"": null, ""allowed_values"": null, ""observed_min"": null, ""observed_max"": null, ""attrs"": {""cloud_mask_applied"": true}}, {""name"": ""S1"", ""quantity"": ""backscatter"", ""unit"": null, ""scale"": ""continuous"", ""crs"": ""EPSG:32643"", ""resolution_m"": 10, ""temporal_resolution_h"": null, ""processing_level"": null, ""surface_model"": null, ""vertical_datum"": null, ""acquisition_time"": ""2024-07-10T10:00:00+00:00"", ""available_time"": null, ""provenance"": ""authoritative-product"", ""band_role"": null, ""nodata_semantics"": null, ""uncertainty"": null, ""allowed_values"": null, ""observed_min"": null, ""observed_max"": null, ""attrs"": {}}, {""name"": ""S2"", ""quantity"": ""reflectance"", ""unit"": null, ""scale"": ""continuous"", ""crs"": ""EPSG:32643"", ""resolution_m"": 10, ""temporal_resolution_h"": null, ""processing_level"": null, ""surface_model"": null, ""vertical_datum"": null, ""acquisition_time"": ""2024-07-10T13:00:00+00:00"", ""available_time"": null, ""provenance"": ""authoritative-product"", ""band_role"": null, ""nodata_semantics"": null, ""uncertainty"": null, ""allowed_values"": null, ""observed_min"": null, ""observed_max"": null, ""attrs"": {}}]","[{""op"": ""require_cloud_mask"", ""params"": {""artifact"": 0}}, {""op"": ""compare_sensors"", ""params"": {""a"": 1, ""b"": 2, ""tolerance_h"": 3}}, {""op"": ""area"", ""params"": {""artifact"": 0, ""method"": ""planar"", ""output_unit"": ""km2""}}]",REFUTED,The provided artifacts do not match the required units (binary vs. continuous) and resolutions (30m vs. 10m). The comparison of sensors requires consistent unit scales.,3,UNPARSED,,
89,SGX3_DEVELOPMENT_future_information_004,"{""goal"": ""flood forecast"", ""required_quantity"": null, ""required_unit"": null, ""decision_time"": ""2024-08-01T12:00:00+00:00"", ""max_resolution_m"": null, ""requires_bare_earth"": false, ""requires_cloud_mask"": false, ""max_uncertainty"": null, ""temporal_tolerance_h"": null, ""required_value_range"": null}","[{""name"": ""rain-feature"", ""quantity"": ""rainfall"", ""unit"": ""mm"", ""scale"": ""continuous"", ""crs"": ""EPSG:32643"", ""resolution_m"": 10.0, ""temporal_resolution_h"": null, ""processing_level"": null, ""surface_model"": null, ""vertical_datum"": null, ""acquisition_time"": null, ""available_time"": ""2024-08-01T09:00:00+00:00"", ""provenance"": ""authoritative-product"", ""band_role"": null, ""nodata_semantics"": null, ""uncertainty"": null, ""allowed_values"": null, ""observed_min"": null, ""observed_max"": null, ""attrs"": {}}]","[{""op"": ""predict"", ""params"": {""features"": [0]}}]",REFUTED,"The provided artifacts do not include any information about units, which is crucial for understanding the scale of measurements in the context of flood forecasting.",4,UNPARSED,,
90,SGX3_DEVELOPMENT_unsupported_resolution_gain_001,"{""goal"": ""unsupported_resolution_gain"", ""required_quantity"": null, ""required_unit"": null, ""decision_time"": null, ""max_resolution_m"": null, ""requires_bare_earth"": false, ""requires_cloud_mask"": false, ""max_uncertainty"": null, ""temporal_tolerance_h"": null, ""required_value_range"": null}","[{""name"": ""raster"", ""quantity"": ""surface_property"", ""unit"": null, ""scale"": ""continuous"", ""crs"": ""EPSG:32643"", ""resolution_m"": 50, ""temporal_resolution_h"": null, ""processing_level"": null, ""surface_model"": null, ""vertical_datum"": null, ""acquisition_time"": null, ""available_time"": null, ""provenance"": ""authoritative-product"", ""band_role"": null, ""nodata_semantics"": null, ""uncertainty"": null, ""allowed_values"": null, ""observed_min"": null, ""observed_max"": null, ""attrs"": {}}]","[{""op"": ""resample"", ""params"": {""artifact"": 0, ""method"": ""bilinear"", ""target_resolution_m"": 12.5, ""evidence_of_new_information"": false}}]",REFUTED,"The provided workflow aims to achieve 'unsupported resolution gain', which implies increasing the resolution of a raster dataset without loss of information. However, the current artifact has a resolution of 50 meters, while the target resolution specified in the workflow is 12.5 meters. This discrepancy indicates that the workflow cannot achieve the intended unsupported resolution gain as described.",4,UNPARSED,,
91,SGX3_DEVELOPMENT_categorical_interpolation_012,"{""goal"": ""categorical_interpolation"", ""required_quantity"": null, ""required_unit"": null, ""decision_time"": null, ""max_resolution_m"": null, ""requires_bare_earth"": false, ""requires_cloud_mask"": false, ""max_uncertainty"": null, ""temporal_tolerance_h"": null, ""required_value_range"": null}","[{""name"": ""landcover-20"", ""quantity"": ""land_cover"", ""unit"": null, ""scale"": ""categorical"", ""crs"": ""EPSG:4326"", ""resolution_m"": 20, ""temporal_resolution_h"": null, ""processing_level"": null, ""surface_model"": null, ""vertical_datum"": null, ""acquisition_time"": null, ""available_time"": null, ""provenance"": ""authoritative-product"", ""band_role"": null, ""nodata_semantics"": null, ""uncertainty"": null, ""allowed_values"": [10, 20, 30, 40, 50, 60, 70, 80, 90, 95, 100], ""observed_min"": null, ""observed_max"": null, ""attrs"": {}}]","[{""op"": ""resample"", ""params"": {""artifact"": 0, ""method"": ""nearest"", ""target_resolution_m"": 35, ""evidence_of_new_information"": true}}]",REFUTED,The provided method 'nearest' for resampling categorical data is unsupported for categorical interpolation tasks.,4,UNPARSED,,
92,SGX3_HELDOUT-FAMILY_temporal_split_overlap_011,"{""goal"": ""temporal_split_overlap"", ""required_quantity"": null, ""required_unit"": null, ""decision_time"": null, ""max_resolution_m"": null, ""requires_bare_earth"": false, ""requires_cloud_mask"": false, ""max_uncertainty"": null, ""temporal_tolerance_h"": null, ""required_value_range"": null}","[{""name"": ""records"", ""quantity"": ""time_series"", ""unit"": null, ""scale"": ""continuous"", ""crs"": ""EPSG:32643"", ""resolution_m"": 10.0, ""temporal_resolution_h"": null, ""processing_level"": null, ""surface_model"": null, ""vertical_datum"": null, ""acquisition_time"": null, ""available_time"": null, ""provenance"": ""authoritative-product"", ""band_role"": null, ""nodata_semantics"": null, ""uncertainty"": null, ""allowed_values"": null, ""observed_min"": null, ""observed_max"": null, ""attrs"": {}}]","[{""op"": ""split"", ""params"": {""mode"": ""temporal"", ""train_end"": ""2024-06-11T00:00:00+00:00"", ""test_start"": ""2024-07-01T00:00:00+00:00""}}]",REFUTED,The provided artifacts do not match the required quantity of 'time_series' as specified in the goal. The artifact named 'records' has no time series information.,4,UNPARSED,,
93,SGX3_DEVELOPMENT_categorical_interpolation_006,"{""goal"": ""categorical_interpolation"", ""required_quantity"": null, ""required_unit"": null, ""decision_time"": null, ""max_resolution_m"": null, ""requires_bare_earth"": false, ""requires_cloud_mask"": false, ""max_uncertainty"": null, ""temporal_tolerance_h"": null, ""required_value_range"": null}","[{""name"": ""landcover-10"", ""quantity"": ""land_cover"", ""unit"": null, ""scale"": ""categorical"", ""crs"": ""EPSG:4326"", ""resolution_m"": 10, ""temporal_resolution_h"": null, ""processing_level"": null, ""surface_model"": null, ""vertical_datum"": null, ""acquisition_time"": null, ""available_time"": null, ""provenance"": ""authoritative-product"", ""band_role"": null, ""nodata_semantics"": null, ""uncertainty"": null, ""allowed_values"": [10, 20, 30, 40, 50, 60, 70, 80, 90, 95, 100], ""observed_min"": null, ""observed_max"": null, ""attrs"": {}}]","[{""op"": ""resample"", ""params"": {""artifact"": 0, ""method"": ""lanczos"", ""target_resolution_m"": 25, ""evidence_of_new_information"": true}}]",REFUTED,"The provided workflow uses resampling (operation 'resample') which is not supported by the given artifacts. The artifacts describe categorical land cover data at a resolution of 10 meters, while resampling typically requires continuous or gridded data.",4,UNPARSED,,
94,SGX3_BLIND_flood_remote_sensing_040,"{""goal"": ""flood_remote_sensing"", ""required_quantity"": null, ""required_unit"": null, ""decision_time"": null, ""max_resolution_m"": null, ""requires_bare_earth"": false, ""requires_cloud_mask"": false, ""max_uncertainty"": null, ""temporal_tolerance_h"": null, ""required_value_range"": null}","[{""name"": ""flood-mask-10"", ""quantity"": ""flood_extent"", ""unit"": null, ""scale"": ""binary"", ""crs"": ""EPSG:32643"", ""resolution_m"": 10, ""temporal_resolution_h"": null, ""processing_level"": null, ""surface_model"": null, ""vertical_datum"": null, ""acquisition_time"": null, ""available_time"": null, ""provenance"": ""authoritative-product"", ""band_role"": null, ""nodata_semantics"": null, ""uncertainty"": null, ""allowed_values"": null, ""observed_min"": null, ""observed_max"": null, ""attrs"": {""cloud_mask_applied"": false}}, {""name"": ""S1"", ""quantity"": ""backscatter"", ""unit"": null, ""scale"": ""continuous"", ""crs"": ""EPSG:32643"", ""resolution_m"": 10, ""temporal_resolution_h"": null, ""processing_level"": null, ""surface_model"": null, ""vertical_datum"": null, ""acquisition_time"": ""2024-07-15T10:00:00+00:00"", ""available_time"": null, ""provenance"": ""authoritative-product"", ""band_role"": null, ""nodata_semantics"": null, ""uncertainty"": null, ""allowed_values"": null, ""observed_min"": null, ""observed_max"": null, ""attrs"": {}}, {""name"": ""S2"", ""quantity"": ""reflectance"", ""unit"": null, ""scale"": ""continuous"", ""crs"": ""EPSG:32643"", ""resolution_m"": 10, ""temporal_resolution_h"": null, ""processing_level"": null, ""surface_model"": null, ""vertical_datum"": null, ""acquisition_time"": ""2024-07-15T22:00:00+00:00"", ""available_time"": null, ""provenance"": ""authoritative-product"", ""band_role"": null, ""nodata_semantics"": null, ""uncertainty"": null, ""allowed_values"": null, ""observed_min"": null, ""observed_max"": null, ""attrs"": {}}]","[{""op"": ""require_cloud_mask"", ""params"": {""artifact"": 0}}, {""op"": ""compare_sensors"", ""params"": {""a"": 1, ""b"": 2, ""tolerance_h"": 6}}, {""op"": ""area"", ""params"": {""artifact"": 0, ""method"": ""planar"", ""output_unit"": ""km2""}}]",REFUTED,The provided artifacts do not match the required units (binary vs. continuous) and resolutions (10m vs. 10m). The comparison of sensors requires consistent unit types and resolutions.,3,UNPARSED,,
95,SGX3_DEVELOPMENT_unsupported_resolution_gain_013,"{""goal"": ""unsupported_resolution_gain"", ""required_quantity"": null, ""required_unit"": null, ""decision_time"": null, ""max_resolution_m"": null, ""requires_bare_earth"": false, ""requires_cloud_mask"": false, ""max_uncertainty"": null, ""temporal_tolerance_h"": null, ""required_value_range"": null}","[{""name"": ""raster"", ""quantity"": ""surface_property"", ""unit"": null, ""scale"": ""continuous"", ""crs"": ""EPSG:32643"", ""resolution_m"": 30, ""temporal_resolution_h"": null, ""processing_level"": null, ""surface_model"": null, ""vertical_datum"": null, ""acquisition_time"": null, ""available_time"": null, ""provenance"": ""authoritative-product"", ""band_role"": null, ""nodata_semantics"": null, ""uncertainty"": null, ""allowed_values"": null, ""observed_min"": null, ""observed_max"": null, ""attrs"": {}}]","[{""op"": ""resample"", ""params"": {""artifact"": 0, ""method"": ""bilinear"", ""target_resolution_m"": 7.5, ""evidence_of_new_information"": false}}]",REFUTED,"The provided workflow aims to achieve 'unsupported resolution gain', which implies increasing the resolution of a raster dataset without loss of information. However, the current artifact has a resolution of 30 meters (m), while the target resolution specified in the operation is 7.5 meters (m). This mismatch indicates that the requested resolution increase cannot be achieved using the given artifact.",4,UNPARSED,,
96,SGX3_HELDOUT-FAMILY_uncertainty_missing_000,"{""goal"": ""operational decision"", ""required_quantity"": null, ""required_unit"": null, ""decision_time"": null, ""max_resolution_m"": null, ""requires_bare_earth"": false, ""requires_cloud_mask"": false, ""max_uncertainty"": 0.05, ""temporal_tolerance_h"": null, ""required_value_range"": null}","[{""name"": ""hazard"", ""quantity"": ""hazard_probability"", ""unit"": ""dimensionless"", ""scale"": ""continuous"", ""crs"": ""EPSG:32643"", ""resolution_m"": 10.0, ""temporal_resolution_h"": null, ""processing_level"": null, ""surface_model"": null, ""vertical_datum"": null, ""acquisition_time"": null, ""available_time"": null, ""provenance"": ""authoritative-product"", ""band_role"": null, ""nodata_semantics"": null, ""uncertainty"": null, ""allowed_values"": null, ""observed_min"": null, ""observed_max"": null, ""attrs"": {}}]",[],REFUTED,"The provided hazard probability data has no associated scale (scale) information, which is crucial for defining how it should be resampled or interpreted in the context of operational decision-making.",4,UNPARSED,,
97,SGX3_HELDOUT-FAMILY_physical_range_violation_007,"{""goal"": ""physical_range_violation"", ""required_quantity"": null, ""required_unit"": null, ""decision_time"": null, ""max_resolution_m"": null, ""requires_bare_earth"": false, ""requires_cloud_mask"": false, ""max_uncertainty"": null, ""temporal_tolerance_h"": null, ""required_value_range"": null}","[{""name"": ""index"", ""quantity"": ""NDVI"", ""unit"": ""dimensionless"", ""scale"": ""continuous"", ""crs"": ""EPSG:32643"", ""resolution_m"": 10.0, ""temporal_resolution_h"": null, ""processing_level"": null, ""surface_model"": null, ""vertical_datum"": null, ""acquisition_time"": null, ""available_time"": null, ""provenance"": ""authoritative-product"", ""band_role"": null, ""nodata_semantics"": null, ""uncertainty"": null, ""allowed_values"": null, ""observed_min"": -0.03460813962175069, ""observed_max"": 0.8258539476197895, ""attrs"": {}}]","[{""op"": ""assert_value_range"", ""params"": {""artifact"": 0, ""min"": -1, ""max"": 1}}]",REFUTED,"The provided artifact's value range (-0.03460813962175069 to 0.8258539476197895) does not match the required value range of [-1, 1] as specified in the goal.",4,UNPARSED,,
98,SGX3_HELDOUT-FAMILY_temporal_split_overlap_003,"{""goal"": ""temporal_split_overlap"", ""required_quantity"": null, ""required_unit"": null, ""decision_time"": null, ""max_resolution_m"": null, ""requires_bare_earth"": false, ""requires_cloud_mask"": false, ""max_uncertainty"": null, ""temporal_tolerance_h"": null, ""required_value_range"": null}","[{""name"": ""records"", ""quantity"": ""time_series"", ""unit"": null, ""scale"": ""continuous"", ""crs"": ""EPSG:32643"", ""resolution_m"": 10.0, ""temporal_resolution_h"": null, ""processing_level"": null, ""surface_model"": null, ""vertical_datum"": null, ""acquisition_time"": null, ""available_time"": null, ""provenance"": ""authoritative-product"", ""band_role"": null, ""nodata_semantics"": null, ""uncertainty"": null, ""allowed_values"": null, ""observed_min"": null, ""observed_max"": null, ""attrs"": {}}]","[{""op"": ""split"", ""params"": {""mode"": ""temporal"", ""train_end"": ""2024-07-03T00:00:00+00:00"", ""test_start"": ""2024-07-01T00:00:00+00:00""}}]",REFUTED,The provided artifacts do not match the required quantity of 'time_series' as specified in the goal. The artifact named 'records' has no time series information.,4,UNPARSED,,
99,SGX3_DEVELOPMENT_DSM_as_DTM_000,"{""goal"": ""DSM_as_DTM"", ""required_quantity"": null, ""required_unit"": null, ""decision_time"": null, ""max_resolution_m"": null, ""requires_bare_earth"": false, ""requires_cloud_mask"": false, ""max_uncertainty"": null, ""temporal_tolerance_h"": null, ""required_value_range"": null}","[{""name"": ""terrain"", ""quantity"": ""elevation"", ""unit"": ""m"", ""scale"": ""continuous"", ""crs"": ""EPSG:32643"", ""resolution_m"": 30, ""temporal_resolution_h"": null, ""processing_level"": null, ""surface_model"": ""DTM"", ""vertical_datum"": ""EGM2008"", ""acquisition_time"": null, ""available_time"": null, ""provenance"": ""authoritative-product"", ""band_role"": null, ""nodata_semantics"": null, ""uncertainty"": null, ""allowed_values"": null, ""observed_min"": null, ""observed_max"": null, ""attrs"": {}}]","[{""op"": ""require_bare_earth"", ""params"": {""artifact"": 0}}]",REFUTED,"The provided elevation data (e.g., terrain) is in a continuous scale, which typically represents height above sea level. However, DSM (Digital Surface Model) and DTM (Digital Terrain Model) require discrete values representing elevations at specific points on the ground. Continuous elevation data cannot directly convert into these discrete models without additional steps such as interpolation or sampling.",4,UNPARSED,,
100,SGX3_HELDOUT-FAMILY_uncertainty_missing_012,"{""goal"": ""operational decision"", ""required_quantity"": null, ""required_unit"": null, ""decision_time"": null, ""max_resolution_m"": null, ""requires_bare_earth"": false, ""requires_cloud_mask"": false, ""max_uncertainty"": 0.05, ""temporal_tolerance_h"": null, ""required_value_range"": null}","[{""name"": ""hazard"", ""quantity"": ""hazard_probability"", ""unit"": ""dimensionless"", ""scale"": ""continuous"", ""crs"": ""EPSG:32643"", ""resolution_m"": 10.0, ""temporal_resolution_h"": null, ""processing_level"": null, ""surface_model"": null, ""vertical_datum"": null, ""acquisition_time"": null, ""available_time"": null, ""provenance"": ""authoritative-product"", ""band_role"": null, ""nodata_semantics"": null, ""uncertainty"": 0.0281, ""allowed_values"": null, ""observed_min"": null, ""observed_max"": null, ""attrs"": {}}]",[],REFUTED,"The provided hazard probability has a scale of 'continuous', which is incompatible with the requirement for a resolution of 10 meters (m). Continuous data typically do not have a fixed resolution.",4,UNPARSED,,
101,SGX3_HELDOUT-FAMILY_temporal_split_overlap_000,"{""goal"": ""temporal_split_overlap"", ""required_quantity"": null, ""required_unit"": null, ""decision_time"": null, ""max_resolution_m"": null, ""requires_bare_earth"": false, ""requires_cloud_mask"": false, ""max_uncertainty"": null, ""temporal_tolerance_h"": null, ""required_value_range"": null}","[{""name"": ""records"", ""quantity"": ""time_series"", ""unit"": null, ""scale"": ""continuous"", ""crs"": ""EPSG:32643"", ""resolution_m"": 10.0, ""temporal_resolution_h"": null, ""processing_level"": null, ""surface_model"": null, ""vertical_datum"": null, ""acquisition_time"": null, ""available_time"": null, ""provenance"": ""authoritative-product"", ""band_role"": null, ""nodata_semantics"": null, ""uncertainty"": null, ""allowed_values"": null, ""observed_min"": null, ""observed_max"": null, ""attrs"": {}}]","[{""op"": ""split"", ""params"": {""mode"": ""temporal"", ""train_end"": ""2024-07-07T00:00:00+00:00"", ""test_start"": ""2024-07-01T00:00:00+00:00""}}]",REFUTED,The provided artifacts do not match the required quantity of 'time_series' as specified in the goal. The artifact named 'records' has no time series information.,4,UNPARSED,,
102,SGX3_DEVELOPMENT_future_information_000,"{""goal"": ""flood forecast"", ""required_quantity"": null, ""required_unit"": null, ""decision_time"": ""2024-08-01T12:00:00+00:00"", ""max_resolution_m"": null, ""requires_bare_earth"": false, ""requires_cloud_mask"": false, ""max_uncertainty"": null, ""temporal_tolerance_h"": null, ""required_value_range"": null}","[{""name"": ""rain-feature"", ""quantity"": ""rainfall"", ""unit"": ""mm"", ""scale"": ""continuous"", ""crs"": ""EPSG:32643"", ""resolution_m"": 10.0, ""temporal_resolution_h"": null, ""processing_level"": null, ""surface_model"": null, ""vertical_datum"": null, ""acquisition_time"": null, ""available_time"": ""2024-08-01T06:00:00+00:00"", ""provenance"": ""authoritative-product"", ""band_role"": null, ""nodata_semantics"": null, ""uncertainty"": null, ""allowed_values"": null, ""observed_min"": null, ""observed_max"": null, ""attrs"": {}}]","[{""op"": ""predict"", ""params"": {""features"": [0]}}]",REFUTED,"The provided artifacts do not include any information about units, which is crucial for understanding the scale of measurements in the context of flood forecasting.",4,UNPARSED,,
103,SGX3_BLIND_landcover_change_028,"{""goal"": ""landcover_change"", ""required_quantity"": null, ""required_unit"": null, ""decision_time"": null, ""max_resolution_m"": null, ""requires_bare_earth"": false, ""requires_cloud_mask"": false, ""max_uncertainty"": null, ""temporal_tolerance_h"": null, ""required_value_range"": null}","[{""name"": ""WorldCover-20"", ""quantity"": ""land_cover"", ""unit"": null, ""scale"": ""categorical"", ""crs"": ""EPSG:4326"", ""resolution_m"": 20, ""temporal_resolution_h"": null, ""processing_level"": null, ""surface_model"": null, ""vertical_datum"": null, ""acquisition_time"": null, ""available_time"": null, ""provenance"": null, ""band_role"": null, ""nodata_semantics"": null, ""uncertainty"": null, ""allowed_values"": [10, 20, 30, 40, 50, 60, 70, 80, 90, 95, 100], ""observed_min"": null, ""observed_max"": null, ""attrs"": {}}]","[{""op"": ""resample"", ""params"": {""artifact"": 0, ""method"": ""bilinear"", ""target_resolution_m"": 60, ""evidence_of_new_information"": true}}]",REFUTED,"The provided artifacts do not include any information about units, which is crucial for understanding the scale of measurements in land cover change analysis.",4,UNPARSED,,
104,SGX3_DEVELOPMENT_future_information_008,"{""goal"": ""flood forecast"", ""required_quantity"": null, ""required_unit"": null, ""decision_time"": ""2024-08-01T12:00:00+00:00"", ""max_resolution_m"": null, ""requires_bare_earth"": false, ""requires_cloud_mask"": false, ""max_uncertainty"": null, ""temporal_tolerance_h"": null, ""required_value_range"": null}","[{""name"": ""rain-feature"", ""quantity"": ""rainfall"", ""unit"": ""mm"", ""scale"": ""continuous"", ""crs"": ""EPSG:32643"", ""resolution_m"": 10.0, ""temporal_resolution_h"": null, ""processing_level"": null, ""surface_model"": null, ""vertical_datum"": null, ""acquisition_time"": null, ""available_time"": ""2024-08-01T11:00:00+00:00"", ""provenance"": ""authoritative-product"", ""band_role"": null, ""nodata_semantics"": null, ""uncertainty"": null, ""allowed_values"": null, ""observed_min"": null, ""observed_max"": null, ""attrs"": {}}]","[{""op"": ""predict"", ""params"": {""features"": [0]}}]",REFUTED,"The provided artifacts do not include any information about units, which is crucial for understanding the scale of measurements in the context of flood forecasting.",4,UNPARSED,,
105,SGX3_BLIND_landslide_forecast_016,"{""goal"": ""landslide forecast"", ""required_quantity"": null, ""required_unit"": null, ""decision_time"": ""2024-08-15T12:00:00+00:00"", ""max_resolution_m"": null, ""requires_bare_earth"": false, ""requires_cloud_mask"": false, ""max_uncertainty"": null, ""temporal_tolerance_h"": null, ""required_value_range"": null}","[{""name"": ""IMERG-feature"", ""quantity"": ""rainfall"", ""unit"": ""mm"", ""scale"": ""continuous"", ""crs"": ""EPSG:32643"", ""resolution_m"": 10.0, ""temporal_resolution_h"": null, ""processing_level"": null, ""surface_model"": null, ""vertical_datum"": null, ""acquisition_time"": null, ""available_time"": ""2024-08-15T18:00:00+00:00"", ""provenance"": null, ""band_role"": null, ""nodata_semantics"": null, ""uncertainty"": null, ""allowed_values"": null, ""observed_min"": null, ""observed_max"": null, ""attrs"": {}}, {""name"": ""terrain-60"", ""quantity"": ""elevation"", ""unit"": ""m"", ""scale"": ""continuous"", ""crs"": ""EPSG:32643"", ""resolution_m"": 60, ""temporal_resolution_h"": null, ""processing_level"": null, ""surface_model"": ""DSM"", ""vertical_datum"": ""EGM2008"", ""acquisition_time"": null, ""available_time"": null, ""provenance"": ""Copernicus DEM"", ""band_role"": null, ""nodata_semantics"": null, ""uncertainty"": null, ""allowed_values"": null, ""observed_min"": null, ""observed_max"": null, ""attrs"": {}}]","[{""op"": ""predict"", ""params"": {""features"": [0]}}, {""op"": ""require_bare_earth"", ""params"": {""artifact"": 1}}]",REFUTED,"The IMERG feature (rainfall) has a unit of 'mm', which is categorical data. The terrain-60 elevation (continuous data) cannot be directly used as input for rainfall prediction without converting it into a categorical format.",4,UNPARSED,,
106,SGX3_HELDOUT-FAMILY_rate_sum_without_duration_005,"{""goal"": ""rate_sum_without_duration"", ""required_quantity"": null, ""required_unit"": null, ""decision_time"": null, ""max_resolution_m"": null, ""requires_bare_earth"": false, ""requires_cloud_mask"": false, ""max_uncertainty"": null, ""temporal_tolerance_h"": null, ""required_value_range"": null}","[{""name"": ""precip-rate"", ""quantity"": ""precipitation_rate"", ""unit"": ""mm/h"", ""scale"": ""continuous"", ""crs"": ""EPSG:4326"", ""resolution_m"": 10000, ""temporal_resolution_h"": 0.1, ""processing_level"": null, ""surface_model"": null, ""vertical_datum"": null, ""acquisition_time"": null, ""available_time"": null, ""provenance"": ""authoritative-product"", ""band_role"": null, ""nodata_semantics"": null, ""uncertainty"": null, ""allowed_values"": null, ""observed_min"": null, ""observed_max"": null, ""attrs"": {}}]","[{""op"": ""temporal_aggregate"", ""params"": {""artifact"": 0, ""method"": ""integrate"", ""sample_duration_h"": 0.1, ""declared_quantity"": ""accumulation""}}]",REFUTED,"The provided method 'integrate' is unsupported by the given artifacts. The artifacts represent precipitation rate (mm/h), which typically requires aggregation over time periods rather than integration.",4,UNPARSED,,
107,SGX3_HELDOUT-FAMILY_multisensor_time_mismatch_008,"{""goal"": ""multisensor_time_mismatch"", ""required_quantity"": null, ""required_unit"": null, ""decision_time"": null, ""max_resolution_m"": null, ""requires_bare_earth"": false, ""requires_cloud_mask"": false, ""max_uncertainty"": null, ""temporal_tolerance_h"": null, ""required_value_range"": null}","[{""name"": ""S1"", ""quantity"": ""backscatter"", ""unit"": null, ""scale"": ""continuous"", ""crs"": ""EPSG:32643"", ""resolution_m"": 10.0, ""temporal_resolution_h"": null, ""processing_level"": null, ""surface_model"": null, ""vertical_datum"": null, ""acquisition_time"": ""2024-07-01T10:00:00+00:00"", ""available_time"": null, ""provenance"": ""authoritative-product"", ""band_role"": null, ""nodata_semantics"": null, ""uncertainty"": null, ""allowed_values"": null, ""observed_min"": null, ""observed_max"": null, ""attrs"": {}}, {""name"": ""S2"", ""quantity"": ""reflectance"", ""unit"": null, ""scale"": ""continuous"", ""crs"": ""EPSG:32643"", ""resolution_m"": 10.0, ""temporal_resolution_h"": null, ""processing_level"": null, ""surface_model"": null, ""vertical_datum"": null, ""acquisition_time"": ""2024-07-04T06:00:00+00:00"", ""available_time"": null, ""provenance"": ""authoritative-product"", ""band_role"": null, ""nodata_semantics"": null, ""uncertainty"": null, ""allowed_values"": null, ""observed_min"": null, ""observed_max"": null, ""attrs"": {}}]","[{""op"": ""compare_sensors"", ""params"": {""a"": 0, ""b"": 1, ""tolerance_h"": 6}}]",REFUTED,"The provided artifacts do not match the required quantity 'backscatter' for sensor S1, which is specified as 'reflectance'. Additionally, the temporal resolution of S2 (6 hours) is inconsistent with the requirement of having at least a 6-hour tolerance.",4,UNPARSED,,
108,SGX3_BLIND_flood_depth_027,"{""goal"": ""flood_depth"", ""required_quantity"": null, ""required_unit"": null, ""decision_time"": null, ""max_resolution_m"": null, ""requires_bare_earth"": false, ""requires_cloud_mask"": false, ""max_uncertainty"": null, ""temporal_tolerance_h"": null, ""required_value_range"": null}","[{""name"": ""terrain-90"", ""quantity"": ""elevation"", ""unit"": ""m"", ""scale"": ""continuous"", ""crs"": ""EPSG:32643"", ""resolution_m"": 90, ""temporal_resolution_h"": null, ""processing_level"": null, ""surface_model"": ""DSM"", ""vertical_datum"": ""EGM2008"", ""acquisition_time"": null, ""available_time"": null, ""provenance"": ""Copernicus DEM"", ""band_role"": null, ""nodata_semantics"": null, ""uncertainty"": null, ""allowed_values"": null, ""observed_min"": null, ""observed_max"": null, ""attrs"": {}}, {""name"": ""water-surface"", ""quantity"": ""water_level"", ""unit"": ""cm"", ""scale"": ""continuous"", ""crs"": ""EPSG:32643"", ""resolution_m"": 10.0, ""temporal_resolution_h"": null, ""processing_level"": null, ""surface_model"": null, ""vertical_datum"": ""WGS84_ellipsoid"", ""acquisition_time"": null, ""available_time"": null, ""provenance"": ""hydraulic model"", ""band_role"": null, ""nodata_semantics"": null, ""uncertainty"": null, ""allowed_values"": null, ""observed_min"": null, ""observed_max"": null, ""attrs"": {}}]","[{""op"": ""combine_vertical"", ""params"": {""a"": 0, ""b"": 1}}, {""op"": ""convert_unit"", ""params"": {""artifact"": 1, ""to"": ""km2""}}]",REFUTED,The conversion of units between elevation (m) and water level (cm) is unsupported because they represent fundamentally different quantities.,4,UNPARSED,,
109,SGX3_BLIND_flood_depth_024,"{""goal"": ""flood_depth"", ""required_quantity"": null, ""required_unit"": null, ""decision_time"": null, ""max_resolution_m"": null, ""requires_bare_earth"": false, ""requires_cloud_mask"": false, ""max_uncertainty"": null, ""temporal_tolerance_h"": null, ""required_value_range"": null}","[{""name"": ""terrain-10"", ""quantity"": ""elevation"", ""unit"": ""m"", ""scale"": ""continuous"", ""crs"": ""EPSG:32643"", ""resolution_m"": 10, ""temporal_resolution_h"": null, ""processing_level"": null, ""surface_model"": ""DSM"", ""vertical_datum"": ""EGM2008"", ""acquisition_time"": null, ""available_time"": null, ""provenance"": ""Copernicus DEM"", ""band_role"": null, ""nodata_semantics"": null, ""uncertainty"": null, ""allowed_values"": null, ""observed_min"": null, ""observed_max"": null, ""attrs"": {}}, {""name"": ""water-surface"", ""quantity"": ""water_level"", ""unit"": ""m"", ""scale"": ""continuous"", ""crs"": ""EPSG:32643"", ""resolution_m"": 10.0, ""temporal_resolution_h"": null, ""processing_level"": null, ""surface_model"": null, ""vertical_datum"": ""EGM2008"", ""acquisition_time"": null, ""available_time"": null, ""provenance"": ""hydraulic model"", ""band_role"": null, ""nodata_semantics"": null, ""uncertainty"": null, ""allowed_values"": null, ""observed_min"": null, ""observed_max"": null, ""attrs"": {}}]","[{""op"": ""combine_vertical"", ""params"": {""a"": 0, ""b"": 1}}, {""op"": ""convert_unit"", ""params"": {""artifact"": 1, ""to"": ""K""}}]",REFUTED,The conversion of unit from 'm' (meter) to 'K' (Kelvin) is unsupported as Kelvin is not a supported unit in the given context.,4,UNPARSED,,
110,SGX3_HELDOUT-FAMILY_scene_overlap_leakage_012,"{""goal"": ""scene_overlap_leakage"", ""required_quantity"": null, ""required_unit"": null, ""decision_time"": null, ""max_resolution_m"": null, ""requires_bare_earth"": false, ""requires_cloud_mask"": false, ""max_uncertainty"": null, ""temporal_tolerance_h"": null, ""required_value_range"": null}","[{""name"": ""chips"", ""quantity"": ""image_samples"", ""unit"": null, ""scale"": ""continuous"", ""crs"": ""EPSG:32643"", ""resolution_m"": 10.0, ""temporal_resolution_h"": null, ""processing_level"": null, ""surface_model"": null, ""vertical_datum"": null, ""acquisition_time"": null, ""available_time"": null, ""provenance"": ""authoritative-product"", ""band_role"": null, ""nodata_semantics"": null, ""uncertainty"": null, ""allowed_values"": null, ""observed_min"": null, ""observed_max"": null, ""attrs"": {}}]","[{""op"": ""split"", ""params"": {""mode"": ""scene"", ""scene_overlap_fraction"": 0.087}}]",REFUTED,"The provided artifacts do not include any unit information, which is essential for defining the scale of the imagery.",4,UNPARSED,,
111,SGX3_BLIND_eo_ml_validation_017,"{""goal"": ""eo_ml_validation"", ""required_quantity"": null, ""required_unit"": null, ""decision_time"": null, ""max_resolution_m"": null, ""requires_bare_earth"": false, ""requires_cloud_mask"": false, ""max_uncertainty"": null, ""temporal_tolerance_h"": null, ""required_value_range"": null}","[{""name"": ""EO-samples-6802"", ""quantity"": ""training_samples"", ""unit"": null, ""scale"": ""continuous"", ""crs"": ""EPSG:32643"", ""resolution_m"": 10.0, ""temporal_resolution_h"": null, ""processing_level"": null, ""surface_model"": null, ""vertical_datum"": null, ""acquisition_time"": null, ""available_time"": null, ""provenance"": ""authoritative-product"", ""band_role"": null, ""nodata_semantics"": null, ""uncertainty"": null, ""allowed_values"": null, ""observed_min"": null, ""observed_max"": null, ""attrs"": {}}]","[{""op"": ""split"", ""params"": {""mode"": ""scene"", ""scene_overlap_fraction"": 0.218}}]",REFUTED,"The provided artifacts do not contain any information about units, which is crucial for understanding the scale and resolution of the data.",4,UNPARSED,,
112,SGX3_HELDOUT-FAMILY_vertical_datum_mismatch_002,"{""goal"": ""vertical_datum_mismatch"", ""required_quantity"": null, ""required_unit"": null, ""decision_time"": null, ""max_resolution_m"": null, ""requires_bare_earth"": false, ""requires_cloud_mask"": false, ""max_uncertainty"": null, ""temporal_tolerance_h"": null, ""required_value_range"": null}","[{""name"": ""terrain"", ""quantity"": ""elevation"", ""unit"": ""m"", ""scale"": ""continuous"", ""crs"": ""EPSG:32643"", ""resolution_m"": 10.0, ""temporal_resolution_h"": null, ""processing_level"": null, ""surface_model"": null, ""vertical_datum"": ""EGM2008"", ""acquisition_time"": null, ""available_time"": null, ""provenance"": ""authoritative-product"", ""band_role"": null, ""nodata_semantics"": null, ""uncertainty"": null, ""allowed_values"": null, ""observed_min"": null, ""observed_max"": null, ""attrs"": {}}, {""name"": ""water"", ""quantity"": ""water_level"", ""unit"": ""m"", ""scale"": ""continuous"", ""crs"": ""EPSG:32643"", ""resolution_m"": 10.0, ""temporal_resolution_h"": null, ""processing_level"": null, ""surface_model"": null, ""vertical_datum"": ""WGS84_ellipsoid"", ""acquisition_time"": null, ""available_time"": null, ""provenance"": ""authoritative-product"", ""band_role"": null, ""nodata_semantics"": null, ""uncertainty"": null, ""allowed_values"": null, ""observed_min"": null, ""observed_max"": null, ""attrs"": {}}]","[{""op"": ""combine_vertical"", ""params"": {""a"": 0, ""b"": 1}}]",REFUTED,"The provided artifacts do not match the required vertical datum ('EGM2008' vs 'WGS84_ellipsoid'). The combination of these datasets would result in inconsistent vertical datums, which violates the requirement for a consistent vertical datum.",4,UNPARSED,,
113,SGX3_HELDOUT-FAMILY_missing_provenance_000,"{""goal"": ""missing_provenance"", ""required_quantity"": null, ""required_unit"": null, ""decision_time"": null, ""max_resolution_m"": null, ""requires_bare_earth"": false, ""requires_cloud_mask"": false, ""max_uncertainty"": null, ""temporal_tolerance_h"": null, ""required_value_range"": null}","[{""name"": ""unknown-input"", ""quantity"": ""elevation"", ""unit"": null, ""scale"": ""continuous"", ""crs"": ""EPSG:32643"", ""resolution_m"": 10.0, ""temporal_resolution_h"": null, ""processing_level"": null, ""surface_model"": null, ""vertical_datum"": null, ""acquisition_time"": null, ""available_time"": null, ""provenance"": null, ""band_role"": null, ""nodata_semantics"": null, ""uncertainty"": null, ""allowed_values"": null, ""observed_min"": null, ""observed_max"": null, ""attrs"": {}}]",[],REFUTED,"The provided artifacts do not contain any information about the input dataset's provenance, which is essential for establishing the scientific goal of 'missing_provenance'. The absence of such details makes it impossible to evaluate whether the workflow aligns with the stated requirement.",5,UNPARSED,,
114,SGX3_DEVELOPMENT_spectral_role_001,"{""goal"": ""spectral_role"", ""required_quantity"": null, ""required_unit"": null, ""decision_time"": null, ""max_resolution_m"": null, ""requires_bare_earth"": false, ""requires_cloud_mask"": false, ""max_uncertainty"": null, ""temporal_tolerance_h"": null, ""required_value_range"": null}","[{""name"": ""red"", ""quantity"": ""reflectance"", ""unit"": null, ""scale"": ""continuous"", ""crs"": ""EPSG:32643"", ""resolution_m"": 10, ""temporal_resolution_h"": null, ""processing_level"": ""L2A"", ""surface_model"": null, ""vertical_datum"": null, ""acquisition_time"": null, ""available_time"": null, ""provenance"": ""authoritative-product"", ""band_role"": ""red"", ""nodata_semantics"": null, ""uncertainty"": null, ""allowed_values"": null, ""observed_min"": null, ""observed_max"": null, ""attrs"": {}}, {""name"": ""other"", ""quantity"": ""reflectance"", ""unit"": null, ""scale"": ""continuous"", ""crs"": ""EPSG:32643"", ""resolution_m"": 10, ""temporal_resolution_h"": null, ""processing_level"": ""L2A"", ""surface_model"": null, ""vertical_datum"": null, ""acquisition_time"": null, ""available_time"": null, ""provenance"": ""authoritative-product"", ""band_role"": ""swir16"", ""nodata_semantics"": null, ""uncertainty"": null, ""allowed_values"": null, ""observed_min"": null, ""observed_max"": null, ""attrs"": {}}]","[{""op"": ""spectral_index"", ""params"": {""red_artifact"": 0, ""other_artifact"": 1, ""expected_other_role"": ""nir"", ""explicit_alignment"": true}}]",REFUTED,"The provided artifacts do not include units for the red and other bands, which is required for spectral analysis.",4,UNPARSED,,
115,SGX3_HELDOUT-FAMILY_uncertainty_missing_008,"{""goal"": ""operational decision"", ""required_quantity"": null, ""required_unit"": null, ""decision_time"": null, ""max_resolution_m"": null, ""requires_bare_earth"": false, ""requires_cloud_mask"": false, ""max_uncertainty"": 0.05, ""temporal_tolerance_h"": null, ""required_value_range"": null}","[{""name"": ""hazard"", ""quantity"": ""hazard_probability"", ""unit"": ""dimensionless"", ""scale"": ""continuous"", ""crs"": ""EPSG:32643"", ""resolution_m"": 10.0, ""temporal_resolution_h"": null, ""processing_level"": null, ""surface_model"": null, ""vertical_datum"": null, ""acquisition_time"": null, ""available_time"": null, ""provenance"": ""authoritative-product"", ""band_role"": null, ""nodata_semantics"": null, ""uncertainty"": 0.0116, ""allowed_values"": null, ""observed_min"": null, ""observed_max"": null, ""attrs"": {}}]",[],REFUTED,"The provided hazard probability data has a scale of 'continuous', which is incompatible with the requirement for operational decisions where discrete values (e.g., binary) may be more appropriate.",4,UNPARSED,,
116,SGX3_BLIND_landcover_change_047,"{""goal"": ""landcover_change"", ""required_quantity"": null, ""required_unit"": null, ""decision_time"": null, ""max_resolution_m"": null, ""requires_bare_earth"": false, ""requires_cloud_mask"": false, ""max_uncertainty"": null, ""temporal_tolerance_h"": null, ""required_value_range"": null}","[{""name"": ""WorldCover-20"", ""quantity"": ""land_cover"", ""unit"": null, ""scale"": ""categorical"", ""crs"": ""EPSG:4326"", ""resolution_m"": 20, ""temporal_resolution_h"": null, ""processing_level"": null, ""surface_model"": null, ""vertical_datum"": null, ""acquisition_time"": null, ""available_time"": null, ""provenance"": null, ""band_role"": null, ""nodata_semantics"": null, ""uncertainty"": null, ""allowed_values"": [10, 20, 30, 40, 50, 60, 70, 80, 90, 95, 100], ""observed_min"": null, ""observed_max"": null, ""attrs"": {}}]","[{""op"": ""resample"", ""params"": {""artifact"": 0, ""method"": ""bilinear"", ""target_resolution_m"": 40, ""evidence_of_new_information"": true}}]",REFUTED,"The provided artifacts do not include any information about units, which is crucial for understanding the scale of measurements in land cover change analysis.",4,UNPARSED,,
117,SGX3_BLIND_flood_depth_032,"{""goal"": ""flood_depth"", ""required_quantity"": null, ""required_unit"": null, ""decision_time"": null, ""max_resolution_m"": null, ""requires_bare_earth"": false, ""requires_cloud_mask"": false, ""max_uncertainty"": null, ""temporal_tolerance_h"": null, ""required_value_range"": null}","[{""name"": ""terrain-90"", ""quantity"": ""elevation"", ""unit"": ""m"", ""scale"": ""continuous"", ""crs"": ""EPSG:32643"", ""resolution_m"": 90, ""temporal_resolution_h"": null, ""processing_level"": null, ""surface_model"": ""DSM"", ""vertical_datum"": ""EGM2008"", ""acquisition_time"": null, ""available_time"": null, ""provenance"": ""Copernicus DEM"", ""band_role"": null, ""nodata_semantics"": null, ""uncertainty"": null, ""allowed_values"": null, ""observed_min"": null, ""observed_max"": null, ""attrs"": {}}, {""name"": ""water-surface"", ""quantity"": ""water_level"", ""unit"": ""m"", ""scale"": ""continuous"", ""crs"": ""EPSG:32643"", ""resolution_m"": 10.0, ""temporal_resolution_h"": null, ""processing_level"": null, ""surface_model"": null, ""vertical_datum"": ""EGM2008"", ""acquisition_time"": null, ""available_time"": null, ""provenance"": ""hydraulic model"", ""band_role"": null, ""nodata_semantics"": null, ""uncertainty"": null, ""allowed_values"": null, ""observed_min"": null, ""observed_max"": null, ""attrs"": {}}]","[{""op"": ""combine_vertical"", ""params"": {""a"": 0, ""b"": 1}}, {""op"": ""convert_unit"", ""params"": {""artifact"": 1, ""to"": ""km2""}}]",REFUTED,The conversion of elevation (m) to water surface (m) is unsupported because elevation and water surface units do not directly convert.,4,UNPARSED,,
118,SGX3_BLIND_eo_ml_validation_047,"{""goal"": ""eo_ml_validation"", ""required_quantity"": null, ""required_unit"": null, ""decision_time"": null, ""max_resolution_m"": null, ""requires_bare_earth"": false, ""requires_cloud_mask"": false, ""max_uncertainty"": null, ""temporal_tolerance_h"": null, ""required_value_range"": null}","[{""name"": ""EO-samples-1636"", ""quantity"": ""training_samples"", ""unit"": null, ""scale"": ""continuous"", ""crs"": ""EPSG:32643"", ""resolution_m"": 10.0, ""temporal_resolution_h"": null, ""processing_level"": null, ""surface_model"": null, ""vertical_datum"": null, ""acquisition_time"": null, ""available_time"": null, ""provenance"": ""authoritative-product"", ""band_role"": null, ""nodata_semantics"": null, ""uncertainty"": null, ""allowed_values"": null, ""observed_min"": null, ""observed_max"": null, ""attrs"": {}}]","[{""op"": ""split"", ""params"": {""mode"": ""temporal"", ""train_end"": ""2024-07-17T00:00:00+00:00"", ""test_start"": ""2024-07-01T00:00:00+00:00""}}]",REFUTED,The provided artifacts do not contain any information about how the EO samples will be converted into a format suitable for ML validation. The conversion process is crucial as it must ensure compatibility with the required input formats and scales.,4,UNPARSED,,
119,SGX3_DEVELOPMENT_unsupported_resolution_gain_015,"{""goal"": ""unsupported_resolution_gain"", ""required_quantity"": null, ""required_unit"": null, ""decision_time"": null, ""max_resolution_m"": null, ""requires_bare_earth"": false, ""requires_cloud_mask"": false, ""max_uncertainty"": null, ""temporal_tolerance_h"": null, ""required_value_range"": null}","[{""name"": ""raster"", ""quantity"": ""surface_property"", ""unit"": null, ""scale"": ""continuous"", ""crs"": ""EPSG:32643"", ""resolution_m"": 50, ""temporal_resolution_h"": null, ""processing_level"": null, ""surface_model"": null, ""vertical_datum"": null, ""acquisition_time"": null, ""available_time"": null, ""provenance"": ""authoritative-product"", ""band_role"": null, ""nodata_semantics"": null, ""uncertainty"": null, ""allowed_values"": null, ""observed_min"": null, ""observed_max"": null, ""attrs"": {}}]","[{""op"": ""resample"", ""params"": {""artifact"": 0, ""method"": ""bilinear"", ""target_resolution_m"": 150, ""evidence_of_new_information"": false}}]",REFUTED,"The provided workflow aims to achieve 'unsupported resolution gain', which implies increasing the resolution of a raster dataset without loss of information. However, the current artifact has a resolution of 50 meters, while the target resolution specified in the operation is 150 meters. This mismatch indicates that the workflow cannot directly achieve the intended unsupported resolution gain as described.",4,UNPARSED,,
120,SGX3_HELDOUT-FAMILY_multisensor_time_mismatch_010,"{""goal"": ""multisensor_time_mismatch"", ""required_quantity"": null, ""required_unit"": null, ""decision_time"": null, ""max_resolution_m"": null, ""requires_bare_earth"": false, ""requires_cloud_mask"": false, ""max_uncertainty"": null, ""temporal_tolerance_h"": null, ""required_value_range"": null}","[{""name"": ""S1"", ""quantity"": ""backscatter"", ""unit"": null, ""scale"": ""continuous"", ""crs"": ""EPSG:32643"", ""resolution_m"": 10.0, ""temporal_resolution_h"": null, ""processing_level"": null, ""surface_model"": null, ""vertical_datum"": null, ""acquisition_time"": ""2024-07-01T10:00:00+00:00"", ""available_time"": null, ""provenance"": ""authoritative-product"", ""band_role"": null, ""nodata_semantics"": null, ""uncertainty"": null, ""allowed_values"": null, ""observed_min"": null, ""observed_max"": null, ""attrs"": {}}, {""name"": ""S2"", ""quantity"": ""reflectance"", ""unit"": null, ""scale"": ""continuous"", ""crs"": ""EPSG:32643"", ""resolution_m"": 10.0, ""temporal_resolution_h"": null, ""processing_level"": null, ""surface_model"": null, ""vertical_datum"": null, ""acquisition_time"": ""2024-07-03T03:00:00+00:00"", ""available_time"": null, ""provenance"": ""authoritative-product"", ""band_role"": null, ""nodata_semantics"": null, ""uncertainty"": null, ""allowed_values"": null, ""observed_min"": null, ""observed_max"": null, ""attrs"": {}}]","[{""op"": ""compare_sensors"", ""params"": {""a"": 0, ""b"": 1, ""tolerance_h"": 12}}]",REFUTED,"The provided artifacts do not match the required quantity 'backscatter' for sensor S1, which is specified as 'reflectance'. Additionally, the temporal resolution of S2 (3 hours) is inconsistent with the requirement of having a maximum temporal tolerance of 12 hours.",4,UNPARSED,,
121,SGX3_DEVELOPMENT_angular_area_005,"{""goal"": ""angular_area"", ""required_quantity"": null, ""required_unit"": null, ""decision_time"": null, ""max_resolution_m"": null, ""requires_bare_earth"": false, ""requires_cloud_mask"": false, ""max_uncertainty"": null, ""temporal_tolerance_h"": null, ""required_value_range"": null}","[{""name"": ""flood-polygon"", ""quantity"": ""flood_extent"", ""unit"": null, ""scale"": ""binary"", ""crs"": ""EPSG:32644"", ""resolution_m"": 30, ""temporal_resolution_h"": null, ""processing_level"": null, ""surface_model"": null, ""vertical_datum"": null, ""acquisition_time"": null, ""available_time"": null, ""provenance"": ""authoritative-product"", ""band_role"": null, ""nodata_semantics"": null, ""uncertainty"": null, ""allowed_values"": null, ""observed_min"": null, ""observed_max"": null, ""attrs"": {}}]","[{""op"": ""area"", ""params"": {""artifact"": 0, ""method"": ""planar"", ""output_unit"": ""km2""}}]",REFUTED,The provided unit 'km2' (square kilometers) is unsupported by the given artifacts which do not specify any area measurement.,4,UNPARSED,,
122,SGX3_BLIND_flood_depth_012,"{""goal"": ""flood_depth"", ""required_quantity"": null, ""required_unit"": null, ""decision_time"": null, ""max_resolution_m"": null, ""requires_bare_earth"": false, ""requires_cloud_mask"": false, ""max_uncertainty"": null, ""temporal_tolerance_h"": null, ""required_value_range"": null}","[{""name"": ""terrain-10"", ""quantity"": ""elevation"", ""unit"": ""m"", ""scale"": ""continuous"", ""crs"": ""EPSG:32643"", ""resolution_m"": 10, ""temporal_resolution_h"": null, ""processing_level"": null, ""surface_model"": ""DSM"", ""vertical_datum"": ""EGM2008"", ""acquisition_time"": null, ""available_time"": null, ""provenance"": ""Copernicus DEM"", ""band_role"": null, ""nodata_semantics"": null, ""uncertainty"": null, ""allowed_values"": null, ""observed_min"": null, ""observed_max"": null, ""attrs"": {}}, {""name"": ""water-surface"", ""quantity"": ""water_level"", ""unit"": ""m"", ""scale"": ""continuous"", ""crs"": ""EPSG:32643"", ""resolution_m"": 10.0, ""temporal_resolution_h"": null, ""processing_level"": null, ""surface_model"": null, ""vertical_datum"": null, ""acquisition_time"": null, ""available_time"": null, ""provenance"": ""hydraulic model"", ""band_role"": null, ""nodata_semantics"": null, ""uncertainty"": null, ""allowed_values"": null, ""observed_min"": null, ""observed_max"": null, ""attrs"": {}}]","[{""op"": ""combine_vertical"", ""params"": {""a"": 0, ""b"": 1}}, {""op"": ""convert_unit"", ""params"": {""artifact"": 1, ""to"": ""km2""}}]",REFUTED,The conversion of elevation (m) to water surface (m) is unsupported because elevation and water surface units do not directly convert.,4,UNPARSED,,
123,SGX3_HELDOUT-FAMILY_scene_overlap_leakage_010,"{""goal"": ""scene_overlap_leakage"", ""required_quantity"": null, ""required_unit"": null, ""decision_time"": null, ""max_resolution_m"": null, ""requires_bare_earth"": false, ""requires_cloud_mask"": false, ""max_uncertainty"": null, ""temporal_tolerance_h"": null, ""required_value_range"": null}","[{""name"": ""chips"", ""quantity"": ""image_samples"", ""unit"": null, ""scale"": ""continuous"", ""crs"": ""EPSG:32643"", ""resolution_m"": 10.0, ""temporal_resolution_h"": null, ""processing_level"": null, ""surface_model"": null, ""vertical_datum"": null, ""acquisition_time"": null, ""available_time"": null, ""provenance"": ""authoritative-product"", ""band_role"": null, ""nodata_semantics"": null, ""uncertainty"": null, ""allowed_values"": null, ""observed_min"": null, ""observed_max"": null, ""attrs"": {}}]","[{""op"": ""split"", ""params"": {""mode"": ""scene"", ""scene_overlap_fraction"": 0.259}}]",REFUTED,"The provided artifacts do not include any unit information, which is essential for defining the scale of the imagery.",4,UNPARSED,,
124,SGX3_BLIND_flood_remote_sensing_049,"{""goal"": ""flood_remote_sensing"", ""required_quantity"": null, ""required_unit"": null, ""decision_time"": null, ""max_resolution_m"": null, ""requires_bare_earth"": false, ""requires_cloud_mask"": false, ""max_uncertainty"": null, ""temporal_tolerance_h"": null, ""required_value_range"": null}","[{""name"": ""flood-mask-20"", ""quantity"": ""flood_extent"", ""unit"": null, ""scale"": ""binary"", ""crs"": ""EPSG:6933"", ""resolution_m"": 20, ""temporal_resolution_h"": null, ""processing_level"": null, ""surface_model"": null, ""vertical_datum"": null, ""acquisition_time"": null, ""available_time"": null, ""provenance"": ""authoritative-product"", ""band_role"": null, ""nodata_semantics"": null, ""uncertainty"": null, ""allowed_values"": null, ""observed_min"": null, ""observed_max"": null, ""attrs"": {""cloud_mask_applied"": true}}, {""name"": ""S1"", ""quantity"": ""backscatter"", ""unit"": null, ""scale"": ""continuous"", ""crs"": ""EPSG:32643"", ""resolution_m"": 10, ""temporal_resolution_h"": null, ""processing_level"": null, ""surface_model"": null, ""vertical_datum"": null, ""acquisition_time"": ""2024-07-15T10:00:00+00:00"", ""available_time"": null, ""provenance"": ""authoritative-product"", ""band_role"": null, ""nodata_semantics"": null, ""uncertainty"": null, ""allowed_values"": null, ""observed_min"": null, ""observed_max"": null, ""attrs"": {}}, {""name"": ""S2"", ""quantity"": ""reflectance"", ""unit"": null, ""scale"": ""continuous"", ""crs"": ""EPSG:32643"", ""resolution_m"": 10, ""temporal_resolution_h"": null, ""processing_level"": null, ""surface_model"": null, ""vertical_datum"": null, ""acquisition_time"": ""2024-07-15T22:00:00+00:00"", ""available_time"": null, ""provenance"": ""authoritative-product"", ""band_role"": null, ""nodata_semantics"": null, ""uncertainty"": null, ""allowed_values"": null, ""observed_min"": null, ""observed_max"": null, ""attrs"": {}}]","[{""op"": ""require_cloud_mask"", ""params"": {""artifact"": 0}}, {""op"": ""compare_sensors"", ""params"": {""a"": 1, ""b"": 2, ""tolerance_h"": 24}}, {""op"": ""area"", ""params"": {""artifact"": 0, ""method"": ""geodesic"", ""output_unit"": ""km2""}}]",REFUTED,"The provided artifacts do not match the required units (binary vs. continuous) and resolutions (20m vs. 10m). The flood mask artifact requires binary values while the S1 and S2 reflectance artifacts require continuous values. Additionally, the resolution of the flood mask artifact (20m) is significantly higher than the other artifacts (10m), which may affect the accuracy of the area calculation.",3,UNPARSED,,
125,SGX3_BLIND_flood_depth_029,"{""goal"": ""flood_depth"", ""required_quantity"": null, ""required_unit"": null, ""decision_time"": null, ""max_resolution_m"": null, ""requires_bare_earth"": false, ""requires_cloud_mask"": false, ""max_uncertainty"": null, ""temporal_tolerance_h"": null, ""required_value_range"": null}","[{""name"": ""terrain-10"", ""quantity"": ""elevation"", ""unit"": ""m"", ""scale"": ""continuous"", ""crs"": ""EPSG:32643"", ""resolution_m"": 10, ""temporal_resolution_h"": null, ""processing_level"": null, ""surface_model"": ""DTM"", ""vertical_datum"": ""EGM2008"", ""acquisition_time"": null, ""available_time"": null, ""provenance"": ""Copernicus DEM"", ""band_role"": null, ""nodata_semantics"": null, ""uncertainty"": null, ""allowed_values"": null, ""observed_min"": null, ""observed_max"": null, ""attrs"": {}}, {""name"": ""water-surface"", ""quantity"": ""water_level"", ""unit"": ""m"", ""scale"": ""continuous"", ""crs"": ""EPSG:32643"", ""resolution_m"": 10.0, ""temporal_resolution_h"": null, ""processing_level"": null, ""surface_model"": null, ""vertical_datum"": ""EGM2008"", ""acquisition_time"": null, ""available_time"": null, ""provenance"": ""hydraulic model"", ""band_role"": null, ""nodata_semantics"": null, ""uncertainty"": null, ""allowed_values"": null, ""observed_min"": null, ""observed_max"": null, ""attrs"": {}}]","[{""op"": ""combine_vertical"", ""params"": {""a"": 0, ""b"": 1}}, {""op"": ""convert_unit"", ""params"": {""artifact"": 1, ""to"": ""K""}}]",REFUTED,The conversion of units between elevation (m) and water level (m) is unsupported because they represent fundamentally different quantities in hydrology.,4,UNPARSED,,
126,SGX3_HELDOUT-FAMILY_temporal_split_overlap_006,"{""goal"": ""temporal_split_overlap"", ""required_quantity"": null, ""required_unit"": null, ""decision_time"": null, ""max_resolution_m"": null, ""requires_bare_earth"": false, ""requires_cloud_mask"": false, ""max_uncertainty"": null, ""temporal_tolerance_h"": null, ""required_value_range"": null}","[{""name"": ""records"", ""quantity"": ""time_series"", ""unit"": null, ""scale"": ""continuous"", ""crs"": ""EPSG:32643"", ""resolution_m"": 10.0, ""temporal_resolution_h"": null, ""processing_level"": null, ""surface_model"": null, ""vertical_datum"": null, ""acquisition_time"": null, ""available_time"": null, ""provenance"": ""authoritative-product"", ""band_role"": null, ""nodata_semantics"": null, ""uncertainty"": null, ""allowed_values"": null, ""observed_min"": null, ""observed_max"": null, ""attrs"": {}}]","[{""op"": ""split"", ""params"": {""mode"": ""temporal"", ""train_end"": ""2024-06-13T00:00:00+00:00"", ""test_start"": ""2024-07-01T00:00:00+00:00""}}]",REFUTED,The provided artifacts do not match the required quantity of 'time_series' as specified in the goal. The artifact named 'records' has no time series information.,4,UNPARSED,,
127,SGX3_HELDOUT-FAMILY_physical_range_violation_000,"{""goal"": ""physical_range_violation"", ""required_quantity"": null, ""required_unit"": null, ""decision_time"": null, ""max_resolution_m"": null, ""requires_bare_earth"": false, ""requires_cloud_mask"": false, ""max_uncertainty"": null, ""temporal_tolerance_h"": null, ""required_value_range"": null}","[{""name"": ""index"", ""quantity"": ""NDVI"", ""unit"": ""dimensionless"", ""scale"": ""continuous"", ""crs"": ""EPSG:32643"", ""resolution_m"": 10.0, ""temporal_resolution_h"": null, ""processing_level"": null, ""surface_model"": null, ""vertical_datum"": null, ""acquisition_time"": null, ""available_time"": null, ""provenance"": ""authoritative-product"", ""band_role"": null, ""nodata_semantics"": null, ""uncertainty"": null, ""allowed_values"": null, ""observed_min"": -0.8, ""observed_max"": 1.3, ""attrs"": {}}]","[{""op"": ""assert_value_range"", ""params"": {""artifact"": 0, ""min"": -1, ""max"": 1}}]",REFUTED,"The provided artifact has a value range of [-0.8, 1.3] which exceeds the required min (-1) and max (1). The 'assert_value_range' operation in the workflow expects values within these bounds.",4,UNPARSED,,
128,SGX3_BLIND_flood_depth_041,"{""goal"": ""flood_depth"", ""required_quantity"": null, ""required_unit"": null, ""decision_time"": null, ""max_resolution_m"": null, ""requires_bare_earth"": false, ""requires_cloud_mask"": false, ""max_uncertainty"": null, ""temporal_tolerance_h"": null, ""required_value_range"": null}","[{""name"": ""terrain-90"", ""quantity"": ""elevation"", ""unit"": ""m"", ""scale"": ""continuous"", ""crs"": ""EPSG:32643"", ""resolution_m"": 90, ""temporal_resolution_h"": null, ""processing_level"": null, ""surface_model"": ""DTM"", ""vertical_datum"": ""EGM2008"", ""acquisition_time"": null, ""available_time"": null, ""provenance"": ""Copernicus DEM"", ""band_role"": null, ""nodata_semantics"": null, ""uncertainty"": null, ""allowed_values"": null, ""observed_min"": null, ""observed_max"": null, ""attrs"": {}}, {""name"": ""water-surface"", ""quantity"": ""water_level"", ""unit"": ""m"", ""scale"": ""continuous"", ""crs"": ""EPSG:32643"", ""resolution_m"": 10.0, ""temporal_resolution_h"": null, ""processing_level"": null, ""surface_model"": null, ""vertical_datum"": ""EGM2008"", ""acquisition_time"": null, ""available_time"": null, ""provenance"": ""hydraulic model"", ""band_role"": null, ""nodata_semantics"": null, ""uncertainty"": null, ""allowed_values"": null, ""observed_min"": null, ""observed_max"": null, ""attrs"": {}}]","[{""op"": ""combine_vertical"", ""params"": {""a"": 0, ""b"": 1}}, {""op"": ""convert_unit"", ""params"": {""artifact"": 1, ""to"": ""K""}}]",REFUTED,The conversion of units between elevation (m) and water level (m) is unsupported because they represent fundamentally different quantities in hydrology.,4,UNPARSED,,
129,SGX3_HELDOUT-FAMILY_vertical_datum_mismatch_000,"{""goal"": ""vertical_datum_mismatch"", ""required_quantity"": null, ""required_unit"": null, ""decision_time"": null, ""max_resolution_m"": null, ""requires_bare_earth"": false, ""requires_cloud_mask"": false, ""max_uncertainty"": null, ""temporal_tolerance_h"": null, ""required_value_range"": null}","[{""name"": ""terrain"", ""quantity"": ""elevation"", ""unit"": ""m"", ""scale"": ""continuous"", ""crs"": ""EPSG:32643"", ""resolution_m"": 10.0, ""temporal_resolution_h"": null, ""processing_level"": null, ""surface_model"": null, ""vertical_datum"": ""EGM2008"", ""acquisition_time"": null, ""available_time"": null, ""provenance"": ""authoritative-product"", ""band_role"": null, ""nodata_semantics"": null, ""uncertainty"": null, ""allowed_values"": null, ""observed_min"": null, ""observed_max"": null, ""attrs"": {}}, {""name"": ""water"", ""quantity"": ""water_level"", ""unit"": ""m"", ""scale"": ""continuous"", ""crs"": ""EPSG:32643"", ""resolution_m"": 10.0, ""temporal_resolution_h"": null, ""processing_level"": null, ""surface_model"": null, ""vertical_datum"": ""EGM96"", ""acquisition_time"": null, ""available_time"": null, ""provenance"": ""authoritative-product"", ""band_role"": null, ""nodata_semantics"": null, ""uncertainty"": null, ""allowed_values"": null, ""observed_min"": null, ""observed_max"": null, ""attrs"": {}}]","[{""op"": ""combine_vertical"", ""params"": {""a"": 0, ""b"": 1}}]",REFUTED,"The provided artifacts do not match the required vertical datum ('EGM2008' vs 'EGM96'). The combination of these datasets would result in inconsistent vertical datums, which violates the requirement for a consistent vertical datum.",4,UNPARSED,,
130,SGX3_DEVELOPMENT_categorical_interpolation_010,"{""goal"": ""categorical_interpolation"", ""required_quantity"": null, ""required_unit"": null, ""decision_time"": null, ""max_resolution_m"": null, ""requires_bare_earth"": false, ""requires_cloud_mask"": false, ""max_uncertainty"": null, ""temporal_tolerance_h"": null, ""required_value_range"": null}","[{""name"": ""landcover-20"", ""quantity"": ""land_cover"", ""unit"": null, ""scale"": ""categorical"", ""crs"": ""EPSG:4326"", ""resolution_m"": 20, ""temporal_resolution_h"": null, ""processing_level"": null, ""surface_model"": null, ""vertical_datum"": null, ""acquisition_time"": null, ""available_time"": null, ""provenance"": ""authoritative-product"", ""band_role"": null, ""nodata_semantics"": null, ""uncertainty"": null, ""allowed_values"": [10, 20, 30, 40, 50, 60, 70, 80, 90, 95, 100], ""observed_min"": null, ""observed_max"": null, ""attrs"": {}}]","[{""op"": ""resample"", ""params"": {""artifact"": 0, ""method"": ""lanczos"", ""target_resolution_m"": 60, ""evidence_of_new_information"": true}}]",REFUTED,"The provided workflow uses resampling (operation 'resample') which is not supported by the given artifacts. The artifacts describe categorical land cover data at a resolution of 20 meters, while resampling typically requires continuous or gridded data.",4,UNPARSED,,
131,SGX3_HELDOUT-FAMILY_scene_overlap_leakage_004,"{""goal"": ""scene_overlap_leakage"", ""required_quantity"": null, ""required_unit"": null, ""decision_time"": null, ""max_resolution_m"": null, ""requires_bare_earth"": false, ""requires_cloud_mask"": false, ""max_uncertainty"": null, ""temporal_tolerance_h"": null, ""required_value_range"": null}","[{""name"": ""chips"", ""quantity"": ""image_samples"", ""unit"": null, ""scale"": ""continuous"", ""crs"": ""EPSG:32643"", ""resolution_m"": 10.0, ""temporal_resolution_h"": null, ""processing_level"": null, ""surface_model"": null, ""vertical_datum"": null, ""acquisition_time"": null, ""available_time"": null, ""provenance"": ""authoritative-product"", ""band_role"": null, ""nodata_semantics"": null, ""uncertainty"": null, ""allowed_values"": null, ""observed_min"": null, ""observed_max"": null, ""attrs"": {}}]","[{""op"": ""split"", ""params"": {""mode"": ""scene"", ""scene_overlap_fraction"": 0.404}}]",REFUTED,"The provided artifacts do not include any unit information, which is essential for defining the scale of the imagery.",4,UNPARSED,,
132,SGX3_BLIND_flood_remote_sensing_007,"{""goal"": ""flood_remote_sensing"", ""required_quantity"": null, ""required_unit"": null, ""decision_time"": null, ""max_resolution_m"": null, ""requires_bare_earth"": false, ""requires_cloud_mask"": false, ""max_uncertainty"": null, ""temporal_tolerance_h"": null, ""required_value_range"": null}","[{""name"": ""flood-mask-10"", ""quantity"": ""flood_extent"", ""unit"": null, ""scale"": ""binary"", ""crs"": ""EPSG:6933"", ""resolution_m"": 10, ""temporal_resolution_h"": null, ""processing_level"": null, ""surface_model"": null, ""vertical_datum"": null, ""acquisition_time"": null, ""available_time"": null, ""provenance"": ""authoritative-product"", ""band_role"": null, ""nodata_semantics"": null, ""uncertainty"": null, ""allowed_values"": null, ""observed_min"": null, ""observed_max"": null, ""attrs"": {""cloud_mask_applied"": true}}, {""name"": ""S1"", ""quantity"": ""backscatter"", ""unit"": null, ""scale"": ""continuous"", ""crs"": ""EPSG:32643"", ""resolution_m"": 10, ""temporal_resolution_h"": null, ""processing_level"": null, ""surface_model"": null, ""vertical_datum"": null, ""acquisition_time"": ""2024-07-05T10:00:00+00:00"", ""available_time"": null, ""provenance"": ""authoritative-product"", ""band_role"": null, ""nodata_semantics"": null, ""uncertainty"": null, ""allowed_values"": null, ""observed_min"": null, ""observed_max"": null, ""attrs"": {}}, {""name"": ""S2"", ""quantity"": ""reflectance"", ""unit"": null, ""scale"": ""continuous"", ""crs"": ""EPSG:32643"", ""resolution_m"": 10, ""temporal_resolution_h"": null, ""processing_level"": null, ""surface_model"": null, ""vertical_datum"": null, ""acquisition_time"": ""2024-07-05T22:00:00+00:00"", ""available_time"": null, ""provenance"": ""authoritative-product"", ""band_role"": null, ""nodata_semantics"": null, ""uncertainty"": null, ""allowed_values"": null, ""observed_min"": null, ""observed_max"": null, ""attrs"": {}}]","[{""op"": ""require_cloud_mask"", ""params"": {""artifact"": 0}}, {""op"": ""compare_sensors"", ""params"": {""a"": 1, ""b"": 2, ""tolerance_h"": 6}}, {""op"": ""area"", ""params"": {""artifact"": 0, ""method"": ""geodesic"", ""output_unit"": ""km2""}}]",REFUTED,The provided artifacts do not match the required units (binary vs. continuous) and resolutions (10m vs. 10m). The comparison of sensors requires consistent unit types and resolutions.,3,UNPARSED,,
133,SGX3_HELDOUT-FAMILY_temporal_split_overlap_005,"{""goal"": ""temporal_split_overlap"", ""required_quantity"": null, ""required_unit"": null, ""decision_time"": null, ""max_resolution_m"": null, ""requires_bare_earth"": false, ""requires_cloud_mask"": false, ""max_uncertainty"": null, ""temporal_tolerance_h"": null, ""required_value_range"": null}","[{""name"": ""records"", ""quantity"": ""time_series"", ""unit"": null, ""scale"": ""continuous"", ""crs"": ""EPSG:32643"", ""resolution_m"": 10.0, ""temporal_resolution_h"": null, ""processing_level"": null, ""surface_model"": null, ""vertical_datum"": null, ""acquisition_time"": null, ""available_time"": null, ""provenance"": ""authoritative-product"", ""band_role"": null, ""nodata_semantics"": null, ""uncertainty"": null, ""allowed_values"": null, ""observed_min"": null, ""observed_max"": null, ""attrs"": {}}]","[{""op"": ""split"", ""params"": {""mode"": ""temporal"", ""train_end"": ""2024-06-01T00:00:00+00:00"", ""test_start"": ""2024-07-01T00:00:00+00:00""}}]",REFUTED,The provided artifacts do not match the required quantity of 'time_series' as specified in the goal. The artifact named 'records' has no time series information.,4,UNPARSED,,
134,SGX3_BLIND_landcover_change_012,"{""goal"": ""landcover_change"", ""required_quantity"": null, ""required_unit"": null, ""decision_time"": null, ""max_resolution_m"": null, ""requires_bare_earth"": false, ""requires_cloud_mask"": false, ""max_uncertainty"": null, ""temporal_tolerance_h"": null, ""required_value_range"": null}","[{""name"": ""WorldCover-20"", ""quantity"": ""land_cover"", ""unit"": null, ""scale"": ""categorical"", ""crs"": ""EPSG:4326"", ""resolution_m"": 20, ""temporal_resolution_h"": null, ""processing_level"": null, ""surface_model"": null, ""vertical_datum"": null, ""acquisition_time"": null, ""available_time"": null, ""provenance"": null, ""band_role"": null, ""nodata_semantics"": null, ""uncertainty"": null, ""allowed_values"": [10, 20, 30, 40, 50, 60, 70, 80, 90, 95, 100], ""observed_min"": null, ""observed_max"": null, ""attrs"": {}}]","[{""op"": ""resample"", ""params"": {""artifact"": 0, ""method"": ""lanczos"", ""target_resolution_m"": 40, ""evidence_of_new_information"": true}}]",REFUTED,The provided method 'lanczos' for resampling categorical land cover data is unsupported for categorical data.,4,UNPARSED,,
135,SGX3_DEVELOPMENT_unsupported_resolution_gain_014,"{""goal"": ""unsupported_resolution_gain"", ""required_quantity"": null, ""required_unit"": null, ""decision_time"": null, ""max_resolution_m"": null, ""requires_bare_earth"": false, ""requires_cloud_mask"": false, ""max_uncertainty"": null, ""temporal_tolerance_h"": null, ""required_value_range"": null}","[{""name"": ""raster"", ""quantity"": ""surface_property"", ""unit"": null, ""scale"": ""continuous"", ""crs"": ""EPSG:32643"", ""resolution_m"": 20, ""temporal_resolution_h"": null, ""processing_level"": null, ""surface_model"": null, ""vertical_datum"": null, ""acquisition_time"": null, ""available_time"": null, ""provenance"": ""authoritative-product"", ""band_role"": null, ""nodata_semantics"": null, ""uncertainty"": null, ""allowed_values"": null, ""observed_min"": null, ""observed_max"": null, ""attrs"": {}}]","[{""op"": ""resample"", ""params"": {""artifact"": 0, ""method"": ""bilinear"", ""target_resolution_m"": 10.0, ""evidence_of_new_information"": false}}]",REFUTED,"The provided workflow aims to achieve 'unsupported resolution gain', which implies increasing the resolution of a raster dataset without loss of information. However, the current artifact has a resolution of 20 meters (m), while the target resolution specified in the operation is 10 meters (m). This mismatch directly contradicts the intended outcome of achieving higher resolution.",4,UNPARSED,,
136,SGX3_HELDOUT-FAMILY_scene_overlap_leakage_006,"{""goal"": ""scene_overlap_leakage"", ""required_quantity"": null, ""required_unit"": null, ""decision_time"": null, ""max_resolution_m"": null, ""requires_bare_earth"": false, ""requires_cloud_mask"": false, ""max_uncertainty"": null, ""temporal_tolerance_h"": null, ""required_value_range"": null}","[{""name"": ""chips"", ""quantity"": ""image_samples"", ""unit"": null, ""scale"": ""continuous"", ""crs"": ""EPSG:32643"", ""resolution_m"": 10.0, ""temporal_resolution_h"": null, ""processing_level"": null, ""surface_model"": null, ""vertical_datum"": null, ""acquisition_time"": null, ""available_time"": null, ""provenance"": ""authoritative-product"", ""band_role"": null, ""nodata_semantics"": null, ""uncertainty"": null, ""allowed_values"": null, ""observed_min"": null, ""observed_max"": null, ""attrs"": {}}]","[{""op"": ""split"", ""params"": {""mode"": ""scene"", ""scene_overlap_fraction"": 0.396}}]",REFUTED,"The provided artifacts do not include any unit information, which is essential for defining the scale of the imagery.",4,UNPARSED,,
137,SGX3_BLIND_flood_remote_sensing_002,"{""goal"": ""flood_remote_sensing"", ""required_quantity"": null, ""required_unit"": null, ""decision_time"": null, ""max_resolution_m"": null, ""requires_bare_earth"": false, ""requires_cloud_mask"": false, ""max_uncertainty"": null, ""temporal_tolerance_h"": null, ""required_value_range"": null}","[{""name"": ""flood-mask-20"", ""quantity"": ""flood_extent"", ""unit"": null, ""scale"": ""binary"", ""crs"": ""EPSG:4326"", ""resolution_m"": 20, ""temporal_resolution_h"": null, ""processing_level"": null, ""surface_model"": null, ""vertical_datum"": null, ""acquisition_time"": null, ""available_time"": null, ""provenance"": ""authoritative-product"", ""band_role"": null, ""nodata_semantics"": null, ""uncertainty"": null, ""allowed_values"": null, ""observed_min"": null, ""observed_max"": null, ""attrs"": {""cloud_mask_applied"": false}}, {""name"": ""S1"", ""quantity"": ""backscatter"", ""unit"": null, ""scale"": ""continuous"", ""crs"": ""EPSG:32643"", ""resolution_m"": 10, ""temporal_resolution_h"": null, ""processing_level"": null, ""surface_model"": null, ""vertical_datum"": null, ""acquisition_time"": ""2024-07-05T10:00:00+00:00"", ""available_time"": null, ""provenance"": ""authoritative-product"", ""band_role"": null, ""nodata_semantics"": null, ""uncertainty"": null, ""allowed_values"": null, ""observed_min"": null, ""observed_max"": null, ""attrs"": {}}, {""name"": ""S2"", ""quantity"": ""reflectance"", ""unit"": null, ""scale"": ""continuous"", ""crs"": ""EPSG:32643"", ""resolution_m"": 10, ""temporal_resolution_h"": null, ""processing_level"": null, ""surface_model"": null, ""vertical_datum"": null, ""acquisition_time"": ""2024-07-06T10:00:00+00:00"", ""available_time"": null, ""provenance"": ""authoritative-product"", ""band_role"": null, ""nodata_semantics"": null, ""uncertainty"": null, ""allowed_values"": null, ""observed_min"": null, ""observed_max"": null, ""attrs"": {}}]","[{""op"": ""require_cloud_mask"", ""params"": {""artifact"": 0}}, {""op"": ""compare_sensors"", ""params"": {""a"": 1, ""b"": 2, ""tolerance_h"": 24}}, {""op"": ""area"", ""params"": {""artifact"": 0, ""method"": ""planar"", ""output_unit"": ""km2""}}]",REFUTED,The provided artifacts do not match the required units (binary vs. continuous) and resolutions (20m vs. 10m). The comparison of sensors requires consistent unit scales.,3,UNPARSED,,
138,SGX3_DEVELOPMENT_nodata_zero_001,"{""goal"": ""nodata_zero"", ""required_quantity"": null, ""required_unit"": null, ""decision_time"": null, ""max_resolution_m"": null, ""requires_bare_earth"": false, ""requires_cloud_mask"": false, ""max_uncertainty"": null, ""temporal_tolerance_h"": null, ""required_value_range"": null}","[{""name"": ""rain"", ""quantity"": ""rainfall"", ""unit"": ""mm"", ""scale"": ""continuous"", ""crs"": ""EPSG:32643"", ""resolution_m"": 10.0, ""temporal_resolution_h"": null, ""processing_level"": null, ""surface_model"": null, ""vertical_datum"": null, ""acquisition_time"": null, ""available_time"": null, ""provenance"": ""authoritative-product"", ""band_role"": null, ""nodata_semantics"": ""missing"", ""uncertainty"": null, ""allowed_values"": null, ""observed_min"": null, ""observed_max"": null, ""attrs"": {}}]","[{""op"": ""fill_nodata"", ""params"": {""artifact"": 0, ""value"": 0, ""zero_is_physically_valid"": true}}]",REFUTED,"The provided artifact 'rain' has no nodata value defined, which is required by the goal of 'nodata_zero'. The artifact's unit (mm) and scale (continuous) do not affect the requirement for a specific nodata value.",4,UNPARSED,,
139,SGX3_BLIND_landcover_change_032,"{""goal"": ""landcover_change"", ""required_quantity"": null, ""required_unit"": null, ""decision_time"": null, ""max_resolution_m"": null, ""requires_bare_earth"": false, ""requires_cloud_mask"": false, ""max_uncertainty"": null, ""temporal_tolerance_h"": null, ""required_value_range"": null}","[{""name"": ""WorldCover-20"", ""quantity"": ""land_cover"", ""unit"": null, ""scale"": ""categorical"", ""crs"": ""EPSG:4326"", ""resolution_m"": 20, ""temporal_resolution_h"": null, ""processing_level"": null, ""surface_model"": null, ""vertical_datum"": null, ""acquisition_time"": null, ""available_time"": null, ""provenance"": ""ESA WorldCover"", ""band_role"": null, ""nodata_semantics"": null, ""uncertainty"": null, ""allowed_values"": [10, 20, 30, 40, 50, 60, 70, 80, 90, 95, 100], ""observed_min"": null, ""observed_max"": null, ""attrs"": {}}]","[{""op"": ""resample"", ""params"": {""artifact"": 0, ""method"": ""lanczos"", ""target_resolution_m"": 50, ""evidence_of_new_information"": true}}]",REFUTED,The provided method 'lanczos' for resampling categorical land cover data is unsupported for categorical data.,4,UNPARSED,,
140,SGX3_DEVELOPMENT_rate_mean_as_accumulation_004,"{""goal"": ""rate_mean_as_accumulation"", ""required_quantity"": null, ""required_unit"": null, ""decision_time"": null, ""max_resolution_m"": null, ""requires_bare_earth"": false, ""requires_cloud_mask"": false, ""max_uncertainty"": null, ""temporal_tolerance_h"": null, ""required_value_range"": null}","[{""name"": ""IMERG"", ""quantity"": ""precipitation_rate"", ""unit"": ""mm/h"", ""scale"": ""continuous"", ""crs"": ""EPSG:4326"", ""resolution_m"": 10000, ""temporal_resolution_h"": 0.5, ""processing_level"": null, ""surface_model"": null, ""vertical_datum"": null, ""acquisition_time"": null, ""available_time"": null, ""provenance"": ""authoritative-product"", ""band_role"": null, ""nodata_semantics"": null, ""uncertainty"": null, ""allowed_values"": null, ""observed_min"": null, ""observed_max"": null, ""attrs"": {}}]","[{""op"": ""temporal_aggregate"", ""params"": {""artifact"": 0, ""method"": ""integrate"", ""sample_duration_h"": 0.5, ""declared_quantity"": ""accumulation""}}]",REFUTED,"The provided workflow attempts to aggregate precipitation rate (mm/h) into accumulation using temporal aggregation, which is unsupported by the given artifacts. The IMERG product provides continuous precipitation rates at a resolution of 1 km x 1 km, while accumulation requires discrete time steps.",4,UNPARSED,,
141,SGX3_BLIND_flood_remote_sensing_012,"{""goal"": ""flood_remote_sensing"", ""required_quantity"": null, ""required_unit"": null, ""decision_time"": null, ""max_resolution_m"": null, ""requires_bare_earth"": false, ""requires_cloud_mask"": false, ""max_uncertainty"": null, ""temporal_tolerance_h"": null, ""required_value_range"": null}","[{""name"": ""flood-mask-10"", ""quantity"": ""flood_extent"", ""unit"": null, ""scale"": ""binary"", ""crs"": ""EPSG:4326"", ""resolution_m"": 10, ""temporal_resolution_h"": null, ""processing_level"": null, ""surface_model"": null, ""vertical_datum"": null, ""acquisition_time"": null, ""available_time"": null, ""provenance"": ""authoritative-product"", ""band_role"": null, ""nodata_semantics"": null, ""uncertainty"": null, ""allowed_values"": null, ""observed_min"": null, ""observed_max"": null, ""attrs"": {""cloud_mask_applied"": true}}, {""name"": ""S1"", ""quantity"": ""backscatter"", ""unit"": null, ""scale"": ""continuous"", ""crs"": ""EPSG:32643"", ""resolution_m"": 10, ""temporal_resolution_h"": null, ""processing_level"": null, ""surface_model"": null, ""vertical_datum"": null, ""acquisition_time"": ""2024-07-15T10:00:00+00:00"", ""available_time"": null, ""provenance"": ""authoritative-product"", ""band_role"": null, ""nodata_semantics"": null, ""uncertainty"": null, ""allowed_values"": null, ""observed_min"": null, ""observed_max"": null, ""attrs"": {}}, {""name"": ""S2"", ""quantity"": ""reflectance"", ""unit"": null, ""scale"": ""continuous"", ""crs"": ""EPSG:32643"", ""resolution_m"": 10, ""temporal_resolution_h"": null, ""processing_level"": null, ""surface_model"": null, ""vertical_datum"": null, ""acquisition_time"": ""2024-07-17T10:00:00+00:00"", ""available_time"": null, ""provenance"": ""authoritative-product"", ""band_role"": null, ""nodata_semantics"": null, ""uncertainty"": null, ""allowed_values"": null, ""observed_min"": null, ""observed_max"": null, ""attrs"": {}}]","[{""op"": ""require_cloud_mask"", ""params"": {""artifact"": 0}}, {""op"": ""compare_sensors"", ""params"": {""a"": 1, ""b"": 2, ""tolerance_h"": 6}}, {""op"": ""area"", ""params"": {""artifact"": 0, ""method"": ""planar"", ""output_unit"": ""km2""}}]",REFUTED,The provided artifacts do not match the required units (binary vs. continuous) and resolutions (10m vs. 10m). The comparison of sensors requires consistent unit scales.,3,UNPARSED,,
142,SGX3_BLIND_landcover_change_005,"{""goal"": ""landcover_change"", ""required_quantity"": null, ""required_unit"": null, ""decision_time"": null, ""max_resolution_m"": null, ""requires_bare_earth"": false, ""requires_cloud_mask"": false, ""max_uncertainty"": null, ""temporal_tolerance_h"": null, ""required_value_range"": null}","[{""name"": ""WorldCover-20"", ""quantity"": ""land_cover"", ""unit"": null, ""scale"": ""categorical"", ""crs"": ""EPSG:4326"", ""resolution_m"": 20, ""temporal_resolution_h"": null, ""processing_level"": null, ""surface_model"": null, ""vertical_datum"": null, ""acquisition_time"": null, ""available_time"": null, ""provenance"": ""ESA WorldCover"", ""band_role"": null, ""nodata_semantics"": null, ""uncertainty"": null, ""allowed_values"": [10, 20, 30, 40, 50, 60, 70, 80, 90, 95, 100], ""observed_min"": null, ""observed_max"": null, ""attrs"": {}}]","[{""op"": ""resample"", ""params"": {""artifact"": 0, ""method"": ""bilinear"", ""target_resolution_m"": 40, ""evidence_of_new_information"": true}}]",REFUTED,The provided method 'bilinear' is unsupported by the given artifacts. The artifacts do not contain any raster data suitable for resampling.,4,UNPARSED,,
143,SGX3_DEVELOPMENT_band_grid_mismatch_001,"{""goal"": ""band_grid_mismatch"", ""required_quantity"": null, ""required_unit"": null, ""decision_time"": null, ""max_resolution_m"": null, ""requires_bare_earth"": false, ""requires_cloud_mask"": false, ""max_uncertainty"": null, ""temporal_tolerance_h"": null, ""required_value_range"": null}","[{""name"": ""red"", ""quantity"": ""reflectance"", ""unit"": null, ""scale"": ""continuous"", ""crs"": ""EPSG:32643"", ""resolution_m"": 10, ""temporal_resolution_h"": null, ""processing_level"": ""L2A"", ""surface_model"": null, ""vertical_datum"": null, ""acquisition_time"": null, ""available_time"": null, ""provenance"": ""authoritative-product"", ""band_role"": ""red"", ""nodata_semantics"": null, ""uncertainty"": null, ""allowed_values"": null, ""observed_min"": null, ""observed_max"": null, ""attrs"": {}}, {""name"": ""other"", ""quantity"": ""reflectance"", ""unit"": null, ""scale"": ""continuous"", ""crs"": ""EPSG:32643"", ""resolution_m"": 10, ""temporal_resolution_h"": null, ""processing_level"": ""L2A"", ""surface_model"": null, ""vertical_datum"": null, ""acquisition_time"": null, ""available_time"": null, ""provenance"": ""authoritative-product"", ""band_role"": ""nir"", ""nodata_semantics"": null, ""uncertainty"": null, ""allowed_values"": null, ""observed_min"": null, ""observed_max"": null, ""attrs"": {}}]","[{""op"": ""spectral_index"", ""params"": {""red_artifact"": 0, ""other_artifact"": 1, ""expected_other_role"": ""nir"", ""explicit_alignment"": true}}]",REFUTED,"The provided artifacts do not contain unit information, which is essential for performing spectral index calculations.",4,UNPARSED,,
144,SGX3_BLIND_flood_depth_033,"{""goal"": ""flood_depth"", ""required_quantity"": null, ""required_unit"": null, ""decision_time"": null, ""max_resolution_m"": null, ""requires_bare_earth"": false, ""requires_cloud_mask"": false, ""max_uncertainty"": null, ""temporal_tolerance_h"": null, ""required_value_range"": null}","[{""name"": ""terrain-90"", ""quantity"": ""elevation"", ""unit"": ""m"", ""scale"": ""continuous"", ""crs"": ""EPSG:32643"", ""resolution_m"": 90, ""temporal_resolution_h"": null, ""processing_level"": null, ""surface_model"": ""DTM"", ""vertical_datum"": ""EGM2008"", ""acquisition_time"": null, ""available_time"": null, ""provenance"": ""Copernicus DEM"", ""band_role"": null, ""nodata_semantics"": null, ""uncertainty"": null, ""allowed_values"": null, ""observed_min"": null, ""observed_max"": null, ""attrs"": {}}, {""name"": ""water-surface"", ""quantity"": ""water_level"", ""unit"": ""m"", ""scale"": ""continuous"", ""crs"": ""EPSG:32643"", ""resolution_m"": 10.0, ""temporal_resolution_h"": null, ""processing_level"": null, ""surface_model"": null, ""vertical_datum"": ""EGM2008"", ""acquisition_time"": null, ""available_time"": null, ""provenance"": ""hydraulic model"", ""band_role"": null, ""nodata_semantics"": null, ""uncertainty"": null, ""allowed_values"": null, ""observed_min"": null, ""observed_max"": null, ""attrs"": {}}]","[{""op"": ""combine_vertical"", ""params"": {""a"": 0, ""b"": 1}}, {""op"": ""convert_unit"", ""params"": {""artifact"": 1, ""to"": ""m""}}]",REFUTED,"The workflow attempts to combine two artifacts (elevation and water surface) using a unit conversion operation ('convert_unit'), which is unsupported because elevation units (meters) cannot be directly converted to water-level units without additional context.",4,UNPARSED,,
145,SGX3_BLIND_flood_depth_045,"{""goal"": ""flood_depth"", ""required_quantity"": null, ""required_unit"": null, ""decision_time"": null, ""max_resolution_m"": null, ""requires_bare_earth"": false, ""requires_cloud_mask"": false, ""max_uncertainty"": null, ""temporal_tolerance_h"": null, ""required_value_range"": null}","[{""name"": ""terrain-10"", ""quantity"": ""elevation"", ""unit"": ""m"", ""scale"": ""continuous"", ""crs"": ""EPSG:32643"", ""resolution_m"": 10, ""temporal_resolution_h"": null, ""processing_level"": null, ""surface_model"": ""DSM"", ""vertical_datum"": ""EGM2008"", ""acquisition_time"": null, ""available_time"": null, ""provenance"": ""Copernicus DEM"", ""band_role"": null, ""nodata_semantics"": null, ""uncertainty"": null, ""allowed_values"": null, ""observed_min"": null, ""observed_max"": null, ""attrs"": {}}, {""name"": ""water-surface"", ""quantity"": ""water_level"", ""unit"": ""m"", ""scale"": ""continuous"", ""crs"": ""EPSG:32643"", ""resolution_m"": 10.0, ""temporal_resolution_h"": null, ""processing_level"": null, ""surface_model"": null, ""vertical_datum"": ""EGM2008"", ""acquisition_time"": null, ""available_time"": null, ""provenance"": ""hydraulic model"", ""band_role"": null, ""nodata_semantics"": null, ""uncertainty"": null, ""allowed_values"": null, ""observed_min"": null, ""observed_max"": null, ""attrs"": {}}]","[{""op"": ""combine_vertical"", ""params"": {""a"": 0, ""b"": 1}}, {""op"": ""convert_unit"", ""params"": {""artifact"": 1, ""to"": ""m""}}]",REFUTED,"The workflow attempts to combine two artifacts (elevation and water surface) using a unit conversion operation ('convert_unit'), which is unsupported because elevation units (meters) cannot be directly converted to water-level units without additional context.",4,UNPARSED,,
146,SGX3_DEVELOPMENT_categorical_interpolation_002,"{""goal"": ""categorical_interpolation"", ""required_quantity"": null, ""required_unit"": null, ""decision_time"": null, ""max_resolution_m"": null, ""requires_bare_earth"": false, ""requires_cloud_mask"": false, ""max_uncertainty"": null, ""temporal_tolerance_h"": null, ""required_value_range"": null}","[{""name"": ""landcover-30"", ""quantity"": ""land_cover"", ""unit"": null, ""scale"": ""categorical"", ""crs"": ""EPSG:4326"", ""resolution_m"": 30, ""temporal_resolution_h"": null, ""processing_level"": null, ""surface_model"": null, ""vertical_datum"": null, ""acquisition_time"": null, ""available_time"": null, ""provenance"": ""authoritative-product"", ""band_role"": null, ""nodata_semantics"": null, ""uncertainty"": null, ""allowed_values"": [10, 20, 30, 40, 50, 60, 70, 80, 90, 95, 100], ""observed_min"": null, ""observed_max"": null, ""attrs"": {}}]","[{""op"": ""resample"", ""params"": {""artifact"": 0, ""method"": ""mode"", ""target_resolution_m"": 90, ""evidence_of_new_information"": true}}]",REFUTED,"The provided method 'mode' of resampling is unsupported by the given artifacts. The artifacts represent categorical land cover data, which cannot be meaningfully interpolated using mode resampling.",4,UNPARSED,,
147,SGX3_HELDOUT-FAMILY_vertical_datum_unknown_001,"{""goal"": ""vertical_datum_unknown"", ""required_quantity"": null, ""required_unit"": null, ""decision_time"": null, ""max_resolution_m"": null, ""requires_bare_earth"": false, ""requires_cloud_mask"": false, ""max_uncertainty"": null, ""temporal_tolerance_h"": null, ""required_value_range"": null}","[{""name"": ""terrain"", ""quantity"": ""elevation"", ""unit"": ""m"", ""scale"": ""continuous"", ""crs"": ""EPSG:32643"", ""resolution_m"": 10.0, ""temporal_resolution_h"": null, ""processing_level"": null, ""surface_model"": null, ""vertical_datum"": ""EGM2008"", ""acquisition_time"": null, ""available_time"": null, ""provenance"": ""authoritative-product"", ""band_role"": null, ""nodata_semantics"": null, ""uncertainty"": null, ""allowed_values"": null, ""observed_min"": null, ""observed_max"": null, ""attrs"": {}}, {""name"": ""water"", ""quantity"": ""water_level"", ""unit"": ""m"", ""scale"": ""continuous"", ""crs"": ""EPSG:32643"", ""resolution_m"": 10.0, ""temporal_resolution_h"": null, ""processing_level"": null, ""surface_model"": null, ""vertical_datum"": ""EGM2008"", ""acquisition_time"": null, ""available_time"": null, ""provenance"": ""authoritative-product"", ""band_role"": null, ""nodata_semantics"": null, ""uncertainty"": null, ""allowed_values"": null, ""observed_min"": null, ""observed_max"": null, ""attrs"": {}}]","[{""op"": ""combine_vertical"", ""params"": {""a"": 0, ""b"": 1}}]",REFUTED,"The provided artifacts do not contain any information about a vertical datum, which is essential for defining the reference point of elevation measurements. The 'EGM2008' used in both terrain and water artifacts suggests it could be related to a known vertical datum, but without explicit mention of a specific vertical datum (like WGS84), the workflow cannot proceed as intended.",3,UNPARSED,,
148,SGX3_DEVELOPMENT_unsupported_resolution_gain_009,"{""goal"": ""unsupported_resolution_gain"", ""required_quantity"": null, ""required_unit"": null, ""decision_time"": null, ""max_resolution_m"": null, ""requires_bare_earth"": false, ""requires_cloud_mask"": false, ""max_uncertainty"": null, ""temporal_tolerance_h"": null, ""required_value_range"": null}","[{""name"": ""raster"", ""quantity"": ""surface_property"", ""unit"": null, ""scale"": ""continuous"", ""crs"": ""EPSG:32643"", ""resolution_m"": 30, ""temporal_resolution_h"": null, ""processing_level"": null, ""surface_model"": null, ""vertical_datum"": null, ""acquisition_time"": null, ""available_time"": null, ""provenance"": ""authoritative-product"", ""band_role"": null, ""nodata_semantics"": null, ""uncertainty"": null, ""allowed_values"": null, ""observed_min"": null, ""observed_max"": null, ""attrs"": {}}]","[{""op"": ""resample"", ""params"": {""artifact"": 0, ""method"": ""bilinear"", ""target_resolution_m"": 60, ""evidence_of_new_information"": false}}]",REFUTED,"The provided workflow aims to achieve 'unsupported resolution gain', which implies increasing the resolution of a raster dataset without loss of information. However, the current artifact has a resolution of 30 meters (m), while the target resolution specified in the workflow is 60 meters (m). This mismatch indicates that the workflow cannot fulfill the intended goal as described.",4,UNPARSED,,
149,SGX3_HELDOUT-FAMILY_temporal_split_overlap_002,"{""goal"": ""temporal_split_overlap"", ""required_quantity"": null, ""required_unit"": null, ""decision_time"": null, ""max_resolution_m"": null, ""requires_bare_earth"": false, ""requires_cloud_mask"": false, ""max_uncertainty"": null, ""temporal_tolerance_h"": null, ""required_value_range"": null}","[{""name"": ""records"", ""quantity"": ""time_series"", ""unit"": null, ""scale"": ""continuous"", ""crs"": ""EPSG:32643"", ""resolution_m"": 10.0, ""temporal_resolution_h"": null, ""processing_level"": null, ""surface_model"": null, ""vertical_datum"": null, ""acquisition_time"": null, ""available_time"": null, ""provenance"": ""authoritative-product"", ""band_role"": null, ""nodata_semantics"": null, ""uncertainty"": null, ""allowed_values"": null, ""observed_min"": null, ""observed_max"": null, ""attrs"": {}}]","[{""op"": ""split"", ""params"": {""mode"": ""temporal"", ""train_end"": ""2024-07-01T00:00:00+00:00"", ""test_start"": ""2024-07-01T00:00:00+00:00""}}]",REFUTED,The provided artifacts do not match the required quantity of 'time_series' as specified in the goal. The artifact named 'records' has no time series information.,4,UNPARSED,,
150,SGX3_DEVELOPMENT_unsupported_resolution_gain_012,"{""goal"": ""unsupported_resolution_gain"", ""required_quantity"": null, ""required_unit"": null, ""decision_time"": null, ""max_resolution_m"": null, ""requires_bare_earth"": false, ""requires_cloud_mask"": false, ""max_uncertainty"": null, ""temporal_tolerance_h"": null, ""required_value_range"": null}","[{""name"": ""raster"", ""quantity"": ""surface_property"", ""unit"": null, ""scale"": ""continuous"", ""crs"": ""EPSG:32643"", ""resolution_m"": 50, ""temporal_resolution_h"": null, ""processing_level"": null, ""surface_model"": null, ""vertical_datum"": null, ""acquisition_time"": null, ""available_time"": null, ""provenance"": ""authoritative-product"", ""band_role"": null, ""nodata_semantics"": null, ""uncertainty"": null, ""allowed_values"": null, ""observed_min"": null, ""observed_max"": null, ""attrs"": {}}]","[{""op"": ""resample"", ""params"": {""artifact"": 0, ""method"": ""bilinear"", ""target_resolution_m"": 100, ""evidence_of_new_information"": false}}]",REFUTED,"The provided workflow aims to achieve 'unsupported resolution gain', which implies increasing the resolution of a raster dataset without loss of information. However, the current artifact has a resolution of 50 meters, while the target resolution specified in the workflow is 100 meters. This mismatch indicates that the workflow cannot fulfill the intended goal as described.",4,UNPARSED,,
151,SGX3_DEVELOPMENT_spectral_role_002,"{""goal"": ""spectral_role"", ""required_quantity"": null, ""required_unit"": null, ""decision_time"": null, ""max_resolution_m"": null, ""requires_bare_earth"": false, ""requires_cloud_mask"": false, ""max_uncertainty"": null, ""temporal_tolerance_h"": null, ""required_value_range"": null}","[{""name"": ""red"", ""quantity"": ""reflectance"", ""unit"": null, ""scale"": ""continuous"", ""crs"": ""EPSG:32643"", ""resolution_m"": 10, ""temporal_resolution_h"": null, ""processing_level"": ""L2A"", ""surface_model"": null, ""vertical_datum"": null, ""acquisition_time"": null, ""available_time"": null, ""provenance"": ""authoritative-product"", ""band_role"": ""red"", ""nodata_semantics"": null, ""uncertainty"": null, ""allowed_values"": null, ""observed_min"": null, ""observed_max"": null, ""attrs"": {}}, {""name"": ""other"", ""quantity"": ""reflectance"", ""unit"": null, ""scale"": ""continuous"", ""crs"": ""EPSG:32643"", ""resolution_m"": 10, ""temporal_resolution_h"": null, ""processing_level"": ""L2A"", ""surface_model"": null, ""vertical_datum"": null, ""acquisition_time"": null, ""available_time"": null, ""provenance"": ""authoritative-product"", ""band_role"": ""nir"", ""nodata_semantics"": null, ""uncertainty"": null, ""allowed_values"": null, ""observed_min"": null, ""observed_max"": null, ""attrs"": {}}]","[{""op"": ""spectral_index"", ""params"": {""red_artifact"": 0, ""other_artifact"": 1, ""expected_other_role"": ""nir"", ""explicit_alignment"": true}}]",REFUTED,"The provided artifacts do not include units for the red and other bands, which is required for spectral analysis.",4,UNPARSED,,
152,SGX3_BLIND_flood_depth_020,"{""goal"": ""flood_depth"", ""required_quantity"": null, ""required_unit"": null, ""decision_time"": null, ""max_resolution_m"": null, ""requires_bare_earth"": false, ""requires_cloud_mask"": false, ""max_uncertainty"": null, ""temporal_tolerance_h"": null, ""required_value_range"": null}","[{""name"": ""terrain-30"", ""quantity"": ""elevation"", ""unit"": ""m"", ""scale"": ""continuous"", ""crs"": ""EPSG:32643"", ""resolution_m"": 30, ""temporal_resolution_h"": null, ""processing_level"": null, ""surface_model"": ""DTM"", ""vertical_datum"": ""EGM2008"", ""acquisition_time"": null, ""available_time"": null, ""provenance"": ""Copernicus DEM"", ""band_role"": null, ""nodata_semantics"": null, ""uncertainty"": null, ""allowed_values"": null, ""observed_min"": null, ""observed_max"": null, ""attrs"": {}}, {""name"": ""water-surface"", ""quantity"": ""water_level"", ""unit"": ""km"", ""scale"": ""continuous"", ""crs"": ""EPSG:32643"", ""resolution_m"": 10.0, ""temporal_resolution_h"": null, ""processing_level"": null, ""surface_model"": null, ""vertical_datum"": ""WGS84_ellipsoid"", ""acquisition_time"": null, ""available_time"": null, ""provenance"": ""hydraulic model"", ""band_role"": null, ""nodata_semantics"": null, ""uncertainty"": null, ""allowed_values"": null, ""observed_min"": null, ""observed_max"": null, ""attrs"": {}}]","[{""op"": ""combine_vertical"", ""params"": {""a"": 0, ""b"": 1}}, {""op"": ""convert_unit"", ""params"": {""artifact"": 1, ""to"": ""km2""}}]",REFUTED,The conversion of elevation (m) to water level (km) is unsupported because elevation units do not directly convert to surface-level measurements without additional context such as water depth.,4,UNPARSED,,
153,SGX3_HELDOUT-FAMILY_scene_overlap_leakage_001,"{""goal"": ""scene_overlap_leakage"", ""required_quantity"": null, ""required_unit"": null, ""decision_time"": null, ""max_resolution_m"": null, ""requires_bare_earth"": false, ""requires_cloud_mask"": false, ""max_uncertainty"": null, ""temporal_tolerance_h"": null, ""required_value_range"": null}","[{""name"": ""chips"", ""quantity"": ""image_samples"", ""unit"": null, ""scale"": ""continuous"", ""crs"": ""EPSG:32643"", ""resolution_m"": 10.0, ""temporal_resolution_h"": null, ""processing_level"": null, ""surface_model"": null, ""vertical_datum"": null, ""acquisition_time"": null, ""available_time"": null, ""provenance"": ""authoritative-product"", ""band_role"": null, ""nodata_semantics"": null, ""uncertainty"": null, ""allowed_values"": null, ""observed_min"": null, ""observed_max"": null, ""attrs"": {}}]","[{""op"": ""split"", ""params"": {""mode"": ""scene"", ""scene_overlap_fraction"": 0.0}}]",REFUTED,"The provided artifacts do not include any unit information, which is essential for defining the scale of the imagery.",4,UNPARSED,,
154,SGX3_DEVELOPMENT_spectral_role_000,"{""goal"": ""spectral_role"", ""required_quantity"": null, ""required_unit"": null, ""decision_time"": null, ""max_resolution_m"": null, ""requires_bare_earth"": false, ""requires_cloud_mask"": false, ""max_uncertainty"": null, ""temporal_tolerance_h"": null, ""required_value_range"": null}","[{""name"": ""red"", ""quantity"": ""reflectance"", ""unit"": null, ""scale"": ""continuous"", ""crs"": ""EPSG:32643"", ""resolution_m"": 10, ""temporal_resolution_h"": null, ""processing_level"": ""L2A"", ""surface_model"": null, ""vertical_datum"": null, ""acquisition_time"": null, ""available_time"": null, ""provenance"": ""authoritative-product"", ""band_role"": ""red"", ""nodata_semantics"": null, ""uncertainty"": null, ""allowed_values"": null, ""observed_min"": null, ""observed_max"": null, ""attrs"": {}}, {""name"": ""other"", ""quantity"": ""reflectance"", ""unit"": null, ""scale"": ""continuous"", ""crs"": ""EPSG:32643"", ""resolution_m"": 10, ""temporal_resolution_h"": null, ""processing_level"": ""L2A"", ""surface_model"": null, ""vertical_datum"": null, ""acquisition_time"": null, ""available_time"": null, ""provenance"": ""authoritative-product"", ""band_role"": ""rededge"", ""nodata_semantics"": null, ""uncertainty"": null, ""allowed_values"": null, ""observed_min"": null, ""observed_max"": null, ""attrs"": {}}]","[{""op"": ""spectral_index"", ""params"": {""red_artifact"": 0, ""other_artifact"": 1, ""expected_other_role"": ""nir"", ""explicit_alignment"": true}}]",REFUTED,"The provided artifacts do not include units for reflectance values, which is essential for performing spectral indices like the red-edge (NIR) index.",4,UNPARSED,,
155,SGX3_BLIND_flood_remote_sensing_022,"{""goal"": ""flood_remote_sensing"", ""required_quantity"": null, ""required_unit"": null, ""decision_time"": null, ""max_resolution_m"": null, ""requires_bare_earth"": false, ""requires_cloud_mask"": false, ""max_uncertainty"": null, ""temporal_tolerance_h"": null, ""required_value_range"": null}","[{""name"": ""flood-mask-30"", ""quantity"": ""flood_extent"", ""unit"": null, ""scale"": ""binary"", ""crs"": ""EPSG:6933"", ""resolution_m"": 30, ""temporal_resolution_h"": null, ""processing_level"": null, ""surface_model"": null, ""vertical_datum"": null, ""acquisition_time"": null, ""available_time"": null, ""provenance"": ""authoritative-product"", ""band_role"": null, ""nodata_semantics"": null, ""uncertainty"": null, ""allowed_values"": null, ""observed_min"": null, ""observed_max"": null, ""attrs"": {""cloud_mask_applied"": false}}, {""name"": ""S1"", ""quantity"": ""backscatter"", ""unit"": null, ""scale"": ""continuous"", ""crs"": ""EPSG:32643"", ""resolution_m"": 10, ""temporal_resolution_h"": null, ""processing_level"": null, ""surface_model"": null, ""vertical_datum"": null, ""acquisition_time"": ""2024-07-10T10:00:00+00:00"", ""available_time"": null, ""provenance"": ""authoritative-product"", ""band_role"": null, ""nodata_semantics"": null, ""uncertainty"": null, ""allowed_values"": null, ""observed_min"": null, ""observed_max"": null, ""attrs"": {}}, {""name"": ""S2"", ""quantity"": ""reflectance"", ""unit"": null, ""scale"": ""continuous"", ""crs"": ""EPSG:32643"", ""resolution_m"": 10, ""temporal_resolution_h"": null, ""processing_level"": null, ""surface_model"": null, ""vertical_datum"": null, ""acquisition_time"": ""2024-07-10T22:00:00+00:00"", ""available_time"": null, ""provenance"": ""authoritative-product"", ""band_role"": null, ""nodata_semantics"": null, ""uncertainty"": null, ""allowed_values"": null, ""observed_min"": null, ""observed_max"": null, ""attrs"": {}}]","[{""op"": ""require_cloud_mask"", ""params"": {""artifact"": 0}}, {""op"": ""compare_sensors"", ""params"": {""a"": 1, ""b"": 2, ""tolerance_h"": 12}}, {""op"": ""area"", ""params"": {""artifact"": 0, ""method"": ""geodesic"", ""output_unit"": ""km2""}}]",REFUTED,"The provided artifacts do not match the required units (binary vs. continuous) and resolutions (30m vs. 10m). The flood mask artifact requires binary values while the S1 and S2 reflectance artifacts require continuous values. Additionally, the resolution of the flood mask artifact (30m) is significantly higher than the other artifacts (10m), which may affect the accuracy of the area calculation.",3,UNPARSED,,
156,SGX3_BLIND_landslide_forecast_034,"{""goal"": ""landslide forecast"", ""required_quantity"": null, ""required_unit"": null, ""decision_time"": ""2024-08-01T12:00:00+00:00"", ""max_resolution_m"": null, ""requires_bare_earth"": false, ""requires_cloud_mask"": false, ""max_uncertainty"": null, ""temporal_tolerance_h"": null, ""required_value_range"": null}","[{""name"": ""IMERG-feature"", ""quantity"": ""rainfall"", ""unit"": ""mm"", ""scale"": ""continuous"", ""crs"": ""EPSG:32643"", ""resolution_m"": 10.0, ""temporal_resolution_h"": null, ""processing_level"": null, ""surface_model"": null, ""vertical_datum"": null, ""acquisition_time"": null, ""available_time"": ""2024-08-01T09:00:00+00:00"", ""provenance"": ""NASA GPM IMERG"", ""band_role"": null, ""nodata_semantics"": null, ""uncertainty"": null, ""allowed_values"": null, ""observed_min"": null, ""observed_max"": null, ""attrs"": {}}, {""name"": ""terrain-90"", ""quantity"": ""elevation"", ""unit"": ""m"", ""scale"": ""continuous"", ""crs"": ""EPSG:32643"", ""resolution_m"": 90, ""temporal_resolution_h"": null, ""processing_level"": null, ""surface_model"": ""DSM"", ""vertical_datum"": ""EGM2008"", ""acquisition_time"": null, ""available_time"": null, ""provenance"": ""Copernicus DEM"", ""band_role"": null, ""nodata_semantics"": null, ""uncertainty"": null, ""allowed_values"": null, ""observed_min"": null, ""observed_max"": null, ""attrs"": {}}]","[{""op"": ""predict"", ""params"": {""features"": [0]}}, {""op"": ""require_bare_earth"", ""params"": {""artifact"": 1}}]",REFUTED,The provided artifacts do not include units for the required quantities (rainfall and elevation). The scientific goal requires specific unit information which is missing.,4,UNPARSED,,
157,SGX3_BLIND_landslide_forecast_030,"{""goal"": ""landslide forecast"", ""required_quantity"": null, ""required_unit"": null, ""decision_time"": ""2024-08-15T12:00:00+00:00"", ""max_resolution_m"": null, ""requires_bare_earth"": false, ""requires_cloud_mask"": false, ""max_uncertainty"": null, ""temporal_tolerance_h"": null, ""required_value_range"": null}","[{""name"": ""IMERG-feature"", ""quantity"": ""rainfall"", ""unit"": ""mm"", ""scale"": ""continuous"", ""crs"": ""EPSG:32643"", ""resolution_m"": 10.0, ""temporal_resolution_h"": null, ""processing_level"": null, ""surface_model"": null, ""vertical_datum"": null, ""acquisition_time"": null, ""available_time"": ""2024-08-14T12:00:00+00:00"", ""provenance"": null, ""band_role"": null, ""nodata_semantics"": null, ""uncertainty"": null, ""allowed_values"": null, ""observed_min"": null, ""observed_max"": null, ""attrs"": {}}, {""name"": ""terrain-60"", ""quantity"": ""elevation"", ""unit"": ""m"", ""scale"": ""continuous"", ""crs"": ""EPSG:32643"", ""resolution_m"": 60, ""temporal_resolution_h"": null, ""processing_level"": null, ""surface_model"": ""DSM"", ""vertical_datum"": ""EGM2008"", ""acquisition_time"": null, ""available_time"": null, ""provenance"": ""Copernicus DEM"", ""band_role"": null, ""nodata_semantics"": null, ""uncertainty"": null, ""allowed_values"": null, ""observed_min"": null, ""observed_max"": null, ""attrs"": {}}]","[{""op"": ""predict"", ""params"": {""features"": [0]}}, {""op"": ""require_bare_earth"", ""params"": {""artifact"": 1}}]",REFUTED,"The IMERG feature (rainfall) has a unit of 'mm', which is categorical data. The terrain-60 elevation (continuous data) cannot be directly used as input for rainfall prediction without converting it into a categorical format.",4,UNPARSED,,
158,SGX3_BLIND_landcover_change_017,"{""goal"": ""landcover_change"", ""required_quantity"": null, ""required_unit"": null, ""decision_time"": null, ""max_resolution_m"": null, ""requires_bare_earth"": false, ""requires_cloud_mask"": false, ""max_uncertainty"": null, ""temporal_tolerance_h"": null, ""required_value_range"": null}","[{""name"": ""WorldCover-10"", ""quantity"": ""land_cover"", ""unit"": null, ""scale"": ""categorical"", ""crs"": ""EPSG:4326"", ""resolution_m"": 10, ""temporal_resolution_h"": null, ""processing_level"": null, ""surface_model"": null, ""vertical_datum"": null, ""acquisition_time"": null, ""available_time"": null, ""provenance"": null, ""band_role"": null, ""nodata_semantics"": null, ""uncertainty"": null, ""allowed_values"": [10, 20, 30, 40, 50, 60, 70, 80, 90, 95, 100], ""observed_min"": null, ""observed_max"": null, ""attrs"": {}}]","[{""op"": ""resample"", ""params"": {""artifact"": 0, ""method"": ""bilinear"", ""target_resolution_m"": 60, ""evidence_of_new_information"": true}}]",REFUTED,"The provided artifacts do not include any information about units, which is crucial for understanding the scale of measurements in land cover change analysis.",4,UNPARSED,,
159,SGX3_HELDOUT-FAMILY_temporal_split_overlap_015,"{""goal"": ""temporal_split_overlap"", ""required_quantity"": null, ""required_unit"": null, ""decision_time"": null, ""max_resolution_m"": null, ""requires_bare_earth"": false, ""requires_cloud_mask"": false, ""max_uncertainty"": null, ""temporal_tolerance_h"": null, ""required_value_range"": null}","[{""name"": ""records"", ""quantity"": ""time_series"", ""unit"": null, ""scale"": ""continuous"", ""crs"": ""EPSG:32643"", ""resolution_m"": 10.0, ""temporal_resolution_h"": null, ""processing_level"": null, ""surface_model"": null, ""vertical_datum"": null, ""acquisition_time"": null, ""available_time"": null, ""provenance"": ""authoritative-product"", ""band_role"": null, ""nodata_semantics"": null, ""uncertainty"": null, ""allowed_values"": null, ""observed_min"": null, ""observed_max"": null, ""attrs"": {}}]","[{""op"": ""split"", ""params"": {""mode"": ""temporal"", ""train_end"": ""2024-06-24T00:00:00+00:00"", ""test_start"": ""2024-07-01T00:00:00+00:00""}}]",REFUTED,The provided artifacts do not match the required quantity of 'time_series' as specified in the goal. The artifact named 'records' has no time series information.,4,UNPARSED,,
160,SGX3_BLIND_flood_depth_021,"{""goal"": ""flood_depth"", ""required_quantity"": null, ""required_unit"": null, ""decision_time"": null, ""max_resolution_m"": null, ""requires_bare_earth"": false, ""requires_cloud_mask"": false, ""max_uncertainty"": null, ""temporal_tolerance_h"": null, ""required_value_range"": null}","[{""name"": ""terrain-90"", ""quantity"": ""elevation"", ""unit"": ""m"", ""scale"": ""continuous"", ""crs"": ""EPSG:32643"", ""resolution_m"": 90, ""temporal_resolution_h"": null, ""processing_level"": null, ""surface_model"": ""DSM"", ""vertical_datum"": ""EGM2008"", ""acquisition_time"": null, ""available_time"": null, ""provenance"": ""Copernicus DEM"", ""band_role"": null, ""nodata_semantics"": null, ""uncertainty"": null, ""allowed_values"": null, ""observed_min"": null, ""observed_max"": null, ""attrs"": {}}, {""name"": ""water-surface"", ""quantity"": ""water_level"", ""unit"": ""m"", ""scale"": ""continuous"", ""crs"": ""EPSG:32643"", ""resolution_m"": 10.0, ""temporal_resolution_h"": null, ""processing_level"": null, ""surface_model"": null, ""vertical_datum"": ""EGM96"", ""acquisition_time"": null, ""available_time"": null, ""provenance"": ""hydraulic model"", ""band_role"": null, ""nodata_semantics"": null, ""uncertainty"": null, ""allowed_values"": null, ""observed_min"": null, ""observed_max"": null, ""attrs"": {}}]","[{""op"": ""combine_vertical"", ""params"": {""a"": 0, ""b"": 1}}, {""op"": ""convert_unit"", ""params"": {""artifact"": 1, ""to"": ""km""}}]",REFUTED,"The conversion of elevation units (m) to kilometers (km) is unsupported because elevation typically refers to height above sea level, which cannot be directly converted to distance in kilometers without additional context.",4,UNPARSED,,
161,SGX3_BLIND_flood_depth_014,"{""goal"": ""flood_depth"", ""required_quantity"": null, ""required_unit"": null, ""decision_time"": null, ""max_resolution_m"": null, ""requires_bare_earth"": false, ""requires_cloud_mask"": false, ""max_uncertainty"": null, ""temporal_tolerance_h"": null, ""required_value_range"": null}","[{""name"": ""terrain-90"", ""quantity"": ""elevation"", ""unit"": ""m"", ""scale"": ""continuous"", ""crs"": ""EPSG:32643"", ""resolution_m"": 90, ""temporal_resolution_h"": null, ""processing_level"": null, ""surface_model"": ""DTM"", ""vertical_datum"": ""EGM2008"", ""acquisition_time"": null, ""available_time"": null, ""provenance"": ""Copernicus DEM"", ""band_role"": null, ""nodata_semantics"": null, ""uncertainty"": null, ""allowed_values"": null, ""observed_min"": null, ""observed_max"": null, ""attrs"": {}}, {""name"": ""water-surface"", ""quantity"": ""water_level"", ""unit"": ""km"", ""scale"": ""continuous"", ""crs"": ""EPSG:32643"", ""resolution_m"": 10.0, ""temporal_resolution_h"": null, ""processing_level"": null, ""surface_model"": null, ""vertical_datum"": ""EGM96"", ""acquisition_time"": null, ""available_time"": null, ""provenance"": ""hydraulic model"", ""band_role"": null, ""nodata_semantics"": null, ""uncertainty"": null, ""allowed_values"": null, ""observed_min"": null, ""observed_max"": null, ""attrs"": {}}]","[{""op"": ""combine_vertical"", ""params"": {""a"": 0, ""b"": 1}}, {""op"": ""convert_unit"", ""params"": {""artifact"": 1, ""to"": ""K""}}]",REFUTED,The conversion of 'water_level' (unit km) to 'K' (Kelvin) is unsupported because water levels do not have a unit in Kelvin.,4,UNPARSED,,
162,SGX3_DEVELOPMENT_spatial_split_leakage_002,"{""goal"": ""spatial_split_leakage"", ""required_quantity"": null, ""required_unit"": null, ""decision_time"": null, ""max_resolution_m"": null, ""requires_bare_earth"": false, ""requires_cloud_mask"": false, ""max_uncertainty"": null, ""temporal_tolerance_h"": null, ""required_value_range"": null}","[{""name"": ""samples"", ""quantity"": ""training_samples"", ""unit"": null, ""scale"": ""continuous"", ""crs"": ""EPSG:32643"", ""resolution_m"": 10.0, ""temporal_resolution_h"": null, ""processing_level"": null, ""surface_model"": null, ""vertical_datum"": null, ""acquisition_time"": null, ""available_time"": null, ""provenance"": ""authoritative-product"", ""band_role"": null, ""nodata_semantics"": null, ""uncertainty"": null, ""allowed_values"": null, ""observed_min"": null, ""observed_max"": null, ""attrs"": {}}]","[{""op"": ""split"", ""params"": {""mode"": ""spatial"", ""separation_m"": 1827, ""dependence_range_m"": 3641}}]",REFUTED,"The provided artifacts do not include any information about units, which is crucial for understanding the scale of measurements in the dataset.",4,UNPARSED,,
163,SGX3_HELDOUT-FAMILY_rate_sum_without_duration_002,"{""goal"": ""rate_sum_without_duration"", ""required_quantity"": null, ""required_unit"": null, ""decision_time"": null, ""max_resolution_m"": null, ""requires_bare_earth"": false, ""requires_cloud_mask"": false, ""max_uncertainty"": null, ""temporal_tolerance_h"": null, ""required_value_range"": null}","[{""name"": ""precip-rate"", ""quantity"": ""precipitation_rate"", ""unit"": ""mm/h"", ""scale"": ""continuous"", ""crs"": ""EPSG:4326"", ""resolution_m"": 10000, ""temporal_resolution_h"": 0.5, ""processing_level"": null, ""surface_model"": null, ""vertical_datum"": null, ""acquisition_time"": null, ""available_time"": null, ""provenance"": ""authoritative-product"", ""band_role"": null, ""nodata_semantics"": null, ""uncertainty"": null, ""allowed_values"": null, ""observed_min"": null, ""observed_max"": null, ""attrs"": {}}]","[{""op"": ""temporal_aggregate"", ""params"": {""artifact"": 0, ""method"": ""sum"", ""sample_duration_h"": 0.5, ""declared_quantity"": ""accumulation""}}]",REFUTED,The provided method 'sum' of temporal aggregation is unsupported by the given artifact's properties.,4,UNPARSED,,
164,SGX3_BLIND_eo_ml_validation_039,"{""goal"": ""eo_ml_validation"", ""required_quantity"": null, ""required_unit"": null, ""decision_time"": null, ""max_resolution_m"": null, ""requires_bare_earth"": false, ""requires_cloud_mask"": false, ""max_uncertainty"": null, ""temporal_tolerance_h"": null, ""required_value_range"": null}","[{""name"": ""EO-samples-7375"", ""quantity"": ""training_samples"", ""unit"": null, ""scale"": ""continuous"", ""crs"": ""EPSG:32643"", ""resolution_m"": 10.0, ""temporal_resolution_h"": null, ""processing_level"": null, ""surface_model"": null, ""vertical_datum"": null, ""acquisition_time"": null, ""available_time"": null, ""provenance"": ""authoritative-product"", ""band_role"": null, ""nodata_semantics"": null, ""uncertainty"": null, ""allowed_values"": null, ""observed_min"": null, ""observed_max"": null, ""attrs"": {}}]","[{""op"": ""split"", ""params"": {""mode"": ""scene"", ""scene_overlap_fraction"": 0.55}}]",REFUTED,"The provided artifacts do not contain any information about units, which is crucial for understanding the scale and resolution of the data.",4,UNPARSED,,
165,SGX3_HELDOUT-FAMILY_multisensor_time_mismatch_014,"{""goal"": ""multisensor_time_mismatch"", ""required_quantity"": null, ""required_unit"": null, ""decision_time"": null, ""max_resolution_m"": null, ""requires_bare_earth"": false, ""requires_cloud_mask"": false, ""max_uncertainty"": null, ""temporal_tolerance_h"": null, ""required_value_range"": null}","[{""name"": ""S1"", ""quantity"": ""backscatter"", ""unit"": null, ""scale"": ""continuous"", ""crs"": ""EPSG:32643"", ""resolution_m"": 10.0, ""temporal_resolution_h"": null, ""processing_level"": null, ""surface_model"": null, ""vertical_datum"": null, ""acquisition_time"": ""2024-07-01T10:00:00+00:00"", ""available_time"": null, ""provenance"": ""authoritative-product"", ""band_role"": null, ""nodata_semantics"": null, ""uncertainty"": null, ""allowed_values"": null, ""observed_min"": null, ""observed_max"": null, ""attrs"": {}}, {""name"": ""S2"", ""quantity"": ""reflectance"", ""unit"": null, ""scale"": ""continuous"", ""crs"": ""EPSG:32643"", ""resolution_m"": 10.0, ""temporal_resolution_h"": null, ""processing_level"": null, ""surface_model"": null, ""vertical_datum"": null, ""acquisition_time"": ""2024-07-02T22:00:00+00:00"", ""available_time"": null, ""provenance"": ""authoritative-product"", ""band_role"": null, ""nodata_semantics"": null, ""uncertainty"": null, ""allowed_values"": null, ""observed_min"": null, ""observed_max"": null, ""attrs"": {}}]","[{""op"": ""compare_sensors"", ""params"": {""a"": 0, ""b"": 1, ""tolerance_h"": 24}}]",REFUTED,"The provided artifacts do not match the required quantity 'backscatter' for sensor S1, which is specified as 'reflectance'. Additionally, the temporal resolution of S2 (22 hours) is inconsistent with the requirement of having a maximum temporal tolerance of 24 hours.",4,UNPARSED,,
166,SGX3_DEVELOPMENT_unsupported_resolution_gain_010,"{""goal"": ""unsupported_resolution_gain"", ""required_quantity"": null, ""required_unit"": null, ""decision_time"": null, ""max_resolution_m"": null, ""requires_bare_earth"": false, ""requires_cloud_mask"": false, ""max_uncertainty"": null, ""temporal_tolerance_h"": null, ""required_value_range"": null}","[{""name"": ""raster"", ""quantity"": ""surface_property"", ""unit"": null, ""scale"": ""continuous"", ""crs"": ""EPSG:32643"", ""resolution_m"": 100, ""temporal_resolution_h"": null, ""processing_level"": null, ""surface_model"": null, ""vertical_datum"": null, ""acquisition_time"": null, ""available_time"": null, ""provenance"": ""authoritative-product"", ""band_role"": null, ""nodata_semantics"": null, ""uncertainty"": null, ""allowed_values"": null, ""observed_min"": null, ""observed_max"": null, ""attrs"": {}}]","[{""op"": ""resample"", ""params"": {""artifact"": 0, ""method"": ""bilinear"", ""target_resolution_m"": 50.0, ""evidence_of_new_information"": false}}]",REFUTED,"The provided workflow aims to achieve 'unsupported resolution gain', which implies increasing the resolution of a raster dataset without loss of information. However, the current artifact has a resolution of 100 meters, and the proposed resampling method (bilinear) will reduce it further to 50 meters. This contradicts the intended goal of achieving higher resolution.",4,UNPARSED,,
167,SGX3_BLIND_flood_remote_sensing_041,"{""goal"": ""flood_remote_sensing"", ""required_quantity"": null, ""required_unit"": null, ""decision_time"": null, ""max_resolution_m"": null, ""requires_bare_earth"": false, ""requires_cloud_mask"": false, ""max_uncertainty"": null, ""temporal_tolerance_h"": null, ""required_value_range"": null}","[{""name"": ""flood-mask-10"", ""quantity"": ""flood_extent"", ""unit"": null, ""scale"": ""binary"", ""crs"": ""EPSG:32643"", ""resolution_m"": 10, ""temporal_resolution_h"": null, ""processing_level"": null, ""surface_model"": null, ""vertical_datum"": null, ""acquisition_time"": null, ""available_time"": null, ""provenance"": ""authoritative-product"", ""band_role"": null, ""nodata_semantics"": null, ""uncertainty"": null, ""allowed_values"": null, ""observed_min"": null, ""observed_max"": null, ""attrs"": {""cloud_mask_applied"": true}}, {""name"": ""S1"", ""quantity"": ""backscatter"", ""unit"": null, ""scale"": ""continuous"", ""crs"": ""EPSG:32643"", ""resolution_m"": 10, ""temporal_resolution_h"": null, ""processing_level"": null, ""surface_model"": null, ""vertical_datum"": null, ""acquisition_time"": ""2024-07-01T10:00:00+00:00"", ""available_time"": null, ""provenance"": ""authoritative-product"", ""band_role"": null, ""nodata_semantics"": null, ""uncertainty"": null, ""allowed_values"": null, ""observed_min"": null, ""observed_max"": null, ""attrs"": {}}, {""name"": ""S2"", ""quantity"": ""reflectance"", ""unit"": null, ""scale"": ""continuous"", ""crs"": ""EPSG:32643"", ""resolution_m"": 10, ""temporal_resolution_h"": null, ""processing_level"": null, ""surface_model"": null, ""vertical_datum"": null, ""acquisition_time"": ""2024-07-03T10:00:00+00:00"", ""available_time"": null, ""provenance"": ""authoritative-product"", ""band_role"": null, ""nodata_semantics"": null, ""uncertainty"": null, ""allowed_values"": null, ""observed_min"": null, ""observed_max"": null, ""attrs"": {}}]","[{""op"": ""require_cloud_mask"", ""params"": {""artifact"": 0}}, {""op"": ""compare_sensors"", ""params"": {""a"": 1, ""b"": 2, ""tolerance_h"": 3}}, {""op"": ""area"", ""params"": {""artifact"": 0, ""method"": ""geodesic"", ""output_unit"": ""km2""}}]",REFUTED,"The provided artifacts do not match the required units (binary vs. continuous) and resolutions (10m vs. unspecified). The comparison of sensors requires specific sensor types and their respective units, which are not present in the artifacts.",3,UNPARSED,,
168,SGX3_BLIND_flood_depth_007,"{""goal"": ""flood_depth"", ""required_quantity"": null, ""required_unit"": null, ""decision_time"": null, ""max_resolution_m"": null, ""requires_bare_earth"": false, ""requires_cloud_mask"": false, ""max_uncertainty"": null, ""temporal_tolerance_h"": null, ""required_value_range"": null}","[{""name"": ""terrain-10"", ""quantity"": ""elevation"", ""unit"": ""m"", ""scale"": ""continuous"", ""crs"": ""EPSG:32643"", ""resolution_m"": 10, ""temporal_resolution_h"": null, ""processing_level"": null, ""surface_model"": ""DTM"", ""vertical_datum"": ""EGM2008"", ""acquisition_time"": null, ""available_time"": null, ""provenance"": ""Copernicus DEM"", ""band_role"": null, ""nodata_semantics"": null, ""uncertainty"": null, ""allowed_values"": null, ""observed_min"": null, ""observed_max"": null, ""attrs"": {}}, {""name"": ""water-surface"", ""quantity"": ""water_level"", ""unit"": ""km"", ""scale"": ""continuous"", ""crs"": ""EPSG:32643"", ""resolution_m"": 10.0, ""temporal_resolution_h"": null, ""processing_level"": null, ""surface_model"": null, ""vertical_datum"": ""EGM2008"", ""acquisition_time"": null, ""available_time"": null, ""provenance"": ""hydraulic model"", ""band_role"": null, ""nodata_semantics"": null, ""uncertainty"": null, ""allowed_values"": null, ""observed_min"": null, ""observed_max"": null, ""attrs"": {}}]","[{""op"": ""combine_vertical"", ""params"": {""a"": 0, ""b"": 1}}, {""op"": ""convert_unit"", ""params"": {""artifact"": 1, ""to"": ""m""}}]",REFUTED,The conversion of 'water_level' (unit km) to meters ('m') is unsupported because water levels typically do not use meters as their unit.,4,UNPARSED,,
169,SGX3_BLIND_landcover_change_044,"{""goal"": ""landcover_change"", ""required_quantity"": null, ""required_unit"": null, ""decision_time"": null, ""max_resolution_m"": null, ""requires_bare_earth"": false, ""requires_cloud_mask"": false, ""max_uncertainty"": null, ""temporal_tolerance_h"": null, ""required_value_range"": null}","[{""name"": ""WorldCover-10"", ""quantity"": ""land_cover"", ""unit"": null, ""scale"": ""categorical"", ""crs"": ""EPSG:4326"", ""resolution_m"": 10, ""temporal_resolution_h"": null, ""processing_level"": null, ""surface_model"": null, ""vertical_datum"": null, ""acquisition_time"": null, ""available_time"": null, ""provenance"": ""ESA WorldCover"", ""band_role"": null, ""nodata_semantics"": null, ""uncertainty"": null, ""allowed_values"": [10, 20, 30, 40, 50, 60, 70, 80, 90, 95, 100], ""observed_min"": null, ""observed_max"": null, ""attrs"": {}}]","[{""op"": ""resample"", ""params"": {""artifact"": 0, ""method"": ""mode"", ""target_resolution_m"": 20, ""evidence_of_new_information"": true}}]",REFUTED,"The provided method 'mode' of resampling is unsupported by the given artifacts. The artifacts represent categorical land cover data, which cannot be meaningfully resampled using mode without losing information.",4,UNPARSED,,
170,SGX3_BLIND_eo_ml_validation_014,"{""goal"": ""eo_ml_validation"", ""required_quantity"": null, ""required_unit"": null, ""decision_time"": null, ""max_resolution_m"": null, ""requires_bare_earth"": false, ""requires_cloud_mask"": false, ""max_uncertainty"": null, ""temporal_tolerance_h"": null, ""required_value_range"": null}","[{""name"": ""EO-samples-5324"", ""quantity"": ""training_samples"", ""unit"": null, ""scale"": ""continuous"", ""crs"": ""EPSG:32643"", ""resolution_m"": 10.0, ""temporal_resolution_h"": null, ""processing_level"": null, ""surface_model"": null, ""vertical_datum"": null, ""acquisition_time"": null, ""available_time"": null, ""provenance"": ""authoritative-product"", ""band_role"": null, ""nodata_semantics"": null, ""uncertainty"": null, ""allowed_values"": null, ""observed_min"": null, ""observed_max"": null, ""attrs"": {}}]","[{""op"": ""split"", ""params"": {""mode"": ""spatial"", ""separation_m"": 6846, ""dependence_range_m"": 1869}}]",REFUTED,"The artifacts do not contain any unit information, which is crucial for understanding the scale of measurements.",4,UNPARSED,,
171,SGX3_HELDOUT-FAMILY_uncertainty_missing_011,"{""goal"": ""operational decision"", ""required_quantity"": null, ""required_unit"": null, ""decision_time"": null, ""max_resolution_m"": null, ""requires_bare_earth"": false, ""requires_cloud_mask"": false, ""max_uncertainty"": 0.05, ""temporal_tolerance_h"": null, ""required_value_range"": null}","[{""name"": ""hazard"", ""quantity"": ""hazard_probability"", ""unit"": ""dimensionless"", ""scale"": ""continuous"", ""crs"": ""EPSG:32643"", ""resolution_m"": 10.0, ""temporal_resolution_h"": null, ""processing_level"": null, ""surface_model"": null, ""vertical_datum"": null, ""acquisition_time"": null, ""available_time"": null, ""provenance"": ""authoritative-product"", ""band_role"": null, ""nodata_semantics"": null, ""uncertainty"": 0.0354, ""allowed_values"": null, ""observed_min"": null, ""observed_max"": null, ""attrs"": {}}]",[],REFUTED,"The provided hazard probability has a scale of 'continuous', which is incompatible with the requirement for a resolution of 10 meters (m). Continuous data typically do not have a fixed resolution.",4,UNPARSED,,
172,SGX3_BLIND_flood_depth_026,"{""goal"": ""flood_depth"", ""required_quantity"": null, ""required_unit"": null, ""decision_time"": null, ""max_resolution_m"": null, ""requires_bare_earth"": false, ""requires_cloud_mask"": false, ""max_uncertainty"": null, ""temporal_tolerance_h"": null, ""required_value_range"": null}","[{""name"": ""terrain-90"", ""quantity"": ""elevation"", ""unit"": ""m"", ""scale"": ""continuous"", ""crs"": ""EPSG:32643"", ""resolution_m"": 90, ""temporal_resolution_h"": null, ""processing_level"": null, ""surface_model"": ""DTM"", ""vertical_datum"": ""EGM2008"", ""acquisition_time"": null, ""available_time"": null, ""provenance"": ""Copernicus DEM"", ""band_role"": null, ""nodata_semantics"": null, ""uncertainty"": null, ""allowed_values"": null, ""observed_min"": null, ""observed_max"": null, ""attrs"": {}}, {""name"": ""water-surface"", ""quantity"": ""water_level"", ""unit"": ""km"", ""scale"": ""continuous"", ""crs"": ""EPSG:32643"", ""resolution_m"": 10.0, ""temporal_resolution_h"": null, ""processing_level"": null, ""surface_model"": null, ""vertical_datum"": ""EGM96"", ""acquisition_time"": null, ""available_time"": null, ""provenance"": ""hydraulic model"", ""band_role"": null, ""nodata_semantics"": null, ""uncertainty"": null, ""allowed_values"": null, ""observed_min"": null, ""observed_max"": null, ""attrs"": {}}]","[{""op"": ""combine_vertical"", ""params"": {""a"": 0, ""b"": 1}}, {""op"": ""convert_unit"", ""params"": {""artifact"": 1, ""to"": ""km2""}}]",REFUTED,The conversion of elevation (m) to water level (km) is unsupported because elevation units do not directly convert to surface models like water-level models.,4,UNPARSED,,
173,SGX3_BLIND_landcover_change_001,"{""goal"": ""landcover_change"", ""required_quantity"": null, ""required_unit"": null, ""decision_time"": null, ""max_resolution_m"": null, ""requires_bare_earth"": false, ""requires_cloud_mask"": false, ""max_uncertainty"": null, ""temporal_tolerance_h"": null, ""required_value_range"": null}","[{""name"": ""WorldCover-20"", ""quantity"": ""land_cover"", ""unit"": null, ""scale"": ""categorical"", ""crs"": ""EPSG:4326"", ""resolution_m"": 20, ""temporal_resolution_h"": null, ""processing_level"": null, ""surface_model"": null, ""vertical_datum"": null, ""acquisition_time"": null, ""available_time"": null, ""provenance"": ""ESA WorldCover"", ""band_role"": null, ""nodata_semantics"": null, ""uncertainty"": null, ""allowed_values"": [10, 20, 30, 40, 50, 60, 70, 80, 90, 95, 100], ""observed_min"": null, ""observed_max"": null, ""attrs"": {}}]","[{""op"": ""resample"", ""params"": {""artifact"": 0, ""method"": ""nearest"", ""target_resolution_m"": 60, ""evidence_of_new_information"": true}}]",REFUTED,The provided method 'nearest' for resampling categorical data (land cover) at a resolution of 60 meters is unsupported for categorical data.,4,UNPARSED,,
174,SGX3_BLIND_flood_remote_sensing_035,"{""goal"": ""flood_remote_sensing"", ""required_quantity"": null, ""required_unit"": null, ""decision_time"": null, ""max_resolution_m"": null, ""requires_bare_earth"": false, ""requires_cloud_mask"": false, ""max_uncertainty"": null, ""temporal_tolerance_h"": null, ""required_value_range"": null}","[{""name"": ""flood-mask-20"", ""quantity"": ""flood_extent"", ""unit"": null, ""scale"": ""binary"", ""crs"": ""EPSG:6933"", ""resolution_m"": 20, ""temporal_resolution_h"": null, ""processing_level"": null, ""surface_model"": null, ""vertical_datum"": null, ""acquisition_time"": null, ""available_time"": null, ""provenance"": ""authoritative-product"", ""band_role"": null, ""nodata_semantics"": null, ""uncertainty"": null, ""allowed_values"": null, ""observed_min"": null, ""observed_max"": null, ""attrs"": {""cloud_mask_applied"": false}}, {""name"": ""S1"", ""quantity"": ""backscatter"", ""unit"": null, ""scale"": ""continuous"", ""crs"": ""EPSG:32643"", ""resolution_m"": 10, ""temporal_resolution_h"": null, ""processing_level"": null, ""surface_model"": null, ""vertical_datum"": null, ""acquisition_time"": ""2024-07-10T10:00:00+00:00"", ""available_time"": null, ""provenance"": ""authoritative-product"", ""band_role"": null, ""nodata_semantics"": null, ""uncertainty"": null, ""allowed_values"": null, ""observed_min"": null, ""observed_max"": null, ""attrs"": {}}, {""name"": ""S2"", ""quantity"": ""reflectance"", ""unit"": null, ""scale"": ""continuous"", ""crs"": ""EPSG:32643"", ""resolution_m"": 10, ""temporal_resolution_h"": null, ""processing_level"": null, ""surface_model"": null, ""vertical_datum"": null, ""acquisition_time"": ""2024-07-10T22:00:00+00:00"", ""available_time"": null, ""provenance"": ""authoritative-product"", ""band_role"": null, ""nodata_semantics"": null, ""uncertainty"": null, ""allowed_values"": null, ""observed_min"": null, ""observed_max"": null, ""attrs"": {}}]","[{""op"": ""require_cloud_mask"", ""params"": {""artifact"": 0}}, {""op"": ""compare_sensors"", ""params"": {""a"": 1, ""b"": 2, ""tolerance_h"": 3}}, {""op"": ""area"", ""params"": {""artifact"": 0, ""method"": ""geodesic"", ""output_unit"": ""km2""}}]",REFUTED,The provided artifacts do not match the required units (binary vs. continuous) and resolutions (20m vs. 10m). The comparison of sensors requires consistent unit scales.,3,UNPARSED,,
175,SGX3_DEVELOPMENT_angular_area_009,"{""goal"": ""angular_area"", ""required_quantity"": null, ""required_unit"": null, ""decision_time"": null, ""max_resolution_m"": null, ""requires_bare_earth"": false, ""requires_cloud_mask"": false, ""max_uncertainty"": null, ""temporal_tolerance_h"": null, ""required_value_range"": null}","[{""name"": ""flood-polygon"", ""quantity"": ""flood_extent"", ""unit"": null, ""scale"": ""binary"", ""crs"": ""EPSG:32643"", ""resolution_m"": 30, ""temporal_resolution_h"": null, ""processing_level"": null, ""surface_model"": null, ""vertical_datum"": null, ""acquisition_time"": null, ""available_time"": null, ""provenance"": ""authoritative-product"", ""band_role"": null, ""nodata_semantics"": null, ""uncertainty"": null, ""allowed_values"": null, ""observed_min"": null, ""observed_max"": null, ""attrs"": {}}]","[{""op"": ""area"", ""params"": {""artifact"": 0, ""method"": ""planar"", ""output_unit"": ""km2""}}]",REFUTED,The provided unit 'km2' (square kilometers) is unsupported by the given artifacts which do not specify any area measurement.,4,UNPARSED,,
176,SGX3_BLIND_eo_ml_validation_004,"{""goal"": ""eo_ml_validation"", ""required_quantity"": null, ""required_unit"": null, ""decision_time"": null, ""max_resolution_m"": null, ""requires_bare_earth"": false, ""requires_cloud_mask"": false, ""max_uncertainty"": null, ""temporal_tolerance_h"": null, ""required_value_range"": null}","[{""name"": ""EO-samples-8553"", ""quantity"": ""training_samples"", ""unit"": null, ""scale"": ""continuous"", ""crs"": ""EPSG:32643"", ""resolution_m"": 10.0, ""temporal_resolution_h"": null, ""processing_level"": null, ""surface_model"": null, ""vertical_datum"": null, ""acquisition_time"": null, ""available_time"": null, ""provenance"": ""authoritative-product"", ""band_role"": null, ""nodata_semantics"": null, ""uncertainty"": null, ""allowed_values"": null, ""observed_min"": null, ""observed_max"": null, ""attrs"": {}}]","[{""op"": ""split"", ""params"": {""mode"": ""temporal"", ""train_end"": ""2024-04-13T00:00:00+00:00"", ""test_start"": ""2024-05-01T00:00:00+00:00""}}]",REFUTED,The provided artifacts do not contain any information about how the EO samples will be converted into a format suitable for ML validation. The conversion process is crucial as it must ensure compatibility with the required input formats and scales.,4,UNPARSED,,
177,SGX3_HELDOUT-FAMILY_quality_metadata_loss_001,"{""goal"": ""quality_metadata_loss"", ""required_quantity"": null, ""required_unit"": null, ""decision_time"": null, ""max_resolution_m"": null, ""requires_bare_earth"": false, ""requires_cloud_mask"": false, ""max_uncertainty"": null, ""temporal_tolerance_h"": null, ""required_value_range"": null}","[{""name"": ""reflectance"", ""quantity"": ""surface_reflectance"", ""unit"": null, ""scale"": ""continuous"", ""crs"": ""EPSG:32643"", ""resolution_m"": 10.0, ""temporal_resolution_h"": null, ""processing_level"": null, ""surface_model"": null, ""vertical_datum"": null, ""acquisition_time"": null, ""available_time"": null, ""provenance"": ""authoritative-product"", ""band_role"": null, ""nodata_semantics"": null, ""uncertainty"": null, ""allowed_values"": null, ""observed_min"": null, ""observed_max"": null, ""attrs"": {""quality_layer"": ""SCL""}}]","[{""op"": ""drop_quality_metadata"", ""params"": {""artifact"": 0, ""required_downstream"": false}}]",REFUTED,The provided workflow involves dropping quality metadata from reflectance data without specifying how the resulting dataset will be used or what downstream processes it will undergo. This lack of context makes it impossible to determine if the loss of metadata is intentional or unintentional.,4,UNPARSED,,
178,SGX3_HELDOUT-FAMILY_multisensor_time_mismatch_013,"{""goal"": ""multisensor_time_mismatch"", ""required_quantity"": null, ""required_unit"": null, ""decision_time"": null, ""max_resolution_m"": null, ""requires_bare_earth"": false, ""requires_cloud_mask"": false, ""max_uncertainty"": null, ""temporal_tolerance_h"": null, ""required_value_range"": null}","[{""name"": ""S1"", ""quantity"": ""backscatter"", ""unit"": null, ""scale"": ""continuous"", ""crs"": ""EPSG:32643"", ""resolution_m"": 10.0, ""temporal_resolution_h"": null, ""processing_level"": null, ""surface_model"": null, ""vertical_datum"": null, ""acquisition_time"": ""2024-07-01T10:00:00+00:00"", ""available_time"": null, ""provenance"": ""authoritative-product"", ""band_role"": null, ""nodata_semantics"": null, ""uncertainty"": null, ""allowed_values"": null, ""observed_min"": null, ""observed_max"": null, ""attrs"": {}}, {""name"": ""S2"", ""quantity"": ""reflectance"", ""unit"": null, ""scale"": ""continuous"", ""crs"": ""EPSG:32643"", ""resolution_m"": 10.0, ""temporal_resolution_h"": null, ""processing_level"": null, ""surface_model"": null, ""vertical_datum"": null, ""acquisition_time"": ""2024-07-01T13:00:00+00:00"", ""available_time"": null, ""provenance"": ""authoritative-product"", ""band_role"": null, ""nodata_semantics"": null, ""uncertainty"": null, ""allowed_values"": null, ""observed_min"": null, ""observed_max"": null, ""attrs"": {}}]","[{""op"": ""compare_sensors"", ""params"": {""a"": 0, ""b"": 1, ""tolerance_h"": 3}}]",REFUTED,"The provided artifacts do not match the required quantity 'backscatter' for sensor S1, which is specified as 'reflectance'. Additionally, the temporal resolution of both sensors is inconsistent (S1 at 10 minutes, S2 at 1 hour). This mismatch in quantity and temporal resolution violates the requirement for multisensor time alignment.",4,UNPARSED,,
179,SGX3_HELDOUT-FAMILY_scene_overlap_leakage_011,"{""goal"": ""scene_overlap_leakage"", ""required_quantity"": null, ""required_unit"": null, ""decision_time"": null, ""max_resolution_m"": null, ""requires_bare_earth"": false, ""requires_cloud_mask"": false, ""max_uncertainty"": null, ""temporal_tolerance_h"": null, ""required_value_range"": null}","[{""name"": ""chips"", ""quantity"": ""image_samples"", ""unit"": null, ""scale"": ""continuous"", ""crs"": ""EPSG:32643"", ""resolution_m"": 10.0, ""temporal_resolution_h"": null, ""processing_level"": null, ""surface_model"": null, ""vertical_datum"": null, ""acquisition_time"": null, ""available_time"": null, ""provenance"": ""authoritative-product"", ""band_role"": null, ""nodata_semantics"": null, ""uncertainty"": null, ""allowed_values"": null, ""observed_min"": null, ""observed_max"": null, ""attrs"": {}}]","[{""op"": ""split"", ""params"": {""mode"": ""scene"", ""scene_overlap_fraction"": 0.316}}]",REFUTED,"The provided artifacts do not include any unit information, which is essential for defining the scale of the imagery.",4,UNPARSED,,
180,SGX3_BLIND_landslide_forecast_006,"{""goal"": ""landslide forecast"", ""required_quantity"": null, ""required_unit"": null, ""decision_time"": ""2024-08-15T12:00:00+00:00"", ""max_resolution_m"": null, ""requires_bare_earth"": false, ""requires_cloud_mask"": false, ""max_uncertainty"": null, ""temporal_tolerance_h"": null, ""required_value_range"": null}","[{""name"": ""IMERG-feature"", ""quantity"": ""rainfall"", ""unit"": ""mm"", ""scale"": ""continuous"", ""crs"": ""EPSG:32643"", ""resolution_m"": 10.0, ""temporal_resolution_h"": null, ""processing_level"": null, ""surface_model"": null, ""vertical_datum"": null, ""acquisition_time"": null, ""available_time"": ""2024-08-16T00:00:00+00:00"", ""provenance"": ""NASA GPM IMERG"", ""band_role"": null, ""nodata_semantics"": null, ""uncertainty"": null, ""allowed_values"": null, ""observed_min"": null, ""observed_max"": null, ""attrs"": {}}, {""name"": ""terrain-30"", ""quantity"": ""elevation"", ""unit"": ""m"", ""scale"": ""continuous"", ""crs"": ""EPSG:32643"", ""resolution_m"": 30, ""temporal_resolution_h"": null, ""processing_level"": null, ""surface_model"": ""DTM"", ""vertical_datum"": ""EGM2008"", ""acquisition_time"": null, ""available_time"": null, ""provenance"": ""Copernicus DEM"", ""band_role"": null, ""nodata_semantics"": null, ""uncertainty"": null, ""allowed_values"": null, ""observed_min"": null, ""observed_max"": null, ""attrs"": {}}]","[{""op"": ""predict"", ""params"": {""features"": [0]}}, {""op"": ""require_bare_earth"", ""params"": {""artifact"": 1}}]",REFUTED,The provided artifacts do not include units for the required quantities (rainfall and elevation). The scientific goal requires specific unit information which is missing.,4,UNPARSED,,
