case_id,split,tier,workflow_intent,artifacts_json,steps_json,reviewer_validity,reviewer_error_family,reviewer_severity,reviewer_comments,reviewer_id,adjudicated_validity
SGX3_DEVELOPMENT_categorical_interpolation_000,development,atomic,categorical_interpolation,"[{""name"": ""landcover-30"", ""quantity"": ""land_cover"", ""unit"": null, ""scale"": ""categorical"", ""crs"": ""EPSG:4326"", ""resolution_m"": 30, ""temporal_resolution_h"": null, ""processing_level"": null, ""surface_model"": null, ""vertical_datum"": null, ""acquisition_time"": null, ""available_time"": null, ""provenance"": ""authoritative-product"", ""band_role"": null, ""nodata_semantics"": null, ""uncertainty"": null, ""allowed_values"": [10, 20, 30, 40, 50, 60, 70, 80, 90, 95, 100], ""observed_min"": null, ""observed_max"": null, ""attrs"": {}}]","[{""op"": ""resample"", ""params"": {""artifact"": 0, ""method"": ""mode"", ""target_resolution_m"": 45, ""evidence_of_new_information"": true}}]",,,,,,
SGX3_DEVELOPMENT_categorical_interpolation_001,development,atomic,categorical_interpolation,"[{""name"": ""landcover-30"", ""quantity"": ""land_cover"", ""unit"": null, ""scale"": ""categorical"", ""crs"": ""EPSG:4326"", ""resolution_m"": 30, ""temporal_resolution_h"": null, ""processing_level"": null, ""surface_model"": null, ""vertical_datum"": null, ""acquisition_time"": null, ""available_time"": null, ""provenance"": ""authoritative-product"", ""band_role"": null, ""nodata_semantics"": null, ""uncertainty"": null, ""allowed_values"": [10, 20, 30, 40, 50, 60, 70, 80, 90, 95, 100], ""observed_min"": null, ""observed_max"": null, ""attrs"": {}}]","[{""op"": ""resample"", ""params"": {""artifact"": 0, ""method"": ""cubic"", ""target_resolution_m"": 45, ""evidence_of_new_information"": true}}]",,,,,,
SGX3_DEVELOPMENT_categorical_interpolation_002,development,adversarial,categorical_interpolation,"[{""name"": ""landcover-30"", ""quantity"": ""land_cover"", ""unit"": null, ""scale"": ""categorical"", ""crs"": ""EPSG:4326"", ""resolution_m"": 30, ""temporal_resolution_h"": null, ""processing_level"": null, ""surface_model"": null, ""vertical_datum"": null, ""acquisition_time"": null, ""available_time"": null, ""provenance"": ""authoritative-product"", ""band_role"": null, ""nodata_semantics"": null, ""uncertainty"": null, ""allowed_values"": [10, 20, 30, 40, 50, 60, 70, 80, 90, 95, 100], ""observed_min"": null, ""observed_max"": null, ""attrs"": {}}]","[{""op"": ""resample"", ""params"": {""artifact"": 0, ""method"": ""mode"", ""target_resolution_m"": 90, ""evidence_of_new_information"": true}}]",,,,,,
SGX3_DEVELOPMENT_categorical_interpolation_003,development,adversarial,categorical_interpolation,"[{""name"": ""landcover-20"", ""quantity"": ""land_cover"", ""unit"": null, ""scale"": ""categorical"", ""crs"": ""EPSG:4326"", ""resolution_m"": 20, ""temporal_resolution_h"": null, ""processing_level"": null, ""surface_model"": null, ""vertical_datum"": null, ""acquisition_time"": null, ""available_time"": null, ""provenance"": ""authoritative-product"", ""band_role"": null, ""nodata_semantics"": null, ""uncertainty"": null, ""allowed_values"": [10, 20, 30, 40, 50, 60, 70, 80, 90, 95, 100], ""observed_min"": null, ""observed_max"": null, ""attrs"": {}}]","[{""op"": ""resample"", ""params"": {""artifact"": 0, ""method"": ""nearest"", ""target_resolution_m"": 60, ""evidence_of_new_information"": true}}]",,,,,,
SGX3_DEVELOPMENT_categorical_interpolation_004,development,adversarial,categorical_interpolation,"[{""name"": ""landcover-10"", ""quantity"": ""land_cover"", ""unit"": null, ""scale"": ""categorical"", ""crs"": ""EPSG:4326"", ""resolution_m"": 10, ""temporal_resolution_h"": null, ""processing_level"": null, ""surface_model"": null, ""vertical_datum"": null, ""acquisition_time"": null, ""available_time"": null, ""provenance"": ""authoritative-product"", ""band_role"": null, ""nodata_semantics"": null, ""uncertainty"": null, ""allowed_values"": [10, 20, 30, 40, 50, 60, 70, 80, 90, 95, 100], ""observed_min"": null, ""observed_max"": null, ""attrs"": {}}]","[{""op"": ""resample"", ""params"": {""artifact"": 0, ""method"": ""nearest"", ""target_resolution_m"": 90, ""evidence_of_new_information"": true}}]",,,,,,
SGX3_DEVELOPMENT_categorical_interpolation_005,development,atomic,categorical_interpolation,"[{""name"": ""landcover-30"", ""quantity"": ""land_cover"", ""unit"": null, ""scale"": ""categorical"", ""crs"": ""EPSG:4326"", ""resolution_m"": 30, ""temporal_resolution_h"": null, ""processing_level"": null, ""surface_model"": null, ""vertical_datum"": null, ""acquisition_time"": null, ""available_time"": null, ""provenance"": ""authoritative-product"", ""band_role"": null, ""nodata_semantics"": null, ""uncertainty"": null, ""allowed_values"": [10, 20, 30, 40, 50, 60, 70, 80, 90, 95, 100], ""observed_min"": null, ""observed_max"": null, ""attrs"": {}}]","[{""op"": ""resample"", ""params"": {""artifact"": 0, ""method"": ""nearest"", ""target_resolution_m"": 30, ""evidence_of_new_information"": true}}]",,,,,,
SGX3_DEVELOPMENT_categorical_interpolation_006,development,adversarial,categorical_interpolation,"[{""name"": ""landcover-10"", ""quantity"": ""land_cover"", ""unit"": null, ""scale"": ""categorical"", ""crs"": ""EPSG:4326"", ""resolution_m"": 10, ""temporal_resolution_h"": null, ""processing_level"": null, ""surface_model"": null, ""vertical_datum"": null, ""acquisition_time"": null, ""available_time"": null, ""provenance"": ""authoritative-product"", ""band_role"": null, ""nodata_semantics"": null, ""uncertainty"": null, ""allowed_values"": [10, 20, 30, 40, 50, 60, 70, 80, 90, 95, 100], ""observed_min"": null, ""observed_max"": null, ""attrs"": {}}]","[{""op"": ""resample"", ""params"": {""artifact"": 0, ""method"": ""lanczos"", ""target_resolution_m"": 25, ""evidence_of_new_information"": true}}]",,,,,,
SGX3_DEVELOPMENT_categorical_interpolation_007,development,compositional,categorical_interpolation,"[{""name"": ""landcover-20"", ""quantity"": ""land_cover"", ""unit"": null, ""scale"": ""categorical"", ""crs"": ""EPSG:4326"", ""resolution_m"": 20, ""temporal_resolution_h"": null, ""processing_level"": null, ""surface_model"": null, ""vertical_datum"": null, ""acquisition_time"": null, ""available_time"": null, ""provenance"": ""authoritative-product"", ""band_role"": null, ""nodata_semantics"": null, ""uncertainty"": null, ""allowed_values"": [10, 20, 30, 40, 50, 60, 70, 80, 90, 95, 100], ""observed_min"": null, ""observed_max"": null, ""attrs"": {}}]","[{""op"": ""resample"", ""params"": {""artifact"": 0, ""method"": ""lanczos"", ""target_resolution_m"": 45, ""evidence_of_new_information"": true}}]",,,,,,
SGX3_DEVELOPMENT_categorical_interpolation_008,development,adversarial,categorical_interpolation,"[{""name"": ""landcover-10"", ""quantity"": ""land_cover"", ""unit"": null, ""scale"": ""categorical"", ""crs"": ""EPSG:4326"", ""resolution_m"": 10, ""temporal_resolution_h"": null, ""processing_level"": null, ""surface_model"": null, ""vertical_datum"": null, ""acquisition_time"": null, ""available_time"": null, ""provenance"": ""authoritative-product"", ""band_role"": null, ""nodata_semantics"": null, ""uncertainty"": null, ""allowed_values"": [10, 20, 30, 40, 50, 60, 70, 80, 90, 95, 100], ""observed_min"": null, ""observed_max"": null, ""attrs"": {}}]","[{""op"": ""resample"", ""params"": {""artifact"": 0, ""method"": ""nearest"", ""target_resolution_m"": 10, ""evidence_of_new_information"": true}}]",,,,,,
SGX3_DEVELOPMENT_categorical_interpolation_009,development,atomic,categorical_interpolation,"[{""name"": ""landcover-30"", ""quantity"": ""land_cover"", ""unit"": null, ""scale"": ""categorical"", ""crs"": ""EPSG:4326"", ""resolution_m"": 30, ""temporal_resolution_h"": null, ""processing_level"": null, ""surface_model"": null, ""vertical_datum"": null, ""acquisition_time"": null, ""available_time"": null, ""provenance"": ""authoritative-product"", ""band_role"": null, ""nodata_semantics"": null, ""uncertainty"": null, ""allowed_values"": [10, 20, 30, 40, 50, 60, 70, 80, 90, 95, 100], ""observed_min"": null, ""observed_max"": null, ""attrs"": {}}]","[{""op"": ""resample"", ""params"": {""artifact"": 0, ""method"": ""bilinear"", ""target_resolution_m"": 35, ""evidence_of_new_information"": true}}]",,,,,,
SGX3_DEVELOPMENT_categorical_interpolation_010,development,atomic,categorical_interpolation,"[{""name"": ""landcover-20"", ""quantity"": ""land_cover"", ""unit"": null, ""scale"": ""categorical"", ""crs"": ""EPSG:4326"", ""resolution_m"": 20, ""temporal_resolution_h"": null, ""processing_level"": null, ""surface_model"": null, ""vertical_datum"": null, ""acquisition_time"": null, ""available_time"": null, ""provenance"": ""authoritative-product"", ""band_role"": null, ""nodata_semantics"": null, ""uncertainty"": null, ""allowed_values"": [10, 20, 30, 40, 50, 60, 70, 80, 90, 95, 100], ""observed_min"": null, ""observed_max"": null, ""attrs"": {}}]","[{""op"": ""resample"", ""params"": {""artifact"": 0, ""method"": ""lanczos"", ""target_resolution_m"": 60, ""evidence_of_new_information"": true}}]",,,,,,
SGX3_DEVELOPMENT_categorical_interpolation_011,development,atomic,categorical_interpolation,"[{""name"": ""landcover-10"", ""quantity"": ""land_cover"", ""unit"": null, ""scale"": ""categorical"", ""crs"": ""EPSG:4326"", ""resolution_m"": 10, ""temporal_resolution_h"": null, ""processing_level"": null, ""surface_model"": null, ""vertical_datum"": null, ""acquisition_time"": null, ""available_time"": null, ""provenance"": ""authoritative-product"", ""band_role"": null, ""nodata_semantics"": null, ""uncertainty"": null, ""allowed_values"": [10, 20, 30, 40, 50, 60, 70, 80, 90, 95, 100], ""observed_min"": null, ""observed_max"": null, ""attrs"": {}}]","[{""op"": ""resample"", ""params"": {""artifact"": 0, ""method"": ""mode"", ""target_resolution_m"": 30, ""evidence_of_new_information"": true}}]",,,,,,
SGX3_DEVELOPMENT_categorical_interpolation_012,development,adversarial,categorical_interpolation,"[{""name"": ""landcover-20"", ""quantity"": ""land_cover"", ""unit"": null, ""scale"": ""categorical"", ""crs"": ""EPSG:4326"", ""resolution_m"": 20, ""temporal_resolution_h"": null, ""processing_level"": null, ""surface_model"": null, ""vertical_datum"": null, ""acquisition_time"": null, ""available_time"": null, ""provenance"": ""authoritative-product"", ""band_role"": null, ""nodata_semantics"": null, ""uncertainty"": null, ""allowed_values"": [10, 20, 30, 40, 50, 60, 70, 80, 90, 95, 100], ""observed_min"": null, ""observed_max"": null, ""attrs"": {}}]","[{""op"": ""resample"", ""params"": {""artifact"": 0, ""method"": ""nearest"", ""target_resolution_m"": 35, ""evidence_of_new_information"": true}}]",,,,,,
SGX3_DEVELOPMENT_categorical_interpolation_013,development,atomic,categorical_interpolation,"[{""name"": ""landcover-10"", ""quantity"": ""land_cover"", ""unit"": null, ""scale"": ""categorical"", ""crs"": ""EPSG:4326"", ""resolution_m"": 10, ""temporal_resolution_h"": null, ""processing_level"": null, ""surface_model"": null, ""vertical_datum"": null, ""acquisition_time"": null, ""available_time"": null, ""provenance"": ""authoritative-product"", ""band_role"": null, ""nodata_semantics"": null, ""uncertainty"": null, ""allowed_values"": [10, 20, 30, 40, 50, 60, 70, 80, 90, 95, 100], ""observed_min"": null, ""observed_max"": null, ""attrs"": {}}]","[{""op"": ""resample"", ""params"": {""artifact"": 0, ""method"": ""nearest"", ""target_resolution_m"": 20, ""evidence_of_new_information"": true}}]",,,,,,
SGX3_DEVELOPMENT_categorical_interpolation_014,development,adversarial,categorical_interpolation,"[{""name"": ""landcover-30"", ""quantity"": ""land_cover"", ""unit"": null, ""scale"": ""categorical"", ""crs"": ""EPSG:4326"", ""resolution_m"": 30, ""temporal_resolution_h"": null, ""processing_level"": null, ""surface_model"": null, ""vertical_datum"": null, ""acquisition_time"": null, ""available_time"": null, ""provenance"": ""authoritative-product"", ""band_role"": null, ""nodata_semantics"": null, ""uncertainty"": null, ""allowed_values"": [10, 20, 30, 40, 50, 60, 70, 80, 90, 95, 100], ""observed_min"": null, ""observed_max"": null, ""attrs"": {}}]","[{""op"": ""resample"", ""params"": {""artifact"": 0, ""method"": ""bilinear"", ""target_resolution_m"": 15, ""evidence_of_new_information"": false}}]",,,,,,
SGX3_DEVELOPMENT_categorical_interpolation_015,development,adversarial,categorical_interpolation,"[{""name"": ""landcover-10"", ""quantity"": ""land_cover"", ""unit"": null, ""scale"": ""categorical"", ""crs"": ""EPSG:4326"", ""resolution_m"": 10, ""temporal_resolution_h"": null, ""processing_level"": null, ""surface_model"": null, ""vertical_datum"": null, ""acquisition_time"": null, ""available_time"": null, ""provenance"": ""authoritative-product"", ""band_role"": null, ""nodata_semantics"": null, ""uncertainty"": null, ""allowed_values"": [10, 20, 30, 40, 50, 60, 70, 80, 90, 95, 100], ""observed_min"": null, ""observed_max"": null, ""attrs"": {}}]","[{""op"": ""resample"", ""params"": {""artifact"": 0, ""method"": ""nearest"", ""target_resolution_m"": 60, ""evidence_of_new_information"": true}}]",,,,,,
SGX3_DEVELOPMENT_rate_mean_as_accumulation_000,development,adversarial,rate_mean_as_accumulation,"[{""name"": ""IMERG"", ""quantity"": ""precipitation_rate"", ""unit"": ""mm/h"", ""scale"": ""continuous"", ""crs"": ""EPSG:4326"", ""resolution_m"": 10000, ""temporal_resolution_h"": 0.5, ""processing_level"": null, ""surface_model"": null, ""vertical_datum"": null, ""acquisition_time"": null, ""available_time"": null, ""provenance"": ""authoritative-product"", ""band_role"": null, ""nodata_semantics"": null, ""uncertainty"": null, ""allowed_values"": null, ""observed_min"": null, ""observed_max"": null, ""attrs"": {}}]","[{""op"": ""temporal_aggregate"", ""params"": {""artifact"": 0, ""method"": ""average"", ""sample_duration_h"": 0.5, ""declared_quantity"": ""accumulation""}}]",,,,,,
SGX3_DEVELOPMENT_rate_mean_as_accumulation_001,development,adversarial,rate_mean_as_accumulation,"[{""name"": ""IMERG"", ""quantity"": ""precipitation_rate"", ""unit"": ""mm/h"", ""scale"": ""continuous"", ""crs"": ""EPSG:4326"", ""resolution_m"": 10000, ""temporal_resolution_h"": 0.25, ""processing_level"": null, ""surface_model"": null, ""vertical_datum"": null, ""acquisition_time"": null, ""available_time"": null, ""provenance"": ""authoritative-product"", ""band_role"": null, ""nodata_semantics"": null, ""uncertainty"": null, ""allowed_values"": null, ""observed_min"": null, ""observed_max"": null, ""attrs"": {}}]","[{""op"": ""temporal_aggregate"", ""params"": {""artifact"": 0, ""method"": ""integrate"", ""sample_duration_h"": 0.25, ""declared_quantity"": ""accumulation""}}]",,,,,,
SGX3_DEVELOPMENT_rate_mean_as_accumulation_002,development,adversarial,rate_mean_as_accumulation,"[{""name"": ""IMERG"", ""quantity"": ""precipitation_rate"", ""unit"": ""mm/h"", ""scale"": ""continuous"", ""crs"": ""EPSG:4326"", ""resolution_m"": 10000, ""temporal_resolution_h"": 0.25, ""processing_level"": null, ""surface_model"": null, ""vertical_datum"": null, ""acquisition_time"": null, ""available_time"": null, ""provenance"": ""authoritative-product"", ""band_role"": null, ""nodata_semantics"": null, ""uncertainty"": null, ""allowed_values"": null, ""observed_min"": null, ""observed_max"": null, ""attrs"": {}}]","[{""op"": ""temporal_aggregate"", ""params"": {""artifact"": 0, ""method"": ""mean"", ""sample_duration_h"": 0.25, ""declared_quantity"": ""accumulation""}}]",,,,,,
SGX3_DEVELOPMENT_rate_mean_as_accumulation_003,development,adversarial,rate_mean_as_accumulation,"[{""name"": ""IMERG"", ""quantity"": ""precipitation_rate"", ""unit"": ""mm/h"", ""scale"": ""continuous"", ""crs"": ""EPSG:4326"", ""resolution_m"": 10000, ""temporal_resolution_h"": 0.5, ""processing_level"": null, ""surface_model"": null, ""vertical_datum"": null, ""acquisition_time"": null, ""available_time"": null, ""provenance"": ""authoritative-product"", ""band_role"": null, ""nodata_semantics"": null, ""uncertainty"": null, ""allowed_values"": null, ""observed_min"": null, ""observed_max"": null, ""attrs"": {}}]","[{""op"": ""temporal_aggregate"", ""params"": {""artifact"": 0, ""method"": ""mean"", ""sample_duration_h"": 0.5, ""declared_quantity"": ""accumulation""}}]",,,,,,
SGX3_DEVELOPMENT_rate_mean_as_accumulation_004,development,atomic,rate_mean_as_accumulation,"[{""name"": ""IMERG"", ""quantity"": ""precipitation_rate"", ""unit"": ""mm/h"", ""scale"": ""continuous"", ""crs"": ""EPSG:4326"", ""resolution_m"": 10000, ""temporal_resolution_h"": 0.5, ""processing_level"": null, ""surface_model"": null, ""vertical_datum"": null, ""acquisition_time"": null, ""available_time"": null, ""provenance"": ""authoritative-product"", ""band_role"": null, ""nodata_semantics"": null, ""uncertainty"": null, ""allowed_values"": null, ""observed_min"": null, ""observed_max"": null, ""attrs"": {}}]","[{""op"": ""temporal_aggregate"", ""params"": {""artifact"": 0, ""method"": ""integrate"", ""sample_duration_h"": 0.5, ""declared_quantity"": ""accumulation""}}]",,,,,,
SGX3_DEVELOPMENT_rate_mean_as_accumulation_005,development,atomic,rate_mean_as_accumulation,"[{""name"": ""IMERG"", ""quantity"": ""precipitation_rate"", ""unit"": ""mm/h"", ""scale"": ""continuous"", ""crs"": ""EPSG:4326"", ""resolution_m"": 10000, ""temporal_resolution_h"": 0.25, ""processing_level"": null, ""surface_model"": null, ""vertical_datum"": null, ""acquisition_time"": null, ""available_time"": null, ""provenance"": ""authoritative-product"", ""band_role"": null, ""nodata_semantics"": null, ""uncertainty"": null, ""allowed_values"": null, ""observed_min"": null, ""observed_max"": null, ""attrs"": {}}]","[{""op"": ""temporal_aggregate"", ""params"": {""artifact"": 0, ""method"": ""average"", ""sample_duration_h"": 0.25, ""declared_quantity"": ""accumulation""}}]",,,,,,
SGX3_DEVELOPMENT_angular_area_000,development,compositional,angular_area,"[{""name"": ""flood-polygon"", ""quantity"": ""flood_extent"", ""unit"": null, ""scale"": ""binary"", ""crs"": ""EPSG:4326"", ""resolution_m"": 20, ""temporal_resolution_h"": null, ""processing_level"": null, ""surface_model"": null, ""vertical_datum"": null, ""acquisition_time"": null, ""available_time"": null, ""provenance"": ""authoritative-product"", ""band_role"": null, ""nodata_semantics"": null, ""uncertainty"": null, ""allowed_values"": null, ""observed_min"": null, ""observed_max"": null, ""attrs"": {}}]","[{""op"": ""area"", ""params"": {""artifact"": 0, ""method"": ""planar"", ""output_unit"": ""km2""}}]",,,,,,
SGX3_DEVELOPMENT_angular_area_001,development,adversarial,angular_area,"[{""name"": ""flood-polygon"", ""quantity"": ""flood_extent"", ""unit"": null, ""scale"": ""binary"", ""crs"": ""EPSG:6933"", ""resolution_m"": 10, ""temporal_resolution_h"": null, ""processing_level"": null, ""surface_model"": null, ""vertical_datum"": null, ""acquisition_time"": null, ""available_time"": null, ""provenance"": ""authoritative-product"", ""band_role"": null, ""nodata_semantics"": null, ""uncertainty"": null, ""allowed_values"": null, ""observed_min"": null, ""observed_max"": null, ""attrs"": {}}]","[{""op"": ""area"", ""params"": {""artifact"": 0, ""method"": ""planar"", ""output_unit"": ""km2""}}]",,,,,,
SGX3_DEVELOPMENT_angular_area_002,development,compositional,angular_area,"[{""name"": ""flood-polygon"", ""quantity"": ""flood_extent"", ""unit"": null, ""scale"": ""binary"", ""crs"": ""EPSG:4326"", ""resolution_m"": 10, ""temporal_resolution_h"": null, ""processing_level"": null, ""surface_model"": null, ""vertical_datum"": null, ""acquisition_time"": null, ""available_time"": null, ""provenance"": ""authoritative-product"", ""band_role"": null, ""nodata_semantics"": null, ""uncertainty"": null, ""allowed_values"": null, ""observed_min"": null, ""observed_max"": null, ""attrs"": {}}]","[{""op"": ""area"", ""params"": {""artifact"": 0, ""method"": ""planar"", ""output_unit"": ""km2""}}]",,,,,,
SGX3_DEVELOPMENT_angular_area_003,development,adversarial,angular_area,"[{""name"": ""flood-polygon"", ""quantity"": ""flood_extent"", ""unit"": null, ""scale"": ""binary"", ""crs"": ""EPSG:6933"", ""resolution_m"": 20, ""temporal_resolution_h"": null, ""processing_level"": null, ""surface_model"": null, ""vertical_datum"": null, ""acquisition_time"": null, ""available_time"": null, ""provenance"": ""authoritative-product"", ""band_role"": null, ""nodata_semantics"": null, ""uncertainty"": null, ""allowed_values"": null, ""observed_min"": null, ""observed_max"": null, ""attrs"": {}}]","[{""op"": ""area"", ""params"": {""artifact"": 0, ""method"": ""planar"", ""output_unit"": ""km2""}}]",,,,,,
SGX3_DEVELOPMENT_angular_area_004,development,atomic,angular_area,"[{""name"": ""flood-polygon"", ""quantity"": ""flood_extent"", ""unit"": null, ""scale"": ""binary"", ""crs"": ""EPSG:4326"", ""resolution_m"": 30, ""temporal_resolution_h"": null, ""processing_level"": null, ""surface_model"": null, ""vertical_datum"": null, ""acquisition_time"": null, ""available_time"": null, ""provenance"": ""authoritative-product"", ""band_role"": null, ""nodata_semantics"": null, ""uncertainty"": null, ""allowed_values"": null, ""observed_min"": null, ""observed_max"": null, ""attrs"": {}}]","[{""op"": ""area"", ""params"": {""artifact"": 0, ""method"": ""planar"", ""output_unit"": ""km2""}}]",,,,,,
SGX3_DEVELOPMENT_angular_area_005,development,adversarial,angular_area,"[{""name"": ""flood-polygon"", ""quantity"": ""flood_extent"", ""unit"": null, ""scale"": ""binary"", ""crs"": ""EPSG:32644"", ""resolution_m"": 30, ""temporal_resolution_h"": null, ""processing_level"": null, ""surface_model"": null, ""vertical_datum"": null, ""acquisition_time"": null, ""available_time"": null, ""provenance"": ""authoritative-product"", ""band_role"": null, ""nodata_semantics"": null, ""uncertainty"": null, ""allowed_values"": null, ""observed_min"": null, ""observed_max"": null, ""attrs"": {}}]","[{""op"": ""area"", ""params"": {""artifact"": 0, ""method"": ""planar"", ""output_unit"": ""km2""}}]",,,,,,
SGX3_DEVELOPMENT_angular_area_006,development,adversarial,angular_area,"[{""name"": ""flood-polygon"", ""quantity"": ""flood_extent"", ""unit"": null, ""scale"": ""binary"", ""crs"": ""EPSG:6933"", ""resolution_m"": 30, ""temporal_resolution_h"": null, ""processing_level"": null, ""surface_model"": null, ""vertical_datum"": null, ""acquisition_time"": null, ""available_time"": null, ""provenance"": ""authoritative-product"", ""band_role"": null, ""nodata_semantics"": null, ""uncertainty"": null, ""allowed_values"": null, ""observed_min"": null, ""observed_max"": null, ""attrs"": {}}]","[{""op"": ""area"", ""params"": {""artifact"": 0, ""method"": ""planar"", ""output_unit"": ""km2""}}]",,,,,,
SGX3_DEVELOPMENT_angular_area_007,development,adversarial,angular_area,"[{""name"": ""flood-polygon"", ""quantity"": ""flood_extent"", ""unit"": null, ""scale"": ""binary"", ""crs"": ""EPSG:32644"", ""resolution_m"": 20, ""temporal_resolution_h"": null, ""processing_level"": null, ""surface_model"": null, ""vertical_datum"": null, ""acquisition_time"": null, ""available_time"": null, ""provenance"": ""authoritative-product"", ""band_role"": null, ""nodata_semantics"": null, ""uncertainty"": null, ""allowed_values"": null, ""observed_min"": null, ""observed_max"": null, ""attrs"": {}}]","[{""op"": ""area"", ""params"": {""artifact"": 0, ""method"": ""planar"", ""output_unit"": ""km2""}}]",,,,,,
SGX3_DEVELOPMENT_angular_area_008,development,atomic,angular_area,"[{""name"": ""flood-polygon"", ""quantity"": ""flood_extent"", ""unit"": null, ""scale"": ""binary"", ""crs"": ""EPSG:32644"", ""resolution_m"": 10, ""temporal_resolution_h"": null, ""processing_level"": null, ""surface_model"": null, ""vertical_datum"": null, ""acquisition_time"": null, ""available_time"": null, ""provenance"": ""authoritative-product"", ""band_role"": null, ""nodata_semantics"": null, ""uncertainty"": null, ""allowed_values"": null, ""observed_min"": null, ""observed_max"": null, ""attrs"": {}}]","[{""op"": ""area"", ""params"": {""artifact"": 0, ""method"": ""planar"", ""output_unit"": ""km2""}}]",,,,,,
SGX3_DEVELOPMENT_angular_area_009,development,adversarial,angular_area,"[{""name"": ""flood-polygon"", ""quantity"": ""flood_extent"", ""unit"": null, ""scale"": ""binary"", ""crs"": ""EPSG:32643"", ""resolution_m"": 30, ""temporal_resolution_h"": null, ""processing_level"": null, ""surface_model"": null, ""vertical_datum"": null, ""acquisition_time"": null, ""available_time"": null, ""provenance"": ""authoritative-product"", ""band_role"": null, ""nodata_semantics"": null, ""uncertainty"": null, ""allowed_values"": null, ""observed_min"": null, ""observed_max"": null, ""attrs"": {}}]","[{""op"": ""area"", ""params"": {""artifact"": 0, ""method"": ""planar"", ""output_unit"": ""km2""}}]",,,,,,
SGX3_DEVELOPMENT_angular_area_010,development,atomic,angular_area,"[{""name"": ""flood-polygon"", ""quantity"": ""flood_extent"", ""unit"": null, ""scale"": ""binary"", ""crs"": ""EPSG:32643"", ""resolution_m"": 10, ""temporal_resolution_h"": null, ""processing_level"": null, ""surface_model"": null, ""vertical_datum"": null, ""acquisition_time"": null, ""available_time"": null, ""provenance"": ""authoritative-product"", ""band_role"": null, ""nodata_semantics"": null, ""uncertainty"": null, ""allowed_values"": null, ""observed_min"": null, ""observed_max"": null, ""attrs"": {}}]","[{""op"": ""area"", ""params"": {""artifact"": 0, ""method"": ""planar"", ""output_unit"": ""km2""}}]",,,,,,
SGX3_DEVELOPMENT_angular_area_011,development,compositional,angular_area,"[{""name"": ""flood-polygon"", ""quantity"": ""flood_extent"", ""unit"": null, ""scale"": ""binary"", ""crs"": ""EPSG:32643"", ""resolution_m"": 20, ""temporal_resolution_h"": null, ""processing_level"": null, ""surface_model"": null, ""vertical_datum"": null, ""acquisition_time"": null, ""available_time"": null, ""provenance"": ""authoritative-product"", ""band_role"": null, ""nodata_semantics"": null, ""uncertainty"": null, ""allowed_values"": null, ""observed_min"": null, ""observed_max"": null, ""attrs"": {}}]","[{""op"": ""area"", ""params"": {""artifact"": 0, ""method"": ""planar"", ""output_unit"": ""km2""}}]",,,,,,
SGX3_DEVELOPMENT_spectral_role_000,development,atomic,spectral_role,"[{""name"": ""red"", ""quantity"": ""reflectance"", ""unit"": null, ""scale"": ""continuous"", ""crs"": ""EPSG:32643"", ""resolution_m"": 10, ""temporal_resolution_h"": null, ""processing_level"": ""L2A"", ""surface_model"": null, ""vertical_datum"": null, ""acquisition_time"": null, ""available_time"": null, ""provenance"": ""authoritative-product"", ""band_role"": ""red"", ""nodata_semantics"": null, ""uncertainty"": null, ""allowed_values"": null, ""observed_min"": null, ""observed_max"": null, ""attrs"": {}}, {""name"": ""other"", ""quantity"": ""reflectance"", ""unit"": null, ""scale"": ""continuous"", ""crs"": ""EPSG:32643"", ""resolution_m"": 10, ""temporal_resolution_h"": null, ""processing_level"": ""L2A"", ""surface_model"": null, ""vertical_datum"": null, ""acquisition_time"": null, ""available_time"": null, ""provenance"": ""authoritative-product"", ""band_role"": ""rededge"", ""nodata_semantics"": null, ""uncertainty"": null, ""allowed_values"": null, ""observed_min"": null, ""observed_max"": null, ""attrs"": {}}]","[{""op"": ""spectral_index"", ""params"": {""red_artifact"": 0, ""other_artifact"": 1, ""expected_other_role"": ""nir"", ""explicit_alignment"": true}}]",,,,,,
SGX3_DEVELOPMENT_spectral_role_001,development,atomic,spectral_role,"[{""name"": ""red"", ""quantity"": ""reflectance"", ""unit"": null, ""scale"": ""continuous"", ""crs"": ""EPSG:32643"", ""resolution_m"": 10, ""temporal_resolution_h"": null, ""processing_level"": ""L2A"", ""surface_model"": null, ""vertical_datum"": null, ""acquisition_time"": null, ""available_time"": null, ""provenance"": ""authoritative-product"", ""band_role"": ""red"", ""nodata_semantics"": null, ""uncertainty"": null, ""allowed_values"": null, ""observed_min"": null, ""observed_max"": null, ""attrs"": {}}, {""name"": ""other"", ""quantity"": ""reflectance"", ""unit"": null, ""scale"": ""continuous"", ""crs"": ""EPSG:32643"", ""resolution_m"": 10, ""temporal_resolution_h"": null, ""processing_level"": ""L2A"", ""surface_model"": null, ""vertical_datum"": null, ""acquisition_time"": null, ""available_time"": null, ""provenance"": ""authoritative-product"", ""band_role"": ""swir16"", ""nodata_semantics"": null, ""uncertainty"": null, ""allowed_values"": null, ""observed_min"": null, ""observed_max"": null, ""attrs"": {}}]","[{""op"": ""spectral_index"", ""params"": {""red_artifact"": 0, ""other_artifact"": 1, ""expected_other_role"": ""nir"", ""explicit_alignment"": true}}]",,,,,,
SGX3_DEVELOPMENT_spectral_role_002,development,adversarial,spectral_role,"[{""name"": ""red"", ""quantity"": ""reflectance"", ""unit"": null, ""scale"": ""continuous"", ""crs"": ""EPSG:32643"", ""resolution_m"": 10, ""temporal_resolution_h"": null, ""processing_level"": ""L2A"", ""surface_model"": null, ""vertical_datum"": null, ""acquisition_time"": null, ""available_time"": null, ""provenance"": ""authoritative-product"", ""band_role"": ""red"", ""nodata_semantics"": null, ""uncertainty"": null, ""allowed_values"": null, ""observed_min"": null, ""observed_max"": null, ""attrs"": {}}, {""name"": ""other"", ""quantity"": ""reflectance"", ""unit"": null, ""scale"": ""continuous"", ""crs"": ""EPSG:32643"", ""resolution_m"": 10, ""temporal_resolution_h"": null, ""processing_level"": ""L2A"", ""surface_model"": null, ""vertical_datum"": null, ""acquisition_time"": null, ""available_time"": null, ""provenance"": ""authoritative-product"", ""band_role"": ""nir"", ""nodata_semantics"": null, ""uncertainty"": null, ""allowed_values"": null, ""observed_min"": null, ""observed_max"": null, ""attrs"": {}}]","[{""op"": ""spectral_index"", ""params"": {""red_artifact"": 0, ""other_artifact"": 1, ""expected_other_role"": ""nir"", ""explicit_alignment"": true}}]",,,,,,
SGX3_DEVELOPMENT_spectral_role_003,development,atomic,spectral_role,"[{""name"": ""red"", ""quantity"": ""reflectance"", ""unit"": null, ""scale"": ""continuous"", ""crs"": ""EPSG:32643"", ""resolution_m"": 10, ""temporal_resolution_h"": null, ""processing_level"": ""L2A"", ""surface_model"": null, ""vertical_datum"": null, ""acquisition_time"": null, ""available_time"": null, ""provenance"": ""authoritative-product"", ""band_role"": ""red"", ""nodata_semantics"": null, ""uncertainty"": null, ""allowed_values"": null, ""observed_min"": null, ""observed_max"": null, ""attrs"": {}}, {""name"": ""other"", ""quantity"": ""reflectance"", ""unit"": null, ""scale"": ""continuous"", ""crs"": ""EPSG:32643"", ""resolution_m"": 10, ""temporal_resolution_h"": null, ""processing_level"": ""L2A"", ""surface_model"": null, ""vertical_datum"": null, ""acquisition_time"": null, ""available_time"": null, ""provenance"": ""authoritative-product"", ""band_role"": ""green"", ""nodata_semantics"": null, ""uncertainty"": null, ""allowed_values"": null, ""observed_min"": null, ""observed_max"": null, ""attrs"": {}}]","[{""op"": ""spectral_index"", ""params"": {""red_artifact"": 0, ""other_artifact"": 1, ""expected_other_role"": ""nir"", ""explicit_alignment"": true}}]",,,,,,
SGX3_DEVELOPMENT_band_grid_mismatch_000,development,compositional,band_grid_mismatch,"[{""name"": ""red"", ""quantity"": ""reflectance"", ""unit"": null, ""scale"": ""continuous"", ""crs"": ""EPSG:32643"", ""resolution_m"": 10, ""temporal_resolution_h"": null, ""processing_level"": ""L2A"", ""surface_model"": null, ""vertical_datum"": null, ""acquisition_time"": null, ""available_time"": null, ""provenance"": ""authoritative-product"", ""band_role"": ""red"", ""nodata_semantics"": null, ""uncertainty"": null, ""allowed_values"": null, ""observed_min"": null, ""observed_max"": null, ""attrs"": {}}, {""name"": ""other"", ""quantity"": ""reflectance"", ""unit"": null, ""scale"": ""continuous"", ""crs"": ""EPSG:32643"", ""resolution_m"": 20, ""temporal_resolution_h"": null, ""processing_level"": ""L2A"", ""surface_model"": null, ""vertical_datum"": null, ""acquisition_time"": null, ""available_time"": null, ""provenance"": ""authoritative-product"", ""band_role"": ""nir"", ""nodata_semantics"": null, ""uncertainty"": null, ""allowed_values"": null, ""observed_min"": null, ""observed_max"": null, ""attrs"": {}}]","[{""op"": ""spectral_index"", ""params"": {""red_artifact"": 0, ""other_artifact"": 1, ""expected_other_role"": ""nir"", ""explicit_alignment"": false}}]",,,,,,
SGX3_DEVELOPMENT_band_grid_mismatch_001,development,compositional,band_grid_mismatch,"[{""name"": ""red"", ""quantity"": ""reflectance"", ""unit"": null, ""scale"": ""continuous"", ""crs"": ""EPSG:32643"", ""resolution_m"": 10, ""temporal_resolution_h"": null, ""processing_level"": ""L2A"", ""surface_model"": null, ""vertical_datum"": null, ""acquisition_time"": null, ""available_time"": null, ""provenance"": ""authoritative-product"", ""band_role"": ""red"", ""nodata_semantics"": null, ""uncertainty"": null, ""allowed_values"": null, ""observed_min"": null, ""observed_max"": null, ""attrs"": {}}, {""name"": ""other"", ""quantity"": ""reflectance"", ""unit"": null, ""scale"": ""continuous"", ""crs"": ""EPSG:32643"", ""resolution_m"": 10, ""temporal_resolution_h"": null, ""processing_level"": ""L2A"", ""surface_model"": null, ""vertical_datum"": null, ""acquisition_time"": null, ""available_time"": null, ""provenance"": ""authoritative-product"", ""band_role"": ""nir"", ""nodata_semantics"": null, ""uncertainty"": null, ""allowed_values"": null, ""observed_min"": null, ""observed_max"": null, ""attrs"": {}}]","[{""op"": ""spectral_index"", ""params"": {""red_artifact"": 0, ""other_artifact"": 1, ""expected_other_role"": ""nir"", ""explicit_alignment"": true}}]",,,,,,
SGX3_DEVELOPMENT_band_grid_mismatch_002,development,adversarial,band_grid_mismatch,"[{""name"": ""red"", ""quantity"": ""reflectance"", ""unit"": null, ""scale"": ""continuous"", ""crs"": ""EPSG:32643"", ""resolution_m"": 10, ""temporal_resolution_h"": null, ""processing_level"": ""L2A"", ""surface_model"": null, ""vertical_datum"": null, ""acquisition_time"": null, ""available_time"": null, ""provenance"": ""authoritative-product"", ""band_role"": ""red"", ""nodata_semantics"": null, ""uncertainty"": null, ""allowed_values"": null, ""observed_min"": null, ""observed_max"": null, ""attrs"": {}}, {""name"": ""other"", ""quantity"": ""reflectance"", ""unit"": null, ""scale"": ""continuous"", ""crs"": ""EPSG:32643"", ""resolution_m"": 60, ""temporal_resolution_h"": null, ""processing_level"": ""L2A"", ""surface_model"": null, ""vertical_datum"": null, ""acquisition_time"": null, ""available_time"": null, ""provenance"": ""authoritative-product"", ""band_role"": ""nir"", ""nodata_semantics"": null, ""uncertainty"": null, ""allowed_values"": null, ""observed_min"": null, ""observed_max"": null, ""attrs"": {}}]","[{""op"": ""spectral_index"", ""params"": {""red_artifact"": 0, ""other_artifact"": 1, ""expected_other_role"": ""nir"", ""explicit_alignment"": false}}]",,,,,,
SGX3_DEVELOPMENT_cloud_mask_missing_000,development,compositional,cloud_mask_missing,"[{""name"": ""S2-L2A"", ""quantity"": ""surface_reflectance"", ""unit"": null, ""scale"": ""continuous"", ""crs"": ""EPSG:32643"", ""resolution_m"": 10.0, ""temporal_resolution_h"": null, ""processing_level"": ""L2A"", ""surface_model"": null, ""vertical_datum"": null, ""acquisition_time"": null, ""available_time"": null, ""provenance"": ""authoritative-product"", ""band_role"": ""red"", ""nodata_semantics"": null, ""uncertainty"": null, ""allowed_values"": null, ""observed_min"": null, ""observed_max"": null, ""attrs"": {""cloud_mask_applied"": true}}]","[{""op"": ""require_cloud_mask"", ""params"": {""artifact"": 0}}]",,,,,,
SGX3_DEVELOPMENT_cloud_mask_missing_001,development,atomic,cloud_mask_missing,"[{""name"": ""S2-L2A"", ""quantity"": ""surface_reflectance"", ""unit"": null, ""scale"": ""continuous"", ""crs"": ""EPSG:32643"", ""resolution_m"": 10.0, ""temporal_resolution_h"": null, ""processing_level"": ""L2A"", ""surface_model"": null, ""vertical_datum"": null, ""acquisition_time"": null, ""available_time"": null, ""provenance"": ""authoritative-product"", ""band_role"": ""red"", ""nodata_semantics"": null, ""uncertainty"": null, ""allowed_values"": null, ""observed_min"": null, ""observed_max"": null, ""attrs"": {""cloud_mask_applied"": false}}]","[{""op"": ""require_cloud_mask"", ""params"": {""artifact"": 0}}]",,,,,,
SGX3_DEVELOPMENT_processing_level_000,development,compositional,processing_level,"[{""name"": ""optical"", ""quantity"": ""reflectance"", ""unit"": null, ""scale"": ""continuous"", ""crs"": ""EPSG:32643"", ""resolution_m"": 10.0, ""temporal_resolution_h"": null, ""processing_level"": ""L1C"", ""surface_model"": null, ""vertical_datum"": null, ""acquisition_time"": null, ""available_time"": null, ""provenance"": ""authoritative-product"", ""band_role"": ""red"", ""nodata_semantics"": null, ""uncertainty"": null, ""allowed_values"": null, ""observed_min"": null, ""observed_max"": null, ""attrs"": {}}]","[{""op"": ""require_surface_reflectance"", ""params"": {""artifact"": 0}}]",,,,,,
SGX3_DEVELOPMENT_processing_level_001,development,compositional,processing_level,"[{""name"": ""optical"", ""quantity"": ""reflectance"", ""unit"": null, ""scale"": ""continuous"", ""crs"": ""EPSG:32643"", ""resolution_m"": 10.0, ""temporal_resolution_h"": null, ""processing_level"": ""raw_DN"", ""surface_model"": null, ""vertical_datum"": null, ""acquisition_time"": null, ""available_time"": null, ""provenance"": ""authoritative-product"", ""band_role"": ""red"", ""nodata_semantics"": null, ""uncertainty"": null, ""allowed_values"": null, ""observed_min"": null, ""observed_max"": null, ""attrs"": {}}]","[{""op"": ""require_surface_reflectance"", ""params"": {""artifact"": 0}}]",,,,,,
SGX3_DEVELOPMENT_processing_level_002,development,atomic,processing_level,"[{""name"": ""optical"", ""quantity"": ""reflectance"", ""unit"": null, ""scale"": ""continuous"", ""crs"": ""EPSG:32643"", ""resolution_m"": 10.0, ""temporal_resolution_h"": null, ""processing_level"": ""L2A"", ""surface_model"": null, ""vertical_datum"": null, ""acquisition_time"": null, ""available_time"": null, ""provenance"": ""authoritative-product"", ""band_role"": ""red"", ""nodata_semantics"": null, ""uncertainty"": null, ""allowed_values"": null, ""observed_min"": null, ""observed_max"": null, ""attrs"": {}}]","[{""op"": ""require_surface_reflectance"", ""params"": {""artifact"": 0}}]",,,,,,
SGX3_DEVELOPMENT_processing_level_003,development,compositional,processing_level,"[{""name"": ""optical"", ""quantity"": ""reflectance"", ""unit"": null, ""scale"": ""continuous"", ""crs"": ""EPSG:32643"", ""resolution_m"": 10.0, ""temporal_resolution_h"": null, ""processing_level"": ""TOA"", ""surface_model"": null, ""vertical_datum"": null, ""acquisition_time"": null, ""available_time"": null, ""provenance"": ""authoritative-product"", ""band_role"": ""red"", ""nodata_semantics"": null, ""uncertainty"": null, ""allowed_values"": null, ""observed_min"": null, ""observed_max"": null, ""attrs"": {}}]","[{""op"": ""require_surface_reflectance"", ""params"": {""artifact"": 0}}]",,,,,,
SGX3_DEVELOPMENT_DSM_as_DTM_000,development,compositional,DSM_as_DTM,"[{""name"": ""terrain"", ""quantity"": ""elevation"", ""unit"": ""m"", ""scale"": ""continuous"", ""crs"": ""EPSG:32643"", ""resolution_m"": 30, ""temporal_resolution_h"": null, ""processing_level"": null, ""surface_model"": ""DTM"", ""vertical_datum"": ""EGM2008"", ""acquisition_time"": null, ""available_time"": null, ""provenance"": ""authoritative-product"", ""band_role"": null, ""nodata_semantics"": null, ""uncertainty"": null, ""allowed_values"": null, ""observed_min"": null, ""observed_max"": null, ""attrs"": {}}]","[{""op"": ""require_bare_earth"", ""params"": {""artifact"": 0}}]",,,,,,
SGX3_DEVELOPMENT_DSM_as_DTM_001,development,atomic,DSM_as_DTM,"[{""name"": ""terrain"", ""quantity"": ""elevation"", ""unit"": ""m"", ""scale"": ""continuous"", ""crs"": ""EPSG:32643"", ""resolution_m"": 30, ""temporal_resolution_h"": null, ""processing_level"": null, ""surface_model"": ""DSM"", ""vertical_datum"": ""EGM2008"", ""acquisition_time"": null, ""available_time"": null, ""provenance"": ""authoritative-product"", ""band_role"": null, ""nodata_semantics"": null, ""uncertainty"": null, ""allowed_values"": null, ""observed_min"": null, ""observed_max"": null, ""attrs"": {}}]","[{""op"": ""require_bare_earth"", ""params"": {""artifact"": 0}}]",,,,,,
SGX3_DEVELOPMENT_future_information_000,development,atomic,flood forecast,"[{""name"": ""rain-feature"", ""quantity"": ""rainfall"", ""unit"": ""mm"", ""scale"": ""continuous"", ""crs"": ""EPSG:32643"", ""resolution_m"": 10.0, ""temporal_resolution_h"": null, ""processing_level"": null, ""surface_model"": null, ""vertical_datum"": null, ""acquisition_time"": null, ""available_time"": ""2024-08-01T06:00:00+00:00"", ""provenance"": ""authoritative-product"", ""band_role"": null, ""nodata_semantics"": null, ""uncertainty"": null, ""allowed_values"": null, ""observed_min"": null, ""observed_max"": null, ""attrs"": {}}]","[{""op"": ""predict"", ""params"": {""features"": [0]}}]",,,,,,
SGX3_DEVELOPMENT_future_information_001,development,atomic,flood forecast,"[{""name"": ""rain-feature"", ""quantity"": ""rainfall"", ""unit"": ""mm"", ""scale"": ""continuous"", ""crs"": ""EPSG:32643"", ""resolution_m"": 10.0, ""temporal_resolution_h"": null, ""processing_level"": null, ""surface_model"": null, ""vertical_datum"": null, ""acquisition_time"": null, ""available_time"": ""2024-08-01T13:00:00+00:00"", ""provenance"": ""authoritative-product"", ""band_role"": null, ""nodata_semantics"": null, ""uncertainty"": null, ""allowed_values"": null, ""observed_min"": null, ""observed_max"": null, ""attrs"": {}}]","[{""op"": ""predict"", ""params"": {""features"": [0]}}]",,,,,,
SGX3_DEVELOPMENT_future_information_002,development,compositional,flood forecast,"[{""name"": ""rain-feature"", ""quantity"": ""rainfall"", ""unit"": ""mm"", ""scale"": ""continuous"", ""crs"": ""EPSG:32643"", ""resolution_m"": 10.0, ""temporal_resolution_h"": null, ""processing_level"": null, ""surface_model"": null, ""vertical_datum"": null, ""acquisition_time"": null, ""available_time"": ""2024-08-01T00:00:00+00:00"", ""provenance"": ""authoritative-product"", ""band_role"": null, ""nodata_semantics"": null, ""uncertainty"": null, ""allowed_values"": null, ""observed_min"": null, ""observed_max"": null, ""attrs"": {}}]","[{""op"": ""predict"", ""params"": {""features"": [0]}}]",,,,,,
SGX3_DEVELOPMENT_future_information_003,development,compositional,flood forecast,"[{""name"": ""rain-feature"", ""quantity"": ""rainfall"", ""unit"": ""mm"", ""scale"": ""continuous"", ""crs"": ""EPSG:32643"", ""resolution_m"": 10.0, ""temporal_resolution_h"": null, ""processing_level"": null, ""surface_model"": null, ""vertical_datum"": null, ""acquisition_time"": null, ""available_time"": ""2024-08-02T00:00:00+00:00"", ""provenance"": ""authoritative-product"", ""band_role"": null, ""nodata_semantics"": null, ""uncertainty"": null, ""allowed_values"": null, ""observed_min"": null, ""observed_max"": null, ""attrs"": {}}]","[{""op"": ""predict"", ""params"": {""features"": [0]}}]",,,,,,
SGX3_DEVELOPMENT_future_information_004,development,adversarial,flood forecast,"[{""name"": ""rain-feature"", ""quantity"": ""rainfall"", ""unit"": ""mm"", ""scale"": ""continuous"", ""crs"": ""EPSG:32643"", ""resolution_m"": 10.0, ""temporal_resolution_h"": null, ""processing_level"": null, ""surface_model"": null, ""vertical_datum"": null, ""acquisition_time"": null, ""available_time"": ""2024-08-01T09:00:00+00:00"", ""provenance"": ""authoritative-product"", ""band_role"": null, ""nodata_semantics"": null, ""uncertainty"": null, ""allowed_values"": null, ""observed_min"": null, ""observed_max"": null, ""attrs"": {}}]","[{""op"": ""predict"", ""params"": {""features"": [0]}}]",,,,,,
SGX3_DEVELOPMENT_future_information_005,development,compositional,flood forecast,"[{""name"": ""rain-feature"", ""quantity"": ""rainfall"", ""unit"": ""mm"", ""scale"": ""continuous"", ""crs"": ""EPSG:32643"", ""resolution_m"": 10.0, ""temporal_resolution_h"": null, ""processing_level"": null, ""surface_model"": null, ""vertical_datum"": null, ""acquisition_time"": null, ""available_time"": ""2024-08-02T12:00:00+00:00"", ""provenance"": ""authoritative-product"", ""band_role"": null, ""nodata_semantics"": null, ""uncertainty"": null, ""allowed_values"": null, ""observed_min"": null, ""observed_max"": null, ""attrs"": {}}]","[{""op"": ""predict"", ""params"": {""features"": [0]}}]",,,,,,
SGX3_DEVELOPMENT_future_information_006,development,atomic,flood forecast,"[{""name"": ""rain-feature"", ""quantity"": ""rainfall"", ""unit"": ""mm"", ""scale"": ""continuous"", ""crs"": ""EPSG:32643"", ""resolution_m"": 10.0, ""temporal_resolution_h"": null, ""processing_level"": null, ""surface_model"": null, ""vertical_datum"": null, ""acquisition_time"": null, ""available_time"": ""2024-08-01T18:00:00+00:00"", ""provenance"": ""authoritative-product"", ""band_role"": null, ""nodata_semantics"": null, ""uncertainty"": null, ""allowed_values"": null, ""observed_min"": null, ""observed_max"": null, ""attrs"": {}}]","[{""op"": ""predict"", ""params"": {""features"": [0]}}]",,,,,,
SGX3_DEVELOPMENT_future_information_007,development,compositional,flood forecast,"[{""name"": ""rain-feature"", ""quantity"": ""rainfall"", ""unit"": ""mm"", ""scale"": ""continuous"", ""crs"": ""EPSG:32643"", ""resolution_m"": 10.0, ""temporal_resolution_h"": null, ""processing_level"": null, ""surface_model"": null, ""vertical_datum"": null, ""acquisition_time"": null, ""available_time"": ""2024-08-01T15:00:00+00:00"", ""provenance"": ""authoritative-product"", ""band_role"": null, ""nodata_semantics"": null, ""uncertainty"": null, ""allowed_values"": null, ""observed_min"": null, ""observed_max"": null, ""attrs"": {}}]","[{""op"": ""predict"", ""params"": {""features"": [0]}}]",,,,,,
SGX3_DEVELOPMENT_future_information_008,development,atomic,flood forecast,"[{""name"": ""rain-feature"", ""quantity"": ""rainfall"", ""unit"": ""mm"", ""scale"": ""continuous"", ""crs"": ""EPSG:32643"", ""resolution_m"": 10.0, ""temporal_resolution_h"": null, ""processing_level"": null, ""surface_model"": null, ""vertical_datum"": null, ""acquisition_time"": null, ""available_time"": ""2024-08-01T11:00:00+00:00"", ""provenance"": ""authoritative-product"", ""band_role"": null, ""nodata_semantics"": null, ""uncertainty"": null, ""allowed_values"": null, ""observed_min"": null, ""observed_max"": null, ""attrs"": {}}]","[{""op"": ""predict"", ""params"": {""features"": [0]}}]",,,,,,
SGX3_DEVELOPMENT_future_information_009,development,compositional,flood forecast,"[{""name"": ""rain-feature"", ""quantity"": ""rainfall"", ""unit"": ""mm"", ""scale"": ""continuous"", ""crs"": ""EPSG:32643"", ""resolution_m"": 10.0, ""temporal_resolution_h"": null, ""processing_level"": null, ""surface_model"": null, ""vertical_datum"": null, ""acquisition_time"": null, ""available_time"": ""2024-07-31T12:00:00+00:00"", ""provenance"": ""authoritative-product"", ""band_role"": null, ""nodata_semantics"": null, ""uncertainty"": null, ""allowed_values"": null, ""observed_min"": null, ""observed_max"": null, ""attrs"": {}}]","[{""op"": ""predict"", ""params"": {""features"": [0]}}]",,,,,,
SGX3_DEVELOPMENT_spatial_split_leakage_000,development,adversarial,spatial_split_leakage,"[{""name"": ""samples"", ""quantity"": ""training_samples"", ""unit"": null, ""scale"": ""continuous"", ""crs"": ""EPSG:32643"", ""resolution_m"": 10.0, ""temporal_resolution_h"": null, ""processing_level"": null, ""surface_model"": null, ""vertical_datum"": null, ""acquisition_time"": null, ""available_time"": null, ""provenance"": ""authoritative-product"", ""band_role"": null, ""nodata_semantics"": null, ""uncertainty"": null, ""allowed_values"": null, ""observed_min"": null, ""observed_max"": null, ""attrs"": {}}]","[{""op"": ""split"", ""params"": {""mode"": ""spatial"", ""separation_m"": 5388, ""dependence_range_m"": 3758}}]",,,,,,
SGX3_DEVELOPMENT_spatial_split_leakage_001,development,adversarial,spatial_split_leakage,"[{""name"": ""samples"", ""quantity"": ""training_samples"", ""unit"": null, ""scale"": ""continuous"", ""crs"": ""EPSG:32643"", ""resolution_m"": 10.0, ""temporal_resolution_h"": null, ""processing_level"": null, ""surface_model"": null, ""vertical_datum"": null, ""acquisition_time"": null, ""available_time"": null, ""provenance"": ""authoritative-product"", ""band_role"": null, ""nodata_semantics"": null, ""uncertainty"": null, ""allowed_values"": null, ""observed_min"": null, ""observed_max"": null, ""attrs"": {}}]","[{""op"": ""split"", ""params"": {""mode"": ""spatial"", ""separation_m"": 969, ""dependence_range_m"": 1698}}]",,,,,,
SGX3_DEVELOPMENT_spatial_split_leakage_002,development,compositional,spatial_split_leakage,"[{""name"": ""samples"", ""quantity"": ""training_samples"", ""unit"": null, ""scale"": ""continuous"", ""crs"": ""EPSG:32643"", ""resolution_m"": 10.0, ""temporal_resolution_h"": null, ""processing_level"": null, ""surface_model"": null, ""vertical_datum"": null, ""acquisition_time"": null, ""available_time"": null, ""provenance"": ""authoritative-product"", ""band_role"": null, ""nodata_semantics"": null, ""uncertainty"": null, ""allowed_values"": null, ""observed_min"": null, ""observed_max"": null, ""attrs"": {}}]","[{""op"": ""split"", ""params"": {""mode"": ""spatial"", ""separation_m"": 1827, ""dependence_range_m"": 3641}}]",,,,,,
SGX3_DEVELOPMENT_spatial_split_leakage_003,development,compositional,spatial_split_leakage,"[{""name"": ""samples"", ""quantity"": ""training_samples"", ""unit"": null, ""scale"": ""continuous"", ""crs"": ""EPSG:32643"", ""resolution_m"": 10.0, ""temporal_resolution_h"": null, ""processing_level"": null, ""surface_model"": null, ""vertical_datum"": null, ""acquisition_time"": null, ""available_time"": null, ""provenance"": ""authoritative-product"", ""band_role"": null, ""nodata_semantics"": null, ""uncertainty"": null, ""allowed_values"": null, ""observed_min"": null, ""observed_max"": null, ""attrs"": {}}]","[{""op"": ""split"", ""params"": {""mode"": ""spatial"", ""separation_m"": 14, ""dependence_range_m"": 542}}]",,,,,,
SGX3_DEVELOPMENT_spatial_split_leakage_004,development,atomic,spatial_split_leakage,"[{""name"": ""samples"", ""quantity"": ""training_samples"", ""unit"": null, ""scale"": ""continuous"", ""crs"": ""EPSG:32643"", ""resolution_m"": 10.0, ""temporal_resolution_h"": null, ""processing_level"": null, ""surface_model"": null, ""vertical_datum"": null, ""acquisition_time"": null, ""available_time"": null, ""provenance"": ""authoritative-product"", ""band_role"": null, ""nodata_semantics"": null, ""uncertainty"": null, ""allowed_values"": null, ""observed_min"": null, ""observed_max"": null, ""attrs"": {}}]","[{""op"": ""split"", ""params"": {""mode"": ""spatial"", ""separation_m"": 618, ""dependence_range_m"": 2911}}]",,,,,,
SGX3_DEVELOPMENT_spatial_split_leakage_005,development,adversarial,spatial_split_leakage,"[{""name"": ""samples"", ""quantity"": ""training_samples"", ""unit"": null, ""scale"": ""continuous"", ""crs"": ""EPSG:32643"", ""resolution_m"": 10.0, ""temporal_resolution_h"": null, ""processing_level"": null, ""surface_model"": null, ""vertical_datum"": null, ""acquisition_time"": null, ""available_time"": null, ""provenance"": ""authoritative-product"", ""band_role"": null, ""nodata_semantics"": null, ""uncertainty"": null, ""allowed_values"": null, ""observed_min"": null, ""observed_max"": null, ""attrs"": {}}]","[{""op"": ""split"", ""params"": {""mode"": ""spatial"", ""separation_m"": 3572, ""dependence_range_m"": 4244}}]",,,,,,
SGX3_DEVELOPMENT_spatial_split_leakage_006,development,compositional,spatial_split_leakage,"[{""name"": ""samples"", ""quantity"": ""training_samples"", ""unit"": null, ""scale"": ""continuous"", ""crs"": ""EPSG:32643"", ""resolution_m"": 10.0, ""temporal_resolution_h"": null, ""processing_level"": null, ""surface_model"": null, ""vertical_datum"": null, ""acquisition_time"": null, ""available_time"": null, ""provenance"": ""authoritative-product"", ""band_role"": null, ""nodata_semantics"": null, ""uncertainty"": null, ""allowed_values"": null, ""observed_min"": null, ""observed_max"": null, ""attrs"": {}}]","[{""op"": ""split"", ""params"": {""mode"": ""spatial"", ""separation_m"": 8315, ""dependence_range_m"": 4180}}]",,,,,,
SGX3_DEVELOPMENT_spatial_split_leakage_007,development,atomic,spatial_split_leakage,"[{""name"": ""samples"", ""quantity"": ""training_samples"", ""unit"": null, ""scale"": ""continuous"", ""crs"": ""EPSG:32643"", ""resolution_m"": 10.0, ""temporal_resolution_h"": null, ""processing_level"": null, ""surface_model"": null, ""vertical_datum"": null, ""acquisition_time"": null, ""available_time"": null, ""provenance"": ""authoritative-product"", ""band_role"": null, ""nodata_semantics"": null, ""uncertainty"": null, ""allowed_values"": null, ""observed_min"": null, ""observed_max"": null, ""attrs"": {}}]","[{""op"": ""split"", ""params"": {""mode"": ""spatial"", ""separation_m"": 1060, ""dependence_range_m"": 2162}}]",,,,,,
SGX3_DEVELOPMENT_spatial_split_leakage_008,development,compositional,spatial_split_leakage,"[{""name"": ""samples"", ""quantity"": ""training_samples"", ""unit"": null, ""scale"": ""continuous"", ""crs"": ""EPSG:32643"", ""resolution_m"": 10.0, ""temporal_resolution_h"": null, ""processing_level"": null, ""surface_model"": null, ""vertical_datum"": null, ""acquisition_time"": null, ""available_time"": null, ""provenance"": ""authoritative-product"", ""band_role"": null, ""nodata_semantics"": null, ""uncertainty"": null, ""allowed_values"": null, ""observed_min"": null, ""observed_max"": null, ""attrs"": {}}]","[{""op"": ""split"", ""params"": {""mode"": ""spatial"", ""separation_m"": 1917, ""dependence_range_m"": 2009}}]",,,,,,
SGX3_DEVELOPMENT_spatial_split_leakage_009,development,compositional,spatial_split_leakage,"[{""name"": ""samples"", ""quantity"": ""training_samples"", ""unit"": null, ""scale"": ""continuous"", ""crs"": ""EPSG:32643"", ""resolution_m"": 10.0, ""temporal_resolution_h"": null, ""processing_level"": null, ""surface_model"": null, ""vertical_datum"": null, ""acquisition_time"": null, ""available_time"": null, ""provenance"": ""authoritative-product"", ""band_role"": null, ""nodata_semantics"": null, ""uncertainty"": null, ""allowed_values"": null, ""observed_min"": null, ""observed_max"": null, ""attrs"": {}}]","[{""op"": ""split"", ""params"": {""mode"": ""spatial"", ""separation_m"": 3992, ""dependence_range_m"": 2434}}]",,,,,,
SGX3_DEVELOPMENT_spatial_split_leakage_010,development,compositional,spatial_split_leakage,"[{""name"": ""samples"", ""quantity"": ""training_samples"", ""unit"": null, ""scale"": ""continuous"", ""crs"": ""EPSG:32643"", ""resolution_m"": 10.0, ""temporal_resolution_h"": null, ""processing_level"": null, ""surface_model"": null, ""vertical_datum"": null, ""acquisition_time"": null, ""available_time"": null, ""provenance"": ""authoritative-product"", ""band_role"": null, ""nodata_semantics"": null, ""uncertainty"": null, ""allowed_values"": null, ""observed_min"": null, ""observed_max"": null, ""attrs"": {}}]","[{""op"": ""split"", ""params"": {""mode"": ""spatial"", ""separation_m"": 9812, ""dependence_range_m"": 5400}}]",,,,,,
SGX3_DEVELOPMENT_spatial_split_leakage_011,development,adversarial,spatial_split_leakage,"[{""name"": ""samples"", ""quantity"": ""training_samples"", ""unit"": null, ""scale"": ""continuous"", ""crs"": ""EPSG:32643"", ""resolution_m"": 10.0, ""temporal_resolution_h"": null, ""processing_level"": null, ""surface_model"": null, ""vertical_datum"": null, ""acquisition_time"": null, ""available_time"": null, ""provenance"": ""authoritative-product"", ""band_role"": null, ""nodata_semantics"": null, ""uncertainty"": null, ""allowed_values"": null, ""observed_min"": null, ""observed_max"": null, ""attrs"": {}}]","[{""op"": ""split"", ""params"": {""mode"": ""spatial"", ""separation_m"": 2988, ""dependence_range_m"": 4754}}]",,,,,,
SGX3_DEVELOPMENT_spatial_split_leakage_012,development,atomic,spatial_split_leakage,"[{""name"": ""samples"", ""quantity"": ""training_samples"", ""unit"": null, ""scale"": ""continuous"", ""crs"": ""EPSG:32643"", ""resolution_m"": 10.0, ""temporal_resolution_h"": null, ""processing_level"": null, ""surface_model"": null, ""vertical_datum"": null, ""acquisition_time"": null, ""available_time"": null, ""provenance"": ""authoritative-product"", ""band_role"": null, ""nodata_semantics"": null, ""uncertainty"": null, ""allowed_values"": null, ""observed_min"": null, ""observed_max"": null, ""attrs"": {}}]","[{""op"": ""split"", ""params"": {""mode"": ""spatial"", ""separation_m"": 717, ""dependence_range_m"": 4286}}]",,,,,,
SGX3_DEVELOPMENT_spatial_split_leakage_013,development,compositional,spatial_split_leakage,"[{""name"": ""samples"", ""quantity"": ""training_samples"", ""unit"": null, ""scale"": ""continuous"", ""crs"": ""EPSG:32643"", ""resolution_m"": 10.0, ""temporal_resolution_h"": null, ""processing_level"": null, ""surface_model"": null, ""vertical_datum"": null, ""acquisition_time"": null, ""available_time"": null, ""provenance"": ""authoritative-product"", ""band_role"": null, ""nodata_semantics"": null, ""uncertainty"": null, ""allowed_values"": null, ""observed_min"": null, ""observed_max"": null, ""attrs"": {}}]","[{""op"": ""split"", ""params"": {""mode"": ""spatial"", ""separation_m"": 3894, ""dependence_range_m"": 5018}}]",,,,,,
SGX3_DEVELOPMENT_spatial_split_leakage_014,development,compositional,spatial_split_leakage,"[{""name"": ""samples"", ""quantity"": ""training_samples"", ""unit"": null, ""scale"": ""continuous"", ""crs"": ""EPSG:32643"", ""resolution_m"": 10.0, ""temporal_resolution_h"": null, ""processing_level"": null, ""surface_model"": null, ""vertical_datum"": null, ""acquisition_time"": null, ""available_time"": null, ""provenance"": ""authoritative-product"", ""band_role"": null, ""nodata_semantics"": null, ""uncertainty"": null, ""allowed_values"": null, ""observed_min"": null, ""observed_max"": null, ""attrs"": {}}]","[{""op"": ""split"", ""params"": {""mode"": ""spatial"", ""separation_m"": 252, ""dependence_range_m"": 5900}}]",,,,,,
SGX3_DEVELOPMENT_spatial_split_leakage_015,development,adversarial,spatial_split_leakage,"[{""name"": ""samples"", ""quantity"": ""training_samples"", ""unit"": null, ""scale"": ""continuous"", ""crs"": ""EPSG:32643"", ""resolution_m"": 10.0, ""temporal_resolution_h"": null, ""processing_level"": null, ""surface_model"": null, ""vertical_datum"": null, ""acquisition_time"": null, ""available_time"": null, ""provenance"": ""authoritative-product"", ""band_role"": null, ""nodata_semantics"": null, ""uncertainty"": null, ""allowed_values"": null, ""observed_min"": null, ""observed_max"": null, ""attrs"": {}}]","[{""op"": ""split"", ""params"": {""mode"": ""spatial"", ""separation_m"": 4021, ""dependence_range_m"": 5510}}]",,,,,,
SGX3_DEVELOPMENT_nodata_zero_000,development,compositional,nodata_zero,"[{""name"": ""rain"", ""quantity"": ""rainfall"", ""unit"": ""mm"", ""scale"": ""continuous"", ""crs"": ""EPSG:32643"", ""resolution_m"": 10.0, ""temporal_resolution_h"": null, ""processing_level"": null, ""surface_model"": null, ""vertical_datum"": null, ""acquisition_time"": null, ""available_time"": null, ""provenance"": ""authoritative-product"", ""band_role"": null, ""nodata_semantics"": ""missing"", ""uncertainty"": null, ""allowed_values"": null, ""observed_min"": null, ""observed_max"": null, ""attrs"": {}}]","[{""op"": ""fill_nodata"", ""params"": {""artifact"": 0, ""value"": -9999, ""zero_is_physically_valid"": true}}]",,,,,,
SGX3_DEVELOPMENT_nodata_zero_001,development,compositional,nodata_zero,"[{""name"": ""rain"", ""quantity"": ""rainfall"", ""unit"": ""mm"", ""scale"": ""continuous"", ""crs"": ""EPSG:32643"", ""resolution_m"": 10.0, ""temporal_resolution_h"": null, ""processing_level"": null, ""surface_model"": null, ""vertical_datum"": null, ""acquisition_time"": null, ""available_time"": null, ""provenance"": ""authoritative-product"", ""band_role"": null, ""nodata_semantics"": ""missing"", ""uncertainty"": null, ""allowed_values"": null, ""observed_min"": null, ""observed_max"": null, ""attrs"": {}}]","[{""op"": ""fill_nodata"", ""params"": {""artifact"": 0, ""value"": 0, ""zero_is_physically_valid"": true}}]",,,,,,
SGX3_DEVELOPMENT_unsupported_resolution_gain_000,development,adversarial,unsupported_resolution_gain,"[{""name"": ""raster"", ""quantity"": ""surface_property"", ""unit"": null, ""scale"": ""continuous"", ""crs"": ""EPSG:32643"", ""resolution_m"": 20, ""temporal_resolution_h"": null, ""processing_level"": null, ""surface_model"": null, ""vertical_datum"": null, ""acquisition_time"": null, ""available_time"": null, ""provenance"": ""authoritative-product"", ""band_role"": null, ""nodata_semantics"": null, ""uncertainty"": null, ""allowed_values"": null, ""observed_min"": null, ""observed_max"": null, ""attrs"": {}}]","[{""op"": ""resample"", ""params"": {""artifact"": 0, ""method"": ""bilinear"", ""target_resolution_m"": 60, ""evidence_of_new_information"": false}}]",,,,,,
SGX3_DEVELOPMENT_unsupported_resolution_gain_001,development,adversarial,unsupported_resolution_gain,"[{""name"": ""raster"", ""quantity"": ""surface_property"", ""unit"": null, ""scale"": ""continuous"", ""crs"": ""EPSG:32643"", ""resolution_m"": 50, ""temporal_resolution_h"": null, ""processing_level"": null, ""surface_model"": null, ""vertical_datum"": null, ""acquisition_time"": null, ""available_time"": null, ""provenance"": ""authoritative-product"", ""band_role"": null, ""nodata_semantics"": null, ""uncertainty"": null, ""allowed_values"": null, ""observed_min"": null, ""observed_max"": null, ""attrs"": {}}]","[{""op"": ""resample"", ""params"": {""artifact"": 0, ""method"": ""bilinear"", ""target_resolution_m"": 12.5, ""evidence_of_new_information"": false}}]",,,,,,
SGX3_DEVELOPMENT_unsupported_resolution_gain_002,development,atomic,unsupported_resolution_gain,"[{""name"": ""raster"", ""quantity"": ""surface_property"", ""unit"": null, ""scale"": ""continuous"", ""crs"": ""EPSG:32643"", ""resolution_m"": 30, ""temporal_resolution_h"": null, ""processing_level"": null, ""surface_model"": null, ""vertical_datum"": null, ""acquisition_time"": null, ""available_time"": null, ""provenance"": ""authoritative-product"", ""band_role"": null, ""nodata_semantics"": null, ""uncertainty"": null, ""allowed_values"": null, ""observed_min"": null, ""observed_max"": null, ""attrs"": {}}]","[{""op"": ""resample"", ""params"": {""artifact"": 0, ""method"": ""bilinear"", ""target_resolution_m"": 90, ""evidence_of_new_information"": false}}]",,,,,,
SGX3_DEVELOPMENT_unsupported_resolution_gain_003,development,compositional,unsupported_resolution_gain,"[{""name"": ""raster"", ""quantity"": ""surface_property"", ""unit"": null, ""scale"": ""continuous"", ""crs"": ""EPSG:32643"", ""resolution_m"": 20, ""temporal_resolution_h"": null, ""processing_level"": null, ""surface_model"": null, ""vertical_datum"": null, ""acquisition_time"": null, ""available_time"": null, ""provenance"": ""authoritative-product"", ""band_role"": null, ""nodata_semantics"": null, ""uncertainty"": null, ""allowed_values"": null, ""observed_min"": null, ""observed_max"": null, ""attrs"": {}}]","[{""op"": ""resample"", ""params"": {""artifact"": 0, ""method"": ""bilinear"", ""target_resolution_m"": 5.0, ""evidence_of_new_information"": false}}]",,,,,,
SGX3_DEVELOPMENT_unsupported_resolution_gain_004,development,atomic,unsupported_resolution_gain,"[{""name"": ""raster"", ""quantity"": ""surface_property"", ""unit"": null, ""scale"": ""continuous"", ""crs"": ""EPSG:32643"", ""resolution_m"": 100, ""temporal_resolution_h"": null, ""processing_level"": null, ""surface_model"": null, ""vertical_datum"": null, ""acquisition_time"": null, ""available_time"": null, ""provenance"": ""authoritative-product"", ""band_role"": null, ""nodata_semantics"": null, ""uncertainty"": null, ""allowed_values"": null, ""observed_min"": null, ""observed_max"": null, ""attrs"": {}}]","[{""op"": ""resample"", ""params"": {""artifact"": 0, ""method"": ""bilinear"", ""target_resolution_m"": 100, ""evidence_of_new_information"": false}}]",,,,,,
SGX3_DEVELOPMENT_unsupported_resolution_gain_005,development,compositional,unsupported_resolution_gain,"[{""name"": ""raster"", ""quantity"": ""surface_property"", ""unit"": null, ""scale"": ""continuous"", ""crs"": ""EPSG:32643"", ""resolution_m"": 50, ""temporal_resolution_h"": null, ""processing_level"": null, ""surface_model"": null, ""vertical_datum"": null, ""acquisition_time"": null, ""available_time"": null, ""provenance"": ""authoritative-product"", ""band_role"": null, ""nodata_semantics"": null, ""uncertainty"": null, ""allowed_values"": null, ""observed_min"": null, ""observed_max"": null, ""attrs"": {}}]","[{""op"": ""resample"", ""params"": {""artifact"": 0, ""method"": ""bilinear"", ""target_resolution_m"": 16.666666666666668, ""evidence_of_new_information"": false}}]",,,,,,
SGX3_DEVELOPMENT_unsupported_resolution_gain_006,development,atomic,unsupported_resolution_gain,"[{""name"": ""raster"", ""quantity"": ""surface_property"", ""unit"": null, ""scale"": ""continuous"", ""crs"": ""EPSG:32643"", ""resolution_m"": 30, ""temporal_resolution_h"": null, ""processing_level"": null, ""surface_model"": null, ""vertical_datum"": null, ""acquisition_time"": null, ""available_time"": null, ""provenance"": ""authoritative-product"", ""band_role"": null, ""nodata_semantics"": null, ""uncertainty"": null, ""allowed_values"": null, ""observed_min"": null, ""observed_max"": null, ""attrs"": {}}]","[{""op"": ""resample"", ""params"": {""artifact"": 0, ""method"": ""bilinear"", ""target_resolution_m"": 10.0, ""evidence_of_new_information"": false}}]",,,,,,
SGX3_DEVELOPMENT_unsupported_resolution_gain_007,development,compositional,unsupported_resolution_gain,"[{""name"": ""raster"", ""quantity"": ""surface_property"", ""unit"": null, ""scale"": ""continuous"", ""crs"": ""EPSG:32643"", ""resolution_m"": 50, ""temporal_resolution_h"": null, ""processing_level"": null, ""surface_model"": null, ""vertical_datum"": null, ""acquisition_time"": null, ""available_time"": null, ""provenance"": ""authoritative-product"", ""band_role"": null, ""nodata_semantics"": null, ""uncertainty"": null, ""allowed_values"": null, ""observed_min"": null, ""observed_max"": null, ""attrs"": {}}]","[{""op"": ""resample"", ""params"": {""artifact"": 0, ""method"": ""bilinear"", ""target_resolution_m"": 50, ""evidence_of_new_information"": false}}]",,,,,,
SGX3_DEVELOPMENT_unsupported_resolution_gain_008,development,adversarial,unsupported_resolution_gain,"[{""name"": ""raster"", ""quantity"": ""surface_property"", ""unit"": null, ""scale"": ""continuous"", ""crs"": ""EPSG:32643"", ""resolution_m"": 20, ""temporal_resolution_h"": null, ""processing_level"": null, ""surface_model"": null, ""vertical_datum"": null, ""acquisition_time"": null, ""available_time"": null, ""provenance"": ""authoritative-product"", ""band_role"": null, ""nodata_semantics"": null, ""uncertainty"": null, ""allowed_values"": null, ""observed_min"": null, ""observed_max"": null, ""attrs"": {}}]","[{""op"": ""resample"", ""params"": {""artifact"": 0, ""method"": ""bilinear"", ""target_resolution_m"": 6.666666666666667, ""evidence_of_new_information"": false}}]",,,,,,
SGX3_DEVELOPMENT_unsupported_resolution_gain_009,development,compositional,unsupported_resolution_gain,"[{""name"": ""raster"", ""quantity"": ""surface_property"", ""unit"": null, ""scale"": ""continuous"", ""crs"": ""EPSG:32643"", ""resolution_m"": 30, ""temporal_resolution_h"": null, ""processing_level"": null, ""surface_model"": null, ""vertical_datum"": null, ""acquisition_time"": null, ""available_time"": null, ""provenance"": ""authoritative-product"", ""band_role"": null, ""nodata_semantics"": null, ""uncertainty"": null, ""allowed_values"": null, ""observed_min"": null, ""observed_max"": null, ""attrs"": {}}]","[{""op"": ""resample"", ""params"": {""artifact"": 0, ""method"": ""bilinear"", ""target_resolution_m"": 60, ""evidence_of_new_information"": false}}]",,,,,,
SGX3_DEVELOPMENT_unsupported_resolution_gain_010,development,compositional,unsupported_resolution_gain,"[{""name"": ""raster"", ""quantity"": ""surface_property"", ""unit"": null, ""scale"": ""continuous"", ""crs"": ""EPSG:32643"", ""resolution_m"": 100, ""temporal_resolution_h"": null, ""processing_level"": null, ""surface_model"": null, ""vertical_datum"": null, ""acquisition_time"": null, ""available_time"": null, ""provenance"": ""authoritative-product"", ""band_role"": null, ""nodata_semantics"": null, ""uncertainty"": null, ""allowed_values"": null, ""observed_min"": null, ""observed_max"": null, ""attrs"": {}}]","[{""op"": ""resample"", ""params"": {""artifact"": 0, ""method"": ""bilinear"", ""target_resolution_m"": 50.0, ""evidence_of_new_information"": false}}]",,,,,,
SGX3_DEVELOPMENT_unsupported_resolution_gain_011,development,adversarial,unsupported_resolution_gain,"[{""name"": ""raster"", ""quantity"": ""surface_property"", ""unit"": null, ""scale"": ""continuous"", ""crs"": ""EPSG:32643"", ""resolution_m"": 100, ""temporal_resolution_h"": null, ""processing_level"": null, ""surface_model"": null, ""vertical_datum"": null, ""acquisition_time"": null, ""available_time"": null, ""provenance"": ""authoritative-product"", ""band_role"": null, ""nodata_semantics"": null, ""uncertainty"": null, ""allowed_values"": null, ""observed_min"": null, ""observed_max"": null, ""attrs"": {}}]","[{""op"": ""resample"", ""params"": {""artifact"": 0, ""method"": ""bilinear"", ""target_resolution_m"": 300, ""evidence_of_new_information"": false}}]",,,,,,
SGX3_DEVELOPMENT_unsupported_resolution_gain_012,development,compositional,unsupported_resolution_gain,"[{""name"": ""raster"", ""quantity"": ""surface_property"", ""unit"": null, ""scale"": ""continuous"", ""crs"": ""EPSG:32643"", ""resolution_m"": 50, ""temporal_resolution_h"": null, ""processing_level"": null, ""surface_model"": null, ""vertical_datum"": null, ""acquisition_time"": null, ""available_time"": null, ""provenance"": ""authoritative-product"", ""band_role"": null, ""nodata_semantics"": null, ""uncertainty"": null, ""allowed_values"": null, ""observed_min"": null, ""observed_max"": null, ""attrs"": {}}]","[{""op"": ""resample"", ""params"": {""artifact"": 0, ""method"": ""bilinear"", ""target_resolution_m"": 100, ""evidence_of_new_information"": false}}]",,,,,,
SGX3_DEVELOPMENT_unsupported_resolution_gain_013,development,adversarial,unsupported_resolution_gain,"[{""name"": ""raster"", ""quantity"": ""surface_property"", ""unit"": null, ""scale"": ""continuous"", ""crs"": ""EPSG:32643"", ""resolution_m"": 30, ""temporal_resolution_h"": null, ""processing_level"": null, ""surface_model"": null, ""vertical_datum"": null, ""acquisition_time"": null, ""available_time"": null, ""provenance"": ""authoritative-product"", ""band_role"": null, ""nodata_semantics"": null, ""uncertainty"": null, ""allowed_values"": null, ""observed_min"": null, ""observed_max"": null, ""attrs"": {}}]","[{""op"": ""resample"", ""params"": {""artifact"": 0, ""method"": ""bilinear"", ""target_resolution_m"": 7.5, ""evidence_of_new_information"": false}}]",,,,,,
SGX3_DEVELOPMENT_unsupported_resolution_gain_014,development,compositional,unsupported_resolution_gain,"[{""name"": ""raster"", ""quantity"": ""surface_property"", ""unit"": null, ""scale"": ""continuous"", ""crs"": ""EPSG:32643"", ""resolution_m"": 20, ""temporal_resolution_h"": null, ""processing_level"": null, ""surface_model"": null, ""vertical_datum"": null, ""acquisition_time"": null, ""available_time"": null, ""provenance"": ""authoritative-product"", ""band_role"": null, ""nodata_semantics"": null, ""uncertainty"": null, ""allowed_values"": null, ""observed_min"": null, ""observed_max"": null, ""attrs"": {}}]","[{""op"": ""resample"", ""params"": {""artifact"": 0, ""method"": ""bilinear"", ""target_resolution_m"": 10.0, ""evidence_of_new_information"": false}}]",,,,,,
SGX3_DEVELOPMENT_unsupported_resolution_gain_015,development,compositional,unsupported_resolution_gain,"[{""name"": ""raster"", ""quantity"": ""surface_property"", ""unit"": null, ""scale"": ""continuous"", ""crs"": ""EPSG:32643"", ""resolution_m"": 50, ""temporal_resolution_h"": null, ""processing_level"": null, ""surface_model"": null, ""vertical_datum"": null, ""acquisition_time"": null, ""available_time"": null, ""provenance"": ""authoritative-product"", ""band_role"": null, ""nodata_semantics"": null, ""uncertainty"": null, ""allowed_values"": null, ""observed_min"": null, ""observed_max"": null, ""attrs"": {}}]","[{""op"": ""resample"", ""params"": {""artifact"": 0, ""method"": ""bilinear"", ""target_resolution_m"": 150, ""evidence_of_new_information"": false}}]",,,,,,
SGX3_HELDOUT-FAMILY_rate_sum_without_duration_000,heldout-family,adversarial,rate_sum_without_duration,"[{""name"": ""precip-rate"", ""quantity"": ""precipitation_rate"", ""unit"": ""mm/h"", ""scale"": ""continuous"", ""crs"": ""EPSG:4326"", ""resolution_m"": 10000, ""temporal_resolution_h"": 0.1, ""processing_level"": null, ""surface_model"": null, ""vertical_datum"": null, ""acquisition_time"": null, ""available_time"": null, ""provenance"": ""authoritative-product"", ""band_role"": null, ""nodata_semantics"": null, ""uncertainty"": null, ""allowed_values"": null, ""observed_min"": null, ""observed_max"": null, ""attrs"": {}}]","[{""op"": ""temporal_aggregate"", ""params"": {""artifact"": 0, ""method"": ""sum"", ""sample_duration_h"": 0.1, ""declared_quantity"": ""accumulation""}}]",,,,,,
SGX3_HELDOUT-FAMILY_rate_sum_without_duration_001,heldout-family,compositional,rate_sum_without_duration,"[{""name"": ""precip-rate"", ""quantity"": ""precipitation_rate"", ""unit"": ""mm/h"", ""scale"": ""continuous"", ""crs"": ""EPSG:4326"", ""resolution_m"": 10000, ""temporal_resolution_h"": 0.25, ""processing_level"": null, ""surface_model"": null, ""vertical_datum"": null, ""acquisition_time"": null, ""available_time"": null, ""provenance"": ""authoritative-product"", ""band_role"": null, ""nodata_semantics"": null, ""uncertainty"": null, ""allowed_values"": null, ""observed_min"": null, ""observed_max"": null, ""attrs"": {}}]","[{""op"": ""temporal_aggregate"", ""params"": {""artifact"": 0, ""method"": ""integrate"", ""sample_duration_h"": 0.25, ""declared_quantity"": ""accumulation""}}]",,,,,,
SGX3_HELDOUT-FAMILY_rate_sum_without_duration_002,heldout-family,compositional,rate_sum_without_duration,"[{""name"": ""precip-rate"", ""quantity"": ""precipitation_rate"", ""unit"": ""mm/h"", ""scale"": ""continuous"", ""crs"": ""EPSG:4326"", ""resolution_m"": 10000, ""temporal_resolution_h"": 0.5, ""processing_level"": null, ""surface_model"": null, ""vertical_datum"": null, ""acquisition_time"": null, ""available_time"": null, ""provenance"": ""authoritative-product"", ""band_role"": null, ""nodata_semantics"": null, ""uncertainty"": null, ""allowed_values"": null, ""observed_min"": null, ""observed_max"": null, ""attrs"": {}}]","[{""op"": ""temporal_aggregate"", ""params"": {""artifact"": 0, ""method"": ""sum"", ""sample_duration_h"": 0.5, ""declared_quantity"": ""accumulation""}}]",,,,,,
SGX3_HELDOUT-FAMILY_rate_sum_without_duration_003,heldout-family,atomic,rate_sum_without_duration,"[{""name"": ""precip-rate"", ""quantity"": ""precipitation_rate"", ""unit"": ""mm/h"", ""scale"": ""continuous"", ""crs"": ""EPSG:4326"", ""resolution_m"": 10000, ""temporal_resolution_h"": 0.25, ""processing_level"": null, ""surface_model"": null, ""vertical_datum"": null, ""acquisition_time"": null, ""available_time"": null, ""provenance"": ""authoritative-product"", ""band_role"": null, ""nodata_semantics"": null, ""uncertainty"": null, ""allowed_values"": null, ""observed_min"": null, ""observed_max"": null, ""attrs"": {}}]","[{""op"": ""temporal_aggregate"", ""params"": {""artifact"": 0, ""method"": ""sum"", ""sample_duration_h"": 0.25, ""declared_quantity"": ""accumulation""}}]",,,,,,
SGX3_HELDOUT-FAMILY_rate_sum_without_duration_004,heldout-family,atomic,rate_sum_without_duration,"[{""name"": ""precip-rate"", ""quantity"": ""precipitation_rate"", ""unit"": ""mm/h"", ""scale"": ""continuous"", ""crs"": ""EPSG:4326"", ""resolution_m"": 10000, ""temporal_resolution_h"": 0.5, ""processing_level"": null, ""surface_model"": null, ""vertical_datum"": null, ""acquisition_time"": null, ""available_time"": null, ""provenance"": ""authoritative-product"", ""band_role"": null, ""nodata_semantics"": null, ""uncertainty"": null, ""allowed_values"": null, ""observed_min"": null, ""observed_max"": null, ""attrs"": {}}]","[{""op"": ""temporal_aggregate"", ""params"": {""artifact"": 0, ""method"": ""integrate"", ""sample_duration_h"": 0.5, ""declared_quantity"": ""accumulation""}}]",,,,,,
SGX3_HELDOUT-FAMILY_rate_sum_without_duration_005,heldout-family,compositional,rate_sum_without_duration,"[{""name"": ""precip-rate"", ""quantity"": ""precipitation_rate"", ""unit"": ""mm/h"", ""scale"": ""continuous"", ""crs"": ""EPSG:4326"", ""resolution_m"": 10000, ""temporal_resolution_h"": 0.1, ""processing_level"": null, ""surface_model"": null, ""vertical_datum"": null, ""acquisition_time"": null, ""available_time"": null, ""provenance"": ""authoritative-product"", ""band_role"": null, ""nodata_semantics"": null, ""uncertainty"": null, ""allowed_values"": null, ""observed_min"": null, ""observed_max"": null, ""attrs"": {}}]","[{""op"": ""temporal_aggregate"", ""params"": {""artifact"": 0, ""method"": ""integrate"", ""sample_duration_h"": 0.1, ""declared_quantity"": ""accumulation""}}]",,,,,,
SGX3_HELDOUT-FAMILY_vertical_datum_mismatch_000,heldout-family,adversarial,vertical_datum_mismatch,"[{""name"": ""terrain"", ""quantity"": ""elevation"", ""unit"": ""m"", ""scale"": ""continuous"", ""crs"": ""EPSG:32643"", ""resolution_m"": 10.0, ""temporal_resolution_h"": null, ""processing_level"": null, ""surface_model"": null, ""vertical_datum"": ""EGM2008"", ""acquisition_time"": null, ""available_time"": null, ""provenance"": ""authoritative-product"", ""band_role"": null, ""nodata_semantics"": null, ""uncertainty"": null, ""allowed_values"": null, ""observed_min"": null, ""observed_max"": null, ""attrs"": {}}, {""name"": ""water"", ""quantity"": ""water_level"", ""unit"": ""m"", ""scale"": ""continuous"", ""crs"": ""EPSG:32643"", ""resolution_m"": 10.0, ""temporal_resolution_h"": null, ""processing_level"": null, ""surface_model"": null, ""vertical_datum"": ""EGM96"", ""acquisition_time"": null, ""available_time"": null, ""provenance"": ""authoritative-product"", ""band_role"": null, ""nodata_semantics"": null, ""uncertainty"": null, ""allowed_values"": null, ""observed_min"": null, ""observed_max"": null, ""attrs"": {}}]","[{""op"": ""combine_vertical"", ""params"": {""a"": 0, ""b"": 1}}]",,,,,,
SGX3_HELDOUT-FAMILY_vertical_datum_mismatch_001,heldout-family,compositional,vertical_datum_mismatch,"[{""name"": ""terrain"", ""quantity"": ""elevation"", ""unit"": ""m"", ""scale"": ""continuous"", ""crs"": ""EPSG:32643"", ""resolution_m"": 10.0, ""temporal_resolution_h"": null, ""processing_level"": null, ""surface_model"": null, ""vertical_datum"": ""EGM2008"", ""acquisition_time"": null, ""available_time"": null, ""provenance"": ""authoritative-product"", ""band_role"": null, ""nodata_semantics"": null, ""uncertainty"": null, ""allowed_values"": null, ""observed_min"": null, ""observed_max"": null, ""attrs"": {}}, {""name"": ""water"", ""quantity"": ""water_level"", ""unit"": ""m"", ""scale"": ""continuous"", ""crs"": ""EPSG:32643"", ""resolution_m"": 10.0, ""temporal_resolution_h"": null, ""processing_level"": null, ""surface_model"": null, ""vertical_datum"": ""EGM2008"", ""acquisition_time"": null, ""available_time"": null, ""provenance"": ""authoritative-product"", ""band_role"": null, ""nodata_semantics"": null, ""uncertainty"": null, ""allowed_values"": null, ""observed_min"": null, ""observed_max"": null, ""attrs"": {}}]","[{""op"": ""combine_vertical"", ""params"": {""a"": 0, ""b"": 1}}]",,,,,,
SGX3_HELDOUT-FAMILY_vertical_datum_mismatch_002,heldout-family,atomic,vertical_datum_mismatch,"[{""name"": ""terrain"", ""quantity"": ""elevation"", ""unit"": ""m"", ""scale"": ""continuous"", ""crs"": ""EPSG:32643"", ""resolution_m"": 10.0, ""temporal_resolution_h"": null, ""processing_level"": null, ""surface_model"": null, ""vertical_datum"": ""EGM2008"", ""acquisition_time"": null, ""available_time"": null, ""provenance"": ""authoritative-product"", ""band_role"": null, ""nodata_semantics"": null, ""uncertainty"": null, ""allowed_values"": null, ""observed_min"": null, ""observed_max"": null, ""attrs"": {}}, {""name"": ""water"", ""quantity"": ""water_level"", ""unit"": ""m"", ""scale"": ""continuous"", ""crs"": ""EPSG:32643"", ""resolution_m"": 10.0, ""temporal_resolution_h"": null, ""processing_level"": null, ""surface_model"": null, ""vertical_datum"": ""WGS84_ellipsoid"", ""acquisition_time"": null, ""available_time"": null, ""provenance"": ""authoritative-product"", ""band_role"": null, ""nodata_semantics"": null, ""uncertainty"": null, ""allowed_values"": null, ""observed_min"": null, ""observed_max"": null, ""attrs"": {}}]","[{""op"": ""combine_vertical"", ""params"": {""a"": 0, ""b"": 1}}]",,,,,,
SGX3_HELDOUT-FAMILY_vertical_datum_unknown_000,heldout-family,compositional,vertical_datum_unknown,"[{""name"": ""terrain"", ""quantity"": ""elevation"", ""unit"": ""m"", ""scale"": ""continuous"", ""crs"": ""EPSG:32643"", ""resolution_m"": 10.0, ""temporal_resolution_h"": null, ""processing_level"": null, ""surface_model"": null, ""vertical_datum"": ""EGM2008"", ""acquisition_time"": null, ""available_time"": null, ""provenance"": ""authoritative-product"", ""band_role"": null, ""nodata_semantics"": null, ""uncertainty"": null, ""allowed_values"": null, ""observed_min"": null, ""observed_max"": null, ""attrs"": {}}, {""name"": ""water"", ""quantity"": ""water_level"", ""unit"": ""m"", ""scale"": ""continuous"", ""crs"": ""EPSG:32643"", ""resolution_m"": 10.0, ""temporal_resolution_h"": null, ""processing_level"": null, ""surface_model"": null, ""vertical_datum"": null, ""acquisition_time"": null, ""available_time"": null, ""provenance"": ""authoritative-product"", ""band_role"": null, ""nodata_semantics"": null, ""uncertainty"": null, ""allowed_values"": null, ""observed_min"": null, ""observed_max"": null, ""attrs"": {}}]","[{""op"": ""combine_vertical"", ""params"": {""a"": 0, ""b"": 1}}]",,,,,,
SGX3_HELDOUT-FAMILY_vertical_datum_unknown_001,heldout-family,compositional,vertical_datum_unknown,"[{""name"": ""terrain"", ""quantity"": ""elevation"", ""unit"": ""m"", ""scale"": ""continuous"", ""crs"": ""EPSG:32643"", ""resolution_m"": 10.0, ""temporal_resolution_h"": null, ""processing_level"": null, ""surface_model"": null, ""vertical_datum"": ""EGM2008"", ""acquisition_time"": null, ""available_time"": null, ""provenance"": ""authoritative-product"", ""band_role"": null, ""nodata_semantics"": null, ""uncertainty"": null, ""allowed_values"": null, ""observed_min"": null, ""observed_max"": null, ""attrs"": {}}, {""name"": ""water"", ""quantity"": ""water_level"", ""unit"": ""m"", ""scale"": ""continuous"", ""crs"": ""EPSG:32643"", ""resolution_m"": 10.0, ""temporal_resolution_h"": null, ""processing_level"": null, ""surface_model"": null, ""vertical_datum"": ""EGM2008"", ""acquisition_time"": null, ""available_time"": null, ""provenance"": ""authoritative-product"", ""band_role"": null, ""nodata_semantics"": null, ""uncertainty"": null, ""allowed_values"": null, ""observed_min"": null, ""observed_max"": null, ""attrs"": {}}]","[{""op"": ""combine_vertical"", ""params"": {""a"": 0, ""b"": 1}}]",,,,,,
SGX3_HELDOUT-FAMILY_multisensor_time_mismatch_000,heldout-family,adversarial,multisensor_time_mismatch,"[{""name"": ""S1"", ""quantity"": ""backscatter"", ""unit"": null, ""scale"": ""continuous"", ""crs"": ""EPSG:32643"", ""resolution_m"": 10.0, ""temporal_resolution_h"": null, ""processing_level"": null, ""surface_model"": null, ""vertical_datum"": null, ""acquisition_time"": ""2024-07-01T10:00:00+00:00"", ""available_time"": null, ""provenance"": ""authoritative-product"", ""band_role"": null, ""nodata_semantics"": null, ""uncertainty"": null, ""allowed_values"": null, ""observed_min"": null, ""observed_max"": null, ""attrs"": {}}, {""name"": ""S2"", ""quantity"": ""reflectance"", ""unit"": null, ""scale"": ""continuous"", ""crs"": ""EPSG:32643"", ""resolution_m"": 10.0, ""temporal_resolution_h"": null, ""processing_level"": null, ""surface_model"": null, ""vertical_datum"": null, ""acquisition_time"": ""2024-07-04T07:00:00+00:00"", ""available_time"": null, ""provenance"": ""authoritative-product"", ""band_role"": null, ""nodata_semantics"": null, ""uncertainty"": null, ""allowed_values"": null, ""observed_min"": null, ""observed_max"": null, ""attrs"": {}}]","[{""op"": ""compare_sensors"", ""params"": {""a"": 0, ""b"": 1, ""tolerance_h"": 6}}]",,,,,,
SGX3_HELDOUT-FAMILY_multisensor_time_mismatch_001,heldout-family,compositional,multisensor_time_mismatch,"[{""name"": ""S1"", ""quantity"": ""backscatter"", ""unit"": null, ""scale"": ""continuous"", ""crs"": ""EPSG:32643"", ""resolution_m"": 10.0, ""temporal_resolution_h"": null, ""processing_level"": null, ""surface_model"": null, ""vertical_datum"": null, ""acquisition_time"": ""2024-07-01T10:00:00+00:00"", ""available_time"": null, ""provenance"": ""authoritative-product"", ""band_role"": null, ""nodata_semantics"": null, ""uncertainty"": null, ""allowed_values"": null, ""observed_min"": null, ""observed_max"": null, ""attrs"": {}}, {""name"": ""S2"", ""quantity"": ""reflectance"", ""unit"": null, ""scale"": ""continuous"", ""crs"": ""EPSG:32643"", ""resolution_m"": 10.0, ""temporal_resolution_h"": null, ""processing_level"": null, ""surface_model"": null, ""vertical_datum"": null, ""acquisition_time"": ""2024-07-03T08:00:00+00:00"", ""available_time"": null, ""provenance"": ""authoritative-product"", ""band_role"": null, ""nodata_semantics"": null, ""uncertainty"": null, ""allowed_values"": null, ""observed_min"": null, ""observed_max"": null, ""attrs"": {}}]","[{""op"": ""compare_sensors"", ""params"": {""a"": 0, ""b"": 1, ""tolerance_h"": 24}}]",,,,,,
SGX3_HELDOUT-FAMILY_multisensor_time_mismatch_002,heldout-family,atomic,multisensor_time_mismatch,"[{""name"": ""S1"", ""quantity"": ""backscatter"", ""unit"": null, ""scale"": ""continuous"", ""crs"": ""EPSG:32643"", ""resolution_m"": 10.0, ""temporal_resolution_h"": null, ""processing_level"": null, ""surface_model"": null, ""vertical_datum"": null, ""acquisition_time"": ""2024-07-01T10:00:00+00:00"", ""available_time"": null, ""provenance"": ""authoritative-product"", ""band_role"": null, ""nodata_semantics"": null, ""uncertainty"": null, ""allowed_values"": null, ""observed_min"": null, ""observed_max"": null, ""attrs"": {}}, {""name"": ""S2"", ""quantity"": ""reflectance"", ""unit"": null, ""scale"": ""continuous"", ""crs"": ""EPSG:32643"", ""resolution_m"": 10.0, ""temporal_resolution_h"": null, ""processing_level"": null, ""surface_model"": null, ""vertical_datum"": null, ""acquisition_time"": ""2024-07-04T17:00:00+00:00"", ""available_time"": null, ""provenance"": ""authoritative-product"", ""band_role"": null, ""nodata_semantics"": null, ""uncertainty"": null, ""allowed_values"": null, ""observed_min"": null, ""observed_max"": null, ""attrs"": {}}]","[{""op"": ""compare_sensors"", ""params"": {""a"": 0, ""b"": 1, ""tolerance_h"": 24}}]",,,,,,
SGX3_HELDOUT-FAMILY_multisensor_time_mismatch_003,heldout-family,adversarial,multisensor_time_mismatch,"[{""name"": ""S1"", ""quantity"": ""backscatter"", ""unit"": null, ""scale"": ""continuous"", ""crs"": ""EPSG:32643"", ""resolution_m"": 10.0, ""temporal_resolution_h"": null, ""processing_level"": null, ""surface_model"": null, ""vertical_datum"": null, ""acquisition_time"": ""2024-07-01T10:00:00+00:00"", ""available_time"": null, ""provenance"": ""authoritative-product"", ""band_role"": null, ""nodata_semantics"": null, ""uncertainty"": null, ""allowed_values"": null, ""observed_min"": null, ""observed_max"": null, ""attrs"": {}}, {""name"": ""S2"", ""quantity"": ""reflectance"", ""unit"": null, ""scale"": ""continuous"", ""crs"": ""EPSG:32643"", ""resolution_m"": 10.0, ""temporal_resolution_h"": null, ""processing_level"": null, ""surface_model"": null, ""vertical_datum"": null, ""acquisition_time"": ""2024-07-01T14:00:00+00:00"", ""available_time"": null, ""provenance"": ""authoritative-product"", ""band_role"": null, ""nodata_semantics"": null, ""uncertainty"": null, ""allowed_values"": null, ""observed_min"": null, ""observed_max"": null, ""attrs"": {}}]","[{""op"": ""compare_sensors"", ""params"": {""a"": 0, ""b"": 1, ""tolerance_h"": 6}}]",,,,,,
SGX3_HELDOUT-FAMILY_multisensor_time_mismatch_004,heldout-family,atomic,multisensor_time_mismatch,"[{""name"": ""S1"", ""quantity"": ""backscatter"", ""unit"": null, ""scale"": ""continuous"", ""crs"": ""EPSG:32643"", ""resolution_m"": 10.0, ""temporal_resolution_h"": null, ""processing_level"": null, ""surface_model"": null, ""vertical_datum"": null, ""acquisition_time"": ""2024-07-01T10:00:00+00:00"", ""available_time"": null, ""provenance"": ""authoritative-product"", ""band_role"": null, ""nodata_semantics"": null, ""uncertainty"": null, ""allowed_values"": null, ""observed_min"": null, ""observed_max"": null, ""attrs"": {}}, {""name"": ""S2"", ""quantity"": ""reflectance"", ""unit"": null, ""scale"": ""continuous"", ""crs"": ""EPSG:32643"", ""resolution_m"": 10.0, ""temporal_resolution_h"": null, ""processing_level"": null, ""surface_model"": null, ""vertical_datum"": null, ""acquisition_time"": ""2024-07-01T19:00:00+00:00"", ""available_time"": null, ""provenance"": ""authoritative-product"", ""band_role"": null, ""nodata_semantics"": null, ""uncertainty"": null, ""allowed_values"": null, ""observed_min"": null, ""observed_max"": null, ""attrs"": {}}]","[{""op"": ""compare_sensors"", ""params"": {""a"": 0, ""b"": 1, ""tolerance_h"": 12}}]",,,,,,
SGX3_HELDOUT-FAMILY_multisensor_time_mismatch_005,heldout-family,atomic,multisensor_time_mismatch,"[{""name"": ""S1"", ""quantity"": ""backscatter"", ""unit"": null, ""scale"": ""continuous"", ""crs"": ""EPSG:32643"", ""resolution_m"": 10.0, ""temporal_resolution_h"": null, ""processing_level"": null, ""surface_model"": null, ""vertical_datum"": null, ""acquisition_time"": ""2024-07-01T10:00:00+00:00"", ""available_time"": null, ""provenance"": ""authoritative-product"", ""band_role"": null, ""nodata_semantics"": null, ""uncertainty"": null, ""allowed_values"": null, ""observed_min"": null, ""observed_max"": null, ""attrs"": {}}, {""name"": ""S2"", ""quantity"": ""reflectance"", ""unit"": null, ""scale"": ""continuous"", ""crs"": ""EPSG:32643"", ""resolution_m"": 10.0, ""temporal_resolution_h"": null, ""processing_level"": null, ""surface_model"": null, ""vertical_datum"": null, ""acquisition_time"": ""2024-07-04T18:00:00+00:00"", ""available_time"": null, ""provenance"": ""authoritative-product"", ""band_role"": null, ""nodata_semantics"": null, ""uncertainty"": null, ""allowed_values"": null, ""observed_min"": null, ""observed_max"": null, ""attrs"": {}}]","[{""op"": ""compare_sensors"", ""params"": {""a"": 0, ""b"": 1, ""tolerance_h"": 12}}]",,,,,,
SGX3_HELDOUT-FAMILY_multisensor_time_mismatch_006,heldout-family,adversarial,multisensor_time_mismatch,"[{""name"": ""S1"", ""quantity"": ""backscatter"", ""unit"": null, ""scale"": ""continuous"", ""crs"": ""EPSG:32643"", ""resolution_m"": 10.0, ""temporal_resolution_h"": null, ""processing_level"": null, ""surface_model"": null, ""vertical_datum"": null, ""acquisition_time"": ""2024-07-01T10:00:00+00:00"", ""available_time"": null, ""provenance"": ""authoritative-product"", ""band_role"": null, ""nodata_semantics"": null, ""uncertainty"": null, ""allowed_values"": null, ""observed_min"": null, ""observed_max"": null, ""attrs"": {}}, {""name"": ""S2"", ""quantity"": ""reflectance"", ""unit"": null, ""scale"": ""continuous"", ""crs"": ""EPSG:32643"", ""resolution_m"": 10.0, ""temporal_resolution_h"": null, ""processing_level"": null, ""surface_model"": null, ""vertical_datum"": null, ""acquisition_time"": ""2024-07-02T17:00:00+00:00"", ""available_time"": null, ""provenance"": ""authoritative-product"", ""band_role"": null, ""nodata_semantics"": null, ""uncertainty"": null, ""allowed_values"": null, ""observed_min"": null, ""observed_max"": null, ""attrs"": {}}]","[{""op"": ""compare_sensors"", ""params"": {""a"": 0, ""b"": 1, ""tolerance_h"": 24}}]",,,,,,
SGX3_HELDOUT-FAMILY_multisensor_time_mismatch_007,heldout-family,compositional,multisensor_time_mismatch,"[{""name"": ""S1"", ""quantity"": ""backscatter"", ""unit"": null, ""scale"": ""continuous"", ""crs"": ""EPSG:32643"", ""resolution_m"": 10.0, ""temporal_resolution_h"": null, ""processing_level"": null, ""surface_model"": null, ""vertical_datum"": null, ""acquisition_time"": ""2024-07-01T10:00:00+00:00"", ""available_time"": null, ""provenance"": ""authoritative-product"", ""band_role"": null, ""nodata_semantics"": null, ""uncertainty"": null, ""allowed_values"": null, ""observed_min"": null, ""observed_max"": null, ""attrs"": {}}, {""name"": ""S2"", ""quantity"": ""reflectance"", ""unit"": null, ""scale"": ""continuous"", ""crs"": ""EPSG:32643"", ""resolution_m"": 10.0, ""temporal_resolution_h"": null, ""processing_level"": null, ""surface_model"": null, ""vertical_datum"": null, ""acquisition_time"": ""2024-07-01T10:00:00+00:00"", ""available_time"": null, ""provenance"": ""authoritative-product"", ""band_role"": null, ""nodata_semantics"": null, ""uncertainty"": null, ""allowed_values"": null, ""observed_min"": null, ""observed_max"": null, ""attrs"": {}}]","[{""op"": ""compare_sensors"", ""params"": {""a"": 0, ""b"": 1, ""tolerance_h"": 6}}]",,,,,,
SGX3_HELDOUT-FAMILY_multisensor_time_mismatch_008,heldout-family,adversarial,multisensor_time_mismatch,"[{""name"": ""S1"", ""quantity"": ""backscatter"", ""unit"": null, ""scale"": ""continuous"", ""crs"": ""EPSG:32643"", ""resolution_m"": 10.0, ""temporal_resolution_h"": null, ""processing_level"": null, ""surface_model"": null, ""vertical_datum"": null, ""acquisition_time"": ""2024-07-01T10:00:00+00:00"", ""available_time"": null, ""provenance"": ""authoritative-product"", ""band_role"": null, ""nodata_semantics"": null, ""uncertainty"": null, ""allowed_values"": null, ""observed_min"": null, ""observed_max"": null, ""attrs"": {}}, {""name"": ""S2"", ""quantity"": ""reflectance"", ""unit"": null, ""scale"": ""continuous"", ""crs"": ""EPSG:32643"", ""resolution_m"": 10.0, ""temporal_resolution_h"": null, ""processing_level"": null, ""surface_model"": null, ""vertical_datum"": null, ""acquisition_time"": ""2024-07-04T06:00:00+00:00"", ""available_time"": null, ""provenance"": ""authoritative-product"", ""band_role"": null, ""nodata_semantics"": null, ""uncertainty"": null, ""allowed_values"": null, ""observed_min"": null, ""observed_max"": null, ""attrs"": {}}]","[{""op"": ""compare_sensors"", ""params"": {""a"": 0, ""b"": 1, ""tolerance_h"": 6}}]",,,,,,
SGX3_HELDOUT-FAMILY_multisensor_time_mismatch_009,heldout-family,atomic,multisensor_time_mismatch,"[{""name"": ""S1"", ""quantity"": ""backscatter"", ""unit"": null, ""scale"": ""continuous"", ""crs"": ""EPSG:32643"", ""resolution_m"": 10.0, ""temporal_resolution_h"": null, ""processing_level"": null, ""surface_model"": null, ""vertical_datum"": null, ""acquisition_time"": ""2024-07-01T10:00:00+00:00"", ""available_time"": null, ""provenance"": ""authoritative-product"", ""band_role"": null, ""nodata_semantics"": null, ""uncertainty"": null, ""allowed_values"": null, ""observed_min"": null, ""observed_max"": null, ""attrs"": {}}, {""name"": ""S2"", ""quantity"": ""reflectance"", ""unit"": null, ""scale"": ""continuous"", ""crs"": ""EPSG:32643"", ""resolution_m"": 10.0, ""temporal_resolution_h"": null, ""processing_level"": null, ""surface_model"": null, ""vertical_datum"": null, ""acquisition_time"": ""2024-07-04T12:00:00+00:00"", ""available_time"": null, ""provenance"": ""authoritative-product"", ""band_role"": null, ""nodata_semantics"": null, ""uncertainty"": null, ""allowed_values"": null, ""observed_min"": null, ""observed_max"": null, ""attrs"": {}}]","[{""op"": ""compare_sensors"", ""params"": {""a"": 0, ""b"": 1, ""tolerance_h"": 24}}]",,,,,,
SGX3_HELDOUT-FAMILY_multisensor_time_mismatch_010,heldout-family,atomic,multisensor_time_mismatch,"[{""name"": ""S1"", ""quantity"": ""backscatter"", ""unit"": null, ""scale"": ""continuous"", ""crs"": ""EPSG:32643"", ""resolution_m"": 10.0, ""temporal_resolution_h"": null, ""processing_level"": null, ""surface_model"": null, ""vertical_datum"": null, ""acquisition_time"": ""2024-07-01T10:00:00+00:00"", ""available_time"": null, ""provenance"": ""authoritative-product"", ""band_role"": null, ""nodata_semantics"": null, ""uncertainty"": null, ""allowed_values"": null, ""observed_min"": null, ""observed_max"": null, ""attrs"": {}}, {""name"": ""S2"", ""quantity"": ""reflectance"", ""unit"": null, ""scale"": ""continuous"", ""crs"": ""EPSG:32643"", ""resolution_m"": 10.0, ""temporal_resolution_h"": null, ""processing_level"": null, ""surface_model"": null, ""vertical_datum"": null, ""acquisition_time"": ""2024-07-03T03:00:00+00:00"", ""available_time"": null, ""provenance"": ""authoritative-product"", ""band_role"": null, ""nodata_semantics"": null, ""uncertainty"": null, ""allowed_values"": null, ""observed_min"": null, ""observed_max"": null, ""attrs"": {}}]","[{""op"": ""compare_sensors"", ""params"": {""a"": 0, ""b"": 1, ""tolerance_h"": 12}}]",,,,,,
SGX3_HELDOUT-FAMILY_multisensor_time_mismatch_011,heldout-family,atomic,multisensor_time_mismatch,"[{""name"": ""S1"", ""quantity"": ""backscatter"", ""unit"": null, ""scale"": ""continuous"", ""crs"": ""EPSG:32643"", ""resolution_m"": 10.0, ""temporal_resolution_h"": null, ""processing_level"": null, ""surface_model"": null, ""vertical_datum"": null, ""acquisition_time"": ""2024-07-01T10:00:00+00:00"", ""available_time"": null, ""provenance"": ""authoritative-product"", ""band_role"": null, ""nodata_semantics"": null, ""uncertainty"": null, ""allowed_values"": null, ""observed_min"": null, ""observed_max"": null, ""attrs"": {}}, {""name"": ""S2"", ""quantity"": ""reflectance"", ""unit"": null, ""scale"": ""continuous"", ""crs"": ""EPSG:32643"", ""resolution_m"": 10.0, ""temporal_resolution_h"": null, ""processing_level"": null, ""surface_model"": null, ""vertical_datum"": null, ""acquisition_time"": ""2024-07-03T06:00:00+00:00"", ""available_time"": null, ""provenance"": ""authoritative-product"", ""band_role"": null, ""nodata_semantics"": null, ""uncertainty"": null, ""allowed_values"": null, ""observed_min"": null, ""observed_max"": null, ""attrs"": {}}]","[{""op"": ""compare_sensors"", ""params"": {""a"": 0, ""b"": 1, ""tolerance_h"": 6}}]",,,,,,
SGX3_HELDOUT-FAMILY_multisensor_time_mismatch_012,heldout-family,atomic,multisensor_time_mismatch,"[{""name"": ""S1"", ""quantity"": ""backscatter"", ""unit"": null, ""scale"": ""continuous"", ""crs"": ""EPSG:32643"", ""resolution_m"": 10.0, ""temporal_resolution_h"": null, ""processing_level"": null, ""surface_model"": null, ""vertical_datum"": null, ""acquisition_time"": ""2024-07-01T10:00:00+00:00"", ""available_time"": null, ""provenance"": ""authoritative-product"", ""band_role"": null, ""nodata_semantics"": null, ""uncertainty"": null, ""allowed_values"": null, ""observed_min"": null, ""observed_max"": null, ""attrs"": {}}, {""name"": ""S2"", ""quantity"": ""reflectance"", ""unit"": null, ""scale"": ""continuous"", ""crs"": ""EPSG:32643"", ""resolution_m"": 10.0, ""temporal_resolution_h"": null, ""processing_level"": null, ""surface_model"": null, ""vertical_datum"": null, ""acquisition_time"": ""2024-07-01T17:00:00+00:00"", ""available_time"": null, ""provenance"": ""authoritative-product"", ""band_role"": null, ""nodata_semantics"": null, ""uncertainty"": null, ""allowed_values"": null, ""observed_min"": null, ""observed_max"": null, ""attrs"": {}}]","[{""op"": ""compare_sensors"", ""params"": {""a"": 0, ""b"": 1, ""tolerance_h"": 12}}]",,,,,,
SGX3_HELDOUT-FAMILY_multisensor_time_mismatch_013,heldout-family,compositional,multisensor_time_mismatch,"[{""name"": ""S1"", ""quantity"": ""backscatter"", ""unit"": null, ""scale"": ""continuous"", ""crs"": ""EPSG:32643"", ""resolution_m"": 10.0, ""temporal_resolution_h"": null, ""processing_level"": null, ""surface_model"": null, ""vertical_datum"": null, ""acquisition_time"": ""2024-07-01T10:00:00+00:00"", ""available_time"": null, ""provenance"": ""authoritative-product"", ""band_role"": null, ""nodata_semantics"": null, ""uncertainty"": null, ""allowed_values"": null, ""observed_min"": null, ""observed_max"": null, ""attrs"": {}}, {""name"": ""S2"", ""quantity"": ""reflectance"", ""unit"": null, ""scale"": ""continuous"", ""crs"": ""EPSG:32643"", ""resolution_m"": 10.0, ""temporal_resolution_h"": null, ""processing_level"": null, ""surface_model"": null, ""vertical_datum"": null, ""acquisition_time"": ""2024-07-01T13:00:00+00:00"", ""available_time"": null, ""provenance"": ""authoritative-product"", ""band_role"": null, ""nodata_semantics"": null, ""uncertainty"": null, ""allowed_values"": null, ""observed_min"": null, ""observed_max"": null, ""attrs"": {}}]","[{""op"": ""compare_sensors"", ""params"": {""a"": 0, ""b"": 1, ""tolerance_h"": 3}}]",,,,,,
SGX3_HELDOUT-FAMILY_multisensor_time_mismatch_014,heldout-family,adversarial,multisensor_time_mismatch,"[{""name"": ""S1"", ""quantity"": ""backscatter"", ""unit"": null, ""scale"": ""continuous"", ""crs"": ""EPSG:32643"", ""resolution_m"": 10.0, ""temporal_resolution_h"": null, ""processing_level"": null, ""surface_model"": null, ""vertical_datum"": null, ""acquisition_time"": ""2024-07-01T10:00:00+00:00"", ""available_time"": null, ""provenance"": ""authoritative-product"", ""band_role"": null, ""nodata_semantics"": null, ""uncertainty"": null, ""allowed_values"": null, ""observed_min"": null, ""observed_max"": null, ""attrs"": {}}, {""name"": ""S2"", ""quantity"": ""reflectance"", ""unit"": null, ""scale"": ""continuous"", ""crs"": ""EPSG:32643"", ""resolution_m"": 10.0, ""temporal_resolution_h"": null, ""processing_level"": null, ""surface_model"": null, ""vertical_datum"": null, ""acquisition_time"": ""2024-07-02T22:00:00+00:00"", ""available_time"": null, ""provenance"": ""authoritative-product"", ""band_role"": null, ""nodata_semantics"": null, ""uncertainty"": null, ""allowed_values"": null, ""observed_min"": null, ""observed_max"": null, ""attrs"": {}}]","[{""op"": ""compare_sensors"", ""params"": {""a"": 0, ""b"": 1, ""tolerance_h"": 24}}]",,,,,,
SGX3_HELDOUT-FAMILY_multisensor_time_mismatch_015,heldout-family,adversarial,multisensor_time_mismatch,"[{""name"": ""S1"", ""quantity"": ""backscatter"", ""unit"": null, ""scale"": ""continuous"", ""crs"": ""EPSG:32643"", ""resolution_m"": 10.0, ""temporal_resolution_h"": null, ""processing_level"": null, ""surface_model"": null, ""vertical_datum"": null, ""acquisition_time"": ""2024-07-01T10:00:00+00:00"", ""available_time"": null, ""provenance"": ""authoritative-product"", ""band_role"": null, ""nodata_semantics"": null, ""uncertainty"": null, ""allowed_values"": null, ""observed_min"": null, ""observed_max"": null, ""attrs"": {}}, {""name"": ""S2"", ""quantity"": ""reflectance"", ""unit"": null, ""scale"": ""continuous"", ""crs"": ""EPSG:32643"", ""resolution_m"": 10.0, ""temporal_resolution_h"": null, ""processing_level"": null, ""surface_model"": null, ""vertical_datum"": null, ""acquisition_time"": ""2024-07-01T15:00:00+00:00"", ""available_time"": null, ""provenance"": ""authoritative-product"", ""band_role"": null, ""nodata_semantics"": null, ""uncertainty"": null, ""allowed_values"": null, ""observed_min"": null, ""observed_max"": null, ""attrs"": {}}]","[{""op"": ""compare_sensors"", ""params"": {""a"": 0, ""b"": 1, ""tolerance_h"": 6}}]",,,,,,
SGX3_HELDOUT-FAMILY_missing_provenance_000,heldout-family,atomic,missing_provenance,"[{""name"": ""unknown-input"", ""quantity"": ""elevation"", ""unit"": null, ""scale"": ""continuous"", ""crs"": ""EPSG:32643"", ""resolution_m"": 10.0, ""temporal_resolution_h"": null, ""processing_level"": null, ""surface_model"": null, ""vertical_datum"": null, ""acquisition_time"": null, ""available_time"": null, ""provenance"": null, ""band_role"": null, ""nodata_semantics"": null, ""uncertainty"": null, ""allowed_values"": null, ""observed_min"": null, ""observed_max"": null, ""attrs"": {}}]",[],,,,,,
SGX3_HELDOUT-FAMILY_missing_provenance_001,heldout-family,atomic,missing_provenance,"[{""name"": ""unknown-input"", ""quantity"": ""elevation"", ""unit"": null, ""scale"": ""continuous"", ""crs"": ""EPSG:32643"", ""resolution_m"": 10.0, ""temporal_resolution_h"": null, ""processing_level"": null, ""surface_model"": null, ""vertical_datum"": null, ""acquisition_time"": null, ""available_time"": null, ""provenance"": ""official-product"", ""band_role"": null, ""nodata_semantics"": null, ""uncertainty"": null, ""allowed_values"": null, ""observed_min"": null, ""observed_max"": null, ""attrs"": {}}]",[],,,,,,
SGX3_HELDOUT-FAMILY_uncertainty_missing_000,heldout-family,compositional,operational decision,"[{""name"": ""hazard"", ""quantity"": ""hazard_probability"", ""unit"": ""dimensionless"", ""scale"": ""continuous"", ""crs"": ""EPSG:32643"", ""resolution_m"": 10.0, ""temporal_resolution_h"": null, ""processing_level"": null, ""surface_model"": null, ""vertical_datum"": null, ""acquisition_time"": null, ""available_time"": null, ""provenance"": ""authoritative-product"", ""band_role"": null, ""nodata_semantics"": null, ""uncertainty"": null, ""allowed_values"": null, ""observed_min"": null, ""observed_max"": null, ""attrs"": {}}]",[],,,,,,
SGX3_HELDOUT-FAMILY_uncertainty_missing_001,heldout-family,compositional,operational decision,"[{""name"": ""hazard"", ""quantity"": ""hazard_probability"", ""unit"": ""dimensionless"", ""scale"": ""continuous"", ""crs"": ""EPSG:32643"", ""resolution_m"": 10.0, ""temporal_resolution_h"": null, ""processing_level"": null, ""surface_model"": null, ""vertical_datum"": null, ""acquisition_time"": null, ""available_time"": null, ""provenance"": ""authoritative-product"", ""band_role"": null, ""nodata_semantics"": null, ""uncertainty"": 0.0305, ""allowed_values"": null, ""observed_min"": null, ""observed_max"": null, ""attrs"": {}}]",[],,,,,,
SGX3_HELDOUT-FAMILY_uncertainty_missing_002,heldout-family,compositional,operational decision,"[{""name"": ""hazard"", ""quantity"": ""hazard_probability"", ""unit"": ""dimensionless"", ""scale"": ""continuous"", ""crs"": ""EPSG:32643"", ""resolution_m"": 10.0, ""temporal_resolution_h"": null, ""processing_level"": null, ""surface_model"": null, ""vertical_datum"": null, ""acquisition_time"": null, ""available_time"": null, ""provenance"": ""authoritative-product"", ""band_role"": null, ""nodata_semantics"": null, ""uncertainty"": 0.0228, ""allowed_values"": null, ""observed_min"": null, ""observed_max"": null, ""attrs"": {}}]",[],,,,,,
SGX3_HELDOUT-FAMILY_uncertainty_missing_003,heldout-family,adversarial,operational decision,"[{""name"": ""hazard"", ""quantity"": ""hazard_probability"", ""unit"": ""dimensionless"", ""scale"": ""continuous"", ""crs"": ""EPSG:32643"", ""resolution_m"": 10.0, ""temporal_resolution_h"": null, ""processing_level"": null, ""surface_model"": null, ""vertical_datum"": null, ""acquisition_time"": null, ""available_time"": null, ""provenance"": ""authoritative-product"", ""band_role"": null, ""nodata_semantics"": null, ""uncertainty"": 0.0332, ""allowed_values"": null, ""observed_min"": null, ""observed_max"": null, ""attrs"": {}}]",[],,,,,,
SGX3_HELDOUT-FAMILY_uncertainty_missing_004,heldout-family,adversarial,operational decision,"[{""name"": ""hazard"", ""quantity"": ""hazard_probability"", ""unit"": ""dimensionless"", ""scale"": ""continuous"", ""crs"": ""EPSG:32643"", ""resolution_m"": 10.0, ""temporal_resolution_h"": null, ""processing_level"": null, ""surface_model"": null, ""vertical_datum"": null, ""acquisition_time"": null, ""available_time"": null, ""provenance"": ""authoritative-product"", ""band_role"": null, ""nodata_semantics"": null, ""uncertainty"": 0.0346, ""allowed_values"": null, ""observed_min"": null, ""observed_max"": null, ""attrs"": {}}]",[],,,,,,
SGX3_HELDOUT-FAMILY_uncertainty_missing_005,heldout-family,adversarial,operational decision,"[{""name"": ""hazard"", ""quantity"": ""hazard_probability"", ""unit"": ""dimensionless"", ""scale"": ""continuous"", ""crs"": ""EPSG:32643"", ""resolution_m"": 10.0, ""temporal_resolution_h"": null, ""processing_level"": null, ""surface_model"": null, ""vertical_datum"": null, ""acquisition_time"": null, ""available_time"": null, ""provenance"": ""authoritative-product"", ""band_role"": null, ""nodata_semantics"": null, ""uncertainty"": 0.0167, ""allowed_values"": null, ""observed_min"": null, ""observed_max"": null, ""attrs"": {}}]",[],,,,,,
SGX3_HELDOUT-FAMILY_uncertainty_missing_006,heldout-family,atomic,operational decision,"[{""name"": ""hazard"", ""quantity"": ""hazard_probability"", ""unit"": ""dimensionless"", ""scale"": ""continuous"", ""crs"": ""EPSG:32643"", ""resolution_m"": 10.0, ""temporal_resolution_h"": null, ""processing_level"": null, ""surface_model"": null, ""vertical_datum"": null, ""acquisition_time"": null, ""available_time"": null, ""provenance"": ""authoritative-product"", ""band_role"": null, ""nodata_semantics"": null, ""uncertainty"": 0.0377, ""allowed_values"": null, ""observed_min"": null, ""observed_max"": null, ""attrs"": {}}]",[],,,,,,
SGX3_HELDOUT-FAMILY_uncertainty_missing_007,heldout-family,adversarial,operational decision,"[{""name"": ""hazard"", ""quantity"": ""hazard_probability"", ""unit"": ""dimensionless"", ""scale"": ""continuous"", ""crs"": ""EPSG:32643"", ""resolution_m"": 10.0, ""temporal_resolution_h"": null, ""processing_level"": null, ""surface_model"": null, ""vertical_datum"": null, ""acquisition_time"": null, ""available_time"": null, ""provenance"": ""authoritative-product"", ""band_role"": null, ""nodata_semantics"": null, ""uncertainty"": 0.0364, ""allowed_values"": null, ""observed_min"": null, ""observed_max"": null, ""attrs"": {}}]",[],,,,,,
SGX3_HELDOUT-FAMILY_uncertainty_missing_008,heldout-family,atomic,operational decision,"[{""name"": ""hazard"", ""quantity"": ""hazard_probability"", ""unit"": ""dimensionless"", ""scale"": ""continuous"", ""crs"": ""EPSG:32643"", ""resolution_m"": 10.0, ""temporal_resolution_h"": null, ""processing_level"": null, ""surface_model"": null, ""vertical_datum"": null, ""acquisition_time"": null, ""available_time"": null, ""provenance"": ""authoritative-product"", ""band_role"": null, ""nodata_semantics"": null, ""uncertainty"": 0.0116, ""allowed_values"": null, ""observed_min"": null, ""observed_max"": null, ""attrs"": {}}]",[],,,,,,
SGX3_HELDOUT-FAMILY_uncertainty_missing_009,heldout-family,compositional,operational decision,"[{""name"": ""hazard"", ""quantity"": ""hazard_probability"", ""unit"": ""dimensionless"", ""scale"": ""continuous"", ""crs"": ""EPSG:32643"", ""resolution_m"": 10.0, ""temporal_resolution_h"": null, ""processing_level"": null, ""surface_model"": null, ""vertical_datum"": null, ""acquisition_time"": null, ""available_time"": null, ""provenance"": ""authoritative-product"", ""band_role"": null, ""nodata_semantics"": null, ""uncertainty"": 0.011, ""allowed_values"": null, ""observed_min"": null, ""observed_max"": null, ""attrs"": {}}]",[],,,,,,
SGX3_HELDOUT-FAMILY_uncertainty_missing_010,heldout-family,compositional,operational decision,"[{""name"": ""hazard"", ""quantity"": ""hazard_probability"", ""unit"": ""dimensionless"", ""scale"": ""continuous"", ""crs"": ""EPSG:32643"", ""resolution_m"": 10.0, ""temporal_resolution_h"": null, ""processing_level"": null, ""surface_model"": null, ""vertical_datum"": null, ""acquisition_time"": null, ""available_time"": null, ""provenance"": ""authoritative-product"", ""band_role"": null, ""nodata_semantics"": null, ""uncertainty"": 0.0178, ""allowed_values"": null, ""observed_min"": null, ""observed_max"": null, ""attrs"": {}}]",[],,,,,,
SGX3_HELDOUT-FAMILY_uncertainty_missing_011,heldout-family,adversarial,operational decision,"[{""name"": ""hazard"", ""quantity"": ""hazard_probability"", ""unit"": ""dimensionless"", ""scale"": ""continuous"", ""crs"": ""EPSG:32643"", ""resolution_m"": 10.0, ""temporal_resolution_h"": null, ""processing_level"": null, ""surface_model"": null, ""vertical_datum"": null, ""acquisition_time"": null, ""available_time"": null, ""provenance"": ""authoritative-product"", ""band_role"": null, ""nodata_semantics"": null, ""uncertainty"": 0.0354, ""allowed_values"": null, ""observed_min"": null, ""observed_max"": null, ""attrs"": {}}]",[],,,,,,
SGX3_HELDOUT-FAMILY_uncertainty_missing_012,heldout-family,adversarial,operational decision,"[{""name"": ""hazard"", ""quantity"": ""hazard_probability"", ""unit"": ""dimensionless"", ""scale"": ""continuous"", ""crs"": ""EPSG:32643"", ""resolution_m"": 10.0, ""temporal_resolution_h"": null, ""processing_level"": null, ""surface_model"": null, ""vertical_datum"": null, ""acquisition_time"": null, ""available_time"": null, ""provenance"": ""authoritative-product"", ""band_role"": null, ""nodata_semantics"": null, ""uncertainty"": 0.0281, ""allowed_values"": null, ""observed_min"": null, ""observed_max"": null, ""attrs"": {}}]",[],,,,,,
SGX3_HELDOUT-FAMILY_uncertainty_missing_013,heldout-family,compositional,operational decision,"[{""name"": ""hazard"", ""quantity"": ""hazard_probability"", ""unit"": ""dimensionless"", ""scale"": ""continuous"", ""crs"": ""EPSG:32643"", ""resolution_m"": 10.0, ""temporal_resolution_h"": null, ""processing_level"": null, ""surface_model"": null, ""vertical_datum"": null, ""acquisition_time"": null, ""available_time"": null, ""provenance"": ""authoritative-product"", ""band_role"": null, ""nodata_semantics"": null, ""uncertainty"": 0.0211, ""allowed_values"": null, ""observed_min"": null, ""observed_max"": null, ""attrs"": {}}]",[],,,,,,
SGX3_HELDOUT-FAMILY_uncertainty_missing_014,heldout-family,adversarial,operational decision,"[{""name"": ""hazard"", ""quantity"": ""hazard_probability"", ""unit"": ""dimensionless"", ""scale"": ""continuous"", ""crs"": ""EPSG:32643"", ""resolution_m"": 10.0, ""temporal_resolution_h"": null, ""processing_level"": null, ""surface_model"": null, ""vertical_datum"": null, ""acquisition_time"": null, ""available_time"": null, ""provenance"": ""authoritative-product"", ""band_role"": null, ""nodata_semantics"": null, ""uncertainty"": 0.0084, ""allowed_values"": null, ""observed_min"": null, ""observed_max"": null, ""attrs"": {}}]",[],,,,,,
SGX3_HELDOUT-FAMILY_uncertainty_missing_015,heldout-family,compositional,operational decision,"[{""name"": ""hazard"", ""quantity"": ""hazard_probability"", ""unit"": ""dimensionless"", ""scale"": ""continuous"", ""crs"": ""EPSG:32643"", ""resolution_m"": 10.0, ""temporal_resolution_h"": null, ""processing_level"": null, ""surface_model"": null, ""vertical_datum"": null, ""acquisition_time"": null, ""available_time"": null, ""provenance"": ""authoritative-product"", ""band_role"": null, ""nodata_semantics"": null, ""uncertainty"": 0.026, ""allowed_values"": null, ""observed_min"": null, ""observed_max"": null, ""attrs"": {}}]",[],,,,,,
SGX3_HELDOUT-FAMILY_unit_dimension_mismatch_000,heldout-family,adversarial,unit_dimension_mismatch,"[{""name"": ""distance"", ""quantity"": ""distance"", ""unit"": ""m"", ""scale"": ""continuous"", ""crs"": ""EPSG:32643"", ""resolution_m"": 10.0, ""temporal_resolution_h"": null, ""processing_level"": null, ""surface_model"": null, ""vertical_datum"": null, ""acquisition_time"": null, ""available_time"": null, ""provenance"": ""authoritative-product"", ""band_role"": null, ""nodata_semantics"": null, ""uncertainty"": null, ""allowed_values"": null, ""observed_min"": null, ""observed_max"": null, ""attrs"": {}}]","[{""op"": ""convert_unit"", ""params"": {""artifact"": 0, ""to"": ""km2""}}]",,,,,,
SGX3_HELDOUT-FAMILY_unit_dimension_mismatch_001,heldout-family,atomic,unit_dimension_mismatch,"[{""name"": ""distance"", ""quantity"": ""distance"", ""unit"": ""m"", ""scale"": ""continuous"", ""crs"": ""EPSG:32643"", ""resolution_m"": 10.0, ""temporal_resolution_h"": null, ""processing_level"": null, ""surface_model"": null, ""vertical_datum"": null, ""acquisition_time"": null, ""available_time"": null, ""provenance"": ""authoritative-product"", ""band_role"": null, ""nodata_semantics"": null, ""uncertainty"": null, ""allowed_values"": null, ""observed_min"": null, ""observed_max"": null, ""attrs"": {}}]","[{""op"": ""convert_unit"", ""params"": {""artifact"": 0, ""to"": ""K""}}]",,,,,,
SGX3_HELDOUT-FAMILY_unit_dimension_mismatch_002,heldout-family,atomic,unit_dimension_mismatch,"[{""name"": ""distance"", ""quantity"": ""distance"", ""unit"": ""m"", ""scale"": ""continuous"", ""crs"": ""EPSG:32643"", ""resolution_m"": 10.0, ""temporal_resolution_h"": null, ""processing_level"": null, ""surface_model"": null, ""vertical_datum"": null, ""acquisition_time"": null, ""available_time"": null, ""provenance"": ""authoritative-product"", ""band_role"": null, ""nodata_semantics"": null, ""uncertainty"": null, ""allowed_values"": null, ""observed_min"": null, ""observed_max"": null, ""attrs"": {}}]","[{""op"": ""convert_unit"", ""params"": {""artifact"": 0, ""to"": ""cm""}}]",,,,,,
SGX3_HELDOUT-FAMILY_unit_dimension_mismatch_003,heldout-family,atomic,unit_dimension_mismatch,"[{""name"": ""distance"", ""quantity"": ""distance"", ""unit"": ""m"", ""scale"": ""continuous"", ""crs"": ""EPSG:32643"", ""resolution_m"": 10.0, ""temporal_resolution_h"": null, ""processing_level"": null, ""surface_model"": null, ""vertical_datum"": null, ""acquisition_time"": null, ""available_time"": null, ""provenance"": ""authoritative-product"", ""band_role"": null, ""nodata_semantics"": null, ""uncertainty"": null, ""allowed_values"": null, ""observed_min"": null, ""observed_max"": null, ""attrs"": {}}]","[{""op"": ""convert_unit"", ""params"": {""artifact"": 0, ""to"": ""km""}}]",,,,,,
SGX3_HELDOUT-FAMILY_physical_range_violation_000,heldout-family,adversarial,physical_range_violation,"[{""name"": ""index"", ""quantity"": ""NDVI"", ""unit"": ""dimensionless"", ""scale"": ""continuous"", ""crs"": ""EPSG:32643"", ""resolution_m"": 10.0, ""temporal_resolution_h"": null, ""processing_level"": null, ""surface_model"": null, ""vertical_datum"": null, ""acquisition_time"": null, ""available_time"": null, ""provenance"": ""authoritative-product"", ""band_role"": null, ""nodata_semantics"": null, ""uncertainty"": null, ""allowed_values"": null, ""observed_min"": -0.8, ""observed_max"": 1.3, ""attrs"": {}}]","[{""op"": ""assert_value_range"", ""params"": {""artifact"": 0, ""min"": -1, ""max"": 1}}]",,,,,,
SGX3_HELDOUT-FAMILY_physical_range_violation_001,heldout-family,compositional,physical_range_violation,"[{""name"": ""index"", ""quantity"": ""NDVI"", ""unit"": ""dimensionless"", ""scale"": ""continuous"", ""crs"": ""EPSG:32643"", ""resolution_m"": 10.0, ""temporal_resolution_h"": null, ""processing_level"": null, ""surface_model"": null, ""vertical_datum"": null, ""acquisition_time"": null, ""available_time"": null, ""provenance"": ""authoritative-product"", ""band_role"": null, ""nodata_semantics"": null, ""uncertainty"": null, ""allowed_values"": null, ""observed_min"": -1.4, ""observed_max"": 0.6, ""attrs"": {}}]","[{""op"": ""assert_value_range"", ""params"": {""artifact"": 0, ""min"": -1, ""max"": 1}}]",,,,,,
SGX3_HELDOUT-FAMILY_physical_range_violation_002,heldout-family,atomic,physical_range_violation,"[{""name"": ""index"", ""quantity"": ""NDVI"", ""unit"": ""dimensionless"", ""scale"": ""continuous"", ""crs"": ""EPSG:32643"", ""resolution_m"": 10.0, ""temporal_resolution_h"": null, ""processing_level"": null, ""surface_model"": null, ""vertical_datum"": null, ""acquisition_time"": null, ""available_time"": null, ""provenance"": ""authoritative-product"", ""band_role"": null, ""nodata_semantics"": null, ""uncertainty"": null, ""allowed_values"": null, ""observed_min"": -2, ""observed_max"": 2, ""attrs"": {}}]","[{""op"": ""assert_value_range"", ""params"": {""artifact"": 0, ""min"": -1, ""max"": 1}}]",,,,,,
SGX3_HELDOUT-FAMILY_physical_range_violation_003,heldout-family,atomic,physical_range_violation,"[{""name"": ""index"", ""quantity"": ""NDVI"", ""unit"": ""dimensionless"", ""scale"": ""continuous"", ""crs"": ""EPSG:32643"", ""resolution_m"": 10.0, ""temporal_resolution_h"": null, ""processing_level"": null, ""surface_model"": null, ""vertical_datum"": null, ""acquisition_time"": null, ""available_time"": null, ""provenance"": ""authoritative-product"", ""band_role"": null, ""nodata_semantics"": null, ""uncertainty"": null, ""allowed_values"": null, ""observed_min"": -0.7906421103881729, ""observed_max"": 0.27926961919400883, ""attrs"": {}}]","[{""op"": ""assert_value_range"", ""params"": {""artifact"": 0, ""min"": -1, ""max"": 1}}]",,,,,,
SGX3_HELDOUT-FAMILY_physical_range_violation_004,heldout-family,atomic,physical_range_violation,"[{""name"": ""index"", ""quantity"": ""NDVI"", ""unit"": ""dimensionless"", ""scale"": ""continuous"", ""crs"": ""EPSG:32643"", ""resolution_m"": 10.0, ""temporal_resolution_h"": null, ""processing_level"": null, ""surface_model"": null, ""vertical_datum"": null, ""acquisition_time"": null, ""available_time"": null, ""provenance"": ""authoritative-product"", ""band_role"": null, ""nodata_semantics"": null, ""uncertainty"": null, ""allowed_values"": null, ""observed_min"": -0.7361369246711644, ""observed_max"": 0.8926712266202995, ""attrs"": {}}]","[{""op"": ""assert_value_range"", ""params"": {""artifact"": 0, ""min"": -1, ""max"": 1}}]",,,,,,
SGX3_HELDOUT-FAMILY_physical_range_violation_005,heldout-family,adversarial,physical_range_violation,"[{""name"": ""index"", ""quantity"": ""NDVI"", ""unit"": ""dimensionless"", ""scale"": ""continuous"", ""crs"": ""EPSG:32643"", ""resolution_m"": 10.0, ""temporal_resolution_h"": null, ""processing_level"": null, ""surface_model"": null, ""vertical_datum"": null, ""acquisition_time"": null, ""available_time"": null, ""provenance"": ""authoritative-product"", ""band_role"": null, ""nodata_semantics"": null, ""uncertainty"": null, ""allowed_values"": null, ""observed_min"": -0.24733439207796537, ""observed_max"": 0.46855767543154403, ""attrs"": {}}]","[{""op"": ""assert_value_range"", ""params"": {""artifact"": 0, ""min"": -1, ""max"": 1}}]",,,,,,
SGX3_HELDOUT-FAMILY_physical_range_violation_006,heldout-family,adversarial,physical_range_violation,"[{""name"": ""index"", ""quantity"": ""NDVI"", ""unit"": ""dimensionless"", ""scale"": ""continuous"", ""crs"": ""EPSG:32643"", ""resolution_m"": 10.0, ""temporal_resolution_h"": null, ""processing_level"": null, ""surface_model"": null, ""vertical_datum"": null, ""acquisition_time"": null, ""available_time"": null, ""provenance"": ""authoritative-product"", ""band_role"": null, ""nodata_semantics"": null, ""uncertainty"": null, ""allowed_values"": null, ""observed_min"": -0.7675711323813553, ""observed_max"": 0.027454607143779786, ""attrs"": {}}]","[{""op"": ""assert_value_range"", ""params"": {""artifact"": 0, ""min"": -1, ""max"": 1}}]",,,,,,
SGX3_HELDOUT-FAMILY_physical_range_violation_007,heldout-family,atomic,physical_range_violation,"[{""name"": ""index"", ""quantity"": ""NDVI"", ""unit"": ""dimensionless"", ""scale"": ""continuous"", ""crs"": ""EPSG:32643"", ""resolution_m"": 10.0, ""temporal_resolution_h"": null, ""processing_level"": null, ""surface_model"": null, ""vertical_datum"": null, ""acquisition_time"": null, ""available_time"": null, ""provenance"": ""authoritative-product"", ""band_role"": null, ""nodata_semantics"": null, ""uncertainty"": null, ""allowed_values"": null, ""observed_min"": -0.03460813962175069, ""observed_max"": 0.8258539476197895, ""attrs"": {}}]","[{""op"": ""assert_value_range"", ""params"": {""artifact"": 0, ""min"": -1, ""max"": 1}}]",,,,,,
SGX3_HELDOUT-FAMILY_physical_range_violation_008,heldout-family,atomic,physical_range_violation,"[{""name"": ""index"", ""quantity"": ""NDVI"", ""unit"": ""dimensionless"", ""scale"": ""continuous"", ""crs"": ""EPSG:32643"", ""resolution_m"": 10.0, ""temporal_resolution_h"": null, ""processing_level"": null, ""surface_model"": null, ""vertical_datum"": null, ""acquisition_time"": null, ""available_time"": null, ""provenance"": ""authoritative-product"", ""band_role"": null, ""nodata_semantics"": null, ""uncertainty"": null, ""allowed_values"": null, ""observed_min"": -0.4815892061738323, ""observed_max"": 0.17620448451477, ""attrs"": {}}]","[{""op"": ""assert_value_range"", ""params"": {""artifact"": 0, ""min"": -1, ""max"": 1}}]",,,,,,
SGX3_HELDOUT-FAMILY_physical_range_violation_009,heldout-family,atomic,physical_range_violation,"[{""name"": ""index"", ""quantity"": ""NDVI"", ""unit"": ""dimensionless"", ""scale"": ""continuous"", ""crs"": ""EPSG:32643"", ""resolution_m"": 10.0, ""temporal_resolution_h"": null, ""processing_level"": null, ""surface_model"": null, ""vertical_datum"": null, ""acquisition_time"": null, ""available_time"": null, ""provenance"": ""authoritative-product"", ""band_role"": null, ""nodata_semantics"": null, ""uncertainty"": null, ""allowed_values"": null, ""observed_min"": -0.7538676247869512, ""observed_max"": 0.873246829799791, ""attrs"": {}}]","[{""op"": ""assert_value_range"", ""params"": {""artifact"": 0, ""min"": -1, ""max"": 1}}]",,,,,,
SGX3_HELDOUT-FAMILY_physical_range_violation_010,heldout-family,atomic,physical_range_violation,"[{""name"": ""index"", ""quantity"": ""NDVI"", ""unit"": ""dimensionless"", ""scale"": ""continuous"", ""crs"": ""EPSG:32643"", ""resolution_m"": 10.0, ""temporal_resolution_h"": null, ""processing_level"": null, ""surface_model"": null, ""vertical_datum"": null, ""acquisition_time"": null, ""available_time"": null, ""provenance"": ""authoritative-product"", ""band_role"": null, ""nodata_semantics"": null, ""uncertainty"": null, ""allowed_values"": null, ""observed_min"": -0.8227485767917194, ""observed_max"": 0.7593046373274954, ""attrs"": {}}]","[{""op"": ""assert_value_range"", ""params"": {""artifact"": 0, ""min"": -1, ""max"": 1}}]",,,,,,
SGX3_HELDOUT-FAMILY_physical_range_violation_011,heldout-family,compositional,physical_range_violation,"[{""name"": ""index"", ""quantity"": ""NDVI"", ""unit"": ""dimensionless"", ""scale"": ""continuous"", ""crs"": ""EPSG:32643"", ""resolution_m"": 10.0, ""temporal_resolution_h"": null, ""processing_level"": null, ""surface_model"": null, ""vertical_datum"": null, ""acquisition_time"": null, ""available_time"": null, ""provenance"": ""authoritative-product"", ""band_role"": null, ""nodata_semantics"": null, ""uncertainty"": null, ""allowed_values"": null, ""observed_min"": -0.9188000321457525, ""observed_max"": 0.08555890439466807, ""attrs"": {}}]","[{""op"": ""assert_value_range"", ""params"": {""artifact"": 0, ""min"": -1, ""max"": 1}}]",,,,,,
SGX3_HELDOUT-FAMILY_physical_range_violation_012,heldout-family,compositional,physical_range_violation,"[{""name"": ""index"", ""quantity"": ""NDVI"", ""unit"": ""dimensionless"", ""scale"": ""continuous"", ""crs"": ""EPSG:32643"", ""resolution_m"": 10.0, ""temporal_resolution_h"": null, ""processing_level"": null, ""surface_model"": null, ""vertical_datum"": null, ""acquisition_time"": null, ""available_time"": null, ""provenance"": ""authoritative-product"", ""band_role"": null, ""nodata_semantics"": null, ""uncertainty"": null, ""allowed_values"": null, ""observed_min"": -0.6718363055037866, ""observed_max"": 0.6275577515250064, ""attrs"": {}}]","[{""op"": ""assert_value_range"", ""params"": {""artifact"": 0, ""min"": -1, ""max"": 1}}]",,,,,,
SGX3_HELDOUT-FAMILY_physical_range_violation_013,heldout-family,adversarial,physical_range_violation,"[{""name"": ""index"", ""quantity"": ""NDVI"", ""unit"": ""dimensionless"", ""scale"": ""continuous"", ""crs"": ""EPSG:32643"", ""resolution_m"": 10.0, ""temporal_resolution_h"": null, ""processing_level"": null, ""surface_model"": null, ""vertical_datum"": null, ""acquisition_time"": null, ""available_time"": null, ""provenance"": ""authoritative-product"", ""band_role"": null, ""nodata_semantics"": null, ""uncertainty"": null, ""allowed_values"": null, ""observed_min"": -0.36860274517733194, ""observed_max"": 0.7109580910108333, ""attrs"": {}}]","[{""op"": ""assert_value_range"", ""params"": {""artifact"": 0, ""min"": -1, ""max"": 1}}]",,,,,,
SGX3_HELDOUT-FAMILY_physical_range_violation_014,heldout-family,compositional,physical_range_violation,"[{""name"": ""index"", ""quantity"": ""NDVI"", ""unit"": ""dimensionless"", ""scale"": ""continuous"", ""crs"": ""EPSG:32643"", ""resolution_m"": 10.0, ""temporal_resolution_h"": null, ""processing_level"": null, ""surface_model"": null, ""vertical_datum"": null, ""acquisition_time"": null, ""available_time"": null, ""provenance"": ""authoritative-product"", ""band_role"": null, ""nodata_semantics"": null, ""uncertainty"": null, ""allowed_values"": null, ""observed_min"": -0.019345275389477168, ""observed_max"": 0.9527047775393755, ""attrs"": {}}]","[{""op"": ""assert_value_range"", ""params"": {""artifact"": 0, ""min"": -1, ""max"": 1}}]",,,,,,
SGX3_HELDOUT-FAMILY_physical_range_violation_015,heldout-family,compositional,physical_range_violation,"[{""name"": ""index"", ""quantity"": ""NDVI"", ""unit"": ""dimensionless"", ""scale"": ""continuous"", ""crs"": ""EPSG:32643"", ""resolution_m"": 10.0, ""temporal_resolution_h"": null, ""processing_level"": null, ""surface_model"": null, ""vertical_datum"": null, ""acquisition_time"": null, ""available_time"": null, ""provenance"": ""authoritative-product"", ""band_role"": null, ""nodata_semantics"": null, ""uncertainty"": null, ""allowed_values"": null, ""observed_min"": -0.3883724950295345, ""observed_max"": 0.34008735379575983, ""attrs"": {}}]","[{""op"": ""assert_value_range"", ""params"": {""artifact"": 0, ""min"": -1, ""max"": 1}}]",,,,,,
SGX3_HELDOUT-FAMILY_categorical_mean_aggregation_000,heldout-family,compositional,categorical_mean_aggregation,"[{""name"": ""landcover"", ""quantity"": ""land_cover"", ""unit"": null, ""scale"": ""categorical"", ""crs"": ""EPSG:32643"", ""resolution_m"": 10.0, ""temporal_resolution_h"": null, ""processing_level"": null, ""surface_model"": null, ""vertical_datum"": null, ""acquisition_time"": null, ""available_time"": null, ""provenance"": ""authoritative-product"", ""band_role"": null, ""nodata_semantics"": null, ""uncertainty"": null, ""allowed_values"": [10, 20, 30, 40, 50, 60, 70, 80, 90, 95, 100], ""observed_min"": null, ""observed_max"": null, ""attrs"": {}}]","[{""op"": ""aggregate_categorical"", ""params"": {""artifact"": 0, ""method"": ""mean""}}]",,,,,,
SGX3_HELDOUT-FAMILY_categorical_mean_aggregation_001,heldout-family,compositional,categorical_mean_aggregation,"[{""name"": ""landcover"", ""quantity"": ""land_cover"", ""unit"": null, ""scale"": ""categorical"", ""crs"": ""EPSG:32643"", ""resolution_m"": 10.0, ""temporal_resolution_h"": null, ""processing_level"": null, ""surface_model"": null, ""vertical_datum"": null, ""acquisition_time"": null, ""available_time"": null, ""provenance"": ""authoritative-product"", ""band_role"": null, ""nodata_semantics"": null, ""uncertainty"": null, ""allowed_values"": [10, 20, 30, 40, 50, 60, 70, 80, 90, 95, 100], ""observed_min"": null, ""observed_max"": null, ""attrs"": {}}]","[{""op"": ""aggregate_categorical"", ""params"": {""artifact"": 0, ""method"": ""mode""}}]",,,,,,
SGX3_HELDOUT-FAMILY_categorical_mean_aggregation_002,heldout-family,atomic,categorical_mean_aggregation,"[{""name"": ""landcover"", ""quantity"": ""land_cover"", ""unit"": null, ""scale"": ""categorical"", ""crs"": ""EPSG:32643"", ""resolution_m"": 10.0, ""temporal_resolution_h"": null, ""processing_level"": null, ""surface_model"": null, ""vertical_datum"": null, ""acquisition_time"": null, ""available_time"": null, ""provenance"": ""authoritative-product"", ""band_role"": null, ""nodata_semantics"": null, ""uncertainty"": null, ""allowed_values"": [10, 20, 30, 40, 50, 60, 70, 80, 90, 95, 100], ""observed_min"": null, ""observed_max"": null, ""attrs"": {}}]","[{""op"": ""aggregate_categorical"", ""params"": {""artifact"": 0, ""method"": ""median""}}]",,,,,,
SGX3_HELDOUT-FAMILY_temporal_split_overlap_000,heldout-family,adversarial,temporal_split_overlap,"[{""name"": ""records"", ""quantity"": ""time_series"", ""unit"": null, ""scale"": ""continuous"", ""crs"": ""EPSG:32643"", ""resolution_m"": 10.0, ""temporal_resolution_h"": null, ""processing_level"": null, ""surface_model"": null, ""vertical_datum"": null, ""acquisition_time"": null, ""available_time"": null, ""provenance"": ""authoritative-product"", ""band_role"": null, ""nodata_semantics"": null, ""uncertainty"": null, ""allowed_values"": null, ""observed_min"": null, ""observed_max"": null, ""attrs"": {}}]","[{""op"": ""split"", ""params"": {""mode"": ""temporal"", ""train_end"": ""2024-07-07T00:00:00+00:00"", ""test_start"": ""2024-07-01T00:00:00+00:00""}}]",,,,,,
SGX3_HELDOUT-FAMILY_temporal_split_overlap_001,heldout-family,compositional,temporal_split_overlap,"[{""name"": ""records"", ""quantity"": ""time_series"", ""unit"": null, ""scale"": ""continuous"", ""crs"": ""EPSG:32643"", ""resolution_m"": 10.0, ""temporal_resolution_h"": null, ""processing_level"": null, ""surface_model"": null, ""vertical_datum"": null, ""acquisition_time"": null, ""available_time"": null, ""provenance"": ""authoritative-product"", ""band_role"": null, ""nodata_semantics"": null, ""uncertainty"": null, ""allowed_values"": null, ""observed_min"": null, ""observed_max"": null, ""attrs"": {}}]","[{""op"": ""split"", ""params"": {""mode"": ""temporal"", ""train_end"": ""2024-07-05T00:00:00+00:00"", ""test_start"": ""2024-07-01T00:00:00+00:00""}}]",,,,,,
SGX3_HELDOUT-FAMILY_temporal_split_overlap_002,heldout-family,compositional,temporal_split_overlap,"[{""name"": ""records"", ""quantity"": ""time_series"", ""unit"": null, ""scale"": ""continuous"", ""crs"": ""EPSG:32643"", ""resolution_m"": 10.0, ""temporal_resolution_h"": null, ""processing_level"": null, ""surface_model"": null, ""vertical_datum"": null, ""acquisition_time"": null, ""available_time"": null, ""provenance"": ""authoritative-product"", ""band_role"": null, ""nodata_semantics"": null, ""uncertainty"": null, ""allowed_values"": null, ""observed_min"": null, ""observed_max"": null, ""attrs"": {}}]","[{""op"": ""split"", ""params"": {""mode"": ""temporal"", ""train_end"": ""2024-07-01T00:00:00+00:00"", ""test_start"": ""2024-07-01T00:00:00+00:00""}}]",,,,,,
SGX3_HELDOUT-FAMILY_temporal_split_overlap_003,heldout-family,compositional,temporal_split_overlap,"[{""name"": ""records"", ""quantity"": ""time_series"", ""unit"": null, ""scale"": ""continuous"", ""crs"": ""EPSG:32643"", ""resolution_m"": 10.0, ""temporal_resolution_h"": null, ""processing_level"": null, ""surface_model"": null, ""vertical_datum"": null, ""acquisition_time"": null, ""available_time"": null, ""provenance"": ""authoritative-product"", ""band_role"": null, ""nodata_semantics"": null, ""uncertainty"": null, ""allowed_values"": null, ""observed_min"": null, ""observed_max"": null, ""attrs"": {}}]","[{""op"": ""split"", ""params"": {""mode"": ""temporal"", ""train_end"": ""2024-07-03T00:00:00+00:00"", ""test_start"": ""2024-07-01T00:00:00+00:00""}}]",,,,,,
SGX3_HELDOUT-FAMILY_temporal_split_overlap_004,heldout-family,adversarial,temporal_split_overlap,"[{""name"": ""records"", ""quantity"": ""time_series"", ""unit"": null, ""scale"": ""continuous"", ""crs"": ""EPSG:32643"", ""resolution_m"": 10.0, ""temporal_resolution_h"": null, ""processing_level"": null, ""surface_model"": null, ""vertical_datum"": null, ""acquisition_time"": null, ""available_time"": null, ""provenance"": ""authoritative-product"", ""band_role"": null, ""nodata_semantics"": null, ""uncertainty"": null, ""allowed_values"": null, ""observed_min"": null, ""observed_max"": null, ""attrs"": {}}]","[{""op"": ""split"", ""params"": {""mode"": ""temporal"", ""train_end"": ""2024-07-11T00:00:00+00:00"", ""test_start"": ""2024-07-01T00:00:00+00:00""}}]",,,,,,
SGX3_HELDOUT-FAMILY_temporal_split_overlap_005,heldout-family,atomic,temporal_split_overlap,"[{""name"": ""records"", ""quantity"": ""time_series"", ""unit"": null, ""scale"": ""continuous"", ""crs"": ""EPSG:32643"", ""resolution_m"": 10.0, ""temporal_resolution_h"": null, ""processing_level"": null, ""surface_model"": null, ""vertical_datum"": null, ""acquisition_time"": null, ""available_time"": null, ""provenance"": ""authoritative-product"", ""band_role"": null, ""nodata_semantics"": null, ""uncertainty"": null, ""allowed_values"": null, ""observed_min"": null, ""observed_max"": null, ""attrs"": {}}]","[{""op"": ""split"", ""params"": {""mode"": ""temporal"", ""train_end"": ""2024-06-01T00:00:00+00:00"", ""test_start"": ""2024-07-01T00:00:00+00:00""}}]",,,,,,
SGX3_HELDOUT-FAMILY_temporal_split_overlap_006,heldout-family,compositional,temporal_split_overlap,"[{""name"": ""records"", ""quantity"": ""time_series"", ""unit"": null, ""scale"": ""continuous"", ""crs"": ""EPSG:32643"", ""resolution_m"": 10.0, ""temporal_resolution_h"": null, ""processing_level"": null, ""surface_model"": null, ""vertical_datum"": null, ""acquisition_time"": null, ""available_time"": null, ""provenance"": ""authoritative-product"", ""band_role"": null, ""nodata_semantics"": null, ""uncertainty"": null, ""allowed_values"": null, ""observed_min"": null, ""observed_max"": null, ""attrs"": {}}]","[{""op"": ""split"", ""params"": {""mode"": ""temporal"", ""train_end"": ""2024-06-13T00:00:00+00:00"", ""test_start"": ""2024-07-01T00:00:00+00:00""}}]",,,,,,
SGX3_HELDOUT-FAMILY_temporal_split_overlap_007,heldout-family,atomic,temporal_split_overlap,"[{""name"": ""records"", ""quantity"": ""time_series"", ""unit"": null, ""scale"": ""continuous"", ""crs"": ""EPSG:32643"", ""resolution_m"": 10.0, ""temporal_resolution_h"": null, ""processing_level"": null, ""surface_model"": null, ""vertical_datum"": null, ""acquisition_time"": null, ""available_time"": null, ""provenance"": ""authoritative-product"", ""band_role"": null, ""nodata_semantics"": null, ""uncertainty"": null, ""allowed_values"": null, ""observed_min"": null, ""observed_max"": null, ""attrs"": {}}]","[{""op"": ""split"", ""params"": {""mode"": ""temporal"", ""train_end"": ""2024-06-07T00:00:00+00:00"", ""test_start"": ""2024-07-01T00:00:00+00:00""}}]",,,,,,
SGX3_HELDOUT-FAMILY_temporal_split_overlap_008,heldout-family,adversarial,temporal_split_overlap,"[{""name"": ""records"", ""quantity"": ""time_series"", ""unit"": null, ""scale"": ""continuous"", ""crs"": ""EPSG:32643"", ""resolution_m"": 10.0, ""temporal_resolution_h"": null, ""processing_level"": null, ""surface_model"": null, ""vertical_datum"": null, ""acquisition_time"": null, ""available_time"": null, ""provenance"": ""authoritative-product"", ""band_role"": null, ""nodata_semantics"": null, ""uncertainty"": null, ""allowed_values"": null, ""observed_min"": null, ""observed_max"": null, ""attrs"": {}}]","[{""op"": ""split"", ""params"": {""mode"": ""temporal"", ""train_end"": ""2024-06-27T00:00:00+00:00"", ""test_start"": ""2024-07-01T00:00:00+00:00""}}]",,,,,,
SGX3_HELDOUT-FAMILY_temporal_split_overlap_009,heldout-family,atomic,temporal_split_overlap,"[{""name"": ""records"", ""quantity"": ""time_series"", ""unit"": null, ""scale"": ""continuous"", ""crs"": ""EPSG:32643"", ""resolution_m"": 10.0, ""temporal_resolution_h"": null, ""processing_level"": null, ""surface_model"": null, ""vertical_datum"": null, ""acquisition_time"": null, ""available_time"": null, ""provenance"": ""authoritative-product"", ""band_role"": null, ""nodata_semantics"": null, ""uncertainty"": null, ""allowed_values"": null, ""observed_min"": null, ""observed_max"": null, ""attrs"": {}}]","[{""op"": ""split"", ""params"": {""mode"": ""temporal"", ""train_end"": ""2024-06-10T00:00:00+00:00"", ""test_start"": ""2024-07-01T00:00:00+00:00""}}]",,,,,,
SGX3_HELDOUT-FAMILY_temporal_split_overlap_010,heldout-family,adversarial,temporal_split_overlap,"[{""name"": ""records"", ""quantity"": ""time_series"", ""unit"": null, ""scale"": ""continuous"", ""crs"": ""EPSG:32643"", ""resolution_m"": 10.0, ""temporal_resolution_h"": null, ""processing_level"": null, ""surface_model"": null, ""vertical_datum"": null, ""acquisition_time"": null, ""available_time"": null, ""provenance"": ""authoritative-product"", ""band_role"": null, ""nodata_semantics"": null, ""uncertainty"": null, ""allowed_values"": null, ""observed_min"": null, ""observed_max"": null, ""attrs"": {}}]","[{""op"": ""split"", ""params"": {""mode"": ""temporal"", ""train_end"": ""2024-06-17T00:00:00+00:00"", ""test_start"": ""2024-07-01T00:00:00+00:00""}}]",,,,,,
SGX3_HELDOUT-FAMILY_temporal_split_overlap_011,heldout-family,adversarial,temporal_split_overlap,"[{""name"": ""records"", ""quantity"": ""time_series"", ""unit"": null, ""scale"": ""continuous"", ""crs"": ""EPSG:32643"", ""resolution_m"": 10.0, ""temporal_resolution_h"": null, ""processing_level"": null, ""surface_model"": null, ""vertical_datum"": null, ""acquisition_time"": null, ""available_time"": null, ""provenance"": ""authoritative-product"", ""band_role"": null, ""nodata_semantics"": null, ""uncertainty"": null, ""allowed_values"": null, ""observed_min"": null, ""observed_max"": null, ""attrs"": {}}]","[{""op"": ""split"", ""params"": {""mode"": ""temporal"", ""train_end"": ""2024-06-11T00:00:00+00:00"", ""test_start"": ""2024-07-01T00:00:00+00:00""}}]",,,,,,
SGX3_HELDOUT-FAMILY_temporal_split_overlap_012,heldout-family,atomic,temporal_split_overlap,"[{""name"": ""records"", ""quantity"": ""time_series"", ""unit"": null, ""scale"": ""continuous"", ""crs"": ""EPSG:32643"", ""resolution_m"": 10.0, ""temporal_resolution_h"": null, ""processing_level"": null, ""surface_model"": null, ""vertical_datum"": null, ""acquisition_time"": null, ""available_time"": null, ""provenance"": ""authoritative-product"", ""band_role"": null, ""nodata_semantics"": null, ""uncertainty"": null, ""allowed_values"": null, ""observed_min"": null, ""observed_max"": null, ""attrs"": {}}]","[{""op"": ""split"", ""params"": {""mode"": ""temporal"", ""train_end"": ""2024-06-06T00:00:00+00:00"", ""test_start"": ""2024-07-01T00:00:00+00:00""}}]",,,,,,
SGX3_HELDOUT-FAMILY_temporal_split_overlap_013,heldout-family,atomic,temporal_split_overlap,"[{""name"": ""records"", ""quantity"": ""time_series"", ""unit"": null, ""scale"": ""continuous"", ""crs"": ""EPSG:32643"", ""resolution_m"": 10.0, ""temporal_resolution_h"": null, ""processing_level"": null, ""surface_model"": null, ""vertical_datum"": null, ""acquisition_time"": null, ""available_time"": null, ""provenance"": ""authoritative-product"", ""band_role"": null, ""nodata_semantics"": null, ""uncertainty"": null, ""allowed_values"": null, ""observed_min"": null, ""observed_max"": null, ""attrs"": {}}]","[{""op"": ""split"", ""params"": {""mode"": ""temporal"", ""train_end"": ""2024-07-04T00:00:00+00:00"", ""test_start"": ""2024-07-01T00:00:00+00:00""}}]",,,,,,
SGX3_HELDOUT-FAMILY_temporal_split_overlap_014,heldout-family,compositional,temporal_split_overlap,"[{""name"": ""records"", ""quantity"": ""time_series"", ""unit"": null, ""scale"": ""continuous"", ""crs"": ""EPSG:32643"", ""resolution_m"": 10.0, ""temporal_resolution_h"": null, ""processing_level"": null, ""surface_model"": null, ""vertical_datum"": null, ""acquisition_time"": null, ""available_time"": null, ""provenance"": ""authoritative-product"", ""band_role"": null, ""nodata_semantics"": null, ""uncertainty"": null, ""allowed_values"": null, ""observed_min"": null, ""observed_max"": null, ""attrs"": {}}]","[{""op"": ""split"", ""params"": {""mode"": ""temporal"", ""train_end"": ""2024-07-09T00:00:00+00:00"", ""test_start"": ""2024-07-01T00:00:00+00:00""}}]",,,,,,
SGX3_HELDOUT-FAMILY_temporal_split_overlap_015,heldout-family,compositional,temporal_split_overlap,"[{""name"": ""records"", ""quantity"": ""time_series"", ""unit"": null, ""scale"": ""continuous"", ""crs"": ""EPSG:32643"", ""resolution_m"": 10.0, ""temporal_resolution_h"": null, ""processing_level"": null, ""surface_model"": null, ""vertical_datum"": null, ""acquisition_time"": null, ""available_time"": null, ""provenance"": ""authoritative-product"", ""band_role"": null, ""nodata_semantics"": null, ""uncertainty"": null, ""allowed_values"": null, ""observed_min"": null, ""observed_max"": null, ""attrs"": {}}]","[{""op"": ""split"", ""params"": {""mode"": ""temporal"", ""train_end"": ""2024-06-24T00:00:00+00:00"", ""test_start"": ""2024-07-01T00:00:00+00:00""}}]",,,,,,
SGX3_HELDOUT-FAMILY_scene_overlap_leakage_000,heldout-family,adversarial,scene_overlap_leakage,"[{""name"": ""chips"", ""quantity"": ""image_samples"", ""unit"": null, ""scale"": ""continuous"", ""crs"": ""EPSG:32643"", ""resolution_m"": 10.0, ""temporal_resolution_h"": null, ""processing_level"": null, ""surface_model"": null, ""vertical_datum"": null, ""acquisition_time"": null, ""available_time"": null, ""provenance"": ""authoritative-product"", ""band_role"": null, ""nodata_semantics"": null, ""uncertainty"": null, ""allowed_values"": null, ""observed_min"": null, ""observed_max"": null, ""attrs"": {}}]","[{""op"": ""split"", ""params"": {""mode"": ""scene"", ""scene_overlap_fraction"": 0.302}}]",,,,,,
SGX3_HELDOUT-FAMILY_scene_overlap_leakage_001,heldout-family,compositional,scene_overlap_leakage,"[{""name"": ""chips"", ""quantity"": ""image_samples"", ""unit"": null, ""scale"": ""continuous"", ""crs"": ""EPSG:32643"", ""resolution_m"": 10.0, ""temporal_resolution_h"": null, ""processing_level"": null, ""surface_model"": null, ""vertical_datum"": null, ""acquisition_time"": null, ""available_time"": null, ""provenance"": ""authoritative-product"", ""band_role"": null, ""nodata_semantics"": null, ""uncertainty"": null, ""allowed_values"": null, ""observed_min"": null, ""observed_max"": null, ""attrs"": {}}]","[{""op"": ""split"", ""params"": {""mode"": ""scene"", ""scene_overlap_fraction"": 0.0}}]",,,,,,
SGX3_HELDOUT-FAMILY_scene_overlap_leakage_002,heldout-family,adversarial,scene_overlap_leakage,"[{""name"": ""chips"", ""quantity"": ""image_samples"", ""unit"": null, ""scale"": ""continuous"", ""crs"": ""EPSG:32643"", ""resolution_m"": 10.0, ""temporal_resolution_h"": null, ""processing_level"": null, ""surface_model"": null, ""vertical_datum"": null, ""acquisition_time"": null, ""available_time"": null, ""provenance"": ""authoritative-product"", ""band_role"": null, ""nodata_semantics"": null, ""uncertainty"": null, ""allowed_values"": null, ""observed_min"": null, ""observed_max"": null, ""attrs"": {}}]","[{""op"": ""split"", ""params"": {""mode"": ""scene"", ""scene_overlap_fraction"": 0.54}}]",,,,,,
SGX3_HELDOUT-FAMILY_scene_overlap_leakage_003,heldout-family,compositional,scene_overlap_leakage,"[{""name"": ""chips"", ""quantity"": ""image_samples"", ""unit"": null, ""scale"": ""continuous"", ""crs"": ""EPSG:32643"", ""resolution_m"": 10.0, ""temporal_resolution_h"": null, ""processing_level"": null, ""surface_model"": null, ""vertical_datum"": null, ""acquisition_time"": null, ""available_time"": null, ""provenance"": ""authoritative-product"", ""band_role"": null, ""nodata_semantics"": null, ""uncertainty"": null, ""allowed_values"": null, ""observed_min"": null, ""observed_max"": null, ""attrs"": {}}]","[{""op"": ""split"", ""params"": {""mode"": ""scene"", ""scene_overlap_fraction"": 0.611}}]",,,,,,
SGX3_HELDOUT-FAMILY_scene_overlap_leakage_004,heldout-family,compositional,scene_overlap_leakage,"[{""name"": ""chips"", ""quantity"": ""image_samples"", ""unit"": null, ""scale"": ""continuous"", ""crs"": ""EPSG:32643"", ""resolution_m"": 10.0, ""temporal_resolution_h"": null, ""processing_level"": null, ""surface_model"": null, ""vertical_datum"": null, ""acquisition_time"": null, ""available_time"": null, ""provenance"": ""authoritative-product"", ""band_role"": null, ""nodata_semantics"": null, ""uncertainty"": null, ""allowed_values"": null, ""observed_min"": null, ""observed_max"": null, ""attrs"": {}}]","[{""op"": ""split"", ""params"": {""mode"": ""scene"", ""scene_overlap_fraction"": 0.404}}]",,,,,,
SGX3_HELDOUT-FAMILY_scene_overlap_leakage_005,heldout-family,compositional,scene_overlap_leakage,"[{""name"": ""chips"", ""quantity"": ""image_samples"", ""unit"": null, ""scale"": ""continuous"", ""crs"": ""EPSG:32643"", ""resolution_m"": 10.0, ""temporal_resolution_h"": null, ""processing_level"": null, ""surface_model"": null, ""vertical_datum"": null, ""acquisition_time"": null, ""available_time"": null, ""provenance"": ""authoritative-product"", ""band_role"": null, ""nodata_semantics"": null, ""uncertainty"": null, ""allowed_values"": null, ""observed_min"": null, ""observed_max"": null, ""attrs"": {}}]","[{""op"": ""split"", ""params"": {""mode"": ""scene"", ""scene_overlap_fraction"": 0.594}}]",,,,,,
SGX3_HELDOUT-FAMILY_scene_overlap_leakage_006,heldout-family,atomic,scene_overlap_leakage,"[{""name"": ""chips"", ""quantity"": ""image_samples"", ""unit"": null, ""scale"": ""continuous"", ""crs"": ""EPSG:32643"", ""resolution_m"": 10.0, ""temporal_resolution_h"": null, ""processing_level"": null, ""surface_model"": null, ""vertical_datum"": null, ""acquisition_time"": null, ""available_time"": null, ""provenance"": ""authoritative-product"", ""band_role"": null, ""nodata_semantics"": null, ""uncertainty"": null, ""allowed_values"": null, ""observed_min"": null, ""observed_max"": null, ""attrs"": {}}]","[{""op"": ""split"", ""params"": {""mode"": ""scene"", ""scene_overlap_fraction"": 0.396}}]",,,,,,
SGX3_HELDOUT-FAMILY_scene_overlap_leakage_007,heldout-family,atomic,scene_overlap_leakage,"[{""name"": ""chips"", ""quantity"": ""image_samples"", ""unit"": null, ""scale"": ""continuous"", ""crs"": ""EPSG:32643"", ""resolution_m"": 10.0, ""temporal_resolution_h"": null, ""processing_level"": null, ""surface_model"": null, ""vertical_datum"": null, ""acquisition_time"": null, ""available_time"": null, ""provenance"": ""authoritative-product"", ""band_role"": null, ""nodata_semantics"": null, ""uncertainty"": null, ""allowed_values"": null, ""observed_min"": null, ""observed_max"": null, ""attrs"": {}}]","[{""op"": ""split"", ""params"": {""mode"": ""scene"", ""scene_overlap_fraction"": 0.75}}]",,,,,,
SGX3_HELDOUT-FAMILY_scene_overlap_leakage_008,heldout-family,compositional,scene_overlap_leakage,"[{""name"": ""chips"", ""quantity"": ""image_samples"", ""unit"": null, ""scale"": ""continuous"", ""crs"": ""EPSG:32643"", ""resolution_m"": 10.0, ""temporal_resolution_h"": null, ""processing_level"": null, ""surface_model"": null, ""vertical_datum"": null, ""acquisition_time"": null, ""available_time"": null, ""provenance"": ""authoritative-product"", ""band_role"": null, ""nodata_semantics"": null, ""uncertainty"": null, ""allowed_values"": null, ""observed_min"": null, ""observed_max"": null, ""attrs"": {}}]","[{""op"": ""split"", ""params"": {""mode"": ""scene"", ""scene_overlap_fraction"": 0.132}}]",,,,,,
SGX3_HELDOUT-FAMILY_scene_overlap_leakage_009,heldout-family,adversarial,scene_overlap_leakage,"[{""name"": ""chips"", ""quantity"": ""image_samples"", ""unit"": null, ""scale"": ""continuous"", ""crs"": ""EPSG:32643"", ""resolution_m"": 10.0, ""temporal_resolution_h"": null, ""processing_level"": null, ""surface_model"": null, ""vertical_datum"": null, ""acquisition_time"": null, ""available_time"": null, ""provenance"": ""authoritative-product"", ""band_role"": null, ""nodata_semantics"": null, ""uncertainty"": null, ""allowed_values"": null, ""observed_min"": null, ""observed_max"": null, ""attrs"": {}}]","[{""op"": ""split"", ""params"": {""mode"": ""scene"", ""scene_overlap_fraction"": 0.039}}]",,,,,,
SGX3_HELDOUT-FAMILY_scene_overlap_leakage_010,heldout-family,adversarial,scene_overlap_leakage,"[{""name"": ""chips"", ""quantity"": ""image_samples"", ""unit"": null, ""scale"": ""continuous"", ""crs"": ""EPSG:32643"", ""resolution_m"": 10.0, ""temporal_resolution_h"": null, ""processing_level"": null, ""surface_model"": null, ""vertical_datum"": null, ""acquisition_time"": null, ""available_time"": null, ""provenance"": ""authoritative-product"", ""band_role"": null, ""nodata_semantics"": null, ""uncertainty"": null, ""allowed_values"": null, ""observed_min"": null, ""observed_max"": null, ""attrs"": {}}]","[{""op"": ""split"", ""params"": {""mode"": ""scene"", ""scene_overlap_fraction"": 0.259}}]",,,,,,
SGX3_HELDOUT-FAMILY_scene_overlap_leakage_011,heldout-family,adversarial,scene_overlap_leakage,"[{""name"": ""chips"", ""quantity"": ""image_samples"", ""unit"": null, ""scale"": ""continuous"", ""crs"": ""EPSG:32643"", ""resolution_m"": 10.0, ""temporal_resolution_h"": null, ""processing_level"": null, ""surface_model"": null, ""vertical_datum"": null, ""acquisition_time"": null, ""available_time"": null, ""provenance"": ""authoritative-product"", ""band_role"": null, ""nodata_semantics"": null, ""uncertainty"": null, ""allowed_values"": null, ""observed_min"": null, ""observed_max"": null, ""attrs"": {}}]","[{""op"": ""split"", ""params"": {""mode"": ""scene"", ""scene_overlap_fraction"": 0.316}}]",,,,,,
SGX3_HELDOUT-FAMILY_scene_overlap_leakage_012,heldout-family,compositional,scene_overlap_leakage,"[{""name"": ""chips"", ""quantity"": ""image_samples"", ""unit"": null, ""scale"": ""continuous"", ""crs"": ""EPSG:32643"", ""resolution_m"": 10.0, ""temporal_resolution_h"": null, ""processing_level"": null, ""surface_model"": null, ""vertical_datum"": null, ""acquisition_time"": null, ""available_time"": null, ""provenance"": ""authoritative-product"", ""band_role"": null, ""nodata_semantics"": null, ""uncertainty"": null, ""allowed_values"": null, ""observed_min"": null, ""observed_max"": null, ""attrs"": {}}]","[{""op"": ""split"", ""params"": {""mode"": ""scene"", ""scene_overlap_fraction"": 0.087}}]",,,,,,
SGX3_HELDOUT-FAMILY_scene_overlap_leakage_013,heldout-family,atomic,scene_overlap_leakage,"[{""name"": ""chips"", ""quantity"": ""image_samples"", ""unit"": null, ""scale"": ""continuous"", ""crs"": ""EPSG:32643"", ""resolution_m"": 10.0, ""temporal_resolution_h"": null, ""processing_level"": null, ""surface_model"": null, ""vertical_datum"": null, ""acquisition_time"": null, ""available_time"": null, ""provenance"": ""authoritative-product"", ""band_role"": null, ""nodata_semantics"": null, ""uncertainty"": null, ""allowed_values"": null, ""observed_min"": null, ""observed_max"": null, ""attrs"": {}}]","[{""op"": ""split"", ""params"": {""mode"": ""scene"", ""scene_overlap_fraction"": 0.031}}]",,,,,,
SGX3_HELDOUT-FAMILY_scene_overlap_leakage_014,heldout-family,adversarial,scene_overlap_leakage,"[{""name"": ""chips"", ""quantity"": ""image_samples"", ""unit"": null, ""scale"": ""continuous"", ""crs"": ""EPSG:32643"", ""resolution_m"": 10.0, ""temporal_resolution_h"": null, ""processing_level"": null, ""surface_model"": null, ""vertical_datum"": null, ""acquisition_time"": null, ""available_time"": null, ""provenance"": ""authoritative-product"", ""band_role"": null, ""nodata_semantics"": null, ""uncertainty"": null, ""allowed_values"": null, ""observed_min"": null, ""observed_max"": null, ""attrs"": {}}]","[{""op"": ""split"", ""params"": {""mode"": ""scene"", ""scene_overlap_fraction"": 0.686}}]",,,,,,
SGX3_HELDOUT-FAMILY_scene_overlap_leakage_015,heldout-family,atomic,scene_overlap_leakage,"[{""name"": ""chips"", ""quantity"": ""image_samples"", ""unit"": null, ""scale"": ""continuous"", ""crs"": ""EPSG:32643"", ""resolution_m"": 10.0, ""temporal_resolution_h"": null, ""processing_level"": null, ""surface_model"": null, ""vertical_datum"": null, ""acquisition_time"": null, ""available_time"": null, ""provenance"": ""authoritative-product"", ""band_role"": null, ""nodata_semantics"": null, ""uncertainty"": null, ""allowed_values"": null, ""observed_min"": null, ""observed_max"": null, ""attrs"": {}}]","[{""op"": ""split"", ""params"": {""mode"": ""scene"", ""scene_overlap_fraction"": 0.192}}]",,,,,,
SGX3_HELDOUT-FAMILY_quality_metadata_loss_000,heldout-family,adversarial,quality_metadata_loss,"[{""name"": ""reflectance"", ""quantity"": ""surface_reflectance"", ""unit"": null, ""scale"": ""continuous"", ""crs"": ""EPSG:32643"", ""resolution_m"": 10.0, ""temporal_resolution_h"": null, ""processing_level"": null, ""surface_model"": null, ""vertical_datum"": null, ""acquisition_time"": null, ""available_time"": null, ""provenance"": ""authoritative-product"", ""band_role"": null, ""nodata_semantics"": null, ""uncertainty"": null, ""allowed_values"": null, ""observed_min"": null, ""observed_max"": null, ""attrs"": {""quality_layer"": ""SCL""}}]","[{""op"": ""drop_quality_metadata"", ""params"": {""artifact"": 0, ""required_downstream"": true}}]",,,,,,
SGX3_HELDOUT-FAMILY_quality_metadata_loss_001,heldout-family,compositional,quality_metadata_loss,"[{""name"": ""reflectance"", ""quantity"": ""surface_reflectance"", ""unit"": null, ""scale"": ""continuous"", ""crs"": ""EPSG:32643"", ""resolution_m"": 10.0, ""temporal_resolution_h"": null, ""processing_level"": null, ""surface_model"": null, ""vertical_datum"": null, ""acquisition_time"": null, ""available_time"": null, ""provenance"": ""authoritative-product"", ""band_role"": null, ""nodata_semantics"": null, ""uncertainty"": null, ""allowed_values"": null, ""observed_min"": null, ""observed_max"": null, ""attrs"": {""quality_layer"": ""SCL""}}]","[{""op"": ""drop_quality_metadata"", ""params"": {""artifact"": 0, ""required_downstream"": false}}]",,,,,,
SGX3_BLIND_flood_remote_sensing_000,blind-composition,blind,flood_remote_sensing,"[{""name"": ""flood-mask-30"", ""quantity"": ""flood_extent"", ""unit"": null, ""scale"": ""binary"", ""crs"": ""EPSG:4326"", ""resolution_m"": 30, ""temporal_resolution_h"": null, ""processing_level"": null, ""surface_model"": null, ""vertical_datum"": null, ""acquisition_time"": null, ""available_time"": null, ""provenance"": ""authoritative-product"", ""band_role"": null, ""nodata_semantics"": null, ""uncertainty"": null, ""allowed_values"": null, ""observed_min"": null, ""observed_max"": null, ""attrs"": {""cloud_mask_applied"": true}}, {""name"": ""S1"", ""quantity"": ""backscatter"", ""unit"": null, ""scale"": ""continuous"", ""crs"": ""EPSG:32643"", ""resolution_m"": 10, ""temporal_resolution_h"": null, ""processing_level"": null, ""surface_model"": null, ""vertical_datum"": null, ""acquisition_time"": ""2024-07-05T10:00:00+00:00"", ""available_time"": null, ""provenance"": ""authoritative-product"", ""band_role"": null, ""nodata_semantics"": null, ""uncertainty"": null, ""allowed_values"": null, ""observed_min"": null, ""observed_max"": null, ""attrs"": {}}, {""name"": ""S2"", ""quantity"": ""reflectance"", ""unit"": null, ""scale"": ""continuous"", ""crs"": ""EPSG:32643"", ""resolution_m"": 10, ""temporal_resolution_h"": null, ""processing_level"": null, ""surface_model"": null, ""vertical_datum"": null, ""acquisition_time"": ""2024-07-05T16:00:00+00:00"", ""available_time"": null, ""provenance"": ""authoritative-product"", ""band_role"": null, ""nodata_semantics"": null, ""uncertainty"": null, ""allowed_values"": null, ""observed_min"": null, ""observed_max"": null, ""attrs"": {}}]","[{""op"": ""require_cloud_mask"", ""params"": {""artifact"": 0}}, {""op"": ""compare_sensors"", ""params"": {""a"": 1, ""b"": 2, ""tolerance_h"": 6}}, {""op"": ""area"", ""params"": {""artifact"": 0, ""method"": ""planar"", ""output_unit"": ""km2""}}]",,,,,,
SGX3_BLIND_flood_remote_sensing_001,blind-composition,blind,flood_remote_sensing,"[{""name"": ""flood-mask-20"", ""quantity"": ""flood_extent"", ""unit"": null, ""scale"": ""binary"", ""crs"": ""EPSG:6933"", ""resolution_m"": 20, ""temporal_resolution_h"": null, ""processing_level"": null, ""surface_model"": null, ""vertical_datum"": null, ""acquisition_time"": null, ""available_time"": null, ""provenance"": ""authoritative-product"", ""band_role"": null, ""nodata_semantics"": null, ""uncertainty"": null, ""allowed_values"": null, ""observed_min"": null, ""observed_max"": null, ""attrs"": {""cloud_mask_applied"": true}}, {""name"": ""S1"", ""quantity"": ""backscatter"", ""unit"": null, ""scale"": ""continuous"", ""crs"": ""EPSG:32643"", ""resolution_m"": 10, ""temporal_resolution_h"": null, ""processing_level"": null, ""surface_model"": null, ""vertical_datum"": null, ""acquisition_time"": ""2024-07-05T10:00:00+00:00"", ""available_time"": null, ""provenance"": ""authoritative-product"", ""band_role"": null, ""nodata_semantics"": null, ""uncertainty"": null, ""allowed_values"": null, ""observed_min"": null, ""observed_max"": null, ""attrs"": {}}, {""name"": ""S2"", ""quantity"": ""reflectance"", ""unit"": null, ""scale"": ""continuous"", ""crs"": ""EPSG:32643"", ""resolution_m"": 10, ""temporal_resolution_h"": null, ""processing_level"": null, ""surface_model"": null, ""vertical_datum"": null, ""acquisition_time"": ""2024-07-06T10:00:00+00:00"", ""available_time"": null, ""provenance"": ""authoritative-product"", ""band_role"": null, ""nodata_semantics"": null, ""uncertainty"": null, ""allowed_values"": null, ""observed_min"": null, ""observed_max"": null, ""attrs"": {}}]","[{""op"": ""require_cloud_mask"", ""params"": {""artifact"": 0}}, {""op"": ""compare_sensors"", ""params"": {""a"": 1, ""b"": 2, ""tolerance_h"": 12}}, {""op"": ""area"", ""params"": {""artifact"": 0, ""method"": ""geodesic"", ""output_unit"": ""km2""}}]",,,,,,
SGX3_BLIND_flood_remote_sensing_002,blind-composition,blind,flood_remote_sensing,"[{""name"": ""flood-mask-20"", ""quantity"": ""flood_extent"", ""unit"": null, ""scale"": ""binary"", ""crs"": ""EPSG:4326"", ""resolution_m"": 20, ""temporal_resolution_h"": null, ""processing_level"": null, ""surface_model"": null, ""vertical_datum"": null, ""acquisition_time"": null, ""available_time"": null, ""provenance"": ""authoritative-product"", ""band_role"": null, ""nodata_semantics"": null, ""uncertainty"": null, ""allowed_values"": null, ""observed_min"": null, ""observed_max"": null, ""attrs"": {""cloud_mask_applied"": false}}, {""name"": ""S1"", ""quantity"": ""backscatter"", ""unit"": null, ""scale"": ""continuous"", ""crs"": ""EPSG:32643"", ""resolution_m"": 10, ""temporal_resolution_h"": null, ""processing_level"": null, ""surface_model"": null, ""vertical_datum"": null, ""acquisition_time"": ""2024-07-05T10:00:00+00:00"", ""available_time"": null, ""provenance"": ""authoritative-product"", ""band_role"": null, ""nodata_semantics"": null, ""uncertainty"": null, ""allowed_values"": null, ""observed_min"": null, ""observed_max"": null, ""attrs"": {}}, {""name"": ""S2"", ""quantity"": ""reflectance"", ""unit"": null, ""scale"": ""continuous"", ""crs"": ""EPSG:32643"", ""resolution_m"": 10, ""temporal_resolution_h"": null, ""processing_level"": null, ""surface_model"": null, ""vertical_datum"": null, ""acquisition_time"": ""2024-07-06T10:00:00+00:00"", ""available_time"": null, ""provenance"": ""authoritative-product"", ""band_role"": null, ""nodata_semantics"": null, ""uncertainty"": null, ""allowed_values"": null, ""observed_min"": null, ""observed_max"": null, ""attrs"": {}}]","[{""op"": ""require_cloud_mask"", ""params"": {""artifact"": 0}}, {""op"": ""compare_sensors"", ""params"": {""a"": 1, ""b"": 2, ""tolerance_h"": 24}}, {""op"": ""area"", ""params"": {""artifact"": 0, ""method"": ""planar"", ""output_unit"": ""km2""}}]",,,,,,
SGX3_BLIND_flood_remote_sensing_003,blind-composition,blind,flood_remote_sensing,"[{""name"": ""flood-mask-30"", ""quantity"": ""flood_extent"", ""unit"": null, ""scale"": ""binary"", ""crs"": ""EPSG:4326"", ""resolution_m"": 30, ""temporal_resolution_h"": null, ""processing_level"": null, ""surface_model"": null, ""vertical_datum"": null, ""acquisition_time"": null, ""available_time"": null, ""provenance"": ""authoritative-product"", ""band_role"": null, ""nodata_semantics"": null, ""uncertainty"": null, ""allowed_values"": null, ""observed_min"": null, ""observed_max"": null, ""attrs"": {""cloud_mask_applied"": true}}, {""name"": ""S1"", ""quantity"": ""backscatter"", ""unit"": null, ""scale"": ""continuous"", ""crs"": ""EPSG:32643"", ""resolution_m"": 10, ""temporal_resolution_h"": null, ""processing_level"": null, ""surface_model"": null, ""vertical_datum"": null, ""acquisition_time"": ""2024-07-01T10:00:00+00:00"", ""available_time"": null, ""provenance"": ""authoritative-product"", ""band_role"": null, ""nodata_semantics"": null, ""uncertainty"": null, ""allowed_values"": null, ""observed_min"": null, ""observed_max"": null, ""attrs"": {}}, {""name"": ""S2"", ""quantity"": ""reflectance"", ""unit"": null, ""scale"": ""continuous"", ""crs"": ""EPSG:32643"", ""resolution_m"": 10, ""temporal_resolution_h"": null, ""processing_level"": null, ""surface_model"": null, ""vertical_datum"": null, ""acquisition_time"": ""2024-07-01T10:00:00+00:00"", ""available_time"": null, ""provenance"": ""authoritative-product"", ""band_role"": null, ""nodata_semantics"": null, ""uncertainty"": null, ""allowed_values"": null, ""observed_min"": null, ""observed_max"": null, ""attrs"": {}}]","[{""op"": ""require_cloud_mask"", ""params"": {""artifact"": 0}}, {""op"": ""compare_sensors"", ""params"": {""a"": 1, ""b"": 2, ""tolerance_h"": 12}}, {""op"": ""area"", ""params"": {""artifact"": 0, ""method"": ""planar"", ""output_unit"": ""km2""}}]",,,,,,
SGX3_BLIND_flood_remote_sensing_004,blind-composition,blind,flood_remote_sensing,"[{""name"": ""flood-mask-30"", ""quantity"": ""flood_extent"", ""unit"": null, ""scale"": ""binary"", ""crs"": ""EPSG:32643"", ""resolution_m"": 30, ""temporal_resolution_h"": null, ""processing_level"": null, ""surface_model"": null, ""vertical_datum"": null, ""acquisition_time"": null, ""available_time"": null, ""provenance"": ""authoritative-product"", ""band_role"": null, ""nodata_semantics"": null, ""uncertainty"": null, ""allowed_values"": null, ""observed_min"": null, ""observed_max"": null, ""attrs"": {""cloud_mask_applied"": false}}, {""name"": ""S1"", ""quantity"": ""backscatter"", ""unit"": null, ""scale"": ""continuous"", ""crs"": ""EPSG:32643"", ""resolution_m"": 10, ""temporal_resolution_h"": null, ""processing_level"": null, ""surface_model"": null, ""vertical_datum"": null, ""acquisition_time"": ""2024-07-05T10:00:00+00:00"", ""available_time"": null, ""provenance"": ""authoritative-product"", ""band_role"": null, ""nodata_semantics"": null, ""uncertainty"": null, ""allowed_values"": null, ""observed_min"": null, ""observed_max"": null, ""attrs"": {}}, {""name"": ""S2"", ""quantity"": ""reflectance"", ""unit"": null, ""scale"": ""continuous"", ""crs"": ""EPSG:32643"", ""resolution_m"": 10, ""temporal_resolution_h"": null, ""processing_level"": null, ""surface_model"": null, ""vertical_datum"": null, ""acquisition_time"": ""2024-07-07T10:00:00+00:00"", ""available_time"": null, ""provenance"": ""authoritative-product"", ""band_role"": null, ""nodata_semantics"": null, ""uncertainty"": null, ""allowed_values"": null, ""observed_min"": null, ""observed_max"": null, ""attrs"": {}}]","[{""op"": ""require_cloud_mask"", ""params"": {""artifact"": 0}}, {""op"": ""compare_sensors"", ""params"": {""a"": 1, ""b"": 2, ""tolerance_h"": 3}}, {""op"": ""area"", ""params"": {""artifact"": 0, ""method"": ""planar"", ""output_unit"": ""km2""}}]",,,,,,
SGX3_BLIND_flood_remote_sensing_005,blind-composition,blind,flood_remote_sensing,"[{""name"": ""flood-mask-10"", ""quantity"": ""flood_extent"", ""unit"": null, ""scale"": ""binary"", ""crs"": ""EPSG:4326"", ""resolution_m"": 10, ""temporal_resolution_h"": null, ""processing_level"": null, ""surface_model"": null, ""vertical_datum"": null, ""acquisition_time"": null, ""available_time"": null, ""provenance"": ""authoritative-product"", ""band_role"": null, ""nodata_semantics"": null, ""uncertainty"": null, ""allowed_values"": null, ""observed_min"": null, ""observed_max"": null, ""attrs"": {""cloud_mask_applied"": true}}, {""name"": ""S1"", ""quantity"": ""backscatter"", ""unit"": null, ""scale"": ""continuous"", ""crs"": ""EPSG:32643"", ""resolution_m"": 10, ""temporal_resolution_h"": null, ""processing_level"": null, ""surface_model"": null, ""vertical_datum"": null, ""acquisition_time"": ""2024-07-01T10:00:00+00:00"", ""available_time"": null, ""provenance"": ""authoritative-product"", ""band_role"": null, ""nodata_semantics"": null, ""uncertainty"": null, ""allowed_values"": null, ""observed_min"": null, ""observed_max"": null, ""attrs"": {}}, {""name"": ""S2"", ""quantity"": ""reflectance"", ""unit"": null, ""scale"": ""continuous"", ""crs"": ""EPSG:32643"", ""resolution_m"": 10, ""temporal_resolution_h"": null, ""processing_level"": null, ""surface_model"": null, ""vertical_datum"": null, ""acquisition_time"": ""2024-07-01T16:00:00+00:00"", ""available_time"": null, ""provenance"": ""authoritative-product"", ""band_role"": null, ""nodata_semantics"": null, ""uncertainty"": null, ""allowed_values"": null, ""observed_min"": null, ""observed_max"": null, ""attrs"": {}}]","[{""op"": ""require_cloud_mask"", ""params"": {""artifact"": 0}}, {""op"": ""compare_sensors"", ""params"": {""a"": 1, ""b"": 2, ""tolerance_h"": 3}}, {""op"": ""area"", ""params"": {""artifact"": 0, ""method"": ""geodesic"", ""output_unit"": ""km2""}}]",,,,,,
SGX3_BLIND_flood_remote_sensing_006,blind-composition,blind,flood_remote_sensing,"[{""name"": ""flood-mask-10"", ""quantity"": ""flood_extent"", ""unit"": null, ""scale"": ""binary"", ""crs"": ""EPSG:6933"", ""resolution_m"": 10, ""temporal_resolution_h"": null, ""processing_level"": null, ""surface_model"": null, ""vertical_datum"": null, ""acquisition_time"": null, ""available_time"": null, ""provenance"": ""authoritative-product"", ""band_role"": null, ""nodata_semantics"": null, ""uncertainty"": null, ""allowed_values"": null, ""observed_min"": null, ""observed_max"": null, ""attrs"": {""cloud_mask_applied"": false}}, {""name"": ""S1"", ""quantity"": ""backscatter"", ""unit"": null, ""scale"": ""continuous"", ""crs"": ""EPSG:32643"", ""resolution_m"": 10, ""temporal_resolution_h"": null, ""processing_level"": null, ""surface_model"": null, ""vertical_datum"": null, ""acquisition_time"": ""2024-07-10T10:00:00+00:00"", ""available_time"": null, ""provenance"": ""authoritative-product"", ""band_role"": null, ""nodata_semantics"": null, ""uncertainty"": null, ""allowed_values"": null, ""observed_min"": null, ""observed_max"": null, ""attrs"": {}}, {""name"": ""S2"", ""quantity"": ""reflectance"", ""unit"": null, ""scale"": ""continuous"", ""crs"": ""EPSG:32643"", ""resolution_m"": 10, ""temporal_resolution_h"": null, ""processing_level"": null, ""surface_model"": null, ""vertical_datum"": null, ""acquisition_time"": ""2024-07-10T16:00:00+00:00"", ""available_time"": null, ""provenance"": ""authoritative-product"", ""band_role"": null, ""nodata_semantics"": null, ""uncertainty"": null, ""allowed_values"": null, ""observed_min"": null, ""observed_max"": null, ""attrs"": {}}]","[{""op"": ""require_cloud_mask"", ""params"": {""artifact"": 0}}, {""op"": ""compare_sensors"", ""params"": {""a"": 1, ""b"": 2, ""tolerance_h"": 12}}, {""op"": ""area"", ""params"": {""artifact"": 0, ""method"": ""geodesic"", ""output_unit"": ""km2""}}]",,,,,,
SGX3_BLIND_flood_remote_sensing_007,blind-composition,blind,flood_remote_sensing,"[{""name"": ""flood-mask-10"", ""quantity"": ""flood_extent"", ""unit"": null, ""scale"": ""binary"", ""crs"": ""EPSG:6933"", ""resolution_m"": 10, ""temporal_resolution_h"": null, ""processing_level"": null, ""surface_model"": null, ""vertical_datum"": null, ""acquisition_time"": null, ""available_time"": null, ""provenance"": ""authoritative-product"", ""band_role"": null, ""nodata_semantics"": null, ""uncertainty"": null, ""allowed_values"": null, ""observed_min"": null, ""observed_max"": null, ""attrs"": {""cloud_mask_applied"": true}}, {""name"": ""S1"", ""quantity"": ""backscatter"", ""unit"": null, ""scale"": ""continuous"", ""crs"": ""EPSG:32643"", ""resolution_m"": 10, ""temporal_resolution_h"": null, ""processing_level"": null, ""surface_model"": null, ""vertical_datum"": null, ""acquisition_time"": ""2024-07-05T10:00:00+00:00"", ""available_time"": null, ""provenance"": ""authoritative-product"", ""band_role"": null, ""nodata_semantics"": null, ""uncertainty"": null, ""allowed_values"": null, ""observed_min"": null, ""observed_max"": null, ""attrs"": {}}, {""name"": ""S2"", ""quantity"": ""reflectance"", ""unit"": null, ""scale"": ""continuous"", ""crs"": ""EPSG:32643"", ""resolution_m"": 10, ""temporal_resolution_h"": null, ""processing_level"": null, ""surface_model"": null, ""vertical_datum"": null, ""acquisition_time"": ""2024-07-05T22:00:00+00:00"", ""available_time"": null, ""provenance"": ""authoritative-product"", ""band_role"": null, ""nodata_semantics"": null, ""uncertainty"": null, ""allowed_values"": null, ""observed_min"": null, ""observed_max"": null, ""attrs"": {}}]","[{""op"": ""require_cloud_mask"", ""params"": {""artifact"": 0}}, {""op"": ""compare_sensors"", ""params"": {""a"": 1, ""b"": 2, ""tolerance_h"": 6}}, {""op"": ""area"", ""params"": {""artifact"": 0, ""method"": ""geodesic"", ""output_unit"": ""km2""}}]",,,,,,
SGX3_BLIND_flood_remote_sensing_008,blind-composition,blind,flood_remote_sensing,"[{""name"": ""flood-mask-20"", ""quantity"": ""flood_extent"", ""unit"": null, ""scale"": ""binary"", ""crs"": ""EPSG:6933"", ""resolution_m"": 20, ""temporal_resolution_h"": null, ""processing_level"": null, ""surface_model"": null, ""vertical_datum"": null, ""acquisition_time"": null, ""available_time"": null, ""provenance"": ""authoritative-product"", ""band_role"": null, ""nodata_semantics"": null, ""uncertainty"": null, ""allowed_values"": null, ""observed_min"": null, ""observed_max"": null, ""attrs"": {""cloud_mask_applied"": true}}, {""name"": ""S1"", ""quantity"": ""backscatter"", ""unit"": null, ""scale"": ""continuous"", ""crs"": ""EPSG:32643"", ""resolution_m"": 10, ""temporal_resolution_h"": null, ""processing_level"": null, ""surface_model"": null, ""vertical_datum"": null, ""acquisition_time"": ""2024-07-10T10:00:00+00:00"", ""available_time"": null, ""provenance"": ""authoritative-product"", ""band_role"": null, ""nodata_semantics"": null, ""uncertainty"": null, ""allowed_values"": null, ""observed_min"": null, ""observed_max"": null, ""attrs"": {}}, {""name"": ""S2"", ""quantity"": ""reflectance"", ""unit"": null, ""scale"": ""continuous"", ""crs"": ""EPSG:32643"", ""resolution_m"": 10, ""temporal_resolution_h"": null, ""processing_level"": null, ""surface_model"": null, ""vertical_datum"": null, ""acquisition_time"": ""2024-07-10T13:00:00+00:00"", ""available_time"": null, ""provenance"": ""authoritative-product"", ""band_role"": null, ""nodata_semantics"": null, ""uncertainty"": null, ""allowed_values"": null, ""observed_min"": null, ""observed_max"": null, ""attrs"": {}}]","[{""op"": ""require_cloud_mask"", ""params"": {""artifact"": 0}}, {""op"": ""compare_sensors"", ""params"": {""a"": 1, ""b"": 2, ""tolerance_h"": 6}}, {""op"": ""area"", ""params"": {""artifact"": 0, ""method"": ""planar"", ""output_unit"": ""km2""}}]",,,,,,
SGX3_BLIND_flood_remote_sensing_009,blind-composition,blind,flood_remote_sensing,"[{""name"": ""flood-mask-20"", ""quantity"": ""flood_extent"", ""unit"": null, ""scale"": ""binary"", ""crs"": ""EPSG:32643"", ""resolution_m"": 20, ""temporal_resolution_h"": null, ""processing_level"": null, ""surface_model"": null, ""vertical_datum"": null, ""acquisition_time"": null, ""available_time"": null, ""provenance"": ""authoritative-product"", ""band_role"": null, ""nodata_semantics"": null, ""uncertainty"": null, ""allowed_values"": null, ""observed_min"": null, ""observed_max"": null, ""attrs"": {""cloud_mask_applied"": false}}, {""name"": ""S1"", ""quantity"": ""backscatter"", ""unit"": null, ""scale"": ""continuous"", ""crs"": ""EPSG:32643"", ""resolution_m"": 10, ""temporal_resolution_h"": null, ""processing_level"": null, ""surface_model"": null, ""vertical_datum"": null, ""acquisition_time"": ""2024-07-01T10:00:00+00:00"", ""available_time"": null, ""provenance"": ""authoritative-product"", ""band_role"": null, ""nodata_semantics"": null, ""uncertainty"": null, ""allowed_values"": null, ""observed_min"": null, ""observed_max"": null, ""attrs"": {}}, {""name"": ""S2"", ""quantity"": ""reflectance"", ""unit"": null, ""scale"": ""continuous"", ""crs"": ""EPSG:32643"", ""resolution_m"": 10, ""temporal_resolution_h"": null, ""processing_level"": null, ""surface_model"": null, ""vertical_datum"": null, ""acquisition_time"": ""2024-07-01T16:00:00+00:00"", ""available_time"": null, ""provenance"": ""authoritative-product"", ""band_role"": null, ""nodata_semantics"": null, ""uncertainty"": null, ""allowed_values"": null, ""observed_min"": null, ""observed_max"": null, ""attrs"": {}}]","[{""op"": ""require_cloud_mask"", ""params"": {""artifact"": 0}}, {""op"": ""compare_sensors"", ""params"": {""a"": 1, ""b"": 2, ""tolerance_h"": 24}}, {""op"": ""area"", ""params"": {""artifact"": 0, ""method"": ""geodesic"", ""output_unit"": ""km2""}}]",,,,,,
SGX3_BLIND_flood_remote_sensing_010,blind-composition,blind,flood_remote_sensing,"[{""name"": ""flood-mask-30"", ""quantity"": ""flood_extent"", ""unit"": null, ""scale"": ""binary"", ""crs"": ""EPSG:32643"", ""resolution_m"": 30, ""temporal_resolution_h"": null, ""processing_level"": null, ""surface_model"": null, ""vertical_datum"": null, ""acquisition_time"": null, ""available_time"": null, ""provenance"": ""authoritative-product"", ""band_role"": null, ""nodata_semantics"": null, ""uncertainty"": null, ""allowed_values"": null, ""observed_min"": null, ""observed_max"": null, ""attrs"": {""cloud_mask_applied"": true}}, {""name"": ""S1"", ""quantity"": ""backscatter"", ""unit"": null, ""scale"": ""continuous"", ""crs"": ""EPSG:32643"", ""resolution_m"": 10, ""temporal_resolution_h"": null, ""processing_level"": null, ""surface_model"": null, ""vertical_datum"": null, ""acquisition_time"": ""2024-07-15T10:00:00+00:00"", ""available_time"": null, ""provenance"": ""authoritative-product"", ""band_role"": null, ""nodata_semantics"": null, ""uncertainty"": null, ""allowed_values"": null, ""observed_min"": null, ""observed_max"": null, ""attrs"": {}}, {""name"": ""S2"", ""quantity"": ""reflectance"", ""unit"": null, ""scale"": ""continuous"", ""crs"": ""EPSG:32643"", ""resolution_m"": 10, ""temporal_resolution_h"": null, ""processing_level"": null, ""surface_model"": null, ""vertical_datum"": null, ""acquisition_time"": ""2024-07-15T10:00:00+00:00"", ""available_time"": null, ""provenance"": ""authoritative-product"", ""band_role"": null, ""nodata_semantics"": null, ""uncertainty"": null, ""allowed_values"": null, ""observed_min"": null, ""observed_max"": null, ""attrs"": {}}]","[{""op"": ""require_cloud_mask"", ""params"": {""artifact"": 0}}, {""op"": ""compare_sensors"", ""params"": {""a"": 1, ""b"": 2, ""tolerance_h"": 12}}, {""op"": ""area"", ""params"": {""artifact"": 0, ""method"": ""geodesic"", ""output_unit"": ""km2""}}]",,,,,,
SGX3_BLIND_flood_remote_sensing_011,blind-composition,blind,flood_remote_sensing,"[{""name"": ""flood-mask-20"", ""quantity"": ""flood_extent"", ""unit"": null, ""scale"": ""binary"", ""crs"": ""EPSG:6933"", ""resolution_m"": 20, ""temporal_resolution_h"": null, ""processing_level"": null, ""surface_model"": null, ""vertical_datum"": null, ""acquisition_time"": null, ""available_time"": null, ""provenance"": ""authoritative-product"", ""band_role"": null, ""nodata_semantics"": null, ""uncertainty"": null, ""allowed_values"": null, ""observed_min"": null, ""observed_max"": null, ""attrs"": {""cloud_mask_applied"": false}}, {""name"": ""S1"", ""quantity"": ""backscatter"", ""unit"": null, ""scale"": ""continuous"", ""crs"": ""EPSG:32643"", ""resolution_m"": 10, ""temporal_resolution_h"": null, ""processing_level"": null, ""surface_model"": null, ""vertical_datum"": null, ""acquisition_time"": ""2024-07-15T10:00:00+00:00"", ""available_time"": null, ""provenance"": ""authoritative-product"", ""band_role"": null, ""nodata_semantics"": null, ""uncertainty"": null, ""allowed_values"": null, ""observed_min"": null, ""observed_max"": null, ""attrs"": {}}, {""name"": ""S2"", ""quantity"": ""reflectance"", ""unit"": null, ""scale"": ""continuous"", ""crs"": ""EPSG:32643"", ""resolution_m"": 10, ""temporal_resolution_h"": null, ""processing_level"": null, ""surface_model"": null, ""vertical_datum"": null, ""acquisition_time"": ""2024-07-15T10:00:00+00:00"", ""available_time"": null, ""provenance"": ""authoritative-product"", ""band_role"": null, ""nodata_semantics"": null, ""uncertainty"": null, ""allowed_values"": null, ""observed_min"": null, ""observed_max"": null, ""attrs"": {}}]","[{""op"": ""require_cloud_mask"", ""params"": {""artifact"": 0}}, {""op"": ""compare_sensors"", ""params"": {""a"": 1, ""b"": 2, ""tolerance_h"": 12}}, {""op"": ""area"", ""params"": {""artifact"": 0, ""method"": ""geodesic"", ""output_unit"": ""km2""}}]",,,,,,
SGX3_BLIND_flood_remote_sensing_012,blind-composition,blind,flood_remote_sensing,"[{""name"": ""flood-mask-10"", ""quantity"": ""flood_extent"", ""unit"": null, ""scale"": ""binary"", ""crs"": ""EPSG:4326"", ""resolution_m"": 10, ""temporal_resolution_h"": null, ""processing_level"": null, ""surface_model"": null, ""vertical_datum"": null, ""acquisition_time"": null, ""available_time"": null, ""provenance"": ""authoritative-product"", ""band_role"": null, ""nodata_semantics"": null, ""uncertainty"": null, ""allowed_values"": null, ""observed_min"": null, ""observed_max"": null, ""attrs"": {""cloud_mask_applied"": true}}, {""name"": ""S1"", ""quantity"": ""backscatter"", ""unit"": null, ""scale"": ""continuous"", ""crs"": ""EPSG:32643"", ""resolution_m"": 10, ""temporal_resolution_h"": null, ""processing_level"": null, ""surface_model"": null, ""vertical_datum"": null, ""acquisition_time"": ""2024-07-15T10:00:00+00:00"", ""available_time"": null, ""provenance"": ""authoritative-product"", ""band_role"": null, ""nodata_semantics"": null, ""uncertainty"": null, ""allowed_values"": null, ""observed_min"": null, ""observed_max"": null, ""attrs"": {}}, {""name"": ""S2"", ""quantity"": ""reflectance"", ""unit"": null, ""scale"": ""continuous"", ""crs"": ""EPSG:32643"", ""resolution_m"": 10, ""temporal_resolution_h"": null, ""processing_level"": null, ""surface_model"": null, ""vertical_datum"": null, ""acquisition_time"": ""2024-07-17T10:00:00+00:00"", ""available_time"": null, ""provenance"": ""authoritative-product"", ""band_role"": null, ""nodata_semantics"": null, ""uncertainty"": null, ""allowed_values"": null, ""observed_min"": null, ""observed_max"": null, ""attrs"": {}}]","[{""op"": ""require_cloud_mask"", ""params"": {""artifact"": 0}}, {""op"": ""compare_sensors"", ""params"": {""a"": 1, ""b"": 2, ""tolerance_h"": 6}}, {""op"": ""area"", ""params"": {""artifact"": 0, ""method"": ""planar"", ""output_unit"": ""km2""}}]",,,,,,
SGX3_BLIND_flood_remote_sensing_013,blind-composition,blind,flood_remote_sensing,"[{""name"": ""flood-mask-20"", ""quantity"": ""flood_extent"", ""unit"": null, ""scale"": ""binary"", ""crs"": ""EPSG:6933"", ""resolution_m"": 20, ""temporal_resolution_h"": null, ""processing_level"": null, ""surface_model"": null, ""vertical_datum"": null, ""acquisition_time"": null, ""available_time"": null, ""provenance"": ""authoritative-product"", ""band_role"": null, ""nodata_semantics"": null, ""uncertainty"": null, ""allowed_values"": null, ""observed_min"": null, ""observed_max"": null, ""attrs"": {""cloud_mask_applied"": true}}, {""name"": ""S1"", ""quantity"": ""backscatter"", ""unit"": null, ""scale"": ""continuous"", ""crs"": ""EPSG:32643"", ""resolution_m"": 10, ""temporal_resolution_h"": null, ""processing_level"": null, ""surface_model"": null, ""vertical_datum"": null, ""acquisition_time"": ""2024-07-10T10:00:00+00:00"", ""available_time"": null, ""provenance"": ""authoritative-product"", ""band_role"": null, ""nodata_semantics"": null, ""uncertainty"": null, ""allowed_values"": null, ""observed_min"": null, ""observed_max"": null, ""attrs"": {}}, {""name"": ""S2"", ""quantity"": ""reflectance"", ""unit"": null, ""scale"": ""continuous"", ""crs"": ""EPSG:32643"", ""resolution_m"": 10, ""temporal_resolution_h"": null, ""processing_level"": null, ""surface_model"": null, ""vertical_datum"": null, ""acquisition_time"": ""2024-07-10T22:00:00+00:00"", ""available_time"": null, ""provenance"": ""authoritative-product"", ""band_role"": null, ""nodata_semantics"": null, ""uncertainty"": null, ""allowed_values"": null, ""observed_min"": null, ""observed_max"": null, ""attrs"": {}}]","[{""op"": ""require_cloud_mask"", ""params"": {""artifact"": 0}}, {""op"": ""compare_sensors"", ""params"": {""a"": 1, ""b"": 2, ""tolerance_h"": 6}}, {""op"": ""area"", ""params"": {""artifact"": 0, ""method"": ""planar"", ""output_unit"": ""km2""}}]",,,,,,
SGX3_BLIND_flood_remote_sensing_014,blind-composition,blind,flood_remote_sensing,"[{""name"": ""flood-mask-10"", ""quantity"": ""flood_extent"", ""unit"": null, ""scale"": ""binary"", ""crs"": ""EPSG:4326"", ""resolution_m"": 10, ""temporal_resolution_h"": null, ""processing_level"": null, ""surface_model"": null, ""vertical_datum"": null, ""acquisition_time"": null, ""available_time"": null, ""provenance"": ""authoritative-product"", ""band_role"": null, ""nodata_semantics"": null, ""uncertainty"": null, ""allowed_values"": null, ""observed_min"": null, ""observed_max"": null, ""attrs"": {""cloud_mask_applied"": false}}, {""name"": ""S1"", ""quantity"": ""backscatter"", ""unit"": null, ""scale"": ""continuous"", ""crs"": ""EPSG:32643"", ""resolution_m"": 10, ""temporal_resolution_h"": null, ""processing_level"": null, ""surface_model"": null, ""vertical_datum"": null, ""acquisition_time"": ""2024-07-10T10:00:00+00:00"", ""available_time"": null, ""provenance"": ""authoritative-product"", ""band_role"": null, ""nodata_semantics"": null, ""uncertainty"": null, ""allowed_values"": null, ""observed_min"": null, ""observed_max"": null, ""attrs"": {}}, {""name"": ""S2"", ""quantity"": ""reflectance"", ""unit"": null, ""scale"": ""continuous"", ""crs"": ""EPSG:32643"", ""resolution_m"": 10, ""temporal_resolution_h"": null, ""processing_level"": null, ""surface_model"": null, ""vertical_datum"": null, ""acquisition_time"": ""2024-07-11T10:00:00+00:00"", ""available_time"": null, ""provenance"": ""authoritative-product"", ""band_role"": null, ""nodata_semantics"": null, ""uncertainty"": null, ""allowed_values"": null, ""observed_min"": null, ""observed_max"": null, ""attrs"": {}}]","[{""op"": ""require_cloud_mask"", ""params"": {""artifact"": 0}}, {""op"": ""compare_sensors"", ""params"": {""a"": 1, ""b"": 2, ""tolerance_h"": 6}}, {""op"": ""area"", ""params"": {""artifact"": 0, ""method"": ""geodesic"", ""output_unit"": ""km2""}}]",,,,,,
SGX3_BLIND_flood_remote_sensing_015,blind-composition,blind,flood_remote_sensing,"[{""name"": ""flood-mask-10"", ""quantity"": ""flood_extent"", ""unit"": null, ""scale"": ""binary"", ""crs"": ""EPSG:4326"", ""resolution_m"": 10, ""temporal_resolution_h"": null, ""processing_level"": null, ""surface_model"": null, ""vertical_datum"": null, ""acquisition_time"": null, ""available_time"": null, ""provenance"": ""authoritative-product"", ""band_role"": null, ""nodata_semantics"": null, ""uncertainty"": null, ""allowed_values"": null, ""observed_min"": null, ""observed_max"": null, ""attrs"": {""cloud_mask_applied"": false}}, {""name"": ""S1"", ""quantity"": ""backscatter"", ""unit"": null, ""scale"": ""continuous"", ""crs"": ""EPSG:32643"", ""resolution_m"": 10, ""temporal_resolution_h"": null, ""processing_level"": null, ""surface_model"": null, ""vertical_datum"": null, ""acquisition_time"": ""2024-07-10T10:00:00+00:00"", ""available_time"": null, ""provenance"": ""authoritative-product"", ""band_role"": null, ""nodata_semantics"": null, ""uncertainty"": null, ""allowed_values"": null, ""observed_min"": null, ""observed_max"": null, ""attrs"": {}}, {""name"": ""S2"", ""quantity"": ""reflectance"", ""unit"": null, ""scale"": ""continuous"", ""crs"": ""EPSG:32643"", ""resolution_m"": 10, ""temporal_resolution_h"": null, ""processing_level"": null, ""surface_model"": null, ""vertical_datum"": null, ""acquisition_time"": ""2024-07-10T22:00:00+00:00"", ""available_time"": null, ""provenance"": ""authoritative-product"", ""band_role"": null, ""nodata_semantics"": null, ""uncertainty"": null, ""allowed_values"": null, ""observed_min"": null, ""observed_max"": null, ""attrs"": {}}]","[{""op"": ""require_cloud_mask"", ""params"": {""artifact"": 0}}, {""op"": ""compare_sensors"", ""params"": {""a"": 1, ""b"": 2, ""tolerance_h"": 24}}, {""op"": ""area"", ""params"": {""artifact"": 0, ""method"": ""planar"", ""output_unit"": ""km2""}}]",,,,,,
SGX3_BLIND_flood_remote_sensing_016,blind-composition,blind,flood_remote_sensing,"[{""name"": ""flood-mask-30"", ""quantity"": ""flood_extent"", ""unit"": null, ""scale"": ""binary"", ""crs"": ""EPSG:4326"", ""resolution_m"": 30, ""temporal_resolution_h"": null, ""processing_level"": null, ""surface_model"": null, ""vertical_datum"": null, ""acquisition_time"": null, ""available_time"": null, ""provenance"": ""authoritative-product"", ""band_role"": null, ""nodata_semantics"": null, ""uncertainty"": null, ""allowed_values"": null, ""observed_min"": null, ""observed_max"": null, ""attrs"": {""cloud_mask_applied"": false}}, {""name"": ""S1"", ""quantity"": ""backscatter"", ""unit"": null, ""scale"": ""continuous"", ""crs"": ""EPSG:32643"", ""resolution_m"": 10, ""temporal_resolution_h"": null, ""processing_level"": null, ""surface_model"": null, ""vertical_datum"": null, ""acquisition_time"": ""2024-07-05T10:00:00+00:00"", ""available_time"": null, ""provenance"": ""authoritative-product"", ""band_role"": null, ""nodata_semantics"": null, ""uncertainty"": null, ""allowed_values"": null, ""observed_min"": null, ""observed_max"": null, ""attrs"": {}}, {""name"": ""S2"", ""quantity"": ""reflectance"", ""unit"": null, ""scale"": ""continuous"", ""crs"": ""EPSG:32643"", ""resolution_m"": 10, ""temporal_resolution_h"": null, ""processing_level"": null, ""surface_model"": null, ""vertical_datum"": null, ""acquisition_time"": ""2024-07-05T13:00:00+00:00"", ""available_time"": null, ""provenance"": ""authoritative-product"", ""band_role"": null, ""nodata_semantics"": null, ""uncertainty"": null, ""allowed_values"": null, ""observed_min"": null, ""observed_max"": null, ""attrs"": {}}]","[{""op"": ""require_cloud_mask"", ""params"": {""artifact"": 0}}, {""op"": ""compare_sensors"", ""params"": {""a"": 1, ""b"": 2, ""tolerance_h"": 24}}, {""op"": ""area"", ""params"": {""artifact"": 0, ""method"": ""planar"", ""output_unit"": ""km2""}}]",,,,,,
SGX3_BLIND_flood_remote_sensing_017,blind-composition,blind,flood_remote_sensing,"[{""name"": ""flood-mask-20"", ""quantity"": ""flood_extent"", ""unit"": null, ""scale"": ""binary"", ""crs"": ""EPSG:32643"", ""resolution_m"": 20, ""temporal_resolution_h"": null, ""processing_level"": null, ""surface_model"": null, ""vertical_datum"": null, ""acquisition_time"": null, ""available_time"": null, ""provenance"": ""authoritative-product"", ""band_role"": null, ""nodata_semantics"": null, ""uncertainty"": null, ""allowed_values"": null, ""observed_min"": null, ""observed_max"": null, ""attrs"": {""cloud_mask_applied"": false}}, {""name"": ""S1"", ""quantity"": ""backscatter"", ""unit"": null, ""scale"": ""continuous"", ""crs"": ""EPSG:32643"", ""resolution_m"": 10, ""temporal_resolution_h"": null, ""processing_level"": null, ""surface_model"": null, ""vertical_datum"": null, ""acquisition_time"": ""2024-07-05T10:00:00+00:00"", ""available_time"": null, ""provenance"": ""authoritative-product"", ""band_role"": null, ""nodata_semantics"": null, ""uncertainty"": null, ""allowed_values"": null, ""observed_min"": null, ""observed_max"": null, ""attrs"": {}}, {""name"": ""S2"", ""quantity"": ""reflectance"", ""unit"": null, ""scale"": ""continuous"", ""crs"": ""EPSG:32643"", ""resolution_m"": 10, ""temporal_resolution_h"": null, ""processing_level"": null, ""surface_model"": null, ""vertical_datum"": null, ""acquisition_time"": ""2024-07-05T22:00:00+00:00"", ""available_time"": null, ""provenance"": ""authoritative-product"", ""band_role"": null, ""nodata_semantics"": null, ""uncertainty"": null, ""allowed_values"": null, ""observed_min"": null, ""observed_max"": null, ""attrs"": {}}]","[{""op"": ""require_cloud_mask"", ""params"": {""artifact"": 0}}, {""op"": ""compare_sensors"", ""params"": {""a"": 1, ""b"": 2, ""tolerance_h"": 12}}, {""op"": ""area"", ""params"": {""artifact"": 0, ""method"": ""geodesic"", ""output_unit"": ""km2""}}]",,,,,,
SGX3_BLIND_flood_remote_sensing_018,blind-composition,blind,flood_remote_sensing,"[{""name"": ""flood-mask-30"", ""quantity"": ""flood_extent"", ""unit"": null, ""scale"": ""binary"", ""crs"": ""EPSG:32643"", ""resolution_m"": 30, ""temporal_resolution_h"": null, ""processing_level"": null, ""surface_model"": null, ""vertical_datum"": null, ""acquisition_time"": null, ""available_time"": null, ""provenance"": ""authoritative-product"", ""band_role"": null, ""nodata_semantics"": null, ""uncertainty"": null, ""allowed_values"": null, ""observed_min"": null, ""observed_max"": null, ""attrs"": {""cloud_mask_applied"": true}}, {""name"": ""S1"", ""quantity"": ""backscatter"", ""unit"": null, ""scale"": ""continuous"", ""crs"": ""EPSG:32643"", ""resolution_m"": 10, ""temporal_resolution_h"": null, ""processing_level"": null, ""surface_model"": null, ""vertical_datum"": null, ""acquisition_time"": ""2024-07-10T10:00:00+00:00"", ""available_time"": null, ""provenance"": ""authoritative-product"", ""band_role"": null, ""nodata_semantics"": null, ""uncertainty"": null, ""allowed_values"": null, ""observed_min"": null, ""observed_max"": null, ""attrs"": {}}, {""name"": ""S2"", ""quantity"": ""reflectance"", ""unit"": null, ""scale"": ""continuous"", ""crs"": ""EPSG:32643"", ""resolution_m"": 10, ""temporal_resolution_h"": null, ""processing_level"": null, ""surface_model"": null, ""vertical_datum"": null, ""acquisition_time"": ""2024-07-13T10:00:00+00:00"", ""available_time"": null, ""provenance"": ""authoritative-product"", ""band_role"": null, ""nodata_semantics"": null, ""uncertainty"": null, ""allowed_values"": null, ""observed_min"": null, ""observed_max"": null, ""attrs"": {}}]","[{""op"": ""require_cloud_mask"", ""params"": {""artifact"": 0}}, {""op"": ""compare_sensors"", ""params"": {""a"": 1, ""b"": 2, ""tolerance_h"": 24}}, {""op"": ""area"", ""params"": {""artifact"": 0, ""method"": ""planar"", ""output_unit"": ""km2""}}]",,,,,,
SGX3_BLIND_flood_remote_sensing_019,blind-composition,blind,flood_remote_sensing,"[{""name"": ""flood-mask-10"", ""quantity"": ""flood_extent"", ""unit"": null, ""scale"": ""binary"", ""crs"": ""EPSG:32643"", ""resolution_m"": 10, ""temporal_resolution_h"": null, ""processing_level"": null, ""surface_model"": null, ""vertical_datum"": null, ""acquisition_time"": null, ""available_time"": null, ""provenance"": ""authoritative-product"", ""band_role"": null, ""nodata_semantics"": null, ""uncertainty"": null, ""allowed_values"": null, ""observed_min"": null, ""observed_max"": null, ""attrs"": {""cloud_mask_applied"": true}}, {""name"": ""S1"", ""quantity"": ""backscatter"", ""unit"": null, ""scale"": ""continuous"", ""crs"": ""EPSG:32643"", ""resolution_m"": 10, ""temporal_resolution_h"": null, ""processing_level"": null, ""surface_model"": null, ""vertical_datum"": null, ""acquisition_time"": ""2024-07-15T10:00:00+00:00"", ""available_time"": null, ""provenance"": ""authoritative-product"", ""band_role"": null, ""nodata_semantics"": null, ""uncertainty"": null, ""allowed_values"": null, ""observed_min"": null, ""observed_max"": null, ""attrs"": {}}, {""name"": ""S2"", ""quantity"": ""reflectance"", ""unit"": null, ""scale"": ""continuous"", ""crs"": ""EPSG:32643"", ""resolution_m"": 10, ""temporal_resolution_h"": null, ""processing_level"": null, ""surface_model"": null, ""vertical_datum"": null, ""acquisition_time"": ""2024-07-15T16:00:00+00:00"", ""available_time"": null, ""provenance"": ""authoritative-product"", ""band_role"": null, ""nodata_semantics"": null, ""uncertainty"": null, ""allowed_values"": null, ""observed_min"": null, ""observed_max"": null, ""attrs"": {}}]","[{""op"": ""require_cloud_mask"", ""params"": {""artifact"": 0}}, {""op"": ""compare_sensors"", ""params"": {""a"": 1, ""b"": 2, ""tolerance_h"": 6}}, {""op"": ""area"", ""params"": {""artifact"": 0, ""method"": ""planar"", ""output_unit"": ""km2""}}]",,,,,,
SGX3_BLIND_flood_remote_sensing_020,blind-composition,blind,flood_remote_sensing,"[{""name"": ""flood-mask-20"", ""quantity"": ""flood_extent"", ""unit"": null, ""scale"": ""binary"", ""crs"": ""EPSG:32643"", ""resolution_m"": 20, ""temporal_resolution_h"": null, ""processing_level"": null, ""surface_model"": null, ""vertical_datum"": null, ""acquisition_time"": null, ""available_time"": null, ""provenance"": ""authoritative-product"", ""band_role"": null, ""nodata_semantics"": null, ""uncertainty"": null, ""allowed_values"": null, ""observed_min"": null, ""observed_max"": null, ""attrs"": {""cloud_mask_applied"": false}}, {""name"": ""S1"", ""quantity"": ""backscatter"", ""unit"": null, ""scale"": ""continuous"", ""crs"": ""EPSG:32643"", ""resolution_m"": 10, ""temporal_resolution_h"": null, ""processing_level"": null, ""surface_model"": null, ""vertical_datum"": null, ""acquisition_time"": ""2024-07-01T10:00:00+00:00"", ""available_time"": null, ""provenance"": ""authoritative-product"", ""band_role"": null, ""nodata_semantics"": null, ""uncertainty"": null, ""allowed_values"": null, ""observed_min"": null, ""observed_max"": null, ""attrs"": {}}, {""name"": ""S2"", ""quantity"": ""reflectance"", ""unit"": null, ""scale"": ""continuous"", ""crs"": ""EPSG:32643"", ""resolution_m"": 10, ""temporal_resolution_h"": null, ""processing_level"": null, ""surface_model"": null, ""vertical_datum"": null, ""acquisition_time"": ""2024-07-01T13:00:00+00:00"", ""available_time"": null, ""provenance"": ""authoritative-product"", ""band_role"": null, ""nodata_semantics"": null, ""uncertainty"": null, ""allowed_values"": null, ""observed_min"": null, ""observed_max"": null, ""attrs"": {}}]","[{""op"": ""require_cloud_mask"", ""params"": {""artifact"": 0}}, {""op"": ""compare_sensors"", ""params"": {""a"": 1, ""b"": 2, ""tolerance_h"": 12}}, {""op"": ""area"", ""params"": {""artifact"": 0, ""method"": ""planar"", ""output_unit"": ""km2""}}]",,,,,,
SGX3_BLIND_flood_remote_sensing_021,blind-composition,blind,flood_remote_sensing,"[{""name"": ""flood-mask-20"", ""quantity"": ""flood_extent"", ""unit"": null, ""scale"": ""binary"", ""crs"": ""EPSG:32643"", ""resolution_m"": 20, ""temporal_resolution_h"": null, ""processing_level"": null, ""surface_model"": null, ""vertical_datum"": null, ""acquisition_time"": null, ""available_time"": null, ""provenance"": ""authoritative-product"", ""band_role"": null, ""nodata_semantics"": null, ""uncertainty"": null, ""allowed_values"": null, ""observed_min"": null, ""observed_max"": null, ""attrs"": {""cloud_mask_applied"": false}}, {""name"": ""S1"", ""quantity"": ""backscatter"", ""unit"": null, ""scale"": ""continuous"", ""crs"": ""EPSG:32643"", ""resolution_m"": 10, ""temporal_resolution_h"": null, ""processing_level"": null, ""surface_model"": null, ""vertical_datum"": null, ""acquisition_time"": ""2024-07-05T10:00:00+00:00"", ""available_time"": null, ""provenance"": ""authoritative-product"", ""band_role"": null, ""nodata_semantics"": null, ""uncertainty"": null, ""allowed_values"": null, ""observed_min"": null, ""observed_max"": null, ""attrs"": {}}, {""name"": ""S2"", ""quantity"": ""reflectance"", ""unit"": null, ""scale"": ""continuous"", ""crs"": ""EPSG:32643"", ""resolution_m"": 10, ""temporal_resolution_h"": null, ""processing_level"": null, ""surface_model"": null, ""vertical_datum"": null, ""acquisition_time"": ""2024-07-05T16:00:00+00:00"", ""available_time"": null, ""provenance"": ""authoritative-product"", ""band_role"": null, ""nodata_semantics"": null, ""uncertainty"": null, ""allowed_values"": null, ""observed_min"": null, ""observed_max"": null, ""attrs"": {}}]","[{""op"": ""require_cloud_mask"", ""params"": {""artifact"": 0}}, {""op"": ""compare_sensors"", ""params"": {""a"": 1, ""b"": 2, ""tolerance_h"": 6}}, {""op"": ""area"", ""params"": {""artifact"": 0, ""method"": ""planar"", ""output_unit"": ""km2""}}]",,,,,,
SGX3_BLIND_flood_remote_sensing_022,blind-composition,blind,flood_remote_sensing,"[{""name"": ""flood-mask-30"", ""quantity"": ""flood_extent"", ""unit"": null, ""scale"": ""binary"", ""crs"": ""EPSG:6933"", ""resolution_m"": 30, ""temporal_resolution_h"": null, ""processing_level"": null, ""surface_model"": null, ""vertical_datum"": null, ""acquisition_time"": null, ""available_time"": null, ""provenance"": ""authoritative-product"", ""band_role"": null, ""nodata_semantics"": null, ""uncertainty"": null, ""allowed_values"": null, ""observed_min"": null, ""observed_max"": null, ""attrs"": {""cloud_mask_applied"": false}}, {""name"": ""S1"", ""quantity"": ""backscatter"", ""unit"": null, ""scale"": ""continuous"", ""crs"": ""EPSG:32643"", ""resolution_m"": 10, ""temporal_resolution_h"": null, ""processing_level"": null, ""surface_model"": null, ""vertical_datum"": null, ""acquisition_time"": ""2024-07-10T10:00:00+00:00"", ""available_time"": null, ""provenance"": ""authoritative-product"", ""band_role"": null, ""nodata_semantics"": null, ""uncertainty"": null, ""allowed_values"": null, ""observed_min"": null, ""observed_max"": null, ""attrs"": {}}, {""name"": ""S2"", ""quantity"": ""reflectance"", ""unit"": null, ""scale"": ""continuous"", ""crs"": ""EPSG:32643"", ""resolution_m"": 10, ""temporal_resolution_h"": null, ""processing_level"": null, ""surface_model"": null, ""vertical_datum"": null, ""acquisition_time"": ""2024-07-10T22:00:00+00:00"", ""available_time"": null, ""provenance"": ""authoritative-product"", ""band_role"": null, ""nodata_semantics"": null, ""uncertainty"": null, ""allowed_values"": null, ""observed_min"": null, ""observed_max"": null, ""attrs"": {}}]","[{""op"": ""require_cloud_mask"", ""params"": {""artifact"": 0}}, {""op"": ""compare_sensors"", ""params"": {""a"": 1, ""b"": 2, ""tolerance_h"": 12}}, {""op"": ""area"", ""params"": {""artifact"": 0, ""method"": ""geodesic"", ""output_unit"": ""km2""}}]",,,,,,
SGX3_BLIND_flood_remote_sensing_023,blind-composition,blind,flood_remote_sensing,"[{""name"": ""flood-mask-30"", ""quantity"": ""flood_extent"", ""unit"": null, ""scale"": ""binary"", ""crs"": ""EPSG:6933"", ""resolution_m"": 30, ""temporal_resolution_h"": null, ""processing_level"": null, ""surface_model"": null, ""vertical_datum"": null, ""acquisition_time"": null, ""available_time"": null, ""provenance"": ""authoritative-product"", ""band_role"": null, ""nodata_semantics"": null, ""uncertainty"": null, ""allowed_values"": null, ""observed_min"": null, ""observed_max"": null, ""attrs"": {""cloud_mask_applied"": false}}, {""name"": ""S1"", ""quantity"": ""backscatter"", ""unit"": null, ""scale"": ""continuous"", ""crs"": ""EPSG:32643"", ""resolution_m"": 10, ""temporal_resolution_h"": null, ""processing_level"": null, ""surface_model"": null, ""vertical_datum"": null, ""acquisition_time"": ""2024-07-15T10:00:00+00:00"", ""available_time"": null, ""provenance"": ""authoritative-product"", ""band_role"": null, ""nodata_semantics"": null, ""uncertainty"": null, ""allowed_values"": null, ""observed_min"": null, ""observed_max"": null, ""attrs"": {}}, {""name"": ""S2"", ""quantity"": ""reflectance"", ""unit"": null, ""scale"": ""continuous"", ""crs"": ""EPSG:32643"", ""resolution_m"": 10, ""temporal_resolution_h"": null, ""processing_level"": null, ""surface_model"": null, ""vertical_datum"": null, ""acquisition_time"": ""2024-07-18T10:00:00+00:00"", ""available_time"": null, ""provenance"": ""authoritative-product"", ""band_role"": null, ""nodata_semantics"": null, ""uncertainty"": null, ""allowed_values"": null, ""observed_min"": null, ""observed_max"": null, ""attrs"": {}}]","[{""op"": ""require_cloud_mask"", ""params"": {""artifact"": 0}}, {""op"": ""compare_sensors"", ""params"": {""a"": 1, ""b"": 2, ""tolerance_h"": 3}}, {""op"": ""area"", ""params"": {""artifact"": 0, ""method"": ""planar"", ""output_unit"": ""km2""}}]",,,,,,
SGX3_BLIND_flood_remote_sensing_024,blind-composition,blind,flood_remote_sensing,"[{""name"": ""flood-mask-20"", ""quantity"": ""flood_extent"", ""unit"": null, ""scale"": ""binary"", ""crs"": ""EPSG:4326"", ""resolution_m"": 20, ""temporal_resolution_h"": null, ""processing_level"": null, ""surface_model"": null, ""vertical_datum"": null, ""acquisition_time"": null, ""available_time"": null, ""provenance"": ""authoritative-product"", ""band_role"": null, ""nodata_semantics"": null, ""uncertainty"": null, ""allowed_values"": null, ""observed_min"": null, ""observed_max"": null, ""attrs"": {""cloud_mask_applied"": true}}, {""name"": ""S1"", ""quantity"": ""backscatter"", ""unit"": null, ""scale"": ""continuous"", ""crs"": ""EPSG:32643"", ""resolution_m"": 10, ""temporal_resolution_h"": null, ""processing_level"": null, ""surface_model"": null, ""vertical_datum"": null, ""acquisition_time"": ""2024-07-01T10:00:00+00:00"", ""available_time"": null, ""provenance"": ""authoritative-product"", ""band_role"": null, ""nodata_semantics"": null, ""uncertainty"": null, ""allowed_values"": null, ""observed_min"": null, ""observed_max"": null, ""attrs"": {}}, {""name"": ""S2"", ""quantity"": ""reflectance"", ""unit"": null, ""scale"": ""continuous"", ""crs"": ""EPSG:32643"", ""resolution_m"": 10, ""temporal_resolution_h"": null, ""processing_level"": null, ""surface_model"": null, ""vertical_datum"": null, ""acquisition_time"": ""2024-07-04T10:00:00+00:00"", ""available_time"": null, ""provenance"": ""authoritative-product"", ""band_role"": null, ""nodata_semantics"": null, ""uncertainty"": null, ""allowed_values"": null, ""observed_min"": null, ""observed_max"": null, ""attrs"": {}}]","[{""op"": ""require_cloud_mask"", ""params"": {""artifact"": 0}}, {""op"": ""compare_sensors"", ""params"": {""a"": 1, ""b"": 2, ""tolerance_h"": 3}}, {""op"": ""area"", ""params"": {""artifact"": 0, ""method"": ""planar"", ""output_unit"": ""km2""}}]",,,,,,
SGX3_BLIND_flood_remote_sensing_025,blind-composition,blind,flood_remote_sensing,"[{""name"": ""flood-mask-10"", ""quantity"": ""flood_extent"", ""unit"": null, ""scale"": ""binary"", ""crs"": ""EPSG:4326"", ""resolution_m"": 10, ""temporal_resolution_h"": null, ""processing_level"": null, ""surface_model"": null, ""vertical_datum"": null, ""acquisition_time"": null, ""available_time"": null, ""provenance"": ""authoritative-product"", ""band_role"": null, ""nodata_semantics"": null, ""uncertainty"": null, ""allowed_values"": null, ""observed_min"": null, ""observed_max"": null, ""attrs"": {""cloud_mask_applied"": true}}, {""name"": ""S1"", ""quantity"": ""backscatter"", ""unit"": null, ""scale"": ""continuous"", ""crs"": ""EPSG:32643"", ""resolution_m"": 10, ""temporal_resolution_h"": null, ""processing_level"": null, ""surface_model"": null, ""vertical_datum"": null, ""acquisition_time"": ""2024-07-15T10:00:00+00:00"", ""available_time"": null, ""provenance"": ""authoritative-product"", ""band_role"": null, ""nodata_semantics"": null, ""uncertainty"": null, ""allowed_values"": null, ""observed_min"": null, ""observed_max"": null, ""attrs"": {}}, {""name"": ""S2"", ""quantity"": ""reflectance"", ""unit"": null, ""scale"": ""continuous"", ""crs"": ""EPSG:32643"", ""resolution_m"": 10, ""temporal_resolution_h"": null, ""processing_level"": null, ""surface_model"": null, ""vertical_datum"": null, ""acquisition_time"": ""2024-07-15T13:00:00+00:00"", ""available_time"": null, ""provenance"": ""authoritative-product"", ""band_role"": null, ""nodata_semantics"": null, ""uncertainty"": null, ""allowed_values"": null, ""observed_min"": null, ""observed_max"": null, ""attrs"": {}}]","[{""op"": ""require_cloud_mask"", ""params"": {""artifact"": 0}}, {""op"": ""compare_sensors"", ""params"": {""a"": 1, ""b"": 2, ""tolerance_h"": 3}}, {""op"": ""area"", ""params"": {""artifact"": 0, ""method"": ""geodesic"", ""output_unit"": ""km2""}}]",,,,,,
SGX3_BLIND_flood_remote_sensing_026,blind-composition,blind,flood_remote_sensing,"[{""name"": ""flood-mask-10"", ""quantity"": ""flood_extent"", ""unit"": null, ""scale"": ""binary"", ""crs"": ""EPSG:32643"", ""resolution_m"": 10, ""temporal_resolution_h"": null, ""processing_level"": null, ""surface_model"": null, ""vertical_datum"": null, ""acquisition_time"": null, ""available_time"": null, ""provenance"": ""authoritative-product"", ""band_role"": null, ""nodata_semantics"": null, ""uncertainty"": null, ""allowed_values"": null, ""observed_min"": null, ""observed_max"": null, ""attrs"": {""cloud_mask_applied"": false}}, {""name"": ""S1"", ""quantity"": ""backscatter"", ""unit"": null, ""scale"": ""continuous"", ""crs"": ""EPSG:32643"", ""resolution_m"": 10, ""temporal_resolution_h"": null, ""processing_level"": null, ""surface_model"": null, ""vertical_datum"": null, ""acquisition_time"": ""2024-07-15T10:00:00+00:00"", ""available_time"": null, ""provenance"": ""authoritative-product"", ""band_role"": null, ""nodata_semantics"": null, ""uncertainty"": null, ""allowed_values"": null, ""observed_min"": null, ""observed_max"": null, ""attrs"": {}}, {""name"": ""S2"", ""quantity"": ""reflectance"", ""unit"": null, ""scale"": ""continuous"", ""crs"": ""EPSG:32643"", ""resolution_m"": 10, ""temporal_resolution_h"": null, ""processing_level"": null, ""surface_model"": null, ""vertical_datum"": null, ""acquisition_time"": ""2024-07-18T10:00:00+00:00"", ""available_time"": null, ""provenance"": ""authoritative-product"", ""band_role"": null, ""nodata_semantics"": null, ""uncertainty"": null, ""allowed_values"": null, ""observed_min"": null, ""observed_max"": null, ""attrs"": {}}]","[{""op"": ""require_cloud_mask"", ""params"": {""artifact"": 0}}, {""op"": ""compare_sensors"", ""params"": {""a"": 1, ""b"": 2, ""tolerance_h"": 12}}, {""op"": ""area"", ""params"": {""artifact"": 0, ""method"": ""planar"", ""output_unit"": ""km2""}}]",,,,,,
SGX3_BLIND_flood_remote_sensing_027,blind-composition,blind,flood_remote_sensing,"[{""name"": ""flood-mask-30"", ""quantity"": ""flood_extent"", ""unit"": null, ""scale"": ""binary"", ""crs"": ""EPSG:6933"", ""resolution_m"": 30, ""temporal_resolution_h"": null, ""processing_level"": null, ""surface_model"": null, ""vertical_datum"": null, ""acquisition_time"": null, ""available_time"": null, ""provenance"": ""authoritative-product"", ""band_role"": null, ""nodata_semantics"": null, ""uncertainty"": null, ""allowed_values"": null, ""observed_min"": null, ""observed_max"": null, ""attrs"": {""cloud_mask_applied"": false}}, {""name"": ""S1"", ""quantity"": ""backscatter"", ""unit"": null, ""scale"": ""continuous"", ""crs"": ""EPSG:32643"", ""resolution_m"": 10, ""temporal_resolution_h"": null, ""processing_level"": null, ""surface_model"": null, ""vertical_datum"": null, ""acquisition_time"": ""2024-07-01T10:00:00+00:00"", ""available_time"": null, ""provenance"": ""authoritative-product"", ""band_role"": null, ""nodata_semantics"": null, ""uncertainty"": null, ""allowed_values"": null, ""observed_min"": null, ""observed_max"": null, ""attrs"": {}}, {""name"": ""S2"", ""quantity"": ""reflectance"", ""unit"": null, ""scale"": ""continuous"", ""crs"": ""EPSG:32643"", ""resolution_m"": 10, ""temporal_resolution_h"": null, ""processing_level"": null, ""surface_model"": null, ""vertical_datum"": null, ""acquisition_time"": ""2024-07-01T13:00:00+00:00"", ""available_time"": null, ""provenance"": ""authoritative-product"", ""band_role"": null, ""nodata_semantics"": null, ""uncertainty"": null, ""allowed_values"": null, ""observed_min"": null, ""observed_max"": null, ""attrs"": {}}]","[{""op"": ""require_cloud_mask"", ""params"": {""artifact"": 0}}, {""op"": ""compare_sensors"", ""params"": {""a"": 1, ""b"": 2, ""tolerance_h"": 24}}, {""op"": ""area"", ""params"": {""artifact"": 0, ""method"": ""geodesic"", ""output_unit"": ""km2""}}]",,,,,,
SGX3_BLIND_flood_remote_sensing_028,blind-composition,blind,flood_remote_sensing,"[{""name"": ""flood-mask-20"", ""quantity"": ""flood_extent"", ""unit"": null, ""scale"": ""binary"", ""crs"": ""EPSG:32643"", ""resolution_m"": 20, ""temporal_resolution_h"": null, ""processing_level"": null, ""surface_model"": null, ""vertical_datum"": null, ""acquisition_time"": null, ""available_time"": null, ""provenance"": ""authoritative-product"", ""band_role"": null, ""nodata_semantics"": null, ""uncertainty"": null, ""allowed_values"": null, ""observed_min"": null, ""observed_max"": null, ""attrs"": {""cloud_mask_applied"": false}}, {""name"": ""S1"", ""quantity"": ""backscatter"", ""unit"": null, ""scale"": ""continuous"", ""crs"": ""EPSG:32643"", ""resolution_m"": 10, ""temporal_resolution_h"": null, ""processing_level"": null, ""surface_model"": null, ""vertical_datum"": null, ""acquisition_time"": ""2024-07-05T10:00:00+00:00"", ""available_time"": null, ""provenance"": ""authoritative-product"", ""band_role"": null, ""nodata_semantics"": null, ""uncertainty"": null, ""allowed_values"": null, ""observed_min"": null, ""observed_max"": null, ""attrs"": {}}, {""name"": ""S2"", ""quantity"": ""reflectance"", ""unit"": null, ""scale"": ""continuous"", ""crs"": ""EPSG:32643"", ""resolution_m"": 10, ""temporal_resolution_h"": null, ""processing_level"": null, ""surface_model"": null, ""vertical_datum"": null, ""acquisition_time"": ""2024-07-08T10:00:00+00:00"", ""available_time"": null, ""provenance"": ""authoritative-product"", ""band_role"": null, ""nodata_semantics"": null, ""uncertainty"": null, ""allowed_values"": null, ""observed_min"": null, ""observed_max"": null, ""attrs"": {}}]","[{""op"": ""require_cloud_mask"", ""params"": {""artifact"": 0}}, {""op"": ""compare_sensors"", ""params"": {""a"": 1, ""b"": 2, ""tolerance_h"": 3}}, {""op"": ""area"", ""params"": {""artifact"": 0, ""method"": ""geodesic"", ""output_unit"": ""km2""}}]",,,,,,
SGX3_BLIND_flood_remote_sensing_029,blind-composition,blind,flood_remote_sensing,"[{""name"": ""flood-mask-10"", ""quantity"": ""flood_extent"", ""unit"": null, ""scale"": ""binary"", ""crs"": ""EPSG:6933"", ""resolution_m"": 10, ""temporal_resolution_h"": null, ""processing_level"": null, ""surface_model"": null, ""vertical_datum"": null, ""acquisition_time"": null, ""available_time"": null, ""provenance"": ""authoritative-product"", ""band_role"": null, ""nodata_semantics"": null, ""uncertainty"": null, ""allowed_values"": null, ""observed_min"": null, ""observed_max"": null, ""attrs"": {""cloud_mask_applied"": true}}, {""name"": ""S1"", ""quantity"": ""backscatter"", ""unit"": null, ""scale"": ""continuous"", ""crs"": ""EPSG:32643"", ""resolution_m"": 10, ""temporal_resolution_h"": null, ""processing_level"": null, ""surface_model"": null, ""vertical_datum"": null, ""acquisition_time"": ""2024-07-10T10:00:00+00:00"", ""available_time"": null, ""provenance"": ""authoritative-product"", ""band_role"": null, ""nodata_semantics"": null, ""uncertainty"": null, ""allowed_values"": null, ""observed_min"": null, ""observed_max"": null, ""attrs"": {}}, {""name"": ""S2"", ""quantity"": ""reflectance"", ""unit"": null, ""scale"": ""continuous"", ""crs"": ""EPSG:32643"", ""resolution_m"": 10, ""temporal_resolution_h"": null, ""processing_level"": null, ""surface_model"": null, ""vertical_datum"": null, ""acquisition_time"": ""2024-07-10T10:00:00+00:00"", ""available_time"": null, ""provenance"": ""authoritative-product"", ""band_role"": null, ""nodata_semantics"": null, ""uncertainty"": null, ""allowed_values"": null, ""observed_min"": null, ""observed_max"": null, ""attrs"": {}}]","[{""op"": ""require_cloud_mask"", ""params"": {""artifact"": 0}}, {""op"": ""compare_sensors"", ""params"": {""a"": 1, ""b"": 2, ""tolerance_h"": 6}}, {""op"": ""area"", ""params"": {""artifact"": 0, ""method"": ""geodesic"", ""output_unit"": ""km2""}}]",,,,,,
SGX3_BLIND_flood_remote_sensing_030,blind-composition,blind,flood_remote_sensing,"[{""name"": ""flood-mask-10"", ""quantity"": ""flood_extent"", ""unit"": null, ""scale"": ""binary"", ""crs"": ""EPSG:32643"", ""resolution_m"": 10, ""temporal_resolution_h"": null, ""processing_level"": null, ""surface_model"": null, ""vertical_datum"": null, ""acquisition_time"": null, ""available_time"": null, ""provenance"": ""authoritative-product"", ""band_role"": null, ""nodata_semantics"": null, ""uncertainty"": null, ""allowed_values"": null, ""observed_min"": null, ""observed_max"": null, ""attrs"": {""cloud_mask_applied"": false}}, {""name"": ""S1"", ""quantity"": ""backscatter"", ""unit"": null, ""scale"": ""continuous"", ""crs"": ""EPSG:32643"", ""resolution_m"": 10, ""temporal_resolution_h"": null, ""processing_level"": null, ""surface_model"": null, ""vertical_datum"": null, ""acquisition_time"": ""2024-07-05T10:00:00+00:00"", ""available_time"": null, ""provenance"": ""authoritative-product"", ""band_role"": null, ""nodata_semantics"": null, ""uncertainty"": null, ""allowed_values"": null, ""observed_min"": null, ""observed_max"": null, ""attrs"": {}}, {""name"": ""S2"", ""quantity"": ""reflectance"", ""unit"": null, ""scale"": ""continuous"", ""crs"": ""EPSG:32643"", ""resolution_m"": 10, ""temporal_resolution_h"": null, ""processing_level"": null, ""surface_model"": null, ""vertical_datum"": null, ""acquisition_time"": ""2024-07-07T10:00:00+00:00"", ""available_time"": null, ""provenance"": ""authoritative-product"", ""band_role"": null, ""nodata_semantics"": null, ""uncertainty"": null, ""allowed_values"": null, ""observed_min"": null, ""observed_max"": null, ""attrs"": {}}]","[{""op"": ""require_cloud_mask"", ""params"": {""artifact"": 0}}, {""op"": ""compare_sensors"", ""params"": {""a"": 1, ""b"": 2, ""tolerance_h"": 24}}, {""op"": ""area"", ""params"": {""artifact"": 0, ""method"": ""planar"", ""output_unit"": ""km2""}}]",,,,,,
SGX3_BLIND_flood_remote_sensing_031,blind-composition,blind,flood_remote_sensing,"[{""name"": ""flood-mask-30"", ""quantity"": ""flood_extent"", ""unit"": null, ""scale"": ""binary"", ""crs"": ""EPSG:4326"", ""resolution_m"": 30, ""temporal_resolution_h"": null, ""processing_level"": null, ""surface_model"": null, ""vertical_datum"": null, ""acquisition_time"": null, ""available_time"": null, ""provenance"": ""authoritative-product"", ""band_role"": null, ""nodata_semantics"": null, ""uncertainty"": null, ""allowed_values"": null, ""observed_min"": null, ""observed_max"": null, ""attrs"": {""cloud_mask_applied"": true}}, {""name"": ""S1"", ""quantity"": ""backscatter"", ""unit"": null, ""scale"": ""continuous"", ""crs"": ""EPSG:32643"", ""resolution_m"": 10, ""temporal_resolution_h"": null, ""processing_level"": null, ""surface_model"": null, ""vertical_datum"": null, ""acquisition_time"": ""2024-07-05T10:00:00+00:00"", ""available_time"": null, ""provenance"": ""authoritative-product"", ""band_role"": null, ""nodata_semantics"": null, ""uncertainty"": null, ""allowed_values"": null, ""observed_min"": null, ""observed_max"": null, ""attrs"": {}}, {""name"": ""S2"", ""quantity"": ""reflectance"", ""unit"": null, ""scale"": ""continuous"", ""crs"": ""EPSG:32643"", ""resolution_m"": 10, ""temporal_resolution_h"": null, ""processing_level"": null, ""surface_model"": null, ""vertical_datum"": null, ""acquisition_time"": ""2024-07-08T10:00:00+00:00"", ""available_time"": null, ""provenance"": ""authoritative-product"", ""band_role"": null, ""nodata_semantics"": null, ""uncertainty"": null, ""allowed_values"": null, ""observed_min"": null, ""observed_max"": null, ""attrs"": {}}]","[{""op"": ""require_cloud_mask"", ""params"": {""artifact"": 0}}, {""op"": ""compare_sensors"", ""params"": {""a"": 1, ""b"": 2, ""tolerance_h"": 3}}, {""op"": ""area"", ""params"": {""artifact"": 0, ""method"": ""geodesic"", ""output_unit"": ""km2""}}]",,,,,,
SGX3_BLIND_flood_remote_sensing_032,blind-composition,blind,flood_remote_sensing,"[{""name"": ""flood-mask-30"", ""quantity"": ""flood_extent"", ""unit"": null, ""scale"": ""binary"", ""crs"": ""EPSG:32643"", ""resolution_m"": 30, ""temporal_resolution_h"": null, ""processing_level"": null, ""surface_model"": null, ""vertical_datum"": null, ""acquisition_time"": null, ""available_time"": null, ""provenance"": ""authoritative-product"", ""band_role"": null, ""nodata_semantics"": null, ""uncertainty"": null, ""allowed_values"": null, ""observed_min"": null, ""observed_max"": null, ""attrs"": {""cloud_mask_applied"": true}}, {""name"": ""S1"", ""quantity"": ""backscatter"", ""unit"": null, ""scale"": ""continuous"", ""crs"": ""EPSG:32643"", ""resolution_m"": 10, ""temporal_resolution_h"": null, ""processing_level"": null, ""surface_model"": null, ""vertical_datum"": null, ""acquisition_time"": ""2024-07-15T10:00:00+00:00"", ""available_time"": null, ""provenance"": ""authoritative-product"", ""band_role"": null, ""nodata_semantics"": null, ""uncertainty"": null, ""allowed_values"": null, ""observed_min"": null, ""observed_max"": null, ""attrs"": {}}, {""name"": ""S2"", ""quantity"": ""reflectance"", ""unit"": null, ""scale"": ""continuous"", ""crs"": ""EPSG:32643"", ""resolution_m"": 10, ""temporal_resolution_h"": null, ""processing_level"": null, ""surface_model"": null, ""vertical_datum"": null, ""acquisition_time"": ""2024-07-18T10:00:00+00:00"", ""available_time"": null, ""provenance"": ""authoritative-product"", ""band_role"": null, ""nodata_semantics"": null, ""uncertainty"": null, ""allowed_values"": null, ""observed_min"": null, ""observed_max"": null, ""attrs"": {}}]","[{""op"": ""require_cloud_mask"", ""params"": {""artifact"": 0}}, {""op"": ""compare_sensors"", ""params"": {""a"": 1, ""b"": 2, ""tolerance_h"": 12}}, {""op"": ""area"", ""params"": {""artifact"": 0, ""method"": ""planar"", ""output_unit"": ""km2""}}]",,,,,,
SGX3_BLIND_flood_remote_sensing_033,blind-composition,blind,flood_remote_sensing,"[{""name"": ""flood-mask-20"", ""quantity"": ""flood_extent"", ""unit"": null, ""scale"": ""binary"", ""crs"": ""EPSG:6933"", ""resolution_m"": 20, ""temporal_resolution_h"": null, ""processing_level"": null, ""surface_model"": null, ""vertical_datum"": null, ""acquisition_time"": null, ""available_time"": null, ""provenance"": ""authoritative-product"", ""band_role"": null, ""nodata_semantics"": null, ""uncertainty"": null, ""allowed_values"": null, ""observed_min"": null, ""observed_max"": null, ""attrs"": {""cloud_mask_applied"": true}}, {""name"": ""S1"", ""quantity"": ""backscatter"", ""unit"": null, ""scale"": ""continuous"", ""crs"": ""EPSG:32643"", ""resolution_m"": 10, ""temporal_resolution_h"": null, ""processing_level"": null, ""surface_model"": null, ""vertical_datum"": null, ""acquisition_time"": ""2024-07-05T10:00:00+00:00"", ""available_time"": null, ""provenance"": ""authoritative-product"", ""band_role"": null, ""nodata_semantics"": null, ""uncertainty"": null, ""allowed_values"": null, ""observed_min"": null, ""observed_max"": null, ""attrs"": {}}, {""name"": ""S2"", ""quantity"": ""reflectance"", ""unit"": null, ""scale"": ""continuous"", ""crs"": ""EPSG:32643"", ""resolution_m"": 10, ""temporal_resolution_h"": null, ""processing_level"": null, ""surface_model"": null, ""vertical_datum"": null, ""acquisition_time"": ""2024-07-08T10:00:00+00:00"", ""available_time"": null, ""provenance"": ""authoritative-product"", ""band_role"": null, ""nodata_semantics"": null, ""uncertainty"": null, ""allowed_values"": null, ""observed_min"": null, ""observed_max"": null, ""attrs"": {}}]","[{""op"": ""require_cloud_mask"", ""params"": {""artifact"": 0}}, {""op"": ""compare_sensors"", ""params"": {""a"": 1, ""b"": 2, ""tolerance_h"": 12}}, {""op"": ""area"", ""params"": {""artifact"": 0, ""method"": ""geodesic"", ""output_unit"": ""km2""}}]",,,,,,
SGX3_BLIND_flood_remote_sensing_034,blind-composition,blind,flood_remote_sensing,"[{""name"": ""flood-mask-20"", ""quantity"": ""flood_extent"", ""unit"": null, ""scale"": ""binary"", ""crs"": ""EPSG:4326"", ""resolution_m"": 20, ""temporal_resolution_h"": null, ""processing_level"": null, ""surface_model"": null, ""vertical_datum"": null, ""acquisition_time"": null, ""available_time"": null, ""provenance"": ""authoritative-product"", ""band_role"": null, ""nodata_semantics"": null, ""uncertainty"": null, ""allowed_values"": null, ""observed_min"": null, ""observed_max"": null, ""attrs"": {""cloud_mask_applied"": false}}, {""name"": ""S1"", ""quantity"": ""backscatter"", ""unit"": null, ""scale"": ""continuous"", ""crs"": ""EPSG:32643"", ""resolution_m"": 10, ""temporal_resolution_h"": null, ""processing_level"": null, ""surface_model"": null, ""vertical_datum"": null, ""acquisition_time"": ""2024-07-10T10:00:00+00:00"", ""available_time"": null, ""provenance"": ""authoritative-product"", ""band_role"": null, ""nodata_semantics"": null, ""uncertainty"": null, ""allowed_values"": null, ""observed_min"": null, ""observed_max"": null, ""attrs"": {}}, {""name"": ""S2"", ""quantity"": ""reflectance"", ""unit"": null, ""scale"": ""continuous"", ""crs"": ""EPSG:32643"", ""resolution_m"": 10, ""temporal_resolution_h"": null, ""processing_level"": null, ""surface_model"": null, ""vertical_datum"": null, ""acquisition_time"": ""2024-07-13T10:00:00+00:00"", ""available_time"": null, ""provenance"": ""authoritative-product"", ""band_role"": null, ""nodata_semantics"": null, ""uncertainty"": null, ""allowed_values"": null, ""observed_min"": null, ""observed_max"": null, ""attrs"": {}}]","[{""op"": ""require_cloud_mask"", ""params"": {""artifact"": 0}}, {""op"": ""compare_sensors"", ""params"": {""a"": 1, ""b"": 2, ""tolerance_h"": 12}}, {""op"": ""area"", ""params"": {""artifact"": 0, ""method"": ""planar"", ""output_unit"": ""km2""}}]",,,,,,
SGX3_BLIND_flood_remote_sensing_035,blind-composition,blind,flood_remote_sensing,"[{""name"": ""flood-mask-20"", ""quantity"": ""flood_extent"", ""unit"": null, ""scale"": ""binary"", ""crs"": ""EPSG:6933"", ""resolution_m"": 20, ""temporal_resolution_h"": null, ""processing_level"": null, ""surface_model"": null, ""vertical_datum"": null, ""acquisition_time"": null, ""available_time"": null, ""provenance"": ""authoritative-product"", ""band_role"": null, ""nodata_semantics"": null, ""uncertainty"": null, ""allowed_values"": null, ""observed_min"": null, ""observed_max"": null, ""attrs"": {""cloud_mask_applied"": false}}, {""name"": ""S1"", ""quantity"": ""backscatter"", ""unit"": null, ""scale"": ""continuous"", ""crs"": ""EPSG:32643"", ""resolution_m"": 10, ""temporal_resolution_h"": null, ""processing_level"": null, ""surface_model"": null, ""vertical_datum"": null, ""acquisition_time"": ""2024-07-10T10:00:00+00:00"", ""available_time"": null, ""provenance"": ""authoritative-product"", ""band_role"": null, ""nodata_semantics"": null, ""uncertainty"": null, ""allowed_values"": null, ""observed_min"": null, ""observed_max"": null, ""attrs"": {}}, {""name"": ""S2"", ""quantity"": ""reflectance"", ""unit"": null, ""scale"": ""continuous"", ""crs"": ""EPSG:32643"", ""resolution_m"": 10, ""temporal_resolution_h"": null, ""processing_level"": null, ""surface_model"": null, ""vertical_datum"": null, ""acquisition_time"": ""2024-07-10T22:00:00+00:00"", ""available_time"": null, ""provenance"": ""authoritative-product"", ""band_role"": null, ""nodata_semantics"": null, ""uncertainty"": null, ""allowed_values"": null, ""observed_min"": null, ""observed_max"": null, ""attrs"": {}}]","[{""op"": ""require_cloud_mask"", ""params"": {""artifact"": 0}}, {""op"": ""compare_sensors"", ""params"": {""a"": 1, ""b"": 2, ""tolerance_h"": 3}}, {""op"": ""area"", ""params"": {""artifact"": 0, ""method"": ""geodesic"", ""output_unit"": ""km2""}}]",,,,,,
SGX3_BLIND_flood_remote_sensing_036,blind-composition,blind,flood_remote_sensing,"[{""name"": ""flood-mask-10"", ""quantity"": ""flood_extent"", ""unit"": null, ""scale"": ""binary"", ""crs"": ""EPSG:32643"", ""resolution_m"": 10, ""temporal_resolution_h"": null, ""processing_level"": null, ""surface_model"": null, ""vertical_datum"": null, ""acquisition_time"": null, ""available_time"": null, ""provenance"": ""authoritative-product"", ""band_role"": null, ""nodata_semantics"": null, ""uncertainty"": null, ""allowed_values"": null, ""observed_min"": null, ""observed_max"": null, ""attrs"": {""cloud_mask_applied"": true}}, {""name"": ""S1"", ""quantity"": ""backscatter"", ""unit"": null, ""scale"": ""continuous"", ""crs"": ""EPSG:32643"", ""resolution_m"": 10, ""temporal_resolution_h"": null, ""processing_level"": null, ""surface_model"": null, ""vertical_datum"": null, ""acquisition_time"": ""2024-07-05T10:00:00+00:00"", ""available_time"": null, ""provenance"": ""authoritative-product"", ""band_role"": null, ""nodata_semantics"": null, ""uncertainty"": null, ""allowed_values"": null, ""observed_min"": null, ""observed_max"": null, ""attrs"": {}}, {""name"": ""S2"", ""quantity"": ""reflectance"", ""unit"": null, ""scale"": ""continuous"", ""crs"": ""EPSG:32643"", ""resolution_m"": 10, ""temporal_resolution_h"": null, ""processing_level"": null, ""surface_model"": null, ""vertical_datum"": null, ""acquisition_time"": ""2024-07-05T10:00:00+00:00"", ""available_time"": null, ""provenance"": ""authoritative-product"", ""band_role"": null, ""nodata_semantics"": null, ""uncertainty"": null, ""allowed_values"": null, ""observed_min"": null, ""observed_max"": null, ""attrs"": {}}]","[{""op"": ""require_cloud_mask"", ""params"": {""artifact"": 0}}, {""op"": ""compare_sensors"", ""params"": {""a"": 1, ""b"": 2, ""tolerance_h"": 12}}, {""op"": ""area"", ""params"": {""artifact"": 0, ""method"": ""geodesic"", ""output_unit"": ""km2""}}]",,,,,,
SGX3_BLIND_flood_remote_sensing_037,blind-composition,blind,flood_remote_sensing,"[{""name"": ""flood-mask-20"", ""quantity"": ""flood_extent"", ""unit"": null, ""scale"": ""binary"", ""crs"": ""EPSG:4326"", ""resolution_m"": 20, ""temporal_resolution_h"": null, ""processing_level"": null, ""surface_model"": null, ""vertical_datum"": null, ""acquisition_time"": null, ""available_time"": null, ""provenance"": ""authoritative-product"", ""band_role"": null, ""nodata_semantics"": null, ""uncertainty"": null, ""allowed_values"": null, ""observed_min"": null, ""observed_max"": null, ""attrs"": {""cloud_mask_applied"": false}}, {""name"": ""S1"", ""quantity"": ""backscatter"", ""unit"": null, ""scale"": ""continuous"", ""crs"": ""EPSG:32643"", ""resolution_m"": 10, ""temporal_resolution_h"": null, ""processing_level"": null, ""surface_model"": null, ""vertical_datum"": null, ""acquisition_time"": ""2024-07-05T10:00:00+00:00"", ""available_time"": null, ""provenance"": ""authoritative-product"", ""band_role"": null, ""nodata_semantics"": null, ""uncertainty"": null, ""allowed_values"": null, ""observed_min"": null, ""observed_max"": null, ""attrs"": {}}, {""name"": ""S2"", ""quantity"": ""reflectance"", ""unit"": null, ""scale"": ""continuous"", ""crs"": ""EPSG:32643"", ""resolution_m"": 10, ""temporal_resolution_h"": null, ""processing_level"": null, ""surface_model"": null, ""vertical_datum"": null, ""acquisition_time"": ""2024-07-05T22:00:00+00:00"", ""available_time"": null, ""provenance"": ""authoritative-product"", ""band_role"": null, ""nodata_semantics"": null, ""uncertainty"": null, ""allowed_values"": null, ""observed_min"": null, ""observed_max"": null, ""attrs"": {}}]","[{""op"": ""require_cloud_mask"", ""params"": {""artifact"": 0}}, {""op"": ""compare_sensors"", ""params"": {""a"": 1, ""b"": 2, ""tolerance_h"": 3}}, {""op"": ""area"", ""params"": {""artifact"": 0, ""method"": ""planar"", ""output_unit"": ""km2""}}]",,,,,,
SGX3_BLIND_flood_remote_sensing_038,blind-composition,blind,flood_remote_sensing,"[{""name"": ""flood-mask-30"", ""quantity"": ""flood_extent"", ""unit"": null, ""scale"": ""binary"", ""crs"": ""EPSG:32643"", ""resolution_m"": 30, ""temporal_resolution_h"": null, ""processing_level"": null, ""surface_model"": null, ""vertical_datum"": null, ""acquisition_time"": null, ""available_time"": null, ""provenance"": ""authoritative-product"", ""band_role"": null, ""nodata_semantics"": null, ""uncertainty"": null, ""allowed_values"": null, ""observed_min"": null, ""observed_max"": null, ""attrs"": {""cloud_mask_applied"": true}}, {""name"": ""S1"", ""quantity"": ""backscatter"", ""unit"": null, ""scale"": ""continuous"", ""crs"": ""EPSG:32643"", ""resolution_m"": 10, ""temporal_resolution_h"": null, ""processing_level"": null, ""surface_model"": null, ""vertical_datum"": null, ""acquisition_time"": ""2024-07-05T10:00:00+00:00"", ""available_time"": null, ""provenance"": ""authoritative-product"", ""band_role"": null, ""nodata_semantics"": null, ""uncertainty"": null, ""allowed_values"": null, ""observed_min"": null, ""observed_max"": null, ""attrs"": {}}, {""name"": ""S2"", ""quantity"": ""reflectance"", ""unit"": null, ""scale"": ""continuous"", ""crs"": ""EPSG:32643"", ""resolution_m"": 10, ""temporal_resolution_h"": null, ""processing_level"": null, ""surface_model"": null, ""vertical_datum"": null, ""acquisition_time"": ""2024-07-05T22:00:00+00:00"", ""available_time"": null, ""provenance"": ""authoritative-product"", ""band_role"": null, ""nodata_semantics"": null, ""uncertainty"": null, ""allowed_values"": null, ""observed_min"": null, ""observed_max"": null, ""attrs"": {}}]","[{""op"": ""require_cloud_mask"", ""params"": {""artifact"": 0}}, {""op"": ""compare_sensors"", ""params"": {""a"": 1, ""b"": 2, ""tolerance_h"": 3}}, {""op"": ""area"", ""params"": {""artifact"": 0, ""method"": ""geodesic"", ""output_unit"": ""km2""}}]",,,,,,
SGX3_BLIND_flood_remote_sensing_039,blind-composition,blind,flood_remote_sensing,"[{""name"": ""flood-mask-10"", ""quantity"": ""flood_extent"", ""unit"": null, ""scale"": ""binary"", ""crs"": ""EPSG:4326"", ""resolution_m"": 10, ""temporal_resolution_h"": null, ""processing_level"": null, ""surface_model"": null, ""vertical_datum"": null, ""acquisition_time"": null, ""available_time"": null, ""provenance"": ""authoritative-product"", ""band_role"": null, ""nodata_semantics"": null, ""uncertainty"": null, ""allowed_values"": null, ""observed_min"": null, ""observed_max"": null, ""attrs"": {""cloud_mask_applied"": false}}, {""name"": ""S1"", ""quantity"": ""backscatter"", ""unit"": null, ""scale"": ""continuous"", ""crs"": ""EPSG:32643"", ""resolution_m"": 10, ""temporal_resolution_h"": null, ""processing_level"": null, ""surface_model"": null, ""vertical_datum"": null, ""acquisition_time"": ""2024-07-15T10:00:00+00:00"", ""available_time"": null, ""provenance"": ""authoritative-product"", ""band_role"": null, ""nodata_semantics"": null, ""uncertainty"": null, ""allowed_values"": null, ""observed_min"": null, ""observed_max"": null, ""attrs"": {}}, {""name"": ""S2"", ""quantity"": ""reflectance"", ""unit"": null, ""scale"": ""continuous"", ""crs"": ""EPSG:32643"", ""resolution_m"": 10, ""temporal_resolution_h"": null, ""processing_level"": null, ""surface_model"": null, ""vertical_datum"": null, ""acquisition_time"": ""2024-07-18T10:00:00+00:00"", ""available_time"": null, ""provenance"": ""authoritative-product"", ""band_role"": null, ""nodata_semantics"": null, ""uncertainty"": null, ""allowed_values"": null, ""observed_min"": null, ""observed_max"": null, ""attrs"": {}}]","[{""op"": ""require_cloud_mask"", ""params"": {""artifact"": 0}}, {""op"": ""compare_sensors"", ""params"": {""a"": 1, ""b"": 2, ""tolerance_h"": 24}}, {""op"": ""area"", ""params"": {""artifact"": 0, ""method"": ""geodesic"", ""output_unit"": ""km2""}}]",,,,,,
SGX3_BLIND_flood_remote_sensing_040,blind-composition,blind,flood_remote_sensing,"[{""name"": ""flood-mask-10"", ""quantity"": ""flood_extent"", ""unit"": null, ""scale"": ""binary"", ""crs"": ""EPSG:32643"", ""resolution_m"": 10, ""temporal_resolution_h"": null, ""processing_level"": null, ""surface_model"": null, ""vertical_datum"": null, ""acquisition_time"": null, ""available_time"": null, ""provenance"": ""authoritative-product"", ""band_role"": null, ""nodata_semantics"": null, ""uncertainty"": null, ""allowed_values"": null, ""observed_min"": null, ""observed_max"": null, ""attrs"": {""cloud_mask_applied"": false}}, {""name"": ""S1"", ""quantity"": ""backscatter"", ""unit"": null, ""scale"": ""continuous"", ""crs"": ""EPSG:32643"", ""resolution_m"": 10, ""temporal_resolution_h"": null, ""processing_level"": null, ""surface_model"": null, ""vertical_datum"": null, ""acquisition_time"": ""2024-07-15T10:00:00+00:00"", ""available_time"": null, ""provenance"": ""authoritative-product"", ""band_role"": null, ""nodata_semantics"": null, ""uncertainty"": null, ""allowed_values"": null, ""observed_min"": null, ""observed_max"": null, ""attrs"": {}}, {""name"": ""S2"", ""quantity"": ""reflectance"", ""unit"": null, ""scale"": ""continuous"", ""crs"": ""EPSG:32643"", ""resolution_m"": 10, ""temporal_resolution_h"": null, ""processing_level"": null, ""surface_model"": null, ""vertical_datum"": null, ""acquisition_time"": ""2024-07-15T22:00:00+00:00"", ""available_time"": null, ""provenance"": ""authoritative-product"", ""band_role"": null, ""nodata_semantics"": null, ""uncertainty"": null, ""allowed_values"": null, ""observed_min"": null, ""observed_max"": null, ""attrs"": {}}]","[{""op"": ""require_cloud_mask"", ""params"": {""artifact"": 0}}, {""op"": ""compare_sensors"", ""params"": {""a"": 1, ""b"": 2, ""tolerance_h"": 6}}, {""op"": ""area"", ""params"": {""artifact"": 0, ""method"": ""planar"", ""output_unit"": ""km2""}}]",,,,,,
SGX3_BLIND_flood_remote_sensing_041,blind-composition,blind,flood_remote_sensing,"[{""name"": ""flood-mask-10"", ""quantity"": ""flood_extent"", ""unit"": null, ""scale"": ""binary"", ""crs"": ""EPSG:32643"", ""resolution_m"": 10, ""temporal_resolution_h"": null, ""processing_level"": null, ""surface_model"": null, ""vertical_datum"": null, ""acquisition_time"": null, ""available_time"": null, ""provenance"": ""authoritative-product"", ""band_role"": null, ""nodata_semantics"": null, ""uncertainty"": null, ""allowed_values"": null, ""observed_min"": null, ""observed_max"": null, ""attrs"": {""cloud_mask_applied"": true}}, {""name"": ""S1"", ""quantity"": ""backscatter"", ""unit"": null, ""scale"": ""continuous"", ""crs"": ""EPSG:32643"", ""resolution_m"": 10, ""temporal_resolution_h"": null, ""processing_level"": null, ""surface_model"": null, ""vertical_datum"": null, ""acquisition_time"": ""2024-07-01T10:00:00+00:00"", ""available_time"": null, ""provenance"": ""authoritative-product"", ""band_role"": null, ""nodata_semantics"": null, ""uncertainty"": null, ""allowed_values"": null, ""observed_min"": null, ""observed_max"": null, ""attrs"": {}}, {""name"": ""S2"", ""quantity"": ""reflectance"", ""unit"": null, ""scale"": ""continuous"", ""crs"": ""EPSG:32643"", ""resolution_m"": 10, ""temporal_resolution_h"": null, ""processing_level"": null, ""surface_model"": null, ""vertical_datum"": null, ""acquisition_time"": ""2024-07-03T10:00:00+00:00"", ""available_time"": null, ""provenance"": ""authoritative-product"", ""band_role"": null, ""nodata_semantics"": null, ""uncertainty"": null, ""allowed_values"": null, ""observed_min"": null, ""observed_max"": null, ""attrs"": {}}]","[{""op"": ""require_cloud_mask"", ""params"": {""artifact"": 0}}, {""op"": ""compare_sensors"", ""params"": {""a"": 1, ""b"": 2, ""tolerance_h"": 3}}, {""op"": ""area"", ""params"": {""artifact"": 0, ""method"": ""geodesic"", ""output_unit"": ""km2""}}]",,,,,,
SGX3_BLIND_flood_remote_sensing_042,blind-composition,blind,flood_remote_sensing,"[{""name"": ""flood-mask-10"", ""quantity"": ""flood_extent"", ""unit"": null, ""scale"": ""binary"", ""crs"": ""EPSG:6933"", ""resolution_m"": 10, ""temporal_resolution_h"": null, ""processing_level"": null, ""surface_model"": null, ""vertical_datum"": null, ""acquisition_time"": null, ""available_time"": null, ""provenance"": ""authoritative-product"", ""band_role"": null, ""nodata_semantics"": null, ""uncertainty"": null, ""allowed_values"": null, ""observed_min"": null, ""observed_max"": null, ""attrs"": {""cloud_mask_applied"": true}}, {""name"": ""S1"", ""quantity"": ""backscatter"", ""unit"": null, ""scale"": ""continuous"", ""crs"": ""EPSG:32643"", ""resolution_m"": 10, ""temporal_resolution_h"": null, ""processing_level"": null, ""surface_model"": null, ""vertical_datum"": null, ""acquisition_time"": ""2024-07-15T10:00:00+00:00"", ""available_time"": null, ""provenance"": ""authoritative-product"", ""band_role"": null, ""nodata_semantics"": null, ""uncertainty"": null, ""allowed_values"": null, ""observed_min"": null, ""observed_max"": null, ""attrs"": {}}, {""name"": ""S2"", ""quantity"": ""reflectance"", ""unit"": null, ""scale"": ""continuous"", ""crs"": ""EPSG:32643"", ""resolution_m"": 10, ""temporal_resolution_h"": null, ""processing_level"": null, ""surface_model"": null, ""vertical_datum"": null, ""acquisition_time"": ""2024-07-17T10:00:00+00:00"", ""available_time"": null, ""provenance"": ""authoritative-product"", ""band_role"": null, ""nodata_semantics"": null, ""uncertainty"": null, ""allowed_values"": null, ""observed_min"": null, ""observed_max"": null, ""attrs"": {}}]","[{""op"": ""require_cloud_mask"", ""params"": {""artifact"": 0}}, {""op"": ""compare_sensors"", ""params"": {""a"": 1, ""b"": 2, ""tolerance_h"": 12}}, {""op"": ""area"", ""params"": {""artifact"": 0, ""method"": ""geodesic"", ""output_unit"": ""km2""}}]",,,,,,
SGX3_BLIND_flood_remote_sensing_043,blind-composition,blind,flood_remote_sensing,"[{""name"": ""flood-mask-30"", ""quantity"": ""flood_extent"", ""unit"": null, ""scale"": ""binary"", ""crs"": ""EPSG:6933"", ""resolution_m"": 30, ""temporal_resolution_h"": null, ""processing_level"": null, ""surface_model"": null, ""vertical_datum"": null, ""acquisition_time"": null, ""available_time"": null, ""provenance"": ""authoritative-product"", ""band_role"": null, ""nodata_semantics"": null, ""uncertainty"": null, ""allowed_values"": null, ""observed_min"": null, ""observed_max"": null, ""attrs"": {""cloud_mask_applied"": true}}, {""name"": ""S1"", ""quantity"": ""backscatter"", ""unit"": null, ""scale"": ""continuous"", ""crs"": ""EPSG:32643"", ""resolution_m"": 10, ""temporal_resolution_h"": null, ""processing_level"": null, ""surface_model"": null, ""vertical_datum"": null, ""acquisition_time"": ""2024-07-05T10:00:00+00:00"", ""available_time"": null, ""provenance"": ""authoritative-product"", ""band_role"": null, ""nodata_semantics"": null, ""uncertainty"": null, ""allowed_values"": null, ""observed_min"": null, ""observed_max"": null, ""attrs"": {}}, {""name"": ""S2"", ""quantity"": ""reflectance"", ""unit"": null, ""scale"": ""continuous"", ""crs"": ""EPSG:32643"", ""resolution_m"": 10, ""temporal_resolution_h"": null, ""processing_level"": null, ""surface_model"": null, ""vertical_datum"": null, ""acquisition_time"": ""2024-07-05T13:00:00+00:00"", ""available_time"": null, ""provenance"": ""authoritative-product"", ""band_role"": null, ""nodata_semantics"": null, ""uncertainty"": null, ""allowed_values"": null, ""observed_min"": null, ""observed_max"": null, ""attrs"": {}}]","[{""op"": ""require_cloud_mask"", ""params"": {""artifact"": 0}}, {""op"": ""compare_sensors"", ""params"": {""a"": 1, ""b"": 2, ""tolerance_h"": 6}}, {""op"": ""area"", ""params"": {""artifact"": 0, ""method"": ""planar"", ""output_unit"": ""km2""}}]",,,,,,
SGX3_BLIND_flood_remote_sensing_044,blind-composition,blind,flood_remote_sensing,"[{""name"": ""flood-mask-10"", ""quantity"": ""flood_extent"", ""unit"": null, ""scale"": ""binary"", ""crs"": ""EPSG:4326"", ""resolution_m"": 10, ""temporal_resolution_h"": null, ""processing_level"": null, ""surface_model"": null, ""vertical_datum"": null, ""acquisition_time"": null, ""available_time"": null, ""provenance"": ""authoritative-product"", ""band_role"": null, ""nodata_semantics"": null, ""uncertainty"": null, ""allowed_values"": null, ""observed_min"": null, ""observed_max"": null, ""attrs"": {""cloud_mask_applied"": true}}, {""name"": ""S1"", ""quantity"": ""backscatter"", ""unit"": null, ""scale"": ""continuous"", ""crs"": ""EPSG:32643"", ""resolution_m"": 10, ""temporal_resolution_h"": null, ""processing_level"": null, ""surface_model"": null, ""vertical_datum"": null, ""acquisition_time"": ""2024-07-10T10:00:00+00:00"", ""available_time"": null, ""provenance"": ""authoritative-product"", ""band_role"": null, ""nodata_semantics"": null, ""uncertainty"": null, ""allowed_values"": null, ""observed_min"": null, ""observed_max"": null, ""attrs"": {}}, {""name"": ""S2"", ""quantity"": ""reflectance"", ""unit"": null, ""scale"": ""continuous"", ""crs"": ""EPSG:32643"", ""resolution_m"": 10, ""temporal_resolution_h"": null, ""processing_level"": null, ""surface_model"": null, ""vertical_datum"": null, ""acquisition_time"": ""2024-07-10T22:00:00+00:00"", ""available_time"": null, ""provenance"": ""authoritative-product"", ""band_role"": null, ""nodata_semantics"": null, ""uncertainty"": null, ""allowed_values"": null, ""observed_min"": null, ""observed_max"": null, ""attrs"": {}}]","[{""op"": ""require_cloud_mask"", ""params"": {""artifact"": 0}}, {""op"": ""compare_sensors"", ""params"": {""a"": 1, ""b"": 2, ""tolerance_h"": 3}}, {""op"": ""area"", ""params"": {""artifact"": 0, ""method"": ""geodesic"", ""output_unit"": ""km2""}}]",,,,,,
SGX3_BLIND_flood_remote_sensing_045,blind-composition,blind,flood_remote_sensing,"[{""name"": ""flood-mask-30"", ""quantity"": ""flood_extent"", ""unit"": null, ""scale"": ""binary"", ""crs"": ""EPSG:4326"", ""resolution_m"": 30, ""temporal_resolution_h"": null, ""processing_level"": null, ""surface_model"": null, ""vertical_datum"": null, ""acquisition_time"": null, ""available_time"": null, ""provenance"": ""authoritative-product"", ""band_role"": null, ""nodata_semantics"": null, ""uncertainty"": null, ""allowed_values"": null, ""observed_min"": null, ""observed_max"": null, ""attrs"": {""cloud_mask_applied"": true}}, {""name"": ""S1"", ""quantity"": ""backscatter"", ""unit"": null, ""scale"": ""continuous"", ""crs"": ""EPSG:32643"", ""resolution_m"": 10, ""temporal_resolution_h"": null, ""processing_level"": null, ""surface_model"": null, ""vertical_datum"": null, ""acquisition_time"": ""2024-07-10T10:00:00+00:00"", ""available_time"": null, ""provenance"": ""authoritative-product"", ""band_role"": null, ""nodata_semantics"": null, ""uncertainty"": null, ""allowed_values"": null, ""observed_min"": null, ""observed_max"": null, ""attrs"": {}}, {""name"": ""S2"", ""quantity"": ""reflectance"", ""unit"": null, ""scale"": ""continuous"", ""crs"": ""EPSG:32643"", ""resolution_m"": 10, ""temporal_resolution_h"": null, ""processing_level"": null, ""surface_model"": null, ""vertical_datum"": null, ""acquisition_time"": ""2024-07-10T13:00:00+00:00"", ""available_time"": null, ""provenance"": ""authoritative-product"", ""band_role"": null, ""nodata_semantics"": null, ""uncertainty"": null, ""allowed_values"": null, ""observed_min"": null, ""observed_max"": null, ""attrs"": {}}]","[{""op"": ""require_cloud_mask"", ""params"": {""artifact"": 0}}, {""op"": ""compare_sensors"", ""params"": {""a"": 1, ""b"": 2, ""tolerance_h"": 3}}, {""op"": ""area"", ""params"": {""artifact"": 0, ""method"": ""planar"", ""output_unit"": ""km2""}}]",,,,,,
SGX3_BLIND_flood_remote_sensing_046,blind-composition,blind,flood_remote_sensing,"[{""name"": ""flood-mask-20"", ""quantity"": ""flood_extent"", ""unit"": null, ""scale"": ""binary"", ""crs"": ""EPSG:32643"", ""resolution_m"": 20, ""temporal_resolution_h"": null, ""processing_level"": null, ""surface_model"": null, ""vertical_datum"": null, ""acquisition_time"": null, ""available_time"": null, ""provenance"": ""authoritative-product"", ""band_role"": null, ""nodata_semantics"": null, ""uncertainty"": null, ""allowed_values"": null, ""observed_min"": null, ""observed_max"": null, ""attrs"": {""cloud_mask_applied"": false}}, {""name"": ""S1"", ""quantity"": ""backscatter"", ""unit"": null, ""scale"": ""continuous"", ""crs"": ""EPSG:32643"", ""resolution_m"": 10, ""temporal_resolution_h"": null, ""processing_level"": null, ""surface_model"": null, ""vertical_datum"": null, ""acquisition_time"": ""2024-07-10T10:00:00+00:00"", ""available_time"": null, ""provenance"": ""authoritative-product"", ""band_role"": null, ""nodata_semantics"": null, ""uncertainty"": null, ""allowed_values"": null, ""observed_min"": null, ""observed_max"": null, ""attrs"": {}}, {""name"": ""S2"", ""quantity"": ""reflectance"", ""unit"": null, ""scale"": ""continuous"", ""crs"": ""EPSG:32643"", ""resolution_m"": 10, ""temporal_resolution_h"": null, ""processing_level"": null, ""surface_model"": null, ""vertical_datum"": null, ""acquisition_time"": ""2024-07-11T10:00:00+00:00"", ""available_time"": null, ""provenance"": ""authoritative-product"", ""band_role"": null, ""nodata_semantics"": null, ""uncertainty"": null, ""allowed_values"": null, ""observed_min"": null, ""observed_max"": null, ""attrs"": {}}]","[{""op"": ""require_cloud_mask"", ""params"": {""artifact"": 0}}, {""op"": ""compare_sensors"", ""params"": {""a"": 1, ""b"": 2, ""tolerance_h"": 6}}, {""op"": ""area"", ""params"": {""artifact"": 0, ""method"": ""planar"", ""output_unit"": ""km2""}}]",,,,,,
SGX3_BLIND_flood_remote_sensing_047,blind-composition,blind,flood_remote_sensing,"[{""name"": ""flood-mask-10"", ""quantity"": ""flood_extent"", ""unit"": null, ""scale"": ""binary"", ""crs"": ""EPSG:32643"", ""resolution_m"": 10, ""temporal_resolution_h"": null, ""processing_level"": null, ""surface_model"": null, ""vertical_datum"": null, ""acquisition_time"": null, ""available_time"": null, ""provenance"": ""authoritative-product"", ""band_role"": null, ""nodata_semantics"": null, ""uncertainty"": null, ""allowed_values"": null, ""observed_min"": null, ""observed_max"": null, ""attrs"": {""cloud_mask_applied"": true}}, {""name"": ""S1"", ""quantity"": ""backscatter"", ""unit"": null, ""scale"": ""continuous"", ""crs"": ""EPSG:32643"", ""resolution_m"": 10, ""temporal_resolution_h"": null, ""processing_level"": null, ""surface_model"": null, ""vertical_datum"": null, ""acquisition_time"": ""2024-07-05T10:00:00+00:00"", ""available_time"": null, ""provenance"": ""authoritative-product"", ""band_role"": null, ""nodata_semantics"": null, ""uncertainty"": null, ""allowed_values"": null, ""observed_min"": null, ""observed_max"": null, ""attrs"": {}}, {""name"": ""S2"", ""quantity"": ""reflectance"", ""unit"": null, ""scale"": ""continuous"", ""crs"": ""EPSG:32643"", ""resolution_m"": 10, ""temporal_resolution_h"": null, ""processing_level"": null, ""surface_model"": null, ""vertical_datum"": null, ""acquisition_time"": ""2024-07-05T13:00:00+00:00"", ""available_time"": null, ""provenance"": ""authoritative-product"", ""band_role"": null, ""nodata_semantics"": null, ""uncertainty"": null, ""allowed_values"": null, ""observed_min"": null, ""observed_max"": null, ""attrs"": {}}]","[{""op"": ""require_cloud_mask"", ""params"": {""artifact"": 0}}, {""op"": ""compare_sensors"", ""params"": {""a"": 1, ""b"": 2, ""tolerance_h"": 12}}, {""op"": ""area"", ""params"": {""artifact"": 0, ""method"": ""geodesic"", ""output_unit"": ""km2""}}]",,,,,,
SGX3_BLIND_flood_remote_sensing_048,blind-composition,blind,flood_remote_sensing,"[{""name"": ""flood-mask-20"", ""quantity"": ""flood_extent"", ""unit"": null, ""scale"": ""binary"", ""crs"": ""EPSG:4326"", ""resolution_m"": 20, ""temporal_resolution_h"": null, ""processing_level"": null, ""surface_model"": null, ""vertical_datum"": null, ""acquisition_time"": null, ""available_time"": null, ""provenance"": ""authoritative-product"", ""band_role"": null, ""nodata_semantics"": null, ""uncertainty"": null, ""allowed_values"": null, ""observed_min"": null, ""observed_max"": null, ""attrs"": {""cloud_mask_applied"": false}}, {""name"": ""S1"", ""quantity"": ""backscatter"", ""unit"": null, ""scale"": ""continuous"", ""crs"": ""EPSG:32643"", ""resolution_m"": 10, ""temporal_resolution_h"": null, ""processing_level"": null, ""surface_model"": null, ""vertical_datum"": null, ""acquisition_time"": ""2024-07-10T10:00:00+00:00"", ""available_time"": null, ""provenance"": ""authoritative-product"", ""band_role"": null, ""nodata_semantics"": null, ""uncertainty"": null, ""allowed_values"": null, ""observed_min"": null, ""observed_max"": null, ""attrs"": {}}, {""name"": ""S2"", ""quantity"": ""reflectance"", ""unit"": null, ""scale"": ""continuous"", ""crs"": ""EPSG:32643"", ""resolution_m"": 10, ""temporal_resolution_h"": null, ""processing_level"": null, ""surface_model"": null, ""vertical_datum"": null, ""acquisition_time"": ""2024-07-13T10:00:00+00:00"", ""available_time"": null, ""provenance"": ""authoritative-product"", ""band_role"": null, ""nodata_semantics"": null, ""uncertainty"": null, ""allowed_values"": null, ""observed_min"": null, ""observed_max"": null, ""attrs"": {}}]","[{""op"": ""require_cloud_mask"", ""params"": {""artifact"": 0}}, {""op"": ""compare_sensors"", ""params"": {""a"": 1, ""b"": 2, ""tolerance_h"": 12}}, {""op"": ""area"", ""params"": {""artifact"": 0, ""method"": ""geodesic"", ""output_unit"": ""km2""}}]",,,,,,
SGX3_BLIND_flood_remote_sensing_049,blind-composition,blind,flood_remote_sensing,"[{""name"": ""flood-mask-20"", ""quantity"": ""flood_extent"", ""unit"": null, ""scale"": ""binary"", ""crs"": ""EPSG:6933"", ""resolution_m"": 20, ""temporal_resolution_h"": null, ""processing_level"": null, ""surface_model"": null, ""vertical_datum"": null, ""acquisition_time"": null, ""available_time"": null, ""provenance"": ""authoritative-product"", ""band_role"": null, ""nodata_semantics"": null, ""uncertainty"": null, ""allowed_values"": null, ""observed_min"": null, ""observed_max"": null, ""attrs"": {""cloud_mask_applied"": true}}, {""name"": ""S1"", ""quantity"": ""backscatter"", ""unit"": null, ""scale"": ""continuous"", ""crs"": ""EPSG:32643"", ""resolution_m"": 10, ""temporal_resolution_h"": null, ""processing_level"": null, ""surface_model"": null, ""vertical_datum"": null, ""acquisition_time"": ""2024-07-15T10:00:00+00:00"", ""available_time"": null, ""provenance"": ""authoritative-product"", ""band_role"": null, ""nodata_semantics"": null, ""uncertainty"": null, ""allowed_values"": null, ""observed_min"": null, ""observed_max"": null, ""attrs"": {}}, {""name"": ""S2"", ""quantity"": ""reflectance"", ""unit"": null, ""scale"": ""continuous"", ""crs"": ""EPSG:32643"", ""resolution_m"": 10, ""temporal_resolution_h"": null, ""processing_level"": null, ""surface_model"": null, ""vertical_datum"": null, ""acquisition_time"": ""2024-07-15T22:00:00+00:00"", ""available_time"": null, ""provenance"": ""authoritative-product"", ""band_role"": null, ""nodata_semantics"": null, ""uncertainty"": null, ""allowed_values"": null, ""observed_min"": null, ""observed_max"": null, ""attrs"": {}}]","[{""op"": ""require_cloud_mask"", ""params"": {""artifact"": 0}}, {""op"": ""compare_sensors"", ""params"": {""a"": 1, ""b"": 2, ""tolerance_h"": 24}}, {""op"": ""area"", ""params"": {""artifact"": 0, ""method"": ""geodesic"", ""output_unit"": ""km2""}}]",,,,,,
SGX3_BLIND_landslide_forecast_000,blind-composition,blind,landslide forecast,"[{""name"": ""IMERG-feature"", ""quantity"": ""rainfall"", ""unit"": ""mm"", ""scale"": ""continuous"", ""crs"": ""EPSG:32643"", ""resolution_m"": 10.0, ""temporal_resolution_h"": null, ""processing_level"": null, ""surface_model"": null, ""vertical_datum"": null, ""acquisition_time"": null, ""available_time"": ""2024-08-20T09:00:00+00:00"", ""provenance"": null, ""band_role"": null, ""nodata_semantics"": null, ""uncertainty"": null, ""allowed_values"": null, ""observed_min"": null, ""observed_max"": null, ""attrs"": {}}, {""name"": ""terrain-60"", ""quantity"": ""elevation"", ""unit"": ""m"", ""scale"": ""continuous"", ""crs"": ""EPSG:32643"", ""resolution_m"": 60, ""temporal_resolution_h"": null, ""processing_level"": null, ""surface_model"": ""DTM"", ""vertical_datum"": ""EGM2008"", ""acquisition_time"": null, ""available_time"": null, ""provenance"": ""Copernicus DEM"", ""band_role"": null, ""nodata_semantics"": null, ""uncertainty"": null, ""allowed_values"": null, ""observed_min"": null, ""observed_max"": null, ""attrs"": {}}]","[{""op"": ""predict"", ""params"": {""features"": [0]}}, {""op"": ""require_bare_earth"", ""params"": {""artifact"": 1}}]",,,,,,
SGX3_BLIND_landslide_forecast_001,blind-composition,blind,landslide forecast,"[{""name"": ""IMERG-feature"", ""quantity"": ""rainfall"", ""unit"": ""mm"", ""scale"": ""continuous"", ""crs"": ""EPSG:32643"", ""resolution_m"": 10.0, ""temporal_resolution_h"": null, ""processing_level"": null, ""surface_model"": null, ""vertical_datum"": null, ""acquisition_time"": null, ""available_time"": ""2024-08-15T06:00:00+00:00"", ""provenance"": ""NASA GPM IMERG"", ""band_role"": null, ""nodata_semantics"": null, ""uncertainty"": null, ""allowed_values"": null, ""observed_min"": null, ""observed_max"": null, ""attrs"": {}}, {""name"": ""terrain-30"", ""quantity"": ""elevation"", ""unit"": ""m"", ""scale"": ""continuous"", ""crs"": ""EPSG:32643"", ""resolution_m"": 30, ""temporal_resolution_h"": null, ""processing_level"": null, ""surface_model"": ""DSM"", ""vertical_datum"": ""EGM2008"", ""acquisition_time"": null, ""available_time"": null, ""provenance"": ""Copernicus DEM"", ""band_role"": null, ""nodata_semantics"": null, ""uncertainty"": null, ""allowed_values"": null, ""observed_min"": null, ""observed_max"": null, ""attrs"": {}}]","[{""op"": ""predict"", ""params"": {""features"": [0]}}, {""op"": ""require_bare_earth"", ""params"": {""artifact"": 1}}]",,,,,,
SGX3_BLIND_landslide_forecast_002,blind-composition,blind,landslide forecast,"[{""name"": ""IMERG-feature"", ""quantity"": ""rainfall"", ""unit"": ""mm"", ""scale"": ""continuous"", ""crs"": ""EPSG:32643"", ""resolution_m"": 10.0, ""temporal_resolution_h"": null, ""processing_level"": null, ""surface_model"": null, ""vertical_datum"": null, ""acquisition_time"": null, ""available_time"": ""2024-08-02T12:00:00+00:00"", ""provenance"": null, ""band_role"": null, ""nodata_semantics"": null, ""uncertainty"": null, ""allowed_values"": null, ""observed_min"": null, ""observed_max"": null, ""attrs"": {}}, {""name"": ""terrain-60"", ""quantity"": ""elevation"", ""unit"": ""m"", ""scale"": ""continuous"", ""crs"": ""EPSG:32643"", ""resolution_m"": 60, ""temporal_resolution_h"": null, ""processing_level"": null, ""surface_model"": ""DTM"", ""vertical_datum"": ""EGM2008"", ""acquisition_time"": null, ""available_time"": null, ""provenance"": ""Copernicus DEM"", ""band_role"": null, ""nodata_semantics"": null, ""uncertainty"": null, ""allowed_values"": null, ""observed_min"": null, ""observed_max"": null, ""attrs"": {}}]","[{""op"": ""predict"", ""params"": {""features"": [0]}}, {""op"": ""require_bare_earth"", ""params"": {""artifact"": 1}}]",,,,,,
SGX3_BLIND_landslide_forecast_003,blind-composition,blind,landslide forecast,"[{""name"": ""IMERG-feature"", ""quantity"": ""rainfall"", ""unit"": ""mm"", ""scale"": ""continuous"", ""crs"": ""EPSG:32643"", ""resolution_m"": 10.0, ""temporal_resolution_h"": null, ""processing_level"": null, ""surface_model"": null, ""vertical_datum"": null, ""acquisition_time"": null, ""available_time"": ""2024-08-16T00:00:00+00:00"", ""provenance"": ""NASA GPM IMERG"", ""band_role"": null, ""nodata_semantics"": null, ""uncertainty"": null, ""allowed_values"": null, ""observed_min"": null, ""observed_max"": null, ""attrs"": {}}, {""name"": ""terrain-90"", ""quantity"": ""elevation"", ""unit"": ""m"", ""scale"": ""continuous"", ""crs"": ""EPSG:32643"", ""resolution_m"": 90, ""temporal_resolution_h"": null, ""processing_level"": null, ""surface_model"": ""DSM"", ""vertical_datum"": ""EGM2008"", ""acquisition_time"": null, ""available_time"": null, ""provenance"": ""Copernicus DEM"", ""band_role"": null, ""nodata_semantics"": null, ""uncertainty"": null, ""allowed_values"": null, ""observed_min"": null, ""observed_max"": null, ""attrs"": {}}]","[{""op"": ""predict"", ""params"": {""features"": [0]}}, {""op"": ""require_bare_earth"", ""params"": {""artifact"": 1}}]",,,,,,
SGX3_BLIND_landslide_forecast_004,blind-composition,blind,landslide forecast,"[{""name"": ""IMERG-feature"", ""quantity"": ""rainfall"", ""unit"": ""mm"", ""scale"": ""continuous"", ""crs"": ""EPSG:32643"", ""resolution_m"": 10.0, ""temporal_resolution_h"": null, ""processing_level"": null, ""surface_model"": null, ""vertical_datum"": null, ""acquisition_time"": null, ""available_time"": ""2024-08-10T15:00:00+00:00"", ""provenance"": null, ""band_role"": null, ""nodata_semantics"": null, ""uncertainty"": null, ""allowed_values"": null, ""observed_min"": null, ""observed_max"": null, ""attrs"": {}}, {""name"": ""terrain-90"", ""quantity"": ""elevation"", ""unit"": ""m"", ""scale"": ""continuous"", ""crs"": ""EPSG:32643"", ""resolution_m"": 90, ""temporal_resolution_h"": null, ""processing_level"": null, ""surface_model"": ""DTM"", ""vertical_datum"": ""EGM2008"", ""acquisition_time"": null, ""available_time"": null, ""provenance"": ""Copernicus DEM"", ""band_role"": null, ""nodata_semantics"": null, ""uncertainty"": null, ""allowed_values"": null, ""observed_min"": null, ""observed_max"": null, ""attrs"": {}}]","[{""op"": ""predict"", ""params"": {""features"": [0]}}, {""op"": ""require_bare_earth"", ""params"": {""artifact"": 1}}]",,,,,,
SGX3_BLIND_landslide_forecast_005,blind-composition,blind,landslide forecast,"[{""name"": ""IMERG-feature"", ""quantity"": ""rainfall"", ""unit"": ""mm"", ""scale"": ""continuous"", ""crs"": ""EPSG:32643"", ""resolution_m"": 10.0, ""temporal_resolution_h"": null, ""processing_level"": null, ""surface_model"": null, ""vertical_datum"": null, ""acquisition_time"": null, ""available_time"": ""2024-08-01T13:00:00+00:00"", ""provenance"": ""NASA GPM IMERG"", ""band_role"": null, ""nodata_semantics"": null, ""uncertainty"": null, ""allowed_values"": null, ""observed_min"": null, ""observed_max"": null, ""attrs"": {}}, {""name"": ""terrain-60"", ""quantity"": ""elevation"", ""unit"": ""m"", ""scale"": ""continuous"", ""crs"": ""EPSG:32643"", ""resolution_m"": 60, ""temporal_resolution_h"": null, ""processing_level"": null, ""surface_model"": ""DSM"", ""vertical_datum"": ""EGM2008"", ""acquisition_time"": null, ""available_time"": null, ""provenance"": ""Copernicus DEM"", ""band_role"": null, ""nodata_semantics"": null, ""uncertainty"": null, ""allowed_values"": null, ""observed_min"": null, ""observed_max"": null, ""attrs"": {}}]","[{""op"": ""predict"", ""params"": {""features"": [0]}}, {""op"": ""require_bare_earth"", ""params"": {""artifact"": 1}}]",,,,,,
SGX3_BLIND_landslide_forecast_006,blind-composition,blind,landslide forecast,"[{""name"": ""IMERG-feature"", ""quantity"": ""rainfall"", ""unit"": ""mm"", ""scale"": ""continuous"", ""crs"": ""EPSG:32643"", ""resolution_m"": 10.0, ""temporal_resolution_h"": null, ""processing_level"": null, ""surface_model"": null, ""vertical_datum"": null, ""acquisition_time"": null, ""available_time"": ""2024-08-16T00:00:00+00:00"", ""provenance"": ""NASA GPM IMERG"", ""band_role"": null, ""nodata_semantics"": null, ""uncertainty"": null, ""allowed_values"": null, ""observed_min"": null, ""observed_max"": null, ""attrs"": {}}, {""name"": ""terrain-30"", ""quantity"": ""elevation"", ""unit"": ""m"", ""scale"": ""continuous"", ""crs"": ""EPSG:32643"", ""resolution_m"": 30, ""temporal_resolution_h"": null, ""processing_level"": null, ""surface_model"": ""DTM"", ""vertical_datum"": ""EGM2008"", ""acquisition_time"": null, ""available_time"": null, ""provenance"": ""Copernicus DEM"", ""band_role"": null, ""nodata_semantics"": null, ""uncertainty"": null, ""allowed_values"": null, ""observed_min"": null, ""observed_max"": null, ""attrs"": {}}]","[{""op"": ""predict"", ""params"": {""features"": [0]}}, {""op"": ""require_bare_earth"", ""params"": {""artifact"": 1}}]",,,,,,
SGX3_BLIND_landslide_forecast_007,blind-composition,blind,landslide forecast,"[{""name"": ""IMERG-feature"", ""quantity"": ""rainfall"", ""unit"": ""mm"", ""scale"": ""continuous"", ""crs"": ""EPSG:32643"", ""resolution_m"": 10.0, ""temporal_resolution_h"": null, ""processing_level"": null, ""surface_model"": null, ""vertical_datum"": null, ""acquisition_time"": null, ""available_time"": ""2024-08-05T06:00:00+00:00"", ""provenance"": null, ""band_role"": null, ""nodata_semantics"": null, ""uncertainty"": null, ""allowed_values"": null, ""observed_min"": null, ""observed_max"": null, ""attrs"": {}}, {""name"": ""terrain-90"", ""quantity"": ""elevation"", ""unit"": ""m"", ""scale"": ""continuous"", ""crs"": ""EPSG:32643"", ""resolution_m"": 90, ""temporal_resolution_h"": null, ""processing_level"": null, ""surface_model"": ""DTM"", ""vertical_datum"": ""EGM2008"", ""acquisition_time"": null, ""available_time"": null, ""provenance"": ""Copernicus DEM"", ""band_role"": null, ""nodata_semantics"": null, ""uncertainty"": null, ""allowed_values"": null, ""observed_min"": null, ""observed_max"": null, ""attrs"": {}}]","[{""op"": ""predict"", ""params"": {""features"": [0]}}, {""op"": ""require_bare_earth"", ""params"": {""artifact"": 1}}]",,,,,,
SGX3_BLIND_landslide_forecast_008,blind-composition,blind,landslide forecast,"[{""name"": ""IMERG-feature"", ""quantity"": ""rainfall"", ""unit"": ""mm"", ""scale"": ""continuous"", ""crs"": ""EPSG:32643"", ""resolution_m"": 10.0, ""temporal_resolution_h"": null, ""processing_level"": null, ""surface_model"": null, ""vertical_datum"": null, ""acquisition_time"": null, ""available_time"": ""2024-08-01T15:00:00+00:00"", ""provenance"": ""NASA GPM IMERG"", ""band_role"": null, ""nodata_semantics"": null, ""uncertainty"": null, ""allowed_values"": null, ""observed_min"": null, ""observed_max"": null, ""attrs"": {}}, {""name"": ""terrain-30"", ""quantity"": ""elevation"", ""unit"": ""m"", ""scale"": ""continuous"", ""crs"": ""EPSG:32643"", ""resolution_m"": 30, ""temporal_resolution_h"": null, ""processing_level"": null, ""surface_model"": ""DTM"", ""vertical_datum"": ""EGM2008"", ""acquisition_time"": null, ""available_time"": null, ""provenance"": ""Copernicus DEM"", ""band_role"": null, ""nodata_semantics"": null, ""uncertainty"": null, ""allowed_values"": null, ""observed_min"": null, ""observed_max"": null, ""attrs"": {}}]","[{""op"": ""predict"", ""params"": {""features"": [0]}}, {""op"": ""require_bare_earth"", ""params"": {""artifact"": 1}}]",,,,,,
SGX3_BLIND_landslide_forecast_009,blind-composition,blind,landslide forecast,"[{""name"": ""IMERG-feature"", ""quantity"": ""rainfall"", ""unit"": ""mm"", ""scale"": ""continuous"", ""crs"": ""EPSG:32643"", ""resolution_m"": 10.0, ""temporal_resolution_h"": null, ""processing_level"": null, ""surface_model"": null, ""vertical_datum"": null, ""acquisition_time"": null, ""available_time"": ""2024-08-20T06:00:00+00:00"", ""provenance"": ""NASA GPM IMERG"", ""band_role"": null, ""nodata_semantics"": null, ""uncertainty"": null, ""allowed_values"": null, ""observed_min"": null, ""observed_max"": null, ""attrs"": {}}, {""name"": ""terrain-60"", ""quantity"": ""elevation"", ""unit"": ""m"", ""scale"": ""continuous"", ""crs"": ""EPSG:32643"", ""resolution_m"": 60, ""temporal_resolution_h"": null, ""processing_level"": null, ""surface_model"": ""DTM"", ""vertical_datum"": ""EGM2008"", ""acquisition_time"": null, ""available_time"": null, ""provenance"": ""Copernicus DEM"", ""band_role"": null, ""nodata_semantics"": null, ""uncertainty"": null, ""allowed_values"": null, ""observed_min"": null, ""observed_max"": null, ""attrs"": {}}]","[{""op"": ""predict"", ""params"": {""features"": [0]}}, {""op"": ""require_bare_earth"", ""params"": {""artifact"": 1}}]",,,,,,
SGX3_BLIND_landslide_forecast_010,blind-composition,blind,landslide forecast,"[{""name"": ""IMERG-feature"", ""quantity"": ""rainfall"", ""unit"": ""mm"", ""scale"": ""continuous"", ""crs"": ""EPSG:32643"", ""resolution_m"": 10.0, ""temporal_resolution_h"": null, ""processing_level"": null, ""surface_model"": null, ""vertical_datum"": null, ""acquisition_time"": null, ""available_time"": ""2024-08-04T12:00:00+00:00"", ""provenance"": ""NASA GPM IMERG"", ""band_role"": null, ""nodata_semantics"": null, ""uncertainty"": null, ""allowed_values"": null, ""observed_min"": null, ""observed_max"": null, ""attrs"": {}}, {""name"": ""terrain-90"", ""quantity"": ""elevation"", ""unit"": ""m"", ""scale"": ""continuous"", ""crs"": ""EPSG:32643"", ""resolution_m"": 90, ""temporal_resolution_h"": null, ""processing_level"": null, ""surface_model"": ""DTM"", ""vertical_datum"": ""EGM2008"", ""acquisition_time"": null, ""available_time"": null, ""provenance"": ""Copernicus DEM"", ""band_role"": null, ""nodata_semantics"": null, ""uncertainty"": null, ""allowed_values"": null, ""observed_min"": null, ""observed_max"": null, ""attrs"": {}}]","[{""op"": ""predict"", ""params"": {""features"": [0]}}, {""op"": ""require_bare_earth"", ""params"": {""artifact"": 1}}]",,,,,,
SGX3_BLIND_landslide_forecast_011,blind-composition,blind,landslide forecast,"[{""name"": ""IMERG-feature"", ""quantity"": ""rainfall"", ""unit"": ""mm"", ""scale"": ""continuous"", ""crs"": ""EPSG:32643"", ""resolution_m"": 10.0, ""temporal_resolution_h"": null, ""processing_level"": null, ""surface_model"": null, ""vertical_datum"": null, ""acquisition_time"": null, ""available_time"": ""2024-08-05T11:00:00+00:00"", ""provenance"": null, ""band_role"": null, ""nodata_semantics"": null, ""uncertainty"": null, ""allowed_values"": null, ""observed_min"": null, ""observed_max"": null, ""attrs"": {}}, {""name"": ""terrain-90"", ""quantity"": ""elevation"", ""unit"": ""m"", ""scale"": ""continuous"", ""crs"": ""EPSG:32643"", ""resolution_m"": 90, ""temporal_resolution_h"": null, ""processing_level"": null, ""surface_model"": ""DTM"", ""vertical_datum"": ""EGM2008"", ""acquisition_time"": null, ""available_time"": null, ""provenance"": ""Copernicus DEM"", ""band_role"": null, ""nodata_semantics"": null, ""uncertainty"": null, ""allowed_values"": null, ""observed_min"": null, ""observed_max"": null, ""attrs"": {}}]","[{""op"": ""predict"", ""params"": {""features"": [0]}}, {""op"": ""require_bare_earth"", ""params"": {""artifact"": 1}}]",,,,,,
SGX3_BLIND_landslide_forecast_012,blind-composition,blind,landslide forecast,"[{""name"": ""IMERG-feature"", ""quantity"": ""rainfall"", ""unit"": ""mm"", ""scale"": ""continuous"", ""crs"": ""EPSG:32643"", ""resolution_m"": 10.0, ""temporal_resolution_h"": null, ""processing_level"": null, ""surface_model"": null, ""vertical_datum"": null, ""acquisition_time"": null, ""available_time"": ""2024-08-10T13:00:00+00:00"", ""provenance"": null, ""band_role"": null, ""nodata_semantics"": null, ""uncertainty"": null, ""allowed_values"": null, ""observed_min"": null, ""observed_max"": null, ""attrs"": {}}, {""name"": ""terrain-90"", ""quantity"": ""elevation"", ""unit"": ""m"", ""scale"": ""continuous"", ""crs"": ""EPSG:32643"", ""resolution_m"": 90, ""temporal_resolution_h"": null, ""processing_level"": null, ""surface_model"": ""DSM"", ""vertical_datum"": ""EGM2008"", ""acquisition_time"": null, ""available_time"": null, ""provenance"": ""Copernicus DEM"", ""band_role"": null, ""nodata_semantics"": null, ""uncertainty"": null, ""allowed_values"": null, ""observed_min"": null, ""observed_max"": null, ""attrs"": {}}]","[{""op"": ""predict"", ""params"": {""features"": [0]}}, {""op"": ""require_bare_earth"", ""params"": {""artifact"": 1}}]",,,,,,
SGX3_BLIND_landslide_forecast_013,blind-composition,blind,landslide forecast,"[{""name"": ""IMERG-feature"", ""quantity"": ""rainfall"", ""unit"": ""mm"", ""scale"": ""continuous"", ""crs"": ""EPSG:32643"", ""resolution_m"": 10.0, ""temporal_resolution_h"": null, ""processing_level"": null, ""surface_model"": null, ""vertical_datum"": null, ""acquisition_time"": null, ""available_time"": ""2024-08-15T11:00:00+00:00"", ""provenance"": ""NASA GPM IMERG"", ""band_role"": null, ""nodata_semantics"": null, ""uncertainty"": null, ""allowed_values"": null, ""observed_min"": null, ""observed_max"": null, ""attrs"": {}}, {""name"": ""terrain-60"", ""quantity"": ""elevation"", ""unit"": ""m"", ""scale"": ""continuous"", ""crs"": ""EPSG:32643"", ""resolution_m"": 60, ""temporal_resolution_h"": null, ""processing_level"": null, ""surface_model"": ""DTM"", ""vertical_datum"": ""EGM2008"", ""acquisition_time"": null, ""available_time"": null, ""provenance"": ""Copernicus DEM"", ""band_role"": null, ""nodata_semantics"": null, ""uncertainty"": null, ""allowed_values"": null, ""observed_min"": null, ""observed_max"": null, ""attrs"": {}}]","[{""op"": ""predict"", ""params"": {""features"": [0]}}, {""op"": ""require_bare_earth"", ""params"": {""artifact"": 1}}]",,,,,,
SGX3_BLIND_landslide_forecast_014,blind-composition,blind,landslide forecast,"[{""name"": ""IMERG-feature"", ""quantity"": ""rainfall"", ""unit"": ""mm"", ""scale"": ""continuous"", ""crs"": ""EPSG:32643"", ""resolution_m"": 10.0, ""temporal_resolution_h"": null, ""processing_level"": null, ""surface_model"": null, ""vertical_datum"": null, ""acquisition_time"": null, ""available_time"": ""2024-08-01T00:00:00+00:00"", ""provenance"": null, ""band_role"": null, ""nodata_semantics"": null, ""uncertainty"": null, ""allowed_values"": null, ""observed_min"": null, ""observed_max"": null, ""attrs"": {}}, {""name"": ""terrain-60"", ""quantity"": ""elevation"", ""unit"": ""m"", ""scale"": ""continuous"", ""crs"": ""EPSG:32643"", ""resolution_m"": 60, ""temporal_resolution_h"": null, ""processing_level"": null, ""surface_model"": ""DSM"", ""vertical_datum"": ""EGM2008"", ""acquisition_time"": null, ""available_time"": null, ""provenance"": ""Copernicus DEM"", ""band_role"": null, ""nodata_semantics"": null, ""uncertainty"": null, ""allowed_values"": null, ""observed_min"": null, ""observed_max"": null, ""attrs"": {}}]","[{""op"": ""predict"", ""params"": {""features"": [0]}}, {""op"": ""require_bare_earth"", ""params"": {""artifact"": 1}}]",,,,,,
SGX3_BLIND_landslide_forecast_015,blind-composition,blind,landslide forecast,"[{""name"": ""IMERG-feature"", ""quantity"": ""rainfall"", ""unit"": ""mm"", ""scale"": ""continuous"", ""crs"": ""EPSG:32643"", ""resolution_m"": 10.0, ""temporal_resolution_h"": null, ""processing_level"": null, ""surface_model"": null, ""vertical_datum"": null, ""acquisition_time"": null, ""available_time"": ""2024-08-06T00:00:00+00:00"", ""provenance"": null, ""band_role"": null, ""nodata_semantics"": null, ""uncertainty"": null, ""allowed_values"": null, ""observed_min"": null, ""observed_max"": null, ""attrs"": {}}, {""name"": ""terrain-30"", ""quantity"": ""elevation"", ""unit"": ""m"", ""scale"": ""continuous"", ""crs"": ""EPSG:32643"", ""resolution_m"": 30, ""temporal_resolution_h"": null, ""processing_level"": null, ""surface_model"": ""DTM"", ""vertical_datum"": ""EGM2008"", ""acquisition_time"": null, ""available_time"": null, ""provenance"": ""Copernicus DEM"", ""band_role"": null, ""nodata_semantics"": null, ""uncertainty"": null, ""allowed_values"": null, ""observed_min"": null, ""observed_max"": null, ""attrs"": {}}]","[{""op"": ""predict"", ""params"": {""features"": [0]}}, {""op"": ""require_bare_earth"", ""params"": {""artifact"": 1}}]",,,,,,
SGX3_BLIND_landslide_forecast_016,blind-composition,blind,landslide forecast,"[{""name"": ""IMERG-feature"", ""quantity"": ""rainfall"", ""unit"": ""mm"", ""scale"": ""continuous"", ""crs"": ""EPSG:32643"", ""resolution_m"": 10.0, ""temporal_resolution_h"": null, ""processing_level"": null, ""surface_model"": null, ""vertical_datum"": null, ""acquisition_time"": null, ""available_time"": ""2024-08-15T18:00:00+00:00"", ""provenance"": null, ""band_role"": null, ""nodata_semantics"": null, ""uncertainty"": null, ""allowed_values"": null, ""observed_min"": null, ""observed_max"": null, ""attrs"": {}}, {""name"": ""terrain-60"", ""quantity"": ""elevation"", ""unit"": ""m"", ""scale"": ""continuous"", ""crs"": ""EPSG:32643"", ""resolution_m"": 60, ""temporal_resolution_h"": null, ""processing_level"": null, ""surface_model"": ""DSM"", ""vertical_datum"": ""EGM2008"", ""acquisition_time"": null, ""available_time"": null, ""provenance"": ""Copernicus DEM"", ""band_role"": null, ""nodata_semantics"": null, ""uncertainty"": null, ""allowed_values"": null, ""observed_min"": null, ""observed_max"": null, ""attrs"": {}}]","[{""op"": ""predict"", ""params"": {""features"": [0]}}, {""op"": ""require_bare_earth"", ""params"": {""artifact"": 1}}]",,,,,,
SGX3_BLIND_landslide_forecast_017,blind-composition,blind,landslide forecast,"[{""name"": ""IMERG-feature"", ""quantity"": ""rainfall"", ""unit"": ""mm"", ""scale"": ""continuous"", ""crs"": ""EPSG:32643"", ""resolution_m"": 10.0, ""temporal_resolution_h"": null, ""processing_level"": null, ""surface_model"": null, ""vertical_datum"": null, ""acquisition_time"": null, ""available_time"": ""2024-08-05T15:00:00+00:00"", ""provenance"": ""NASA GPM IMERG"", ""band_role"": null, ""nodata_semantics"": null, ""uncertainty"": null, ""allowed_values"": null, ""observed_min"": null, ""observed_max"": null, ""attrs"": {}}, {""name"": ""terrain-30"", ""quantity"": ""elevation"", ""unit"": ""m"", ""scale"": ""continuous"", ""crs"": ""EPSG:32643"", ""resolution_m"": 30, ""temporal_resolution_h"": null, ""processing_level"": null, ""surface_model"": ""DTM"", ""vertical_datum"": ""EGM2008"", ""acquisition_time"": null, ""available_time"": null, ""provenance"": ""Copernicus DEM"", ""band_role"": null, ""nodata_semantics"": null, ""uncertainty"": null, ""allowed_values"": null, ""observed_min"": null, ""observed_max"": null, ""attrs"": {}}]","[{""op"": ""predict"", ""params"": {""features"": [0]}}, {""op"": ""require_bare_earth"", ""params"": {""artifact"": 1}}]",,,,,,
SGX3_BLIND_landslide_forecast_018,blind-composition,blind,landslide forecast,"[{""name"": ""IMERG-feature"", ""quantity"": ""rainfall"", ""unit"": ""mm"", ""scale"": ""continuous"", ""crs"": ""EPSG:32643"", ""resolution_m"": 10.0, ""temporal_resolution_h"": null, ""processing_level"": null, ""surface_model"": null, ""vertical_datum"": null, ""acquisition_time"": null, ""available_time"": ""2024-08-20T18:00:00+00:00"", ""provenance"": ""NASA GPM IMERG"", ""band_role"": null, ""nodata_semantics"": null, ""uncertainty"": null, ""allowed_values"": null, ""observed_min"": null, ""observed_max"": null, ""attrs"": {}}, {""name"": ""terrain-60"", ""quantity"": ""elevation"", ""unit"": ""m"", ""scale"": ""continuous"", ""crs"": ""EPSG:32643"", ""resolution_m"": 60, ""temporal_resolution_h"": null, ""processing_level"": null, ""surface_model"": ""DTM"", ""vertical_datum"": ""EGM2008"", ""acquisition_time"": null, ""available_time"": null, ""provenance"": ""Copernicus DEM"", ""band_role"": null, ""nodata_semantics"": null, ""uncertainty"": null, ""allowed_values"": null, ""observed_min"": null, ""observed_max"": null, ""attrs"": {}}]","[{""op"": ""predict"", ""params"": {""features"": [0]}}, {""op"": ""require_bare_earth"", ""params"": {""artifact"": 1}}]",,,,,,
SGX3_BLIND_landslide_forecast_019,blind-composition,blind,landslide forecast,"[{""name"": ""IMERG-feature"", ""quantity"": ""rainfall"", ""unit"": ""mm"", ""scale"": ""continuous"", ""crs"": ""EPSG:32643"", ""resolution_m"": 10.0, ""temporal_resolution_h"": null, ""processing_level"": null, ""surface_model"": null, ""vertical_datum"": null, ""acquisition_time"": null, ""available_time"": ""2024-08-16T12:00:00+00:00"", ""provenance"": null, ""band_role"": null, ""nodata_semantics"": null, ""uncertainty"": null, ""allowed_values"": null, ""observed_min"": null, ""observed_max"": null, ""attrs"": {}}, {""name"": ""terrain-60"", ""quantity"": ""elevation"", ""unit"": ""m"", ""scale"": ""continuous"", ""crs"": ""EPSG:32643"", ""resolution_m"": 60, ""temporal_resolution_h"": null, ""processing_level"": null, ""surface_model"": ""DSM"", ""vertical_datum"": ""EGM2008"", ""acquisition_time"": null, ""available_time"": null, ""provenance"": ""Copernicus DEM"", ""band_role"": null, ""nodata_semantics"": null, ""uncertainty"": null, ""allowed_values"": null, ""observed_min"": null, ""observed_max"": null, ""attrs"": {}}]","[{""op"": ""predict"", ""params"": {""features"": [0]}}, {""op"": ""require_bare_earth"", ""params"": {""artifact"": 1}}]",,,,,,
SGX3_BLIND_landslide_forecast_020,blind-composition,blind,landslide forecast,"[{""name"": ""IMERG-feature"", ""quantity"": ""rainfall"", ""unit"": ""mm"", ""scale"": ""continuous"", ""crs"": ""EPSG:32643"", ""resolution_m"": 10.0, ""temporal_resolution_h"": null, ""processing_level"": null, ""surface_model"": null, ""vertical_datum"": null, ""acquisition_time"": null, ""available_time"": ""2024-08-15T13:00:00+00:00"", ""provenance"": ""NASA GPM IMERG"", ""band_role"": null, ""nodata_semantics"": null, ""uncertainty"": null, ""allowed_values"": null, ""observed_min"": null, ""observed_max"": null, ""attrs"": {}}, {""name"": ""terrain-30"", ""quantity"": ""elevation"", ""unit"": ""m"", ""scale"": ""continuous"", ""crs"": ""EPSG:32643"", ""resolution_m"": 30, ""temporal_resolution_h"": null, ""processing_level"": null, ""surface_model"": ""DSM"", ""vertical_datum"": ""EGM2008"", ""acquisition_time"": null, ""available_time"": null, ""provenance"": ""Copernicus DEM"", ""band_role"": null, ""nodata_semantics"": null, ""uncertainty"": null, ""allowed_values"": null, ""observed_min"": null, ""observed_max"": null, ""attrs"": {}}]","[{""op"": ""predict"", ""params"": {""features"": [0]}}, {""op"": ""require_bare_earth"", ""params"": {""artifact"": 1}}]",,,,,,
SGX3_BLIND_landslide_forecast_021,blind-composition,blind,landslide forecast,"[{""name"": ""IMERG-feature"", ""quantity"": ""rainfall"", ""unit"": ""mm"", ""scale"": ""continuous"", ""crs"": ""EPSG:32643"", ""resolution_m"": 10.0, ""temporal_resolution_h"": null, ""processing_level"": null, ""surface_model"": null, ""vertical_datum"": null, ""acquisition_time"": null, ""available_time"": ""2024-08-05T06:00:00+00:00"", ""provenance"": null, ""band_role"": null, ""nodata_semantics"": null, ""uncertainty"": null, ""allowed_values"": null, ""observed_min"": null, ""observed_max"": null, ""attrs"": {}}, {""name"": ""terrain-90"", ""quantity"": ""elevation"", ""unit"": ""m"", ""scale"": ""continuous"", ""crs"": ""EPSG:32643"", ""resolution_m"": 90, ""temporal_resolution_h"": null, ""processing_level"": null, ""surface_model"": ""DSM"", ""vertical_datum"": ""EGM2008"", ""acquisition_time"": null, ""available_time"": null, ""provenance"": ""Copernicus DEM"", ""band_role"": null, ""nodata_semantics"": null, ""uncertainty"": null, ""allowed_values"": null, ""observed_min"": null, ""observed_max"": null, ""attrs"": {}}]","[{""op"": ""predict"", ""params"": {""features"": [0]}}, {""op"": ""require_bare_earth"", ""params"": {""artifact"": 1}}]",,,,,,
SGX3_BLIND_landslide_forecast_022,blind-composition,blind,landslide forecast,"[{""name"": ""IMERG-feature"", ""quantity"": ""rainfall"", ""unit"": ""mm"", ""scale"": ""continuous"", ""crs"": ""EPSG:32643"", ""resolution_m"": 10.0, ""temporal_resolution_h"": null, ""processing_level"": null, ""surface_model"": null, ""vertical_datum"": null, ""acquisition_time"": null, ""available_time"": ""2024-08-06T00:00:00+00:00"", ""provenance"": ""NASA GPM IMERG"", ""band_role"": null, ""nodata_semantics"": null, ""uncertainty"": null, ""allowed_values"": null, ""observed_min"": null, ""observed_max"": null, ""attrs"": {}}, {""name"": ""terrain-60"", ""quantity"": ""elevation"", ""unit"": ""m"", ""scale"": ""continuous"", ""crs"": ""EPSG:32643"", ""resolution_m"": 60, ""temporal_resolution_h"": null, ""processing_level"": null, ""surface_model"": ""DSM"", ""vertical_datum"": ""EGM2008"", ""acquisition_time"": null, ""available_time"": null, ""provenance"": ""Copernicus DEM"", ""band_role"": null, ""nodata_semantics"": null, ""uncertainty"": null, ""allowed_values"": null, ""observed_min"": null, ""observed_max"": null, ""attrs"": {}}]","[{""op"": ""predict"", ""params"": {""features"": [0]}}, {""op"": ""require_bare_earth"", ""params"": {""artifact"": 1}}]",,,,,,
SGX3_BLIND_landslide_forecast_023,blind-composition,blind,landslide forecast,"[{""name"": ""IMERG-feature"", ""quantity"": ""rainfall"", ""unit"": ""mm"", ""scale"": ""continuous"", ""crs"": ""EPSG:32643"", ""resolution_m"": 10.0, ""temporal_resolution_h"": null, ""processing_level"": null, ""surface_model"": null, ""vertical_datum"": null, ""acquisition_time"": null, ""available_time"": ""2024-08-02T00:00:00+00:00"", ""provenance"": null, ""band_role"": null, ""nodata_semantics"": null, ""uncertainty"": null, ""allowed_values"": null, ""observed_min"": null, ""observed_max"": null, ""attrs"": {}}, {""name"": ""terrain-30"", ""quantity"": ""elevation"", ""unit"": ""m"", ""scale"": ""continuous"", ""crs"": ""EPSG:32643"", ""resolution_m"": 30, ""temporal_resolution_h"": null, ""processing_level"": null, ""surface_model"": ""DSM"", ""vertical_datum"": ""EGM2008"", ""acquisition_time"": null, ""available_time"": null, ""provenance"": ""Copernicus DEM"", ""band_role"": null, ""nodata_semantics"": null, ""uncertainty"": null, ""allowed_values"": null, ""observed_min"": null, ""observed_max"": null, ""attrs"": {}}]","[{""op"": ""predict"", ""params"": {""features"": [0]}}, {""op"": ""require_bare_earth"", ""params"": {""artifact"": 1}}]",,,,,,
SGX3_BLIND_landslide_forecast_024,blind-composition,blind,landslide forecast,"[{""name"": ""IMERG-feature"", ""quantity"": ""rainfall"", ""unit"": ""mm"", ""scale"": ""continuous"", ""crs"": ""EPSG:32643"", ""resolution_m"": 10.0, ""temporal_resolution_h"": null, ""processing_level"": null, ""surface_model"": null, ""vertical_datum"": null, ""acquisition_time"": null, ""available_time"": ""2024-08-11T00:00:00+00:00"", ""provenance"": ""NASA GPM IMERG"", ""band_role"": null, ""nodata_semantics"": null, ""uncertainty"": null, ""allowed_values"": null, ""observed_min"": null, ""observed_max"": null, ""attrs"": {}}, {""name"": ""terrain-90"", ""quantity"": ""elevation"", ""unit"": ""m"", ""scale"": ""continuous"", ""crs"": ""EPSG:32643"", ""resolution_m"": 90, ""temporal_resolution_h"": null, ""processing_level"": null, ""surface_model"": ""DSM"", ""vertical_datum"": ""EGM2008"", ""acquisition_time"": null, ""available_time"": null, ""provenance"": ""Copernicus DEM"", ""band_role"": null, ""nodata_semantics"": null, ""uncertainty"": null, ""allowed_values"": null, ""observed_min"": null, ""observed_max"": null, ""attrs"": {}}]","[{""op"": ""predict"", ""params"": {""features"": [0]}}, {""op"": ""require_bare_earth"", ""params"": {""artifact"": 1}}]",,,,,,
SGX3_BLIND_landslide_forecast_025,blind-composition,blind,landslide forecast,"[{""name"": ""IMERG-feature"", ""quantity"": ""rainfall"", ""unit"": ""mm"", ""scale"": ""continuous"", ""crs"": ""EPSG:32643"", ""resolution_m"": 10.0, ""temporal_resolution_h"": null, ""processing_level"": null, ""surface_model"": null, ""vertical_datum"": null, ""acquisition_time"": null, ""available_time"": ""2024-08-04T12:00:00+00:00"", ""provenance"": null, ""band_role"": null, ""nodata_semantics"": null, ""uncertainty"": null, ""allowed_values"": null, ""observed_min"": null, ""observed_max"": null, ""attrs"": {}}, {""name"": ""terrain-60"", ""quantity"": ""elevation"", ""unit"": ""m"", ""scale"": ""continuous"", ""crs"": ""EPSG:32643"", ""resolution_m"": 60, ""temporal_resolution_h"": null, ""processing_level"": null, ""surface_model"": ""DSM"", ""vertical_datum"": ""EGM2008"", ""acquisition_time"": null, ""available_time"": null, ""provenance"": ""Copernicus DEM"", ""band_role"": null, ""nodata_semantics"": null, ""uncertainty"": null, ""allowed_values"": null, ""observed_min"": null, ""observed_max"": null, ""attrs"": {}}]","[{""op"": ""predict"", ""params"": {""features"": [0]}}, {""op"": ""require_bare_earth"", ""params"": {""artifact"": 1}}]",,,,,,
SGX3_BLIND_landslide_forecast_026,blind-composition,blind,landslide forecast,"[{""name"": ""IMERG-feature"", ""quantity"": ""rainfall"", ""unit"": ""mm"", ""scale"": ""continuous"", ""crs"": ""EPSG:32643"", ""resolution_m"": 10.0, ""temporal_resolution_h"": null, ""processing_level"": null, ""surface_model"": null, ""vertical_datum"": null, ""acquisition_time"": null, ""available_time"": ""2024-08-05T13:00:00+00:00"", ""provenance"": null, ""band_role"": null, ""nodata_semantics"": null, ""uncertainty"": null, ""allowed_values"": null, ""observed_min"": null, ""observed_max"": null, ""attrs"": {}}, {""name"": ""terrain-60"", ""quantity"": ""elevation"", ""unit"": ""m"", ""scale"": ""continuous"", ""crs"": ""EPSG:32643"", ""resolution_m"": 60, ""temporal_resolution_h"": null, ""processing_level"": null, ""surface_model"": ""DTM"", ""vertical_datum"": ""EGM2008"", ""acquisition_time"": null, ""available_time"": null, ""provenance"": ""Copernicus DEM"", ""band_role"": null, ""nodata_semantics"": null, ""uncertainty"": null, ""allowed_values"": null, ""observed_min"": null, ""observed_max"": null, ""attrs"": {}}]","[{""op"": ""predict"", ""params"": {""features"": [0]}}, {""op"": ""require_bare_earth"", ""params"": {""artifact"": 1}}]",,,,,,
SGX3_BLIND_landslide_forecast_027,blind-composition,blind,landslide forecast,"[{""name"": ""IMERG-feature"", ""quantity"": ""rainfall"", ""unit"": ""mm"", ""scale"": ""continuous"", ""crs"": ""EPSG:32643"", ""resolution_m"": 10.0, ""temporal_resolution_h"": null, ""processing_level"": null, ""surface_model"": null, ""vertical_datum"": null, ""acquisition_time"": null, ""available_time"": ""2024-08-01T15:00:00+00:00"", ""provenance"": ""NASA GPM IMERG"", ""band_role"": null, ""nodata_semantics"": null, ""uncertainty"": null, ""allowed_values"": null, ""observed_min"": null, ""observed_max"": null, ""attrs"": {}}, {""name"": ""terrain-60"", ""quantity"": ""elevation"", ""unit"": ""m"", ""scale"": ""continuous"", ""crs"": ""EPSG:32643"", ""resolution_m"": 60, ""temporal_resolution_h"": null, ""processing_level"": null, ""surface_model"": ""DSM"", ""vertical_datum"": ""EGM2008"", ""acquisition_time"": null, ""available_time"": null, ""provenance"": ""Copernicus DEM"", ""band_role"": null, ""nodata_semantics"": null, ""uncertainty"": null, ""allowed_values"": null, ""observed_min"": null, ""observed_max"": null, ""attrs"": {}}]","[{""op"": ""predict"", ""params"": {""features"": [0]}}, {""op"": ""require_bare_earth"", ""params"": {""artifact"": 1}}]",,,,,,
SGX3_BLIND_landslide_forecast_028,blind-composition,blind,landslide forecast,"[{""name"": ""IMERG-feature"", ""quantity"": ""rainfall"", ""unit"": ""mm"", ""scale"": ""continuous"", ""crs"": ""EPSG:32643"", ""resolution_m"": 10.0, ""temporal_resolution_h"": null, ""processing_level"": null, ""surface_model"": null, ""vertical_datum"": null, ""acquisition_time"": null, ""available_time"": ""2024-08-06T00:00:00+00:00"", ""provenance"": null, ""band_role"": null, ""nodata_semantics"": null, ""uncertainty"": null, ""allowed_values"": null, ""observed_min"": null, ""observed_max"": null, ""attrs"": {}}, {""name"": ""terrain-90"", ""quantity"": ""elevation"", ""unit"": ""m"", ""scale"": ""continuous"", ""crs"": ""EPSG:32643"", ""resolution_m"": 90, ""temporal_resolution_h"": null, ""processing_level"": null, ""surface_model"": ""DSM"", ""vertical_datum"": ""EGM2008"", ""acquisition_time"": null, ""available_time"": null, ""provenance"": ""Copernicus DEM"", ""band_role"": null, ""nodata_semantics"": null, ""uncertainty"": null, ""allowed_values"": null, ""observed_min"": null, ""observed_max"": null, ""attrs"": {}}]","[{""op"": ""predict"", ""params"": {""features"": [0]}}, {""op"": ""require_bare_earth"", ""params"": {""artifact"": 1}}]",,,,,,
SGX3_BLIND_landslide_forecast_029,blind-composition,blind,landslide forecast,"[{""name"": ""IMERG-feature"", ""quantity"": ""rainfall"", ""unit"": ""mm"", ""scale"": ""continuous"", ""crs"": ""EPSG:32643"", ""resolution_m"": 10.0, ""temporal_resolution_h"": null, ""processing_level"": null, ""surface_model"": null, ""vertical_datum"": null, ""acquisition_time"": null, ""available_time"": ""2024-08-05T00:00:00+00:00"", ""provenance"": ""NASA GPM IMERG"", ""band_role"": null, ""nodata_semantics"": null, ""uncertainty"": null, ""allowed_values"": null, ""observed_min"": null, ""observed_max"": null, ""attrs"": {}}, {""name"": ""terrain-60"", ""quantity"": ""elevation"", ""unit"": ""m"", ""scale"": ""continuous"", ""crs"": ""EPSG:32643"", ""resolution_m"": 60, ""temporal_resolution_h"": null, ""processing_level"": null, ""surface_model"": ""DSM"", ""vertical_datum"": ""EGM2008"", ""acquisition_time"": null, ""available_time"": null, ""provenance"": ""Copernicus DEM"", ""band_role"": null, ""nodata_semantics"": null, ""uncertainty"": null, ""allowed_values"": null, ""observed_min"": null, ""observed_max"": null, ""attrs"": {}}]","[{""op"": ""predict"", ""params"": {""features"": [0]}}, {""op"": ""require_bare_earth"", ""params"": {""artifact"": 1}}]",,,,,,
SGX3_BLIND_landslide_forecast_030,blind-composition,blind,landslide forecast,"[{""name"": ""IMERG-feature"", ""quantity"": ""rainfall"", ""unit"": ""mm"", ""scale"": ""continuous"", ""crs"": ""EPSG:32643"", ""resolution_m"": 10.0, ""temporal_resolution_h"": null, ""processing_level"": null, ""surface_model"": null, ""vertical_datum"": null, ""acquisition_time"": null, ""available_time"": ""2024-08-14T12:00:00+00:00"", ""provenance"": null, ""band_role"": null, ""nodata_semantics"": null, ""uncertainty"": null, ""allowed_values"": null, ""observed_min"": null, ""observed_max"": null, ""attrs"": {}}, {""name"": ""terrain-60"", ""quantity"": ""elevation"", ""unit"": ""m"", ""scale"": ""continuous"", ""crs"": ""EPSG:32643"", ""resolution_m"": 60, ""temporal_resolution_h"": null, ""processing_level"": null, ""surface_model"": ""DSM"", ""vertical_datum"": ""EGM2008"", ""acquisition_time"": null, ""available_time"": null, ""provenance"": ""Copernicus DEM"", ""band_role"": null, ""nodata_semantics"": null, ""uncertainty"": null, ""allowed_values"": null, ""observed_min"": null, ""observed_max"": null, ""attrs"": {}}]","[{""op"": ""predict"", ""params"": {""features"": [0]}}, {""op"": ""require_bare_earth"", ""params"": {""artifact"": 1}}]",,,,,,
SGX3_BLIND_landslide_forecast_031,blind-composition,blind,landslide forecast,"[{""name"": ""IMERG-feature"", ""quantity"": ""rainfall"", ""unit"": ""mm"", ""scale"": ""continuous"", ""crs"": ""EPSG:32643"", ""resolution_m"": 10.0, ""temporal_resolution_h"": null, ""processing_level"": null, ""surface_model"": null, ""vertical_datum"": null, ""acquisition_time"": null, ""available_time"": ""2024-08-15T06:00:00+00:00"", ""provenance"": null, ""band_role"": null, ""nodata_semantics"": null, ""uncertainty"": null, ""allowed_values"": null, ""observed_min"": null, ""observed_max"": null, ""attrs"": {}}, {""name"": ""terrain-60"", ""quantity"": ""elevation"", ""unit"": ""m"", ""scale"": ""continuous"", ""crs"": ""EPSG:32643"", ""resolution_m"": 60, ""temporal_resolution_h"": null, ""processing_level"": null, ""surface_model"": ""DTM"", ""vertical_datum"": ""EGM2008"", ""acquisition_time"": null, ""available_time"": null, ""provenance"": ""Copernicus DEM"", ""band_role"": null, ""nodata_semantics"": null, ""uncertainty"": null, ""allowed_values"": null, ""observed_min"": null, ""observed_max"": null, ""attrs"": {}}]","[{""op"": ""predict"", ""params"": {""features"": [0]}}, {""op"": ""require_bare_earth"", ""params"": {""artifact"": 1}}]",,,,,,
SGX3_BLIND_landslide_forecast_032,blind-composition,blind,landslide forecast,"[{""name"": ""IMERG-feature"", ""quantity"": ""rainfall"", ""unit"": ""mm"", ""scale"": ""continuous"", ""crs"": ""EPSG:32643"", ""resolution_m"": 10.0, ""temporal_resolution_h"": null, ""processing_level"": null, ""surface_model"": null, ""vertical_datum"": null, ""acquisition_time"": null, ""available_time"": ""2024-07-31T12:00:00+00:00"", ""provenance"": ""NASA GPM IMERG"", ""band_role"": null, ""nodata_semantics"": null, ""uncertainty"": null, ""allowed_values"": null, ""observed_min"": null, ""observed_max"": null, ""attrs"": {}}, {""name"": ""terrain-90"", ""quantity"": ""elevation"", ""unit"": ""m"", ""scale"": ""continuous"", ""crs"": ""EPSG:32643"", ""resolution_m"": 90, ""temporal_resolution_h"": null, ""processing_level"": null, ""surface_model"": ""DTM"", ""vertical_datum"": ""EGM2008"", ""acquisition_time"": null, ""available_time"": null, ""provenance"": ""Copernicus DEM"", ""band_role"": null, ""nodata_semantics"": null, ""uncertainty"": null, ""allowed_values"": null, ""observed_min"": null, ""observed_max"": null, ""attrs"": {}}]","[{""op"": ""predict"", ""params"": {""features"": [0]}}, {""op"": ""require_bare_earth"", ""params"": {""artifact"": 1}}]",,,,,,
SGX3_BLIND_landslide_forecast_033,blind-composition,blind,landslide forecast,"[{""name"": ""IMERG-feature"", ""quantity"": ""rainfall"", ""unit"": ""mm"", ""scale"": ""continuous"", ""crs"": ""EPSG:32643"", ""resolution_m"": 10.0, ""temporal_resolution_h"": null, ""processing_level"": null, ""surface_model"": null, ""vertical_datum"": null, ""acquisition_time"": null, ""available_time"": ""2024-08-20T15:00:00+00:00"", ""provenance"": null, ""band_role"": null, ""nodata_semantics"": null, ""uncertainty"": null, ""allowed_values"": null, ""observed_min"": null, ""observed_max"": null, ""attrs"": {}}, {""name"": ""terrain-90"", ""quantity"": ""elevation"", ""unit"": ""m"", ""scale"": ""continuous"", ""crs"": ""EPSG:32643"", ""resolution_m"": 90, ""temporal_resolution_h"": null, ""processing_level"": null, ""surface_model"": ""DTM"", ""vertical_datum"": ""EGM2008"", ""acquisition_time"": null, ""available_time"": null, ""provenance"": ""Copernicus DEM"", ""band_role"": null, ""nodata_semantics"": null, ""uncertainty"": null, ""allowed_values"": null, ""observed_min"": null, ""observed_max"": null, ""attrs"": {}}]","[{""op"": ""predict"", ""params"": {""features"": [0]}}, {""op"": ""require_bare_earth"", ""params"": {""artifact"": 1}}]",,,,,,
SGX3_BLIND_landslide_forecast_034,blind-composition,blind,landslide forecast,"[{""name"": ""IMERG-feature"", ""quantity"": ""rainfall"", ""unit"": ""mm"", ""scale"": ""continuous"", ""crs"": ""EPSG:32643"", ""resolution_m"": 10.0, ""temporal_resolution_h"": null, ""processing_level"": null, ""surface_model"": null, ""vertical_datum"": null, ""acquisition_time"": null, ""available_time"": ""2024-08-01T09:00:00+00:00"", ""provenance"": ""NASA GPM IMERG"", ""band_role"": null, ""nodata_semantics"": null, ""uncertainty"": null, ""allowed_values"": null, ""observed_min"": null, ""observed_max"": null, ""attrs"": {}}, {""name"": ""terrain-90"", ""quantity"": ""elevation"", ""unit"": ""m"", ""scale"": ""continuous"", ""crs"": ""EPSG:32643"", ""resolution_m"": 90, ""temporal_resolution_h"": null, ""processing_level"": null, ""surface_model"": ""DSM"", ""vertical_datum"": ""EGM2008"", ""acquisition_time"": null, ""available_time"": null, ""provenance"": ""Copernicus DEM"", ""band_role"": null, ""nodata_semantics"": null, ""uncertainty"": null, ""allowed_values"": null, ""observed_min"": null, ""observed_max"": null, ""attrs"": {}}]","[{""op"": ""predict"", ""params"": {""features"": [0]}}, {""op"": ""require_bare_earth"", ""params"": {""artifact"": 1}}]",,,,,,
SGX3_BLIND_landslide_forecast_035,blind-composition,blind,landslide forecast,"[{""name"": ""IMERG-feature"", ""quantity"": ""rainfall"", ""unit"": ""mm"", ""scale"": ""continuous"", ""crs"": ""EPSG:32643"", ""resolution_m"": 10.0, ""temporal_resolution_h"": null, ""processing_level"": null, ""surface_model"": null, ""vertical_datum"": null, ""acquisition_time"": null, ""available_time"": ""2024-08-05T06:00:00+00:00"", ""provenance"": ""NASA GPM IMERG"", ""band_role"": null, ""nodata_semantics"": null, ""uncertainty"": null, ""allowed_values"": null, ""observed_min"": null, ""observed_max"": null, ""attrs"": {}}, {""name"": ""terrain-60"", ""quantity"": ""elevation"", ""unit"": ""m"", ""scale"": ""continuous"", ""crs"": ""EPSG:32643"", ""resolution_m"": 60, ""temporal_resolution_h"": null, ""processing_level"": null, ""surface_model"": ""DTM"", ""vertical_datum"": ""EGM2008"", ""acquisition_time"": null, ""available_time"": null, ""provenance"": ""Copernicus DEM"", ""band_role"": null, ""nodata_semantics"": null, ""uncertainty"": null, ""allowed_values"": null, ""observed_min"": null, ""observed_max"": null, ""attrs"": {}}]","[{""op"": ""predict"", ""params"": {""features"": [0]}}, {""op"": ""require_bare_earth"", ""params"": {""artifact"": 1}}]",,,,,,
SGX3_BLIND_landslide_forecast_036,blind-composition,blind,landslide forecast,"[{""name"": ""IMERG-feature"", ""quantity"": ""rainfall"", ""unit"": ""mm"", ""scale"": ""continuous"", ""crs"": ""EPSG:32643"", ""resolution_m"": 10.0, ""temporal_resolution_h"": null, ""processing_level"": null, ""surface_model"": null, ""vertical_datum"": null, ""acquisition_time"": null, ""available_time"": ""2024-08-15T13:00:00+00:00"", ""provenance"": null, ""band_role"": null, ""nodata_semantics"": null, ""uncertainty"": null, ""allowed_values"": null, ""observed_min"": null, ""observed_max"": null, ""attrs"": {}}, {""name"": ""terrain-30"", ""quantity"": ""elevation"", ""unit"": ""m"", ""scale"": ""continuous"", ""crs"": ""EPSG:32643"", ""resolution_m"": 30, ""temporal_resolution_h"": null, ""processing_level"": null, ""surface_model"": ""DSM"", ""vertical_datum"": ""EGM2008"", ""acquisition_time"": null, ""available_time"": null, ""provenance"": ""Copernicus DEM"", ""band_role"": null, ""nodata_semantics"": null, ""uncertainty"": null, ""allowed_values"": null, ""observed_min"": null, ""observed_max"": null, ""attrs"": {}}]","[{""op"": ""predict"", ""params"": {""features"": [0]}}, {""op"": ""require_bare_earth"", ""params"": {""artifact"": 1}}]",,,,,,
SGX3_BLIND_landslide_forecast_037,blind-composition,blind,landslide forecast,"[{""name"": ""IMERG-feature"", ""quantity"": ""rainfall"", ""unit"": ""mm"", ""scale"": ""continuous"", ""crs"": ""EPSG:32643"", ""resolution_m"": 10.0, ""temporal_resolution_h"": null, ""processing_level"": null, ""surface_model"": null, ""vertical_datum"": null, ""acquisition_time"": null, ""available_time"": ""2024-08-10T11:00:00+00:00"", ""provenance"": null, ""band_role"": null, ""nodata_semantics"": null, ""uncertainty"": null, ""allowed_values"": null, ""observed_min"": null, ""observed_max"": null, ""attrs"": {}}, {""name"": ""terrain-60"", ""quantity"": ""elevation"", ""unit"": ""m"", ""scale"": ""continuous"", ""crs"": ""EPSG:32643"", ""resolution_m"": 60, ""temporal_resolution_h"": null, ""processing_level"": null, ""surface_model"": ""DTM"", ""vertical_datum"": ""EGM2008"", ""acquisition_time"": null, ""available_time"": null, ""provenance"": ""Copernicus DEM"", ""band_role"": null, ""nodata_semantics"": null, ""uncertainty"": null, ""allowed_values"": null, ""observed_min"": null, ""observed_max"": null, ""attrs"": {}}]","[{""op"": ""predict"", ""params"": {""features"": [0]}}, {""op"": ""require_bare_earth"", ""params"": {""artifact"": 1}}]",,,,,,
SGX3_BLIND_landslide_forecast_038,blind-composition,blind,landslide forecast,"[{""name"": ""IMERG-feature"", ""quantity"": ""rainfall"", ""unit"": ""mm"", ""scale"": ""continuous"", ""crs"": ""EPSG:32643"", ""resolution_m"": 10.0, ""temporal_resolution_h"": null, ""processing_level"": null, ""surface_model"": null, ""vertical_datum"": null, ""acquisition_time"": null, ""available_time"": ""2024-08-01T18:00:00+00:00"", ""provenance"": ""NASA GPM IMERG"", ""band_role"": null, ""nodata_semantics"": null, ""uncertainty"": null, ""allowed_values"": null, ""observed_min"": null, ""observed_max"": null, ""attrs"": {}}, {""name"": ""terrain-30"", ""quantity"": ""elevation"", ""unit"": ""m"", ""scale"": ""continuous"", ""crs"": ""EPSG:32643"", ""resolution_m"": 30, ""temporal_resolution_h"": null, ""processing_level"": null, ""surface_model"": ""DSM"", ""vertical_datum"": ""EGM2008"", ""acquisition_time"": null, ""available_time"": null, ""provenance"": ""Copernicus DEM"", ""band_role"": null, ""nodata_semantics"": null, ""uncertainty"": null, ""allowed_values"": null, ""observed_min"": null, ""observed_max"": null, ""attrs"": {}}]","[{""op"": ""predict"", ""params"": {""features"": [0]}}, {""op"": ""require_bare_earth"", ""params"": {""artifact"": 1}}]",,,,,,
SGX3_BLIND_landslide_forecast_039,blind-composition,blind,landslide forecast,"[{""name"": ""IMERG-feature"", ""quantity"": ""rainfall"", ""unit"": ""mm"", ""scale"": ""continuous"", ""crs"": ""EPSG:32643"", ""resolution_m"": 10.0, ""temporal_resolution_h"": null, ""processing_level"": null, ""surface_model"": null, ""vertical_datum"": null, ""acquisition_time"": null, ""available_time"": ""2024-08-20T00:00:00+00:00"", ""provenance"": null, ""band_role"": null, ""nodata_semantics"": null, ""uncertainty"": null, ""allowed_values"": null, ""observed_min"": null, ""observed_max"": null, ""attrs"": {}}, {""name"": ""terrain-30"", ""quantity"": ""elevation"", ""unit"": ""m"", ""scale"": ""continuous"", ""crs"": ""EPSG:32643"", ""resolution_m"": 30, ""temporal_resolution_h"": null, ""processing_level"": null, ""surface_model"": ""DSM"", ""vertical_datum"": ""EGM2008"", ""acquisition_time"": null, ""available_time"": null, ""provenance"": ""Copernicus DEM"", ""band_role"": null, ""nodata_semantics"": null, ""uncertainty"": null, ""allowed_values"": null, ""observed_min"": null, ""observed_max"": null, ""attrs"": {}}]","[{""op"": ""predict"", ""params"": {""features"": [0]}}, {""op"": ""require_bare_earth"", ""params"": {""artifact"": 1}}]",,,,,,
SGX3_BLIND_landslide_forecast_040,blind-composition,blind,landslide forecast,"[{""name"": ""IMERG-feature"", ""quantity"": ""rainfall"", ""unit"": ""mm"", ""scale"": ""continuous"", ""crs"": ""EPSG:32643"", ""resolution_m"": 10.0, ""temporal_resolution_h"": null, ""processing_level"": null, ""surface_model"": null, ""vertical_datum"": null, ""acquisition_time"": null, ""available_time"": ""2024-08-20T13:00:00+00:00"", ""provenance"": null, ""band_role"": null, ""nodata_semantics"": null, ""uncertainty"": null, ""allowed_values"": null, ""observed_min"": null, ""observed_max"": null, ""attrs"": {}}, {""name"": ""terrain-30"", ""quantity"": ""elevation"", ""unit"": ""m"", ""scale"": ""continuous"", ""crs"": ""EPSG:32643"", ""resolution_m"": 30, ""temporal_resolution_h"": null, ""processing_level"": null, ""surface_model"": ""DSM"", ""vertical_datum"": ""EGM2008"", ""acquisition_time"": null, ""available_time"": null, ""provenance"": ""Copernicus DEM"", ""band_role"": null, ""nodata_semantics"": null, ""uncertainty"": null, ""allowed_values"": null, ""observed_min"": null, ""observed_max"": null, ""attrs"": {}}]","[{""op"": ""predict"", ""params"": {""features"": [0]}}, {""op"": ""require_bare_earth"", ""params"": {""artifact"": 1}}]",,,,,,
SGX3_BLIND_landslide_forecast_041,blind-composition,blind,landslide forecast,"[{""name"": ""IMERG-feature"", ""quantity"": ""rainfall"", ""unit"": ""mm"", ""scale"": ""continuous"", ""crs"": ""EPSG:32643"", ""resolution_m"": 10.0, ""temporal_resolution_h"": null, ""processing_level"": null, ""surface_model"": null, ""vertical_datum"": null, ""acquisition_time"": null, ""available_time"": ""2024-08-10T11:00:00+00:00"", ""provenance"": ""NASA GPM IMERG"", ""band_role"": null, ""nodata_semantics"": null, ""uncertainty"": null, ""allowed_values"": null, ""observed_min"": null, ""observed_max"": null, ""attrs"": {}}, {""name"": ""terrain-90"", ""quantity"": ""elevation"", ""unit"": ""m"", ""scale"": ""continuous"", ""crs"": ""EPSG:32643"", ""resolution_m"": 90, ""temporal_resolution_h"": null, ""processing_level"": null, ""surface_model"": ""DTM"", ""vertical_datum"": ""EGM2008"", ""acquisition_time"": null, ""available_time"": null, ""provenance"": ""Copernicus DEM"", ""band_role"": null, ""nodata_semantics"": null, ""uncertainty"": null, ""allowed_values"": null, ""observed_min"": null, ""observed_max"": null, ""attrs"": {}}]","[{""op"": ""predict"", ""params"": {""features"": [0]}}, {""op"": ""require_bare_earth"", ""params"": {""artifact"": 1}}]",,,,,,
SGX3_BLIND_landslide_forecast_042,blind-composition,blind,landslide forecast,"[{""name"": ""IMERG-feature"", ""quantity"": ""rainfall"", ""unit"": ""mm"", ""scale"": ""continuous"", ""crs"": ""EPSG:32643"", ""resolution_m"": 10.0, ""temporal_resolution_h"": null, ""processing_level"": null, ""surface_model"": null, ""vertical_datum"": null, ""acquisition_time"": null, ""available_time"": ""2024-08-20T09:00:00+00:00"", ""provenance"": ""NASA GPM IMERG"", ""band_role"": null, ""nodata_semantics"": null, ""uncertainty"": null, ""allowed_values"": null, ""observed_min"": null, ""observed_max"": null, ""attrs"": {}}, {""name"": ""terrain-60"", ""quantity"": ""elevation"", ""unit"": ""m"", ""scale"": ""continuous"", ""crs"": ""EPSG:32643"", ""resolution_m"": 60, ""temporal_resolution_h"": null, ""processing_level"": null, ""surface_model"": ""DSM"", ""vertical_datum"": ""EGM2008"", ""acquisition_time"": null, ""available_time"": null, ""provenance"": ""Copernicus DEM"", ""band_role"": null, ""nodata_semantics"": null, ""uncertainty"": null, ""allowed_values"": null, ""observed_min"": null, ""observed_max"": null, ""attrs"": {}}]","[{""op"": ""predict"", ""params"": {""features"": [0]}}, {""op"": ""require_bare_earth"", ""params"": {""artifact"": 1}}]",,,,,,
SGX3_BLIND_landslide_forecast_043,blind-composition,blind,landslide forecast,"[{""name"": ""IMERG-feature"", ""quantity"": ""rainfall"", ""unit"": ""mm"", ""scale"": ""continuous"", ""crs"": ""EPSG:32643"", ""resolution_m"": 10.0, ""temporal_resolution_h"": null, ""processing_level"": null, ""surface_model"": null, ""vertical_datum"": null, ""acquisition_time"": null, ""available_time"": ""2024-08-20T15:00:00+00:00"", ""provenance"": ""NASA GPM IMERG"", ""band_role"": null, ""nodata_semantics"": null, ""uncertainty"": null, ""allowed_values"": null, ""observed_min"": null, ""observed_max"": null, ""attrs"": {}}, {""name"": ""terrain-30"", ""quantity"": ""elevation"", ""unit"": ""m"", ""scale"": ""continuous"", ""crs"": ""EPSG:32643"", ""resolution_m"": 30, ""temporal_resolution_h"": null, ""processing_level"": null, ""surface_model"": ""DSM"", ""vertical_datum"": ""EGM2008"", ""acquisition_time"": null, ""available_time"": null, ""provenance"": ""Copernicus DEM"", ""band_role"": null, ""nodata_semantics"": null, ""uncertainty"": null, ""allowed_values"": null, ""observed_min"": null, ""observed_max"": null, ""attrs"": {}}]","[{""op"": ""predict"", ""params"": {""features"": [0]}}, {""op"": ""require_bare_earth"", ""params"": {""artifact"": 1}}]",,,,,,
SGX3_BLIND_landslide_forecast_044,blind-composition,blind,landslide forecast,"[{""name"": ""IMERG-feature"", ""quantity"": ""rainfall"", ""unit"": ""mm"", ""scale"": ""continuous"", ""crs"": ""EPSG:32643"", ""resolution_m"": 10.0, ""temporal_resolution_h"": null, ""processing_level"": null, ""surface_model"": null, ""vertical_datum"": null, ""acquisition_time"": null, ""available_time"": ""2024-08-10T18:00:00+00:00"", ""provenance"": ""NASA GPM IMERG"", ""band_role"": null, ""nodata_semantics"": null, ""uncertainty"": null, ""allowed_values"": null, ""observed_min"": null, ""observed_max"": null, ""attrs"": {}}, {""name"": ""terrain-90"", ""quantity"": ""elevation"", ""unit"": ""m"", ""scale"": ""continuous"", ""crs"": ""EPSG:32643"", ""resolution_m"": 90, ""temporal_resolution_h"": null, ""processing_level"": null, ""surface_model"": ""DTM"", ""vertical_datum"": ""EGM2008"", ""acquisition_time"": null, ""available_time"": null, ""provenance"": ""Copernicus DEM"", ""band_role"": null, ""nodata_semantics"": null, ""uncertainty"": null, ""allowed_values"": null, ""observed_min"": null, ""observed_max"": null, ""attrs"": {}}]","[{""op"": ""predict"", ""params"": {""features"": [0]}}, {""op"": ""require_bare_earth"", ""params"": {""artifact"": 1}}]",,,,,,
SGX3_BLIND_landslide_forecast_045,blind-composition,blind,landslide forecast,"[{""name"": ""IMERG-feature"", ""quantity"": ""rainfall"", ""unit"": ""mm"", ""scale"": ""continuous"", ""crs"": ""EPSG:32643"", ""resolution_m"": 10.0, ""temporal_resolution_h"": null, ""processing_level"": null, ""surface_model"": null, ""vertical_datum"": null, ""acquisition_time"": null, ""available_time"": ""2024-08-02T00:00:00+00:00"", ""provenance"": null, ""band_role"": null, ""nodata_semantics"": null, ""uncertainty"": null, ""allowed_values"": null, ""observed_min"": null, ""observed_max"": null, ""attrs"": {}}, {""name"": ""terrain-30"", ""quantity"": ""elevation"", ""unit"": ""m"", ""scale"": ""continuous"", ""crs"": ""EPSG:32643"", ""resolution_m"": 30, ""temporal_resolution_h"": null, ""processing_level"": null, ""surface_model"": ""DTM"", ""vertical_datum"": ""EGM2008"", ""acquisition_time"": null, ""available_time"": null, ""provenance"": ""Copernicus DEM"", ""band_role"": null, ""nodata_semantics"": null, ""uncertainty"": null, ""allowed_values"": null, ""observed_min"": null, ""observed_max"": null, ""attrs"": {}}]","[{""op"": ""predict"", ""params"": {""features"": [0]}}, {""op"": ""require_bare_earth"", ""params"": {""artifact"": 1}}]",,,,,,
SGX3_BLIND_landslide_forecast_046,blind-composition,blind,landslide forecast,"[{""name"": ""IMERG-feature"", ""quantity"": ""rainfall"", ""unit"": ""mm"", ""scale"": ""continuous"", ""crs"": ""EPSG:32643"", ""resolution_m"": 10.0, ""temporal_resolution_h"": null, ""processing_level"": null, ""surface_model"": null, ""vertical_datum"": null, ""acquisition_time"": null, ""available_time"": ""2024-08-21T00:00:00+00:00"", ""provenance"": null, ""band_role"": null, ""nodata_semantics"": null, ""uncertainty"": null, ""allowed_values"": null, ""observed_min"": null, ""observed_max"": null, ""attrs"": {}}, {""name"": ""terrain-60"", ""quantity"": ""elevation"", ""unit"": ""m"", ""scale"": ""continuous"", ""crs"": ""EPSG:32643"", ""resolution_m"": 60, ""temporal_resolution_h"": null, ""processing_level"": null, ""surface_model"": ""DTM"", ""vertical_datum"": ""EGM2008"", ""acquisition_time"": null, ""available_time"": null, ""provenance"": ""Copernicus DEM"", ""band_role"": null, ""nodata_semantics"": null, ""uncertainty"": null, ""allowed_values"": null, ""observed_min"": null, ""observed_max"": null, ""attrs"": {}}]","[{""op"": ""predict"", ""params"": {""features"": [0]}}, {""op"": ""require_bare_earth"", ""params"": {""artifact"": 1}}]",,,,,,
SGX3_BLIND_landslide_forecast_047,blind-composition,blind,landslide forecast,"[{""name"": ""IMERG-feature"", ""quantity"": ""rainfall"", ""unit"": ""mm"", ""scale"": ""continuous"", ""crs"": ""EPSG:32643"", ""resolution_m"": 10.0, ""temporal_resolution_h"": null, ""processing_level"": null, ""surface_model"": null, ""vertical_datum"": null, ""acquisition_time"": null, ""available_time"": ""2024-08-15T00:00:00+00:00"", ""provenance"": ""NASA GPM IMERG"", ""band_role"": null, ""nodata_semantics"": null, ""uncertainty"": null, ""allowed_values"": null, ""observed_min"": null, ""observed_max"": null, ""attrs"": {}}, {""name"": ""terrain-30"", ""quantity"": ""elevation"", ""unit"": ""m"", ""scale"": ""continuous"", ""crs"": ""EPSG:32643"", ""resolution_m"": 30, ""temporal_resolution_h"": null, ""processing_level"": null, ""surface_model"": ""DSM"", ""vertical_datum"": ""EGM2008"", ""acquisition_time"": null, ""available_time"": null, ""provenance"": ""Copernicus DEM"", ""band_role"": null, ""nodata_semantics"": null, ""uncertainty"": null, ""allowed_values"": null, ""observed_min"": null, ""observed_max"": null, ""attrs"": {}}]","[{""op"": ""predict"", ""params"": {""features"": [0]}}, {""op"": ""require_bare_earth"", ""params"": {""artifact"": 1}}]",,,,,,
SGX3_BLIND_landslide_forecast_048,blind-composition,blind,landslide forecast,"[{""name"": ""IMERG-feature"", ""quantity"": ""rainfall"", ""unit"": ""mm"", ""scale"": ""continuous"", ""crs"": ""EPSG:32643"", ""resolution_m"": 10.0, ""temporal_resolution_h"": null, ""processing_level"": null, ""surface_model"": null, ""vertical_datum"": null, ""acquisition_time"": null, ""available_time"": ""2024-08-15T09:00:00+00:00"", ""provenance"": null, ""band_role"": null, ""nodata_semantics"": null, ""uncertainty"": null, ""allowed_values"": null, ""observed_min"": null, ""observed_max"": null, ""attrs"": {}}, {""name"": ""terrain-30"", ""quantity"": ""elevation"", ""unit"": ""m"", ""scale"": ""continuous"", ""crs"": ""EPSG:32643"", ""resolution_m"": 30, ""temporal_resolution_h"": null, ""processing_level"": null, ""surface_model"": ""DSM"", ""vertical_datum"": ""EGM2008"", ""acquisition_time"": null, ""available_time"": null, ""provenance"": ""Copernicus DEM"", ""band_role"": null, ""nodata_semantics"": null, ""uncertainty"": null, ""allowed_values"": null, ""observed_min"": null, ""observed_max"": null, ""attrs"": {}}]","[{""op"": ""predict"", ""params"": {""features"": [0]}}, {""op"": ""require_bare_earth"", ""params"": {""artifact"": 1}}]",,,,,,
SGX3_BLIND_landslide_forecast_049,blind-composition,blind,landslide forecast,"[{""name"": ""IMERG-feature"", ""quantity"": ""rainfall"", ""unit"": ""mm"", ""scale"": ""continuous"", ""crs"": ""EPSG:32643"", ""resolution_m"": 10.0, ""temporal_resolution_h"": null, ""processing_level"": null, ""surface_model"": null, ""vertical_datum"": null, ""acquisition_time"": null, ""available_time"": ""2024-08-20T18:00:00+00:00"", ""provenance"": null, ""band_role"": null, ""nodata_semantics"": null, ""uncertainty"": null, ""allowed_values"": null, ""observed_min"": null, ""observed_max"": null, ""attrs"": {}}, {""name"": ""terrain-30"", ""quantity"": ""elevation"", ""unit"": ""m"", ""scale"": ""continuous"", ""crs"": ""EPSG:32643"", ""resolution_m"": 30, ""temporal_resolution_h"": null, ""processing_level"": null, ""surface_model"": ""DTM"", ""vertical_datum"": ""EGM2008"", ""acquisition_time"": null, ""available_time"": null, ""provenance"": ""Copernicus DEM"", ""band_role"": null, ""nodata_semantics"": null, ""uncertainty"": null, ""allowed_values"": null, ""observed_min"": null, ""observed_max"": null, ""attrs"": {}}]","[{""op"": ""predict"", ""params"": {""features"": [0]}}, {""op"": ""require_bare_earth"", ""params"": {""artifact"": 1}}]",,,,,,
SGX3_BLIND_landcover_change_000,blind-composition,blind,landcover_change,"[{""name"": ""WorldCover-10"", ""quantity"": ""land_cover"", ""unit"": null, ""scale"": ""categorical"", ""crs"": ""EPSG:4326"", ""resolution_m"": 10, ""temporal_resolution_h"": null, ""processing_level"": null, ""surface_model"": null, ""vertical_datum"": null, ""acquisition_time"": null, ""available_time"": null, ""provenance"": ""ESA WorldCover"", ""band_role"": null, ""nodata_semantics"": null, ""uncertainty"": null, ""allowed_values"": [10, 20, 30, 40, 50, 60, 70, 80, 90, 95, 100], ""observed_min"": null, ""observed_max"": null, ""attrs"": {}}]","[{""op"": ""resample"", ""params"": {""artifact"": 0, ""method"": ""mode"", ""target_resolution_m"": 40, ""evidence_of_new_information"": true}}]",,,,,,
SGX3_BLIND_landcover_change_001,blind-composition,blind,landcover_change,"[{""name"": ""WorldCover-20"", ""quantity"": ""land_cover"", ""unit"": null, ""scale"": ""categorical"", ""crs"": ""EPSG:4326"", ""resolution_m"": 20, ""temporal_resolution_h"": null, ""processing_level"": null, ""surface_model"": null, ""vertical_datum"": null, ""acquisition_time"": null, ""available_time"": null, ""provenance"": ""ESA WorldCover"", ""band_role"": null, ""nodata_semantics"": null, ""uncertainty"": null, ""allowed_values"": [10, 20, 30, 40, 50, 60, 70, 80, 90, 95, 100], ""observed_min"": null, ""observed_max"": null, ""attrs"": {}}]","[{""op"": ""resample"", ""params"": {""artifact"": 0, ""method"": ""nearest"", ""target_resolution_m"": 60, ""evidence_of_new_information"": true}}]",,,,,,
SGX3_BLIND_landcover_change_002,blind-composition,blind,landcover_change,"[{""name"": ""WorldCover-10"", ""quantity"": ""land_cover"", ""unit"": null, ""scale"": ""categorical"", ""crs"": ""EPSG:4326"", ""resolution_m"": 10, ""temporal_resolution_h"": null, ""processing_level"": null, ""surface_model"": null, ""vertical_datum"": null, ""acquisition_time"": null, ""available_time"": null, ""provenance"": ""ESA WorldCover"", ""band_role"": null, ""nodata_semantics"": null, ""uncertainty"": null, ""allowed_values"": [10, 20, 30, 40, 50, 60, 70, 80, 90, 95, 100], ""observed_min"": null, ""observed_max"": null, ""attrs"": {}}]","[{""op"": ""resample"", ""params"": {""artifact"": 0, ""method"": ""bilinear"", ""target_resolution_m"": 50, ""evidence_of_new_information"": true}}]",,,,,,
SGX3_BLIND_landcover_change_003,blind-composition,blind,landcover_change,"[{""name"": ""WorldCover-20"", ""quantity"": ""land_cover"", ""unit"": null, ""scale"": ""categorical"", ""crs"": ""EPSG:4326"", ""resolution_m"": 20, ""temporal_resolution_h"": null, ""processing_level"": null, ""surface_model"": null, ""vertical_datum"": null, ""acquisition_time"": null, ""available_time"": null, ""provenance"": ""ESA WorldCover"", ""band_role"": null, ""nodata_semantics"": null, ""uncertainty"": null, ""allowed_values"": [10, 20, 30, 40, 50, 60, 70, 80, 90, 95, 100], ""observed_min"": null, ""observed_max"": null, ""attrs"": {}}]","[{""op"": ""resample"", ""params"": {""artifact"": 0, ""method"": ""cubic"", ""target_resolution_m"": 50, ""evidence_of_new_information"": true}}]",,,,,,
SGX3_BLIND_landcover_change_004,blind-composition,blind,landcover_change,"[{""name"": ""WorldCover-20"", ""quantity"": ""land_cover"", ""unit"": null, ""scale"": ""categorical"", ""crs"": ""EPSG:4326"", ""resolution_m"": 20, ""temporal_resolution_h"": null, ""processing_level"": null, ""surface_model"": null, ""vertical_datum"": null, ""acquisition_time"": null, ""available_time"": null, ""provenance"": ""ESA WorldCover"", ""band_role"": null, ""nodata_semantics"": null, ""uncertainty"": null, ""allowed_values"": [10, 20, 30, 40, 50, 60, 70, 80, 90, 95, 100], ""observed_min"": null, ""observed_max"": null, ""attrs"": {}}]","[{""op"": ""resample"", ""params"": {""artifact"": 0, ""method"": ""cubic"", ""target_resolution_m"": 90, ""evidence_of_new_information"": true}}]",,,,,,
SGX3_BLIND_landcover_change_005,blind-composition,blind,landcover_change,"[{""name"": ""WorldCover-20"", ""quantity"": ""land_cover"", ""unit"": null, ""scale"": ""categorical"", ""crs"": ""EPSG:4326"", ""resolution_m"": 20, ""temporal_resolution_h"": null, ""processing_level"": null, ""surface_model"": null, ""vertical_datum"": null, ""acquisition_time"": null, ""available_time"": null, ""provenance"": ""ESA WorldCover"", ""band_role"": null, ""nodata_semantics"": null, ""uncertainty"": null, ""allowed_values"": [10, 20, 30, 40, 50, 60, 70, 80, 90, 95, 100], ""observed_min"": null, ""observed_max"": null, ""attrs"": {}}]","[{""op"": ""resample"", ""params"": {""artifact"": 0, ""method"": ""bilinear"", ""target_resolution_m"": 40, ""evidence_of_new_information"": true}}]",,,,,,
SGX3_BLIND_landcover_change_006,blind-composition,blind,landcover_change,"[{""name"": ""WorldCover-20"", ""quantity"": ""land_cover"", ""unit"": null, ""scale"": ""categorical"", ""crs"": ""EPSG:4326"", ""resolution_m"": 20, ""temporal_resolution_h"": null, ""processing_level"": null, ""surface_model"": null, ""vertical_datum"": null, ""acquisition_time"": null, ""available_time"": null, ""provenance"": null, ""band_role"": null, ""nodata_semantics"": null, ""uncertainty"": null, ""allowed_values"": [10, 20, 30, 40, 50, 60, 70, 80, 90, 95, 100], ""observed_min"": null, ""observed_max"": null, ""attrs"": {}}]","[{""op"": ""resample"", ""params"": {""artifact"": 0, ""method"": ""mode"", ""target_resolution_m"": 20, ""evidence_of_new_information"": true}}]",,,,,,
SGX3_BLIND_landcover_change_007,blind-composition,blind,landcover_change,"[{""name"": ""WorldCover-20"", ""quantity"": ""land_cover"", ""unit"": null, ""scale"": ""categorical"", ""crs"": ""EPSG:4326"", ""resolution_m"": 20, ""temporal_resolution_h"": null, ""processing_level"": null, ""surface_model"": null, ""vertical_datum"": null, ""acquisition_time"": null, ""available_time"": null, ""provenance"": ""ESA WorldCover"", ""band_role"": null, ""nodata_semantics"": null, ""uncertainty"": null, ""allowed_values"": [10, 20, 30, 40, 50, 60, 70, 80, 90, 95, 100], ""observed_min"": null, ""observed_max"": null, ""attrs"": {}}]","[{""op"": ""resample"", ""params"": {""artifact"": 0, ""method"": ""lanczos"", ""target_resolution_m"": 40, ""evidence_of_new_information"": true}}]",,,,,,
SGX3_BLIND_landcover_change_008,blind-composition,blind,landcover_change,"[{""name"": ""WorldCover-20"", ""quantity"": ""land_cover"", ""unit"": null, ""scale"": ""categorical"", ""crs"": ""EPSG:4326"", ""resolution_m"": 20, ""temporal_resolution_h"": null, ""processing_level"": null, ""surface_model"": null, ""vertical_datum"": null, ""acquisition_time"": null, ""available_time"": null, ""provenance"": ""ESA WorldCover"", ""band_role"": null, ""nodata_semantics"": null, ""uncertainty"": null, ""allowed_values"": [10, 20, 30, 40, 50, 60, 70, 80, 90, 95, 100], ""observed_min"": null, ""observed_max"": null, ""attrs"": {}}]","[{""op"": ""resample"", ""params"": {""artifact"": 0, ""method"": ""bilinear"", ""target_resolution_m"": 90, ""evidence_of_new_information"": true}}]",,,,,,
SGX3_BLIND_landcover_change_009,blind-composition,blind,landcover_change,"[{""name"": ""WorldCover-10"", ""quantity"": ""land_cover"", ""unit"": null, ""scale"": ""categorical"", ""crs"": ""EPSG:4326"", ""resolution_m"": 10, ""temporal_resolution_h"": null, ""processing_level"": null, ""surface_model"": null, ""vertical_datum"": null, ""acquisition_time"": null, ""available_time"": null, ""provenance"": null, ""band_role"": null, ""nodata_semantics"": null, ""uncertainty"": null, ""allowed_values"": [10, 20, 30, 40, 50, 60, 70, 80, 90, 95, 100], ""observed_min"": null, ""observed_max"": null, ""attrs"": {}}]","[{""op"": ""resample"", ""params"": {""artifact"": 0, ""method"": ""cubic"", ""target_resolution_m"": 90, ""evidence_of_new_information"": true}}]",,,,,,
SGX3_BLIND_landcover_change_010,blind-composition,blind,landcover_change,"[{""name"": ""WorldCover-10"", ""quantity"": ""land_cover"", ""unit"": null, ""scale"": ""categorical"", ""crs"": ""EPSG:4326"", ""resolution_m"": 10, ""temporal_resolution_h"": null, ""processing_level"": null, ""surface_model"": null, ""vertical_datum"": null, ""acquisition_time"": null, ""available_time"": null, ""provenance"": null, ""band_role"": null, ""nodata_semantics"": null, ""uncertainty"": null, ""allowed_values"": [10, 20, 30, 40, 50, 60, 70, 80, 90, 95, 100], ""observed_min"": null, ""observed_max"": null, ""attrs"": {}}]","[{""op"": ""resample"", ""params"": {""artifact"": 0, ""method"": ""nearest"", ""target_resolution_m"": 90, ""evidence_of_new_information"": true}}]",,,,,,
SGX3_BLIND_landcover_change_011,blind-composition,blind,landcover_change,"[{""name"": ""WorldCover-10"", ""quantity"": ""land_cover"", ""unit"": null, ""scale"": ""categorical"", ""crs"": ""EPSG:4326"", ""resolution_m"": 10, ""temporal_resolution_h"": null, ""processing_level"": null, ""surface_model"": null, ""vertical_datum"": null, ""acquisition_time"": null, ""available_time"": null, ""provenance"": ""ESA WorldCover"", ""band_role"": null, ""nodata_semantics"": null, ""uncertainty"": null, ""allowed_values"": [10, 20, 30, 40, 50, 60, 70, 80, 90, 95, 100], ""observed_min"": null, ""observed_max"": null, ""attrs"": {}}]","[{""op"": ""resample"", ""params"": {""artifact"": 0, ""method"": ""lanczos"", ""target_resolution_m"": 60, ""evidence_of_new_information"": true}}]",,,,,,
SGX3_BLIND_landcover_change_012,blind-composition,blind,landcover_change,"[{""name"": ""WorldCover-20"", ""quantity"": ""land_cover"", ""unit"": null, ""scale"": ""categorical"", ""crs"": ""EPSG:4326"", ""resolution_m"": 20, ""temporal_resolution_h"": null, ""processing_level"": null, ""surface_model"": null, ""vertical_datum"": null, ""acquisition_time"": null, ""available_time"": null, ""provenance"": null, ""band_role"": null, ""nodata_semantics"": null, ""uncertainty"": null, ""allowed_values"": [10, 20, 30, 40, 50, 60, 70, 80, 90, 95, 100], ""observed_min"": null, ""observed_max"": null, ""attrs"": {}}]","[{""op"": ""resample"", ""params"": {""artifact"": 0, ""method"": ""lanczos"", ""target_resolution_m"": 40, ""evidence_of_new_information"": true}}]",,,,,,
SGX3_BLIND_landcover_change_013,blind-composition,blind,landcover_change,"[{""name"": ""WorldCover-20"", ""quantity"": ""land_cover"", ""unit"": null, ""scale"": ""categorical"", ""crs"": ""EPSG:4326"", ""resolution_m"": 20, ""temporal_resolution_h"": null, ""processing_level"": null, ""surface_model"": null, ""vertical_datum"": null, ""acquisition_time"": null, ""available_time"": null, ""provenance"": ""ESA WorldCover"", ""band_role"": null, ""nodata_semantics"": null, ""uncertainty"": null, ""allowed_values"": [10, 20, 30, 40, 50, 60, 70, 80, 90, 95, 100], ""observed_min"": null, ""observed_max"": null, ""attrs"": {}}]","[{""op"": ""resample"", ""params"": {""artifact"": 0, ""method"": ""bilinear"", ""target_resolution_m"": 60, ""evidence_of_new_information"": true}}]",,,,,,
SGX3_BLIND_landcover_change_014,blind-composition,blind,landcover_change,"[{""name"": ""WorldCover-10"", ""quantity"": ""land_cover"", ""unit"": null, ""scale"": ""categorical"", ""crs"": ""EPSG:4326"", ""resolution_m"": 10, ""temporal_resolution_h"": null, ""processing_level"": null, ""surface_model"": null, ""vertical_datum"": null, ""acquisition_time"": null, ""available_time"": null, ""provenance"": null, ""band_role"": null, ""nodata_semantics"": null, ""uncertainty"": null, ""allowed_values"": [10, 20, 30, 40, 50, 60, 70, 80, 90, 95, 100], ""observed_min"": null, ""observed_max"": null, ""attrs"": {}}]","[{""op"": ""resample"", ""params"": {""artifact"": 0, ""method"": ""mode"", ""target_resolution_m"": 90, ""evidence_of_new_information"": true}}]",,,,,,
SGX3_BLIND_landcover_change_015,blind-composition,blind,landcover_change,"[{""name"": ""WorldCover-20"", ""quantity"": ""land_cover"", ""unit"": null, ""scale"": ""categorical"", ""crs"": ""EPSG:4326"", ""resolution_m"": 20, ""temporal_resolution_h"": null, ""processing_level"": null, ""surface_model"": null, ""vertical_datum"": null, ""acquisition_time"": null, ""available_time"": null, ""provenance"": ""ESA WorldCover"", ""band_role"": null, ""nodata_semantics"": null, ""uncertainty"": null, ""allowed_values"": [10, 20, 30, 40, 50, 60, 70, 80, 90, 95, 100], ""observed_min"": null, ""observed_max"": null, ""attrs"": {}}]","[{""op"": ""resample"", ""params"": {""artifact"": 0, ""method"": ""cubic"", ""target_resolution_m"": 40, ""evidence_of_new_information"": true}}]",,,,,,
SGX3_BLIND_landcover_change_016,blind-composition,blind,landcover_change,"[{""name"": ""WorldCover-20"", ""quantity"": ""land_cover"", ""unit"": null, ""scale"": ""categorical"", ""crs"": ""EPSG:4326"", ""resolution_m"": 20, ""temporal_resolution_h"": null, ""processing_level"": null, ""surface_model"": null, ""vertical_datum"": null, ""acquisition_time"": null, ""available_time"": null, ""provenance"": null, ""band_role"": null, ""nodata_semantics"": null, ""uncertainty"": null, ""allowed_values"": [10, 20, 30, 40, 50, 60, 70, 80, 90, 95, 100], ""observed_min"": null, ""observed_max"": null, ""attrs"": {}}]","[{""op"": ""resample"", ""params"": {""artifact"": 0, ""method"": ""lanczos"", ""target_resolution_m"": 90, ""evidence_of_new_information"": true}}]",,,,,,
SGX3_BLIND_landcover_change_017,blind-composition,blind,landcover_change,"[{""name"": ""WorldCover-10"", ""quantity"": ""land_cover"", ""unit"": null, ""scale"": ""categorical"", ""crs"": ""EPSG:4326"", ""resolution_m"": 10, ""temporal_resolution_h"": null, ""processing_level"": null, ""surface_model"": null, ""vertical_datum"": null, ""acquisition_time"": null, ""available_time"": null, ""provenance"": null, ""band_role"": null, ""nodata_semantics"": null, ""uncertainty"": null, ""allowed_values"": [10, 20, 30, 40, 50, 60, 70, 80, 90, 95, 100], ""observed_min"": null, ""observed_max"": null, ""attrs"": {}}]","[{""op"": ""resample"", ""params"": {""artifact"": 0, ""method"": ""bilinear"", ""target_resolution_m"": 60, ""evidence_of_new_information"": true}}]",,,,,,
SGX3_BLIND_landcover_change_018,blind-composition,blind,landcover_change,"[{""name"": ""WorldCover-10"", ""quantity"": ""land_cover"", ""unit"": null, ""scale"": ""categorical"", ""crs"": ""EPSG:4326"", ""resolution_m"": 10, ""temporal_resolution_h"": null, ""processing_level"": null, ""surface_model"": null, ""vertical_datum"": null, ""acquisition_time"": null, ""available_time"": null, ""provenance"": null, ""band_role"": null, ""nodata_semantics"": null, ""uncertainty"": null, ""allowed_values"": [10, 20, 30, 40, 50, 60, 70, 80, 90, 95, 100], ""observed_min"": null, ""observed_max"": null, ""attrs"": {}}]","[{""op"": ""resample"", ""params"": {""artifact"": 0, ""method"": ""lanczos"", ""target_resolution_m"": 60, ""evidence_of_new_information"": true}}]",,,,,,
SGX3_BLIND_landcover_change_019,blind-composition,blind,landcover_change,"[{""name"": ""WorldCover-10"", ""quantity"": ""land_cover"", ""unit"": null, ""scale"": ""categorical"", ""crs"": ""EPSG:4326"", ""resolution_m"": 10, ""temporal_resolution_h"": null, ""processing_level"": null, ""surface_model"": null, ""vertical_datum"": null, ""acquisition_time"": null, ""available_time"": null, ""provenance"": ""ESA WorldCover"", ""band_role"": null, ""nodata_semantics"": null, ""uncertainty"": null, ""allowed_values"": [10, 20, 30, 40, 50, 60, 70, 80, 90, 95, 100], ""observed_min"": null, ""observed_max"": null, ""attrs"": {}}]","[{""op"": ""resample"", ""params"": {""artifact"": 0, ""method"": ""mode"", ""target_resolution_m"": 30, ""evidence_of_new_information"": true}}]",,,,,,
SGX3_BLIND_landcover_change_020,blind-composition,blind,landcover_change,"[{""name"": ""WorldCover-10"", ""quantity"": ""land_cover"", ""unit"": null, ""scale"": ""categorical"", ""crs"": ""EPSG:4326"", ""resolution_m"": 10, ""temporal_resolution_h"": null, ""processing_level"": null, ""surface_model"": null, ""vertical_datum"": null, ""acquisition_time"": null, ""available_time"": null, ""provenance"": null, ""band_role"": null, ""nodata_semantics"": null, ""uncertainty"": null, ""allowed_values"": [10, 20, 30, 40, 50, 60, 70, 80, 90, 95, 100], ""observed_min"": null, ""observed_max"": null, ""attrs"": {}}]","[{""op"": ""resample"", ""params"": {""artifact"": 0, ""method"": ""mode"", ""target_resolution_m"": 30, ""evidence_of_new_information"": true}}]",,,,,,
SGX3_BLIND_landcover_change_021,blind-composition,blind,landcover_change,"[{""name"": ""WorldCover-10"", ""quantity"": ""land_cover"", ""unit"": null, ""scale"": ""categorical"", ""crs"": ""EPSG:4326"", ""resolution_m"": 10, ""temporal_resolution_h"": null, ""processing_level"": null, ""surface_model"": null, ""vertical_datum"": null, ""acquisition_time"": null, ""available_time"": null, ""provenance"": null, ""band_role"": null, ""nodata_semantics"": null, ""uncertainty"": null, ""allowed_values"": [10, 20, 30, 40, 50, 60, 70, 80, 90, 95, 100], ""observed_min"": null, ""observed_max"": null, ""attrs"": {}}]","[{""op"": ""resample"", ""params"": {""artifact"": 0, ""method"": ""nearest"", ""target_resolution_m"": 40, ""evidence_of_new_information"": true}}]",,,,,,
SGX3_BLIND_landcover_change_022,blind-composition,blind,landcover_change,"[{""name"": ""WorldCover-20"", ""quantity"": ""land_cover"", ""unit"": null, ""scale"": ""categorical"", ""crs"": ""EPSG:4326"", ""resolution_m"": 20, ""temporal_resolution_h"": null, ""processing_level"": null, ""surface_model"": null, ""vertical_datum"": null, ""acquisition_time"": null, ""available_time"": null, ""provenance"": ""ESA WorldCover"", ""band_role"": null, ""nodata_semantics"": null, ""uncertainty"": null, ""allowed_values"": [10, 20, 30, 40, 50, 60, 70, 80, 90, 95, 100], ""observed_min"": null, ""observed_max"": null, ""attrs"": {}}]","[{""op"": ""resample"", ""params"": {""artifact"": 0, ""method"": ""lanczos"", ""target_resolution_m"": 30, ""evidence_of_new_information"": true}}]",,,,,,
SGX3_BLIND_landcover_change_023,blind-composition,blind,landcover_change,"[{""name"": ""WorldCover-10"", ""quantity"": ""land_cover"", ""unit"": null, ""scale"": ""categorical"", ""crs"": ""EPSG:4326"", ""resolution_m"": 10, ""temporal_resolution_h"": null, ""processing_level"": null, ""surface_model"": null, ""vertical_datum"": null, ""acquisition_time"": null, ""available_time"": null, ""provenance"": null, ""band_role"": null, ""nodata_semantics"": null, ""uncertainty"": null, ""allowed_values"": [10, 20, 30, 40, 50, 60, 70, 80, 90, 95, 100], ""observed_min"": null, ""observed_max"": null, ""attrs"": {}}]","[{""op"": ""resample"", ""params"": {""artifact"": 0, ""method"": ""bilinear"", ""target_resolution_m"": 20, ""evidence_of_new_information"": true}}]",,,,,,
SGX3_BLIND_landcover_change_024,blind-composition,blind,landcover_change,"[{""name"": ""WorldCover-10"", ""quantity"": ""land_cover"", ""unit"": null, ""scale"": ""categorical"", ""crs"": ""EPSG:4326"", ""resolution_m"": 10, ""temporal_resolution_h"": null, ""processing_level"": null, ""surface_model"": null, ""vertical_datum"": null, ""acquisition_time"": null, ""available_time"": null, ""provenance"": null, ""band_role"": null, ""nodata_semantics"": null, ""uncertainty"": null, ""allowed_values"": [10, 20, 30, 40, 50, 60, 70, 80, 90, 95, 100], ""observed_min"": null, ""observed_max"": null, ""attrs"": {}}]","[{""op"": ""resample"", ""params"": {""artifact"": 0, ""method"": ""lanczos"", ""target_resolution_m"": 30, ""evidence_of_new_information"": true}}]",,,,,,
SGX3_BLIND_landcover_change_025,blind-composition,blind,landcover_change,"[{""name"": ""WorldCover-20"", ""quantity"": ""land_cover"", ""unit"": null, ""scale"": ""categorical"", ""crs"": ""EPSG:4326"", ""resolution_m"": 20, ""temporal_resolution_h"": null, ""processing_level"": null, ""surface_model"": null, ""vertical_datum"": null, ""acquisition_time"": null, ""available_time"": null, ""provenance"": null, ""band_role"": null, ""nodata_semantics"": null, ""uncertainty"": null, ""allowed_values"": [10, 20, 30, 40, 50, 60, 70, 80, 90, 95, 100], ""observed_min"": null, ""observed_max"": null, ""attrs"": {}}]","[{""op"": ""resample"", ""params"": {""artifact"": 0, ""method"": ""cubic"", ""target_resolution_m"": 30, ""evidence_of_new_information"": true}}]",,,,,,
SGX3_BLIND_landcover_change_026,blind-composition,blind,landcover_change,"[{""name"": ""WorldCover-20"", ""quantity"": ""land_cover"", ""unit"": null, ""scale"": ""categorical"", ""crs"": ""EPSG:4326"", ""resolution_m"": 20, ""temporal_resolution_h"": null, ""processing_level"": null, ""surface_model"": null, ""vertical_datum"": null, ""acquisition_time"": null, ""available_time"": null, ""provenance"": ""ESA WorldCover"", ""band_role"": null, ""nodata_semantics"": null, ""uncertainty"": null, ""allowed_values"": [10, 20, 30, 40, 50, 60, 70, 80, 90, 95, 100], ""observed_min"": null, ""observed_max"": null, ""attrs"": {}}]","[{""op"": ""resample"", ""params"": {""artifact"": 0, ""method"": ""mode"", ""target_resolution_m"": 50, ""evidence_of_new_information"": true}}]",,,,,,
SGX3_BLIND_landcover_change_027,blind-composition,blind,landcover_change,"[{""name"": ""WorldCover-20"", ""quantity"": ""land_cover"", ""unit"": null, ""scale"": ""categorical"", ""crs"": ""EPSG:4326"", ""resolution_m"": 20, ""temporal_resolution_h"": null, ""processing_level"": null, ""surface_model"": null, ""vertical_datum"": null, ""acquisition_time"": null, ""available_time"": null, ""provenance"": ""ESA WorldCover"", ""band_role"": null, ""nodata_semantics"": null, ""uncertainty"": null, ""allowed_values"": [10, 20, 30, 40, 50, 60, 70, 80, 90, 95, 100], ""observed_min"": null, ""observed_max"": null, ""attrs"": {}}]","[{""op"": ""resample"", ""params"": {""artifact"": 0, ""method"": ""mode"", ""target_resolution_m"": 60, ""evidence_of_new_information"": true}}]",,,,,,
SGX3_BLIND_landcover_change_028,blind-composition,blind,landcover_change,"[{""name"": ""WorldCover-20"", ""quantity"": ""land_cover"", ""unit"": null, ""scale"": ""categorical"", ""crs"": ""EPSG:4326"", ""resolution_m"": 20, ""temporal_resolution_h"": null, ""processing_level"": null, ""surface_model"": null, ""vertical_datum"": null, ""acquisition_time"": null, ""available_time"": null, ""provenance"": null, ""band_role"": null, ""nodata_semantics"": null, ""uncertainty"": null, ""allowed_values"": [10, 20, 30, 40, 50, 60, 70, 80, 90, 95, 100], ""observed_min"": null, ""observed_max"": null, ""attrs"": {}}]","[{""op"": ""resample"", ""params"": {""artifact"": 0, ""method"": ""bilinear"", ""target_resolution_m"": 60, ""evidence_of_new_information"": true}}]",,,,,,
SGX3_BLIND_landcover_change_029,blind-composition,blind,landcover_change,"[{""name"": ""WorldCover-20"", ""quantity"": ""land_cover"", ""unit"": null, ""scale"": ""categorical"", ""crs"": ""EPSG:4326"", ""resolution_m"": 20, ""temporal_resolution_h"": null, ""processing_level"": null, ""surface_model"": null, ""vertical_datum"": null, ""acquisition_time"": null, ""available_time"": null, ""provenance"": null, ""band_role"": null, ""nodata_semantics"": null, ""uncertainty"": null, ""allowed_values"": [10, 20, 30, 40, 50, 60, 70, 80, 90, 95, 100], ""observed_min"": null, ""observed_max"": null, ""attrs"": {}}]","[{""op"": ""resample"", ""params"": {""artifact"": 0, ""method"": ""mode"", ""target_resolution_m"": 60, ""evidence_of_new_information"": true}}]",,,,,,
SGX3_BLIND_landcover_change_030,blind-composition,blind,landcover_change,"[{""name"": ""WorldCover-10"", ""quantity"": ""land_cover"", ""unit"": null, ""scale"": ""categorical"", ""crs"": ""EPSG:4326"", ""resolution_m"": 10, ""temporal_resolution_h"": null, ""processing_level"": null, ""surface_model"": null, ""vertical_datum"": null, ""acquisition_time"": null, ""available_time"": null, ""provenance"": ""ESA WorldCover"", ""band_role"": null, ""nodata_semantics"": null, ""uncertainty"": null, ""allowed_values"": [10, 20, 30, 40, 50, 60, 70, 80, 90, 95, 100], ""observed_min"": null, ""observed_max"": null, ""attrs"": {}}]","[{""op"": ""resample"", ""params"": {""artifact"": 0, ""method"": ""cubic"", ""target_resolution_m"": 50, ""evidence_of_new_information"": true}}]",,,,,,
SGX3_BLIND_landcover_change_031,blind-composition,blind,landcover_change,"[{""name"": ""WorldCover-10"", ""quantity"": ""land_cover"", ""unit"": null, ""scale"": ""categorical"", ""crs"": ""EPSG:4326"", ""resolution_m"": 10, ""temporal_resolution_h"": null, ""processing_level"": null, ""surface_model"": null, ""vertical_datum"": null, ""acquisition_time"": null, ""available_time"": null, ""provenance"": null, ""band_role"": null, ""nodata_semantics"": null, ""uncertainty"": null, ""allowed_values"": [10, 20, 30, 40, 50, 60, 70, 80, 90, 95, 100], ""observed_min"": null, ""observed_max"": null, ""attrs"": {}}]","[{""op"": ""resample"", ""params"": {""artifact"": 0, ""method"": ""nearest"", ""target_resolution_m"": 30, ""evidence_of_new_information"": true}}]",,,,,,
SGX3_BLIND_landcover_change_032,blind-composition,blind,landcover_change,"[{""name"": ""WorldCover-20"", ""quantity"": ""land_cover"", ""unit"": null, ""scale"": ""categorical"", ""crs"": ""EPSG:4326"", ""resolution_m"": 20, ""temporal_resolution_h"": null, ""processing_level"": null, ""surface_model"": null, ""vertical_datum"": null, ""acquisition_time"": null, ""available_time"": null, ""provenance"": ""ESA WorldCover"", ""band_role"": null, ""nodata_semantics"": null, ""uncertainty"": null, ""allowed_values"": [10, 20, 30, 40, 50, 60, 70, 80, 90, 95, 100], ""observed_min"": null, ""observed_max"": null, ""attrs"": {}}]","[{""op"": ""resample"", ""params"": {""artifact"": 0, ""method"": ""lanczos"", ""target_resolution_m"": 50, ""evidence_of_new_information"": true}}]",,,,,,
SGX3_BLIND_landcover_change_033,blind-composition,blind,landcover_change,"[{""name"": ""WorldCover-10"", ""quantity"": ""land_cover"", ""unit"": null, ""scale"": ""categorical"", ""crs"": ""EPSG:4326"", ""resolution_m"": 10, ""temporal_resolution_h"": null, ""processing_level"": null, ""surface_model"": null, ""vertical_datum"": null, ""acquisition_time"": null, ""available_time"": null, ""provenance"": ""ESA WorldCover"", ""band_role"": null, ""nodata_semantics"": null, ""uncertainty"": null, ""allowed_values"": [10, 20, 30, 40, 50, 60, 70, 80, 90, 95, 100], ""observed_min"": null, ""observed_max"": null, ""attrs"": {}}]","[{""op"": ""resample"", ""params"": {""artifact"": 0, ""method"": ""cubic"", ""target_resolution_m"": 40, ""evidence_of_new_information"": true}}]",,,,,,
SGX3_BLIND_landcover_change_034,blind-composition,blind,landcover_change,"[{""name"": ""WorldCover-20"", ""quantity"": ""land_cover"", ""unit"": null, ""scale"": ""categorical"", ""crs"": ""EPSG:4326"", ""resolution_m"": 20, ""temporal_resolution_h"": null, ""processing_level"": null, ""surface_model"": null, ""vertical_datum"": null, ""acquisition_time"": null, ""available_time"": null, ""provenance"": ""ESA WorldCover"", ""band_role"": null, ""nodata_semantics"": null, ""uncertainty"": null, ""allowed_values"": [10, 20, 30, 40, 50, 60, 70, 80, 90, 95, 100], ""observed_min"": null, ""observed_max"": null, ""attrs"": {}}]","[{""op"": ""resample"", ""params"": {""artifact"": 0, ""method"": ""bilinear"", ""target_resolution_m"": 20, ""evidence_of_new_information"": true}}]",,,,,,
SGX3_BLIND_landcover_change_035,blind-composition,blind,landcover_change,"[{""name"": ""WorldCover-20"", ""quantity"": ""land_cover"", ""unit"": null, ""scale"": ""categorical"", ""crs"": ""EPSG:4326"", ""resolution_m"": 20, ""temporal_resolution_h"": null, ""processing_level"": null, ""surface_model"": null, ""vertical_datum"": null, ""acquisition_time"": null, ""available_time"": null, ""provenance"": ""ESA WorldCover"", ""band_role"": null, ""nodata_semantics"": null, ""uncertainty"": null, ""allowed_values"": [10, 20, 30, 40, 50, 60, 70, 80, 90, 95, 100], ""observed_min"": null, ""observed_max"": null, ""attrs"": {}}]","[{""op"": ""resample"", ""params"": {""artifact"": 0, ""method"": ""lanczos"", ""target_resolution_m"": 60, ""evidence_of_new_information"": true}}]",,,,,,
SGX3_BLIND_landcover_change_036,blind-composition,blind,landcover_change,"[{""name"": ""WorldCover-10"", ""quantity"": ""land_cover"", ""unit"": null, ""scale"": ""categorical"", ""crs"": ""EPSG:4326"", ""resolution_m"": 10, ""temporal_resolution_h"": null, ""processing_level"": null, ""surface_model"": null, ""vertical_datum"": null, ""acquisition_time"": null, ""available_time"": null, ""provenance"": ""ESA WorldCover"", ""band_role"": null, ""nodata_semantics"": null, ""uncertainty"": null, ""allowed_values"": [10, 20, 30, 40, 50, 60, 70, 80, 90, 95, 100], ""observed_min"": null, ""observed_max"": null, ""attrs"": {}}]","[{""op"": ""resample"", ""params"": {""artifact"": 0, ""method"": ""lanczos"", ""target_resolution_m"": 50, ""evidence_of_new_information"": true}}]",,,,,,
SGX3_BLIND_landcover_change_037,blind-composition,blind,landcover_change,"[{""name"": ""WorldCover-10"", ""quantity"": ""land_cover"", ""unit"": null, ""scale"": ""categorical"", ""crs"": ""EPSG:4326"", ""resolution_m"": 10, ""temporal_resolution_h"": null, ""processing_level"": null, ""surface_model"": null, ""vertical_datum"": null, ""acquisition_time"": null, ""available_time"": null, ""provenance"": ""ESA WorldCover"", ""band_role"": null, ""nodata_semantics"": null, ""uncertainty"": null, ""allowed_values"": [10, 20, 30, 40, 50, 60, 70, 80, 90, 95, 100], ""observed_min"": null, ""observed_max"": null, ""attrs"": {}}]","[{""op"": ""resample"", ""params"": {""artifact"": 0, ""method"": ""bilinear"", ""target_resolution_m"": 20, ""evidence_of_new_information"": true}}]",,,,,,
SGX3_BLIND_landcover_change_038,blind-composition,blind,landcover_change,"[{""name"": ""WorldCover-20"", ""quantity"": ""land_cover"", ""unit"": null, ""scale"": ""categorical"", ""crs"": ""EPSG:4326"", ""resolution_m"": 20, ""temporal_resolution_h"": null, ""processing_level"": null, ""surface_model"": null, ""vertical_datum"": null, ""acquisition_time"": null, ""available_time"": null, ""provenance"": null, ""band_role"": null, ""nodata_semantics"": null, ""uncertainty"": null, ""allowed_values"": [10, 20, 30, 40, 50, 60, 70, 80, 90, 95, 100], ""observed_min"": null, ""observed_max"": null, ""attrs"": {}}]","[{""op"": ""resample"", ""params"": {""artifact"": 0, ""method"": ""nearest"", ""target_resolution_m"": 90, ""evidence_of_new_information"": true}}]",,,,,,
SGX3_BLIND_landcover_change_039,blind-composition,blind,landcover_change,"[{""name"": ""WorldCover-10"", ""quantity"": ""land_cover"", ""unit"": null, ""scale"": ""categorical"", ""crs"": ""EPSG:4326"", ""resolution_m"": 10, ""temporal_resolution_h"": null, ""processing_level"": null, ""surface_model"": null, ""vertical_datum"": null, ""acquisition_time"": null, ""available_time"": null, ""provenance"": null, ""band_role"": null, ""nodata_semantics"": null, ""uncertainty"": null, ""allowed_values"": [10, 20, 30, 40, 50, 60, 70, 80, 90, 95, 100], ""observed_min"": null, ""observed_max"": null, ""attrs"": {}}]","[{""op"": ""resample"", ""params"": {""artifact"": 0, ""method"": ""mode"", ""target_resolution_m"": 20, ""evidence_of_new_information"": true}}]",,,,,,
SGX3_BLIND_landcover_change_040,blind-composition,blind,landcover_change,"[{""name"": ""WorldCover-10"", ""quantity"": ""land_cover"", ""unit"": null, ""scale"": ""categorical"", ""crs"": ""EPSG:4326"", ""resolution_m"": 10, ""temporal_resolution_h"": null, ""processing_level"": null, ""surface_model"": null, ""vertical_datum"": null, ""acquisition_time"": null, ""available_time"": null, ""provenance"": null, ""band_role"": null, ""nodata_semantics"": null, ""uncertainty"": null, ""allowed_values"": [10, 20, 30, 40, 50, 60, 70, 80, 90, 95, 100], ""observed_min"": null, ""observed_max"": null, ""attrs"": {}}]","[{""op"": ""resample"", ""params"": {""artifact"": 0, ""method"": ""bilinear"", ""target_resolution_m"": 40, ""evidence_of_new_information"": true}}]",,,,,,
SGX3_BLIND_landcover_change_041,blind-composition,blind,landcover_change,"[{""name"": ""WorldCover-20"", ""quantity"": ""land_cover"", ""unit"": null, ""scale"": ""categorical"", ""crs"": ""EPSG:4326"", ""resolution_m"": 20, ""temporal_resolution_h"": null, ""processing_level"": null, ""surface_model"": null, ""vertical_datum"": null, ""acquisition_time"": null, ""available_time"": null, ""provenance"": null, ""band_role"": null, ""nodata_semantics"": null, ""uncertainty"": null, ""allowed_values"": [10, 20, 30, 40, 50, 60, 70, 80, 90, 95, 100], ""observed_min"": null, ""observed_max"": null, ""attrs"": {}}]","[{""op"": ""resample"", ""params"": {""artifact"": 0, ""method"": ""cubic"", ""target_resolution_m"": 60, ""evidence_of_new_information"": true}}]",,,,,,
SGX3_BLIND_landcover_change_042,blind-composition,blind,landcover_change,"[{""name"": ""WorldCover-10"", ""quantity"": ""land_cover"", ""unit"": null, ""scale"": ""categorical"", ""crs"": ""EPSG:4326"", ""resolution_m"": 10, ""temporal_resolution_h"": null, ""processing_level"": null, ""surface_model"": null, ""vertical_datum"": null, ""acquisition_time"": null, ""available_time"": null, ""provenance"": null, ""band_role"": null, ""nodata_semantics"": null, ""uncertainty"": null, ""allowed_values"": [10, 20, 30, 40, 50, 60, 70, 80, 90, 95, 100], ""observed_min"": null, ""observed_max"": null, ""attrs"": {}}]","[{""op"": ""resample"", ""params"": {""artifact"": 0, ""method"": ""cubic"", ""target_resolution_m"": 30, ""evidence_of_new_information"": true}}]",,,,,,
SGX3_BLIND_landcover_change_043,blind-composition,blind,landcover_change,"[{""name"": ""WorldCover-10"", ""quantity"": ""land_cover"", ""unit"": null, ""scale"": ""categorical"", ""crs"": ""EPSG:4326"", ""resolution_m"": 10, ""temporal_resolution_h"": null, ""processing_level"": null, ""surface_model"": null, ""vertical_datum"": null, ""acquisition_time"": null, ""available_time"": null, ""provenance"": ""ESA WorldCover"", ""band_role"": null, ""nodata_semantics"": null, ""uncertainty"": null, ""allowed_values"": [10, 20, 30, 40, 50, 60, 70, 80, 90, 95, 100], ""observed_min"": null, ""observed_max"": null, ""attrs"": {}}]","[{""op"": ""resample"", ""params"": {""artifact"": 0, ""method"": ""cubic"", ""target_resolution_m"": 30, ""evidence_of_new_information"": true}}]",,,,,,
SGX3_BLIND_landcover_change_044,blind-composition,blind,landcover_change,"[{""name"": ""WorldCover-10"", ""quantity"": ""land_cover"", ""unit"": null, ""scale"": ""categorical"", ""crs"": ""EPSG:4326"", ""resolution_m"": 10, ""temporal_resolution_h"": null, ""processing_level"": null, ""surface_model"": null, ""vertical_datum"": null, ""acquisition_time"": null, ""available_time"": null, ""provenance"": ""ESA WorldCover"", ""band_role"": null, ""nodata_semantics"": null, ""uncertainty"": null, ""allowed_values"": [10, 20, 30, 40, 50, 60, 70, 80, 90, 95, 100], ""observed_min"": null, ""observed_max"": null, ""attrs"": {}}]","[{""op"": ""resample"", ""params"": {""artifact"": 0, ""method"": ""mode"", ""target_resolution_m"": 20, ""evidence_of_new_information"": true}}]",,,,,,
SGX3_BLIND_landcover_change_045,blind-composition,blind,landcover_change,"[{""name"": ""WorldCover-10"", ""quantity"": ""land_cover"", ""unit"": null, ""scale"": ""categorical"", ""crs"": ""EPSG:4326"", ""resolution_m"": 10, ""temporal_resolution_h"": null, ""processing_level"": null, ""surface_model"": null, ""vertical_datum"": null, ""acquisition_time"": null, ""available_time"": null, ""provenance"": null, ""band_role"": null, ""nodata_semantics"": null, ""uncertainty"": null, ""allowed_values"": [10, 20, 30, 40, 50, 60, 70, 80, 90, 95, 100], ""observed_min"": null, ""observed_max"": null, ""attrs"": {}}]","[{""op"": ""resample"", ""params"": {""artifact"": 0, ""method"": ""nearest"", ""target_resolution_m"": 50, ""evidence_of_new_information"": true}}]",,,,,,
SGX3_BLIND_landcover_change_046,blind-composition,blind,landcover_change,"[{""name"": ""WorldCover-20"", ""quantity"": ""land_cover"", ""unit"": null, ""scale"": ""categorical"", ""crs"": ""EPSG:4326"", ""resolution_m"": 20, ""temporal_resolution_h"": null, ""processing_level"": null, ""surface_model"": null, ""vertical_datum"": null, ""acquisition_time"": null, ""available_time"": null, ""provenance"": ""ESA WorldCover"", ""band_role"": null, ""nodata_semantics"": null, ""uncertainty"": null, ""allowed_values"": [10, 20, 30, 40, 50, 60, 70, 80, 90, 95, 100], ""observed_min"": null, ""observed_max"": null, ""attrs"": {}}]","[{""op"": ""resample"", ""params"": {""artifact"": 0, ""method"": ""nearest"", ""target_resolution_m"": 20, ""evidence_of_new_information"": true}}]",,,,,,
SGX3_BLIND_landcover_change_047,blind-composition,blind,landcover_change,"[{""name"": ""WorldCover-20"", ""quantity"": ""land_cover"", ""unit"": null, ""scale"": ""categorical"", ""crs"": ""EPSG:4326"", ""resolution_m"": 20, ""temporal_resolution_h"": null, ""processing_level"": null, ""surface_model"": null, ""vertical_datum"": null, ""acquisition_time"": null, ""available_time"": null, ""provenance"": null, ""band_role"": null, ""nodata_semantics"": null, ""uncertainty"": null, ""allowed_values"": [10, 20, 30, 40, 50, 60, 70, 80, 90, 95, 100], ""observed_min"": null, ""observed_max"": null, ""attrs"": {}}]","[{""op"": ""resample"", ""params"": {""artifact"": 0, ""method"": ""bilinear"", ""target_resolution_m"": 40, ""evidence_of_new_information"": true}}]",,,,,,
SGX3_BLIND_landcover_change_048,blind-composition,blind,landcover_change,"[{""name"": ""WorldCover-20"", ""quantity"": ""land_cover"", ""unit"": null, ""scale"": ""categorical"", ""crs"": ""EPSG:4326"", ""resolution_m"": 20, ""temporal_resolution_h"": null, ""processing_level"": null, ""surface_model"": null, ""vertical_datum"": null, ""acquisition_time"": null, ""available_time"": null, ""provenance"": ""ESA WorldCover"", ""band_role"": null, ""nodata_semantics"": null, ""uncertainty"": null, ""allowed_values"": [10, 20, 30, 40, 50, 60, 70, 80, 90, 95, 100], ""observed_min"": null, ""observed_max"": null, ""attrs"": {}}]","[{""op"": ""resample"", ""params"": {""artifact"": 0, ""method"": ""nearest"", ""target_resolution_m"": 30, ""evidence_of_new_information"": true}}]",,,,,,
SGX3_BLIND_landcover_change_049,blind-composition,blind,landcover_change,"[{""name"": ""WorldCover-20"", ""quantity"": ""land_cover"", ""unit"": null, ""scale"": ""categorical"", ""crs"": ""EPSG:4326"", ""resolution_m"": 20, ""temporal_resolution_h"": null, ""processing_level"": null, ""surface_model"": null, ""vertical_datum"": null, ""acquisition_time"": null, ""available_time"": null, ""provenance"": ""ESA WorldCover"", ""band_role"": null, ""nodata_semantics"": null, ""uncertainty"": null, ""allowed_values"": [10, 20, 30, 40, 50, 60, 70, 80, 90, 95, 100], ""observed_min"": null, ""observed_max"": null, ""attrs"": {}}]","[{""op"": ""resample"", ""params"": {""artifact"": 0, ""method"": ""bilinear"", ""target_resolution_m"": 30, ""evidence_of_new_information"": true}}]",,,,,,
SGX3_BLIND_flood_depth_000,blind-composition,blind,flood_depth,"[{""name"": ""terrain-90"", ""quantity"": ""elevation"", ""unit"": ""m"", ""scale"": ""continuous"", ""crs"": ""EPSG:32643"", ""resolution_m"": 90, ""temporal_resolution_h"": null, ""processing_level"": null, ""surface_model"": ""DSM"", ""vertical_datum"": ""EGM2008"", ""acquisition_time"": null, ""available_time"": null, ""provenance"": ""Copernicus DEM"", ""band_role"": null, ""nodata_semantics"": null, ""uncertainty"": null, ""allowed_values"": null, ""observed_min"": null, ""observed_max"": null, ""attrs"": {}}, {""name"": ""water-surface"", ""quantity"": ""water_level"", ""unit"": ""km"", ""scale"": ""continuous"", ""crs"": ""EPSG:32643"", ""resolution_m"": 10.0, ""temporal_resolution_h"": null, ""processing_level"": null, ""surface_model"": null, ""vertical_datum"": ""EGM96"", ""acquisition_time"": null, ""available_time"": null, ""provenance"": ""hydraulic model"", ""band_role"": null, ""nodata_semantics"": null, ""uncertainty"": null, ""allowed_values"": null, ""observed_min"": null, ""observed_max"": null, ""attrs"": {}}]","[{""op"": ""combine_vertical"", ""params"": {""a"": 0, ""b"": 1}}, {""op"": ""convert_unit"", ""params"": {""artifact"": 1, ""to"": ""m""}}]",,,,,,
SGX3_BLIND_flood_depth_001,blind-composition,blind,flood_depth,"[{""name"": ""terrain-10"", ""quantity"": ""elevation"", ""unit"": ""m"", ""scale"": ""continuous"", ""crs"": ""EPSG:32643"", ""resolution_m"": 10, ""temporal_resolution_h"": null, ""processing_level"": null, ""surface_model"": ""DSM"", ""vertical_datum"": ""EGM2008"", ""acquisition_time"": null, ""available_time"": null, ""provenance"": ""Copernicus DEM"", ""band_role"": null, ""nodata_semantics"": null, ""uncertainty"": null, ""allowed_values"": null, ""observed_min"": null, ""observed_max"": null, ""attrs"": {}}, {""name"": ""water-surface"", ""quantity"": ""water_level"", ""unit"": ""cm"", ""scale"": ""continuous"", ""crs"": ""EPSG:32643"", ""resolution_m"": 10.0, ""temporal_resolution_h"": null, ""processing_level"": null, ""surface_model"": null, ""vertical_datum"": ""WGS84_ellipsoid"", ""acquisition_time"": null, ""available_time"": null, ""provenance"": ""hydraulic model"", ""band_role"": null, ""nodata_semantics"": null, ""uncertainty"": null, ""allowed_values"": null, ""observed_min"": null, ""observed_max"": null, ""attrs"": {}}]","[{""op"": ""combine_vertical"", ""params"": {""a"": 0, ""b"": 1}}, {""op"": ""convert_unit"", ""params"": {""artifact"": 1, ""to"": ""K""}}]",,,,,,
SGX3_BLIND_flood_depth_002,blind-composition,blind,flood_depth,"[{""name"": ""terrain-30"", ""quantity"": ""elevation"", ""unit"": ""m"", ""scale"": ""continuous"", ""crs"": ""EPSG:32643"", ""resolution_m"": 30, ""temporal_resolution_h"": null, ""processing_level"": null, ""surface_model"": ""DTM"", ""vertical_datum"": ""EGM2008"", ""acquisition_time"": null, ""available_time"": null, ""provenance"": ""Copernicus DEM"", ""band_role"": null, ""nodata_semantics"": null, ""uncertainty"": null, ""allowed_values"": null, ""observed_min"": null, ""observed_max"": null, ""attrs"": {}}, {""name"": ""water-surface"", ""quantity"": ""water_level"", ""unit"": ""cm"", ""scale"": ""continuous"", ""crs"": ""EPSG:32643"", ""resolution_m"": 10.0, ""temporal_resolution_h"": null, ""processing_level"": null, ""surface_model"": null, ""vertical_datum"": ""EGM96"", ""acquisition_time"": null, ""available_time"": null, ""provenance"": ""hydraulic model"", ""band_role"": null, ""nodata_semantics"": null, ""uncertainty"": null, ""allowed_values"": null, ""observed_min"": null, ""observed_max"": null, ""attrs"": {}}]","[{""op"": ""combine_vertical"", ""params"": {""a"": 0, ""b"": 1}}, {""op"": ""convert_unit"", ""params"": {""artifact"": 1, ""to"": ""K""}}]",,,,,,
SGX3_BLIND_flood_depth_003,blind-composition,blind,flood_depth,"[{""name"": ""terrain-10"", ""quantity"": ""elevation"", ""unit"": ""m"", ""scale"": ""continuous"", ""crs"": ""EPSG:32643"", ""resolution_m"": 10, ""temporal_resolution_h"": null, ""processing_level"": null, ""surface_model"": ""DSM"", ""vertical_datum"": ""EGM2008"", ""acquisition_time"": null, ""available_time"": null, ""provenance"": ""Copernicus DEM"", ""band_role"": null, ""nodata_semantics"": null, ""uncertainty"": null, ""allowed_values"": null, ""observed_min"": null, ""observed_max"": null, ""attrs"": {}}, {""name"": ""water-surface"", ""quantity"": ""water_level"", ""unit"": ""km"", ""scale"": ""continuous"", ""crs"": ""EPSG:32643"", ""resolution_m"": 10.0, ""temporal_resolution_h"": null, ""processing_level"": null, ""surface_model"": null, ""vertical_datum"": ""WGS84_ellipsoid"", ""acquisition_time"": null, ""available_time"": null, ""provenance"": ""hydraulic model"", ""band_role"": null, ""nodata_semantics"": null, ""uncertainty"": null, ""allowed_values"": null, ""observed_min"": null, ""observed_max"": null, ""attrs"": {}}]","[{""op"": ""combine_vertical"", ""params"": {""a"": 0, ""b"": 1}}, {""op"": ""convert_unit"", ""params"": {""artifact"": 1, ""to"": ""m""}}]",,,,,,
SGX3_BLIND_flood_depth_004,blind-composition,blind,flood_depth,"[{""name"": ""terrain-10"", ""quantity"": ""elevation"", ""unit"": ""m"", ""scale"": ""continuous"", ""crs"": ""EPSG:32643"", ""resolution_m"": 10, ""temporal_resolution_h"": null, ""processing_level"": null, ""surface_model"": ""DSM"", ""vertical_datum"": ""EGM2008"", ""acquisition_time"": null, ""available_time"": null, ""provenance"": ""Copernicus DEM"", ""band_role"": null, ""nodata_semantics"": null, ""uncertainty"": null, ""allowed_values"": null, ""observed_min"": null, ""observed_max"": null, ""attrs"": {}}, {""name"": ""water-surface"", ""quantity"": ""water_level"", ""unit"": ""m"", ""scale"": ""continuous"", ""crs"": ""EPSG:32643"", ""resolution_m"": 10.0, ""temporal_resolution_h"": null, ""processing_level"": null, ""surface_model"": null, ""vertical_datum"": ""EGM96"", ""acquisition_time"": null, ""available_time"": null, ""provenance"": ""hydraulic model"", ""band_role"": null, ""nodata_semantics"": null, ""uncertainty"": null, ""allowed_values"": null, ""observed_min"": null, ""observed_max"": null, ""attrs"": {}}]","[{""op"": ""combine_vertical"", ""params"": {""a"": 0, ""b"": 1}}, {""op"": ""convert_unit"", ""params"": {""artifact"": 1, ""to"": ""K""}}]",,,,,,
SGX3_BLIND_flood_depth_005,blind-composition,blind,flood_depth,"[{""name"": ""terrain-90"", ""quantity"": ""elevation"", ""unit"": ""m"", ""scale"": ""continuous"", ""crs"": ""EPSG:32643"", ""resolution_m"": 90, ""temporal_resolution_h"": null, ""processing_level"": null, ""surface_model"": ""DTM"", ""vertical_datum"": ""EGM2008"", ""acquisition_time"": null, ""available_time"": null, ""provenance"": ""Copernicus DEM"", ""band_role"": null, ""nodata_semantics"": null, ""uncertainty"": null, ""allowed_values"": null, ""observed_min"": null, ""observed_max"": null, ""attrs"": {}}, {""name"": ""water-surface"", ""quantity"": ""water_level"", ""unit"": ""cm"", ""scale"": ""continuous"", ""crs"": ""EPSG:32643"", ""resolution_m"": 10.0, ""temporal_resolution_h"": null, ""processing_level"": null, ""surface_model"": null, ""vertical_datum"": ""EGM96"", ""acquisition_time"": null, ""available_time"": null, ""provenance"": ""hydraulic model"", ""band_role"": null, ""nodata_semantics"": null, ""uncertainty"": null, ""allowed_values"": null, ""observed_min"": null, ""observed_max"": null, ""attrs"": {}}]","[{""op"": ""combine_vertical"", ""params"": {""a"": 0, ""b"": 1}}, {""op"": ""convert_unit"", ""params"": {""artifact"": 1, ""to"": ""m""}}]",,,,,,
SGX3_BLIND_flood_depth_006,blind-composition,blind,flood_depth,"[{""name"": ""terrain-10"", ""quantity"": ""elevation"", ""unit"": ""m"", ""scale"": ""continuous"", ""crs"": ""EPSG:32643"", ""resolution_m"": 10, ""temporal_resolution_h"": null, ""processing_level"": null, ""surface_model"": ""DSM"", ""vertical_datum"": ""EGM2008"", ""acquisition_time"": null, ""available_time"": null, ""provenance"": ""Copernicus DEM"", ""band_role"": null, ""nodata_semantics"": null, ""uncertainty"": null, ""allowed_values"": null, ""observed_min"": null, ""observed_max"": null, ""attrs"": {}}, {""name"": ""water-surface"", ""quantity"": ""water_level"", ""unit"": ""cm"", ""scale"": ""continuous"", ""crs"": ""EPSG:32643"", ""resolution_m"": 10.0, ""temporal_resolution_h"": null, ""processing_level"": null, ""surface_model"": null, ""vertical_datum"": null, ""acquisition_time"": null, ""available_time"": null, ""provenance"": ""hydraulic model"", ""band_role"": null, ""nodata_semantics"": null, ""uncertainty"": null, ""allowed_values"": null, ""observed_min"": null, ""observed_max"": null, ""attrs"": {}}]","[{""op"": ""combine_vertical"", ""params"": {""a"": 0, ""b"": 1}}, {""op"": ""convert_unit"", ""params"": {""artifact"": 1, ""to"": ""km""}}]",,,,,,
SGX3_BLIND_flood_depth_007,blind-composition,blind,flood_depth,"[{""name"": ""terrain-10"", ""quantity"": ""elevation"", ""unit"": ""m"", ""scale"": ""continuous"", ""crs"": ""EPSG:32643"", ""resolution_m"": 10, ""temporal_resolution_h"": null, ""processing_level"": null, ""surface_model"": ""DTM"", ""vertical_datum"": ""EGM2008"", ""acquisition_time"": null, ""available_time"": null, ""provenance"": ""Copernicus DEM"", ""band_role"": null, ""nodata_semantics"": null, ""uncertainty"": null, ""allowed_values"": null, ""observed_min"": null, ""observed_max"": null, ""attrs"": {}}, {""name"": ""water-surface"", ""quantity"": ""water_level"", ""unit"": ""km"", ""scale"": ""continuous"", ""crs"": ""EPSG:32643"", ""resolution_m"": 10.0, ""temporal_resolution_h"": null, ""processing_level"": null, ""surface_model"": null, ""vertical_datum"": ""EGM2008"", ""acquisition_time"": null, ""available_time"": null, ""provenance"": ""hydraulic model"", ""band_role"": null, ""nodata_semantics"": null, ""uncertainty"": null, ""allowed_values"": null, ""observed_min"": null, ""observed_max"": null, ""attrs"": {}}]","[{""op"": ""combine_vertical"", ""params"": {""a"": 0, ""b"": 1}}, {""op"": ""convert_unit"", ""params"": {""artifact"": 1, ""to"": ""m""}}]",,,,,,
SGX3_BLIND_flood_depth_008,blind-composition,blind,flood_depth,"[{""name"": ""terrain-30"", ""quantity"": ""elevation"", ""unit"": ""m"", ""scale"": ""continuous"", ""crs"": ""EPSG:32643"", ""resolution_m"": 30, ""temporal_resolution_h"": null, ""processing_level"": null, ""surface_model"": ""DTM"", ""vertical_datum"": ""EGM2008"", ""acquisition_time"": null, ""available_time"": null, ""provenance"": ""Copernicus DEM"", ""band_role"": null, ""nodata_semantics"": null, ""uncertainty"": null, ""allowed_values"": null, ""observed_min"": null, ""observed_max"": null, ""attrs"": {}}, {""name"": ""water-surface"", ""quantity"": ""water_level"", ""unit"": ""cm"", ""scale"": ""continuous"", ""crs"": ""EPSG:32643"", ""resolution_m"": 10.0, ""temporal_resolution_h"": null, ""processing_level"": null, ""surface_model"": null, ""vertical_datum"": ""EGM2008"", ""acquisition_time"": null, ""available_time"": null, ""provenance"": ""hydraulic model"", ""band_role"": null, ""nodata_semantics"": null, ""uncertainty"": null, ""allowed_values"": null, ""observed_min"": null, ""observed_max"": null, ""attrs"": {}}]","[{""op"": ""combine_vertical"", ""params"": {""a"": 0, ""b"": 1}}, {""op"": ""convert_unit"", ""params"": {""artifact"": 1, ""to"": ""m""}}]",,,,,,
SGX3_BLIND_flood_depth_009,blind-composition,blind,flood_depth,"[{""name"": ""terrain-90"", ""quantity"": ""elevation"", ""unit"": ""m"", ""scale"": ""continuous"", ""crs"": ""EPSG:32643"", ""resolution_m"": 90, ""temporal_resolution_h"": null, ""processing_level"": null, ""surface_model"": ""DSM"", ""vertical_datum"": ""EGM2008"", ""acquisition_time"": null, ""available_time"": null, ""provenance"": ""Copernicus DEM"", ""band_role"": null, ""nodata_semantics"": null, ""uncertainty"": null, ""allowed_values"": null, ""observed_min"": null, ""observed_max"": null, ""attrs"": {}}, {""name"": ""water-surface"", ""quantity"": ""water_level"", ""unit"": ""cm"", ""scale"": ""continuous"", ""crs"": ""EPSG:32643"", ""resolution_m"": 10.0, ""temporal_resolution_h"": null, ""processing_level"": null, ""surface_model"": null, ""vertical_datum"": ""EGM96"", ""acquisition_time"": null, ""available_time"": null, ""provenance"": ""hydraulic model"", ""band_role"": null, ""nodata_semantics"": null, ""uncertainty"": null, ""allowed_values"": null, ""observed_min"": null, ""observed_max"": null, ""attrs"": {}}]","[{""op"": ""combine_vertical"", ""params"": {""a"": 0, ""b"": 1}}, {""op"": ""convert_unit"", ""params"": {""artifact"": 1, ""to"": ""m""}}]",,,,,,
SGX3_BLIND_flood_depth_010,blind-composition,blind,flood_depth,"[{""name"": ""terrain-10"", ""quantity"": ""elevation"", ""unit"": ""m"", ""scale"": ""continuous"", ""crs"": ""EPSG:32643"", ""resolution_m"": 10, ""temporal_resolution_h"": null, ""processing_level"": null, ""surface_model"": ""DSM"", ""vertical_datum"": ""EGM2008"", ""acquisition_time"": null, ""available_time"": null, ""provenance"": ""Copernicus DEM"", ""band_role"": null, ""nodata_semantics"": null, ""uncertainty"": null, ""allowed_values"": null, ""observed_min"": null, ""observed_max"": null, ""attrs"": {}}, {""name"": ""water-surface"", ""quantity"": ""water_level"", ""unit"": ""m"", ""scale"": ""continuous"", ""crs"": ""EPSG:32643"", ""resolution_m"": 10.0, ""temporal_resolution_h"": null, ""processing_level"": null, ""surface_model"": null, ""vertical_datum"": ""EGM2008"", ""acquisition_time"": null, ""available_time"": null, ""provenance"": ""hydraulic model"", ""band_role"": null, ""nodata_semantics"": null, ""uncertainty"": null, ""allowed_values"": null, ""observed_min"": null, ""observed_max"": null, ""attrs"": {}}]","[{""op"": ""combine_vertical"", ""params"": {""a"": 0, ""b"": 1}}, {""op"": ""convert_unit"", ""params"": {""artifact"": 1, ""to"": ""km2""}}]",,,,,,
SGX3_BLIND_flood_depth_011,blind-composition,blind,flood_depth,"[{""name"": ""terrain-90"", ""quantity"": ""elevation"", ""unit"": ""m"", ""scale"": ""continuous"", ""crs"": ""EPSG:32643"", ""resolution_m"": 90, ""temporal_resolution_h"": null, ""processing_level"": null, ""surface_model"": ""DSM"", ""vertical_datum"": ""EGM2008"", ""acquisition_time"": null, ""available_time"": null, ""provenance"": ""Copernicus DEM"", ""band_role"": null, ""nodata_semantics"": null, ""uncertainty"": null, ""allowed_values"": null, ""observed_min"": null, ""observed_max"": null, ""attrs"": {}}, {""name"": ""water-surface"", ""quantity"": ""water_level"", ""unit"": ""cm"", ""scale"": ""continuous"", ""crs"": ""EPSG:32643"", ""resolution_m"": 10.0, ""temporal_resolution_h"": null, ""processing_level"": null, ""surface_model"": null, ""vertical_datum"": ""WGS84_ellipsoid"", ""acquisition_time"": null, ""available_time"": null, ""provenance"": ""hydraulic model"", ""band_role"": null, ""nodata_semantics"": null, ""uncertainty"": null, ""allowed_values"": null, ""observed_min"": null, ""observed_max"": null, ""attrs"": {}}]","[{""op"": ""combine_vertical"", ""params"": {""a"": 0, ""b"": 1}}, {""op"": ""convert_unit"", ""params"": {""artifact"": 1, ""to"": ""m""}}]",,,,,,
SGX3_BLIND_flood_depth_012,blind-composition,blind,flood_depth,"[{""name"": ""terrain-10"", ""quantity"": ""elevation"", ""unit"": ""m"", ""scale"": ""continuous"", ""crs"": ""EPSG:32643"", ""resolution_m"": 10, ""temporal_resolution_h"": null, ""processing_level"": null, ""surface_model"": ""DSM"", ""vertical_datum"": ""EGM2008"", ""acquisition_time"": null, ""available_time"": null, ""provenance"": ""Copernicus DEM"", ""band_role"": null, ""nodata_semantics"": null, ""uncertainty"": null, ""allowed_values"": null, ""observed_min"": null, ""observed_max"": null, ""attrs"": {}}, {""name"": ""water-surface"", ""quantity"": ""water_level"", ""unit"": ""m"", ""scale"": ""continuous"", ""crs"": ""EPSG:32643"", ""resolution_m"": 10.0, ""temporal_resolution_h"": null, ""processing_level"": null, ""surface_model"": null, ""vertical_datum"": null, ""acquisition_time"": null, ""available_time"": null, ""provenance"": ""hydraulic model"", ""band_role"": null, ""nodata_semantics"": null, ""uncertainty"": null, ""allowed_values"": null, ""observed_min"": null, ""observed_max"": null, ""attrs"": {}}]","[{""op"": ""combine_vertical"", ""params"": {""a"": 0, ""b"": 1}}, {""op"": ""convert_unit"", ""params"": {""artifact"": 1, ""to"": ""km2""}}]",,,,,,
SGX3_BLIND_flood_depth_013,blind-composition,blind,flood_depth,"[{""name"": ""terrain-90"", ""quantity"": ""elevation"", ""unit"": ""m"", ""scale"": ""continuous"", ""crs"": ""EPSG:32643"", ""resolution_m"": 90, ""temporal_resolution_h"": null, ""processing_level"": null, ""surface_model"": ""DTM"", ""vertical_datum"": ""EGM2008"", ""acquisition_time"": null, ""available_time"": null, ""provenance"": ""Copernicus DEM"", ""band_role"": null, ""nodata_semantics"": null, ""uncertainty"": null, ""allowed_values"": null, ""observed_min"": null, ""observed_max"": null, ""attrs"": {}}, {""name"": ""water-surface"", ""quantity"": ""water_level"", ""unit"": ""m"", ""scale"": ""continuous"", ""crs"": ""EPSG:32643"", ""resolution_m"": 10.0, ""temporal_resolution_h"": null, ""processing_level"": null, ""surface_model"": null, ""vertical_datum"": ""WGS84_ellipsoid"", ""acquisition_time"": null, ""available_time"": null, ""provenance"": ""hydraulic model"", ""band_role"": null, ""nodata_semantics"": null, ""uncertainty"": null, ""allowed_values"": null, ""observed_min"": null, ""observed_max"": null, ""attrs"": {}}]","[{""op"": ""combine_vertical"", ""params"": {""a"": 0, ""b"": 1}}, {""op"": ""convert_unit"", ""params"": {""artifact"": 1, ""to"": ""km""}}]",,,,,,
SGX3_BLIND_flood_depth_014,blind-composition,blind,flood_depth,"[{""name"": ""terrain-90"", ""quantity"": ""elevation"", ""unit"": ""m"", ""scale"": ""continuous"", ""crs"": ""EPSG:32643"", ""resolution_m"": 90, ""temporal_resolution_h"": null, ""processing_level"": null, ""surface_model"": ""DTM"", ""vertical_datum"": ""EGM2008"", ""acquisition_time"": null, ""available_time"": null, ""provenance"": ""Copernicus DEM"", ""band_role"": null, ""nodata_semantics"": null, ""uncertainty"": null, ""allowed_values"": null, ""observed_min"": null, ""observed_max"": null, ""attrs"": {}}, {""name"": ""water-surface"", ""quantity"": ""water_level"", ""unit"": ""km"", ""scale"": ""continuous"", ""crs"": ""EPSG:32643"", ""resolution_m"": 10.0, ""temporal_resolution_h"": null, ""processing_level"": null, ""surface_model"": null, ""vertical_datum"": ""EGM96"", ""acquisition_time"": null, ""available_time"": null, ""provenance"": ""hydraulic model"", ""band_role"": null, ""nodata_semantics"": null, ""uncertainty"": null, ""allowed_values"": null, ""observed_min"": null, ""observed_max"": null, ""attrs"": {}}]","[{""op"": ""combine_vertical"", ""params"": {""a"": 0, ""b"": 1}}, {""op"": ""convert_unit"", ""params"": {""artifact"": 1, ""to"": ""K""}}]",,,,,,
SGX3_BLIND_flood_depth_015,blind-composition,blind,flood_depth,"[{""name"": ""terrain-10"", ""quantity"": ""elevation"", ""unit"": ""m"", ""scale"": ""continuous"", ""crs"": ""EPSG:32643"", ""resolution_m"": 10, ""temporal_resolution_h"": null, ""processing_level"": null, ""surface_model"": ""DTM"", ""vertical_datum"": ""EGM2008"", ""acquisition_time"": null, ""available_time"": null, ""provenance"": ""Copernicus DEM"", ""band_role"": null, ""nodata_semantics"": null, ""uncertainty"": null, ""allowed_values"": null, ""observed_min"": null, ""observed_max"": null, ""attrs"": {}}, {""name"": ""water-surface"", ""quantity"": ""water_level"", ""unit"": ""km"", ""scale"": ""continuous"", ""crs"": ""EPSG:32643"", ""resolution_m"": 10.0, ""temporal_resolution_h"": null, ""processing_level"": null, ""surface_model"": null, ""vertical_datum"": ""WGS84_ellipsoid"", ""acquisition_time"": null, ""available_time"": null, ""provenance"": ""hydraulic model"", ""band_role"": null, ""nodata_semantics"": null, ""uncertainty"": null, ""allowed_values"": null, ""observed_min"": null, ""observed_max"": null, ""attrs"": {}}]","[{""op"": ""combine_vertical"", ""params"": {""a"": 0, ""b"": 1}}, {""op"": ""convert_unit"", ""params"": {""artifact"": 1, ""to"": ""m""}}]",,,,,,
SGX3_BLIND_flood_depth_016,blind-composition,blind,flood_depth,"[{""name"": ""terrain-30"", ""quantity"": ""elevation"", ""unit"": ""m"", ""scale"": ""continuous"", ""crs"": ""EPSG:32643"", ""resolution_m"": 30, ""temporal_resolution_h"": null, ""processing_level"": null, ""surface_model"": ""DSM"", ""vertical_datum"": ""EGM2008"", ""acquisition_time"": null, ""available_time"": null, ""provenance"": ""Copernicus DEM"", ""band_role"": null, ""nodata_semantics"": null, ""uncertainty"": null, ""allowed_values"": null, ""observed_min"": null, ""observed_max"": null, ""attrs"": {}}, {""name"": ""water-surface"", ""quantity"": ""water_level"", ""unit"": ""cm"", ""scale"": ""continuous"", ""crs"": ""EPSG:32643"", ""resolution_m"": 10.0, ""temporal_resolution_h"": null, ""processing_level"": null, ""surface_model"": null, ""vertical_datum"": ""EGM2008"", ""acquisition_time"": null, ""available_time"": null, ""provenance"": ""hydraulic model"", ""band_role"": null, ""nodata_semantics"": null, ""uncertainty"": null, ""allowed_values"": null, ""observed_min"": null, ""observed_max"": null, ""attrs"": {}}]","[{""op"": ""combine_vertical"", ""params"": {""a"": 0, ""b"": 1}}, {""op"": ""convert_unit"", ""params"": {""artifact"": 1, ""to"": ""m""}}]",,,,,,
SGX3_BLIND_flood_depth_017,blind-composition,blind,flood_depth,"[{""name"": ""terrain-10"", ""quantity"": ""elevation"", ""unit"": ""m"", ""scale"": ""continuous"", ""crs"": ""EPSG:32643"", ""resolution_m"": 10, ""temporal_resolution_h"": null, ""processing_level"": null, ""surface_model"": ""DSM"", ""vertical_datum"": ""EGM2008"", ""acquisition_time"": null, ""available_time"": null, ""provenance"": ""Copernicus DEM"", ""band_role"": null, ""nodata_semantics"": null, ""uncertainty"": null, ""allowed_values"": null, ""observed_min"": null, ""observed_max"": null, ""attrs"": {}}, {""name"": ""water-surface"", ""quantity"": ""water_level"", ""unit"": ""m"", ""scale"": ""continuous"", ""crs"": ""EPSG:32643"", ""resolution_m"": 10.0, ""temporal_resolution_h"": null, ""processing_level"": null, ""surface_model"": null, ""vertical_datum"": ""EGM96"", ""acquisition_time"": null, ""available_time"": null, ""provenance"": ""hydraulic model"", ""band_role"": null, ""nodata_semantics"": null, ""uncertainty"": null, ""allowed_values"": null, ""observed_min"": null, ""observed_max"": null, ""attrs"": {}}]","[{""op"": ""combine_vertical"", ""params"": {""a"": 0, ""b"": 1}}, {""op"": ""convert_unit"", ""params"": {""artifact"": 1, ""to"": ""km""}}]",,,,,,
SGX3_BLIND_flood_depth_018,blind-composition,blind,flood_depth,"[{""name"": ""terrain-30"", ""quantity"": ""elevation"", ""unit"": ""m"", ""scale"": ""continuous"", ""crs"": ""EPSG:32643"", ""resolution_m"": 30, ""temporal_resolution_h"": null, ""processing_level"": null, ""surface_model"": ""DSM"", ""vertical_datum"": ""EGM2008"", ""acquisition_time"": null, ""available_time"": null, ""provenance"": ""Copernicus DEM"", ""band_role"": null, ""nodata_semantics"": null, ""uncertainty"": null, ""allowed_values"": null, ""observed_min"": null, ""observed_max"": null, ""attrs"": {}}, {""name"": ""water-surface"", ""quantity"": ""water_level"", ""unit"": ""km"", ""scale"": ""continuous"", ""crs"": ""EPSG:32643"", ""resolution_m"": 10.0, ""temporal_resolution_h"": null, ""processing_level"": null, ""surface_model"": null, ""vertical_datum"": null, ""acquisition_time"": null, ""available_time"": null, ""provenance"": ""hydraulic model"", ""band_role"": null, ""nodata_semantics"": null, ""uncertainty"": null, ""allowed_values"": null, ""observed_min"": null, ""observed_max"": null, ""attrs"": {}}]","[{""op"": ""combine_vertical"", ""params"": {""a"": 0, ""b"": 1}}, {""op"": ""convert_unit"", ""params"": {""artifact"": 1, ""to"": ""km2""}}]",,,,,,
SGX3_BLIND_flood_depth_019,blind-composition,blind,flood_depth,"[{""name"": ""terrain-90"", ""quantity"": ""elevation"", ""unit"": ""m"", ""scale"": ""continuous"", ""crs"": ""EPSG:32643"", ""resolution_m"": 90, ""temporal_resolution_h"": null, ""processing_level"": null, ""surface_model"": ""DTM"", ""vertical_datum"": ""EGM2008"", ""acquisition_time"": null, ""available_time"": null, ""provenance"": ""Copernicus DEM"", ""band_role"": null, ""nodata_semantics"": null, ""uncertainty"": null, ""allowed_values"": null, ""observed_min"": null, ""observed_max"": null, ""attrs"": {}}, {""name"": ""water-surface"", ""quantity"": ""water_level"", ""unit"": ""m"", ""scale"": ""continuous"", ""crs"": ""EPSG:32643"", ""resolution_m"": 10.0, ""temporal_resolution_h"": null, ""processing_level"": null, ""surface_model"": null, ""vertical_datum"": null, ""acquisition_time"": null, ""available_time"": null, ""provenance"": ""hydraulic model"", ""band_role"": null, ""nodata_semantics"": null, ""uncertainty"": null, ""allowed_values"": null, ""observed_min"": null, ""observed_max"": null, ""attrs"": {}}]","[{""op"": ""combine_vertical"", ""params"": {""a"": 0, ""b"": 1}}, {""op"": ""convert_unit"", ""params"": {""artifact"": 1, ""to"": ""km2""}}]",,,,,,
SGX3_BLIND_flood_depth_020,blind-composition,blind,flood_depth,"[{""name"": ""terrain-30"", ""quantity"": ""elevation"", ""unit"": ""m"", ""scale"": ""continuous"", ""crs"": ""EPSG:32643"", ""resolution_m"": 30, ""temporal_resolution_h"": null, ""processing_level"": null, ""surface_model"": ""DTM"", ""vertical_datum"": ""EGM2008"", ""acquisition_time"": null, ""available_time"": null, ""provenance"": ""Copernicus DEM"", ""band_role"": null, ""nodata_semantics"": null, ""uncertainty"": null, ""allowed_values"": null, ""observed_min"": null, ""observed_max"": null, ""attrs"": {}}, {""name"": ""water-surface"", ""quantity"": ""water_level"", ""unit"": ""km"", ""scale"": ""continuous"", ""crs"": ""EPSG:32643"", ""resolution_m"": 10.0, ""temporal_resolution_h"": null, ""processing_level"": null, ""surface_model"": null, ""vertical_datum"": ""WGS84_ellipsoid"", ""acquisition_time"": null, ""available_time"": null, ""provenance"": ""hydraulic model"", ""band_role"": null, ""nodata_semantics"": null, ""uncertainty"": null, ""allowed_values"": null, ""observed_min"": null, ""observed_max"": null, ""attrs"": {}}]","[{""op"": ""combine_vertical"", ""params"": {""a"": 0, ""b"": 1}}, {""op"": ""convert_unit"", ""params"": {""artifact"": 1, ""to"": ""km2""}}]",,,,,,
SGX3_BLIND_flood_depth_021,blind-composition,blind,flood_depth,"[{""name"": ""terrain-90"", ""quantity"": ""elevation"", ""unit"": ""m"", ""scale"": ""continuous"", ""crs"": ""EPSG:32643"", ""resolution_m"": 90, ""temporal_resolution_h"": null, ""processing_level"": null, ""surface_model"": ""DSM"", ""vertical_datum"": ""EGM2008"", ""acquisition_time"": null, ""available_time"": null, ""provenance"": ""Copernicus DEM"", ""band_role"": null, ""nodata_semantics"": null, ""uncertainty"": null, ""allowed_values"": null, ""observed_min"": null, ""observed_max"": null, ""attrs"": {}}, {""name"": ""water-surface"", ""quantity"": ""water_level"", ""unit"": ""m"", ""scale"": ""continuous"", ""crs"": ""EPSG:32643"", ""resolution_m"": 10.0, ""temporal_resolution_h"": null, ""processing_level"": null, ""surface_model"": null, ""vertical_datum"": ""EGM96"", ""acquisition_time"": null, ""available_time"": null, ""provenance"": ""hydraulic model"", ""band_role"": null, ""nodata_semantics"": null, ""uncertainty"": null, ""allowed_values"": null, ""observed_min"": null, ""observed_max"": null, ""attrs"": {}}]","[{""op"": ""combine_vertical"", ""params"": {""a"": 0, ""b"": 1}}, {""op"": ""convert_unit"", ""params"": {""artifact"": 1, ""to"": ""km""}}]",,,,,,
SGX3_BLIND_flood_depth_022,blind-composition,blind,flood_depth,"[{""name"": ""terrain-10"", ""quantity"": ""elevation"", ""unit"": ""m"", ""scale"": ""continuous"", ""crs"": ""EPSG:32643"", ""resolution_m"": 10, ""temporal_resolution_h"": null, ""processing_level"": null, ""surface_model"": ""DTM"", ""vertical_datum"": ""EGM2008"", ""acquisition_time"": null, ""available_time"": null, ""provenance"": ""Copernicus DEM"", ""band_role"": null, ""nodata_semantics"": null, ""uncertainty"": null, ""allowed_values"": null, ""observed_min"": null, ""observed_max"": null, ""attrs"": {}}, {""name"": ""water-surface"", ""quantity"": ""water_level"", ""unit"": ""m"", ""scale"": ""continuous"", ""crs"": ""EPSG:32643"", ""resolution_m"": 10.0, ""temporal_resolution_h"": null, ""processing_level"": null, ""surface_model"": null, ""vertical_datum"": null, ""acquisition_time"": null, ""available_time"": null, ""provenance"": ""hydraulic model"", ""band_role"": null, ""nodata_semantics"": null, ""uncertainty"": null, ""allowed_values"": null, ""observed_min"": null, ""observed_max"": null, ""attrs"": {}}]","[{""op"": ""combine_vertical"", ""params"": {""a"": 0, ""b"": 1}}, {""op"": ""convert_unit"", ""params"": {""artifact"": 1, ""to"": ""km2""}}]",,,,,,
SGX3_BLIND_flood_depth_023,blind-composition,blind,flood_depth,"[{""name"": ""terrain-10"", ""quantity"": ""elevation"", ""unit"": ""m"", ""scale"": ""continuous"", ""crs"": ""EPSG:32643"", ""resolution_m"": 10, ""temporal_resolution_h"": null, ""processing_level"": null, ""surface_model"": ""DTM"", ""vertical_datum"": ""EGM2008"", ""acquisition_time"": null, ""available_time"": null, ""provenance"": ""Copernicus DEM"", ""band_role"": null, ""nodata_semantics"": null, ""uncertainty"": null, ""allowed_values"": null, ""observed_min"": null, ""observed_max"": null, ""attrs"": {}}, {""name"": ""water-surface"", ""quantity"": ""water_level"", ""unit"": ""m"", ""scale"": ""continuous"", ""crs"": ""EPSG:32643"", ""resolution_m"": 10.0, ""temporal_resolution_h"": null, ""processing_level"": null, ""surface_model"": null, ""vertical_datum"": ""EGM96"", ""acquisition_time"": null, ""available_time"": null, ""provenance"": ""hydraulic model"", ""band_role"": null, ""nodata_semantics"": null, ""uncertainty"": null, ""allowed_values"": null, ""observed_min"": null, ""observed_max"": null, ""attrs"": {}}]","[{""op"": ""combine_vertical"", ""params"": {""a"": 0, ""b"": 1}}, {""op"": ""convert_unit"", ""params"": {""artifact"": 1, ""to"": ""K""}}]",,,,,,
SGX3_BLIND_flood_depth_024,blind-composition,blind,flood_depth,"[{""name"": ""terrain-10"", ""quantity"": ""elevation"", ""unit"": ""m"", ""scale"": ""continuous"", ""crs"": ""EPSG:32643"", ""resolution_m"": 10, ""temporal_resolution_h"": null, ""processing_level"": null, ""surface_model"": ""DSM"", ""vertical_datum"": ""EGM2008"", ""acquisition_time"": null, ""available_time"": null, ""provenance"": ""Copernicus DEM"", ""band_role"": null, ""nodata_semantics"": null, ""uncertainty"": null, ""allowed_values"": null, ""observed_min"": null, ""observed_max"": null, ""attrs"": {}}, {""name"": ""water-surface"", ""quantity"": ""water_level"", ""unit"": ""m"", ""scale"": ""continuous"", ""crs"": ""EPSG:32643"", ""resolution_m"": 10.0, ""temporal_resolution_h"": null, ""processing_level"": null, ""surface_model"": null, ""vertical_datum"": ""EGM2008"", ""acquisition_time"": null, ""available_time"": null, ""provenance"": ""hydraulic model"", ""band_role"": null, ""nodata_semantics"": null, ""uncertainty"": null, ""allowed_values"": null, ""observed_min"": null, ""observed_max"": null, ""attrs"": {}}]","[{""op"": ""combine_vertical"", ""params"": {""a"": 0, ""b"": 1}}, {""op"": ""convert_unit"", ""params"": {""artifact"": 1, ""to"": ""K""}}]",,,,,,
SGX3_BLIND_flood_depth_025,blind-composition,blind,flood_depth,"[{""name"": ""terrain-10"", ""quantity"": ""elevation"", ""unit"": ""m"", ""scale"": ""continuous"", ""crs"": ""EPSG:32643"", ""resolution_m"": 10, ""temporal_resolution_h"": null, ""processing_level"": null, ""surface_model"": ""DTM"", ""vertical_datum"": ""EGM2008"", ""acquisition_time"": null, ""available_time"": null, ""provenance"": ""Copernicus DEM"", ""band_role"": null, ""nodata_semantics"": null, ""uncertainty"": null, ""allowed_values"": null, ""observed_min"": null, ""observed_max"": null, ""attrs"": {}}, {""name"": ""water-surface"", ""quantity"": ""water_level"", ""unit"": ""km"", ""scale"": ""continuous"", ""crs"": ""EPSG:32643"", ""resolution_m"": 10.0, ""temporal_resolution_h"": null, ""processing_level"": null, ""surface_model"": null, ""vertical_datum"": ""EGM96"", ""acquisition_time"": null, ""available_time"": null, ""provenance"": ""hydraulic model"", ""band_role"": null, ""nodata_semantics"": null, ""uncertainty"": null, ""allowed_values"": null, ""observed_min"": null, ""observed_max"": null, ""attrs"": {}}]","[{""op"": ""combine_vertical"", ""params"": {""a"": 0, ""b"": 1}}, {""op"": ""convert_unit"", ""params"": {""artifact"": 1, ""to"": ""km""}}]",,,,,,
SGX3_BLIND_flood_depth_026,blind-composition,blind,flood_depth,"[{""name"": ""terrain-90"", ""quantity"": ""elevation"", ""unit"": ""m"", ""scale"": ""continuous"", ""crs"": ""EPSG:32643"", ""resolution_m"": 90, ""temporal_resolution_h"": null, ""processing_level"": null, ""surface_model"": ""DTM"", ""vertical_datum"": ""EGM2008"", ""acquisition_time"": null, ""available_time"": null, ""provenance"": ""Copernicus DEM"", ""band_role"": null, ""nodata_semantics"": null, ""uncertainty"": null, ""allowed_values"": null, ""observed_min"": null, ""observed_max"": null, ""attrs"": {}}, {""name"": ""water-surface"", ""quantity"": ""water_level"", ""unit"": ""km"", ""scale"": ""continuous"", ""crs"": ""EPSG:32643"", ""resolution_m"": 10.0, ""temporal_resolution_h"": null, ""processing_level"": null, ""surface_model"": null, ""vertical_datum"": ""EGM96"", ""acquisition_time"": null, ""available_time"": null, ""provenance"": ""hydraulic model"", ""band_role"": null, ""nodata_semantics"": null, ""uncertainty"": null, ""allowed_values"": null, ""observed_min"": null, ""observed_max"": null, ""attrs"": {}}]","[{""op"": ""combine_vertical"", ""params"": {""a"": 0, ""b"": 1}}, {""op"": ""convert_unit"", ""params"": {""artifact"": 1, ""to"": ""km2""}}]",,,,,,
SGX3_BLIND_flood_depth_027,blind-composition,blind,flood_depth,"[{""name"": ""terrain-90"", ""quantity"": ""elevation"", ""unit"": ""m"", ""scale"": ""continuous"", ""crs"": ""EPSG:32643"", ""resolution_m"": 90, ""temporal_resolution_h"": null, ""processing_level"": null, ""surface_model"": ""DSM"", ""vertical_datum"": ""EGM2008"", ""acquisition_time"": null, ""available_time"": null, ""provenance"": ""Copernicus DEM"", ""band_role"": null, ""nodata_semantics"": null, ""uncertainty"": null, ""allowed_values"": null, ""observed_min"": null, ""observed_max"": null, ""attrs"": {}}, {""name"": ""water-surface"", ""quantity"": ""water_level"", ""unit"": ""cm"", ""scale"": ""continuous"", ""crs"": ""EPSG:32643"", ""resolution_m"": 10.0, ""temporal_resolution_h"": null, ""processing_level"": null, ""surface_model"": null, ""vertical_datum"": ""WGS84_ellipsoid"", ""acquisition_time"": null, ""available_time"": null, ""provenance"": ""hydraulic model"", ""band_role"": null, ""nodata_semantics"": null, ""uncertainty"": null, ""allowed_values"": null, ""observed_min"": null, ""observed_max"": null, ""attrs"": {}}]","[{""op"": ""combine_vertical"", ""params"": {""a"": 0, ""b"": 1}}, {""op"": ""convert_unit"", ""params"": {""artifact"": 1, ""to"": ""km2""}}]",,,,,,
SGX3_BLIND_flood_depth_028,blind-composition,blind,flood_depth,"[{""name"": ""terrain-90"", ""quantity"": ""elevation"", ""unit"": ""m"", ""scale"": ""continuous"", ""crs"": ""EPSG:32643"", ""resolution_m"": 90, ""temporal_resolution_h"": null, ""processing_level"": null, ""surface_model"": ""DTM"", ""vertical_datum"": ""EGM2008"", ""acquisition_time"": null, ""available_time"": null, ""provenance"": ""Copernicus DEM"", ""band_role"": null, ""nodata_semantics"": null, ""uncertainty"": null, ""allowed_values"": null, ""observed_min"": null, ""observed_max"": null, ""attrs"": {}}, {""name"": ""water-surface"", ""quantity"": ""water_level"", ""unit"": ""cm"", ""scale"": ""continuous"", ""crs"": ""EPSG:32643"", ""resolution_m"": 10.0, ""temporal_resolution_h"": null, ""processing_level"": null, ""surface_model"": null, ""vertical_datum"": null, ""acquisition_time"": null, ""available_time"": null, ""provenance"": ""hydraulic model"", ""band_role"": null, ""nodata_semantics"": null, ""uncertainty"": null, ""allowed_values"": null, ""observed_min"": null, ""observed_max"": null, ""attrs"": {}}]","[{""op"": ""combine_vertical"", ""params"": {""a"": 0, ""b"": 1}}, {""op"": ""convert_unit"", ""params"": {""artifact"": 1, ""to"": ""m""}}]",,,,,,
SGX3_BLIND_flood_depth_029,blind-composition,blind,flood_depth,"[{""name"": ""terrain-10"", ""quantity"": ""elevation"", ""unit"": ""m"", ""scale"": ""continuous"", ""crs"": ""EPSG:32643"", ""resolution_m"": 10, ""temporal_resolution_h"": null, ""processing_level"": null, ""surface_model"": ""DTM"", ""vertical_datum"": ""EGM2008"", ""acquisition_time"": null, ""available_time"": null, ""provenance"": ""Copernicus DEM"", ""band_role"": null, ""nodata_semantics"": null, ""uncertainty"": null, ""allowed_values"": null, ""observed_min"": null, ""observed_max"": null, ""attrs"": {}}, {""name"": ""water-surface"", ""quantity"": ""water_level"", ""unit"": ""m"", ""scale"": ""continuous"", ""crs"": ""EPSG:32643"", ""resolution_m"": 10.0, ""temporal_resolution_h"": null, ""processing_level"": null, ""surface_model"": null, ""vertical_datum"": ""EGM2008"", ""acquisition_time"": null, ""available_time"": null, ""provenance"": ""hydraulic model"", ""band_role"": null, ""nodata_semantics"": null, ""uncertainty"": null, ""allowed_values"": null, ""observed_min"": null, ""observed_max"": null, ""attrs"": {}}]","[{""op"": ""combine_vertical"", ""params"": {""a"": 0, ""b"": 1}}, {""op"": ""convert_unit"", ""params"": {""artifact"": 1, ""to"": ""K""}}]",,,,,,
SGX3_BLIND_flood_depth_030,blind-composition,blind,flood_depth,"[{""name"": ""terrain-10"", ""quantity"": ""elevation"", ""unit"": ""m"", ""scale"": ""continuous"", ""crs"": ""EPSG:32643"", ""resolution_m"": 10, ""temporal_resolution_h"": null, ""processing_level"": null, ""surface_model"": ""DTM"", ""vertical_datum"": ""EGM2008"", ""acquisition_time"": null, ""available_time"": null, ""provenance"": ""Copernicus DEM"", ""band_role"": null, ""nodata_semantics"": null, ""uncertainty"": null, ""allowed_values"": null, ""observed_min"": null, ""observed_max"": null, ""attrs"": {}}, {""name"": ""water-surface"", ""quantity"": ""water_level"", ""unit"": ""cm"", ""scale"": ""continuous"", ""crs"": ""EPSG:32643"", ""resolution_m"": 10.0, ""temporal_resolution_h"": null, ""processing_level"": null, ""surface_model"": null, ""vertical_datum"": null, ""acquisition_time"": null, ""available_time"": null, ""provenance"": ""hydraulic model"", ""band_role"": null, ""nodata_semantics"": null, ""uncertainty"": null, ""allowed_values"": null, ""observed_min"": null, ""observed_max"": null, ""attrs"": {}}]","[{""op"": ""combine_vertical"", ""params"": {""a"": 0, ""b"": 1}}, {""op"": ""convert_unit"", ""params"": {""artifact"": 1, ""to"": ""m""}}]",,,,,,
SGX3_BLIND_flood_depth_031,blind-composition,blind,flood_depth,"[{""name"": ""terrain-10"", ""quantity"": ""elevation"", ""unit"": ""m"", ""scale"": ""continuous"", ""crs"": ""EPSG:32643"", ""resolution_m"": 10, ""temporal_resolution_h"": null, ""processing_level"": null, ""surface_model"": ""DTM"", ""vertical_datum"": ""EGM2008"", ""acquisition_time"": null, ""available_time"": null, ""provenance"": ""Copernicus DEM"", ""band_role"": null, ""nodata_semantics"": null, ""uncertainty"": null, ""allowed_values"": null, ""observed_min"": null, ""observed_max"": null, ""attrs"": {}}, {""name"": ""water-surface"", ""quantity"": ""water_level"", ""unit"": ""cm"", ""scale"": ""continuous"", ""crs"": ""EPSG:32643"", ""resolution_m"": 10.0, ""temporal_resolution_h"": null, ""processing_level"": null, ""surface_model"": null, ""vertical_datum"": ""EGM96"", ""acquisition_time"": null, ""available_time"": null, ""provenance"": ""hydraulic model"", ""band_role"": null, ""nodata_semantics"": null, ""uncertainty"": null, ""allowed_values"": null, ""observed_min"": null, ""observed_max"": null, ""attrs"": {}}]","[{""op"": ""combine_vertical"", ""params"": {""a"": 0, ""b"": 1}}, {""op"": ""convert_unit"", ""params"": {""artifact"": 1, ""to"": ""km""}}]",,,,,,
SGX3_BLIND_flood_depth_032,blind-composition,blind,flood_depth,"[{""name"": ""terrain-90"", ""quantity"": ""elevation"", ""unit"": ""m"", ""scale"": ""continuous"", ""crs"": ""EPSG:32643"", ""resolution_m"": 90, ""temporal_resolution_h"": null, ""processing_level"": null, ""surface_model"": ""DSM"", ""vertical_datum"": ""EGM2008"", ""acquisition_time"": null, ""available_time"": null, ""provenance"": ""Copernicus DEM"", ""band_role"": null, ""nodata_semantics"": null, ""uncertainty"": null, ""allowed_values"": null, ""observed_min"": null, ""observed_max"": null, ""attrs"": {}}, {""name"": ""water-surface"", ""quantity"": ""water_level"", ""unit"": ""m"", ""scale"": ""continuous"", ""crs"": ""EPSG:32643"", ""resolution_m"": 10.0, ""temporal_resolution_h"": null, ""processing_level"": null, ""surface_model"": null, ""vertical_datum"": ""EGM2008"", ""acquisition_time"": null, ""available_time"": null, ""provenance"": ""hydraulic model"", ""band_role"": null, ""nodata_semantics"": null, ""uncertainty"": null, ""allowed_values"": null, ""observed_min"": null, ""observed_max"": null, ""attrs"": {}}]","[{""op"": ""combine_vertical"", ""params"": {""a"": 0, ""b"": 1}}, {""op"": ""convert_unit"", ""params"": {""artifact"": 1, ""to"": ""km2""}}]",,,,,,
SGX3_BLIND_flood_depth_033,blind-composition,blind,flood_depth,"[{""name"": ""terrain-90"", ""quantity"": ""elevation"", ""unit"": ""m"", ""scale"": ""continuous"", ""crs"": ""EPSG:32643"", ""resolution_m"": 90, ""temporal_resolution_h"": null, ""processing_level"": null, ""surface_model"": ""DTM"", ""vertical_datum"": ""EGM2008"", ""acquisition_time"": null, ""available_time"": null, ""provenance"": ""Copernicus DEM"", ""band_role"": null, ""nodata_semantics"": null, ""uncertainty"": null, ""allowed_values"": null, ""observed_min"": null, ""observed_max"": null, ""attrs"": {}}, {""name"": ""water-surface"", ""quantity"": ""water_level"", ""unit"": ""m"", ""scale"": ""continuous"", ""crs"": ""EPSG:32643"", ""resolution_m"": 10.0, ""temporal_resolution_h"": null, ""processing_level"": null, ""surface_model"": null, ""vertical_datum"": ""EGM2008"", ""acquisition_time"": null, ""available_time"": null, ""provenance"": ""hydraulic model"", ""band_role"": null, ""nodata_semantics"": null, ""uncertainty"": null, ""allowed_values"": null, ""observed_min"": null, ""observed_max"": null, ""attrs"": {}}]","[{""op"": ""combine_vertical"", ""params"": {""a"": 0, ""b"": 1}}, {""op"": ""convert_unit"", ""params"": {""artifact"": 1, ""to"": ""m""}}]",,,,,,
SGX3_BLIND_flood_depth_034,blind-composition,blind,flood_depth,"[{""name"": ""terrain-10"", ""quantity"": ""elevation"", ""unit"": ""m"", ""scale"": ""continuous"", ""crs"": ""EPSG:32643"", ""resolution_m"": 10, ""temporal_resolution_h"": null, ""processing_level"": null, ""surface_model"": ""DSM"", ""vertical_datum"": ""EGM2008"", ""acquisition_time"": null, ""available_time"": null, ""provenance"": ""Copernicus DEM"", ""band_role"": null, ""nodata_semantics"": null, ""uncertainty"": null, ""allowed_values"": null, ""observed_min"": null, ""observed_max"": null, ""attrs"": {}}, {""name"": ""water-surface"", ""quantity"": ""water_level"", ""unit"": ""cm"", ""scale"": ""continuous"", ""crs"": ""EPSG:32643"", ""resolution_m"": 10.0, ""temporal_resolution_h"": null, ""processing_level"": null, ""surface_model"": null, ""vertical_datum"": ""EGM96"", ""acquisition_time"": null, ""available_time"": null, ""provenance"": ""hydraulic model"", ""band_role"": null, ""nodata_semantics"": null, ""uncertainty"": null, ""allowed_values"": null, ""observed_min"": null, ""observed_max"": null, ""attrs"": {}}]","[{""op"": ""combine_vertical"", ""params"": {""a"": 0, ""b"": 1}}, {""op"": ""convert_unit"", ""params"": {""artifact"": 1, ""to"": ""km2""}}]",,,,,,
SGX3_BLIND_flood_depth_035,blind-composition,blind,flood_depth,"[{""name"": ""terrain-30"", ""quantity"": ""elevation"", ""unit"": ""m"", ""scale"": ""continuous"", ""crs"": ""EPSG:32643"", ""resolution_m"": 30, ""temporal_resolution_h"": null, ""processing_level"": null, ""surface_model"": ""DTM"", ""vertical_datum"": ""EGM2008"", ""acquisition_time"": null, ""available_time"": null, ""provenance"": ""Copernicus DEM"", ""band_role"": null, ""nodata_semantics"": null, ""uncertainty"": null, ""allowed_values"": null, ""observed_min"": null, ""observed_max"": null, ""attrs"": {}}, {""name"": ""water-surface"", ""quantity"": ""water_level"", ""unit"": ""cm"", ""scale"": ""continuous"", ""crs"": ""EPSG:32643"", ""resolution_m"": 10.0, ""temporal_resolution_h"": null, ""processing_level"": null, ""surface_model"": null, ""vertical_datum"": ""WGS84_ellipsoid"", ""acquisition_time"": null, ""available_time"": null, ""provenance"": ""hydraulic model"", ""band_role"": null, ""nodata_semantics"": null, ""uncertainty"": null, ""allowed_values"": null, ""observed_min"": null, ""observed_max"": null, ""attrs"": {}}]","[{""op"": ""combine_vertical"", ""params"": {""a"": 0, ""b"": 1}}, {""op"": ""convert_unit"", ""params"": {""artifact"": 1, ""to"": ""km2""}}]",,,,,,
SGX3_BLIND_flood_depth_036,blind-composition,blind,flood_depth,"[{""name"": ""terrain-30"", ""quantity"": ""elevation"", ""unit"": ""m"", ""scale"": ""continuous"", ""crs"": ""EPSG:32643"", ""resolution_m"": 30, ""temporal_resolution_h"": null, ""processing_level"": null, ""surface_model"": ""DSM"", ""vertical_datum"": ""EGM2008"", ""acquisition_time"": null, ""available_time"": null, ""provenance"": ""Copernicus DEM"", ""band_role"": null, ""nodata_semantics"": null, ""uncertainty"": null, ""allowed_values"": null, ""observed_min"": null, ""observed_max"": null, ""attrs"": {}}, {""name"": ""water-surface"", ""quantity"": ""water_level"", ""unit"": ""km"", ""scale"": ""continuous"", ""crs"": ""EPSG:32643"", ""resolution_m"": 10.0, ""temporal_resolution_h"": null, ""processing_level"": null, ""surface_model"": null, ""vertical_datum"": ""EGM96"", ""acquisition_time"": null, ""available_time"": null, ""provenance"": ""hydraulic model"", ""band_role"": null, ""nodata_semantics"": null, ""uncertainty"": null, ""allowed_values"": null, ""observed_min"": null, ""observed_max"": null, ""attrs"": {}}]","[{""op"": ""combine_vertical"", ""params"": {""a"": 0, ""b"": 1}}, {""op"": ""convert_unit"", ""params"": {""artifact"": 1, ""to"": ""km2""}}]",,,,,,
SGX3_BLIND_flood_depth_037,blind-composition,blind,flood_depth,"[{""name"": ""terrain-30"", ""quantity"": ""elevation"", ""unit"": ""m"", ""scale"": ""continuous"", ""crs"": ""EPSG:32643"", ""resolution_m"": 30, ""temporal_resolution_h"": null, ""processing_level"": null, ""surface_model"": ""DSM"", ""vertical_datum"": ""EGM2008"", ""acquisition_time"": null, ""available_time"": null, ""provenance"": ""Copernicus DEM"", ""band_role"": null, ""nodata_semantics"": null, ""uncertainty"": null, ""allowed_values"": null, ""observed_min"": null, ""observed_max"": null, ""attrs"": {}}, {""name"": ""water-surface"", ""quantity"": ""water_level"", ""unit"": ""cm"", ""scale"": ""continuous"", ""crs"": ""EPSG:32643"", ""resolution_m"": 10.0, ""temporal_resolution_h"": null, ""processing_level"": null, ""surface_model"": null, ""vertical_datum"": ""EGM96"", ""acquisition_time"": null, ""available_time"": null, ""provenance"": ""hydraulic model"", ""band_role"": null, ""nodata_semantics"": null, ""uncertainty"": null, ""allowed_values"": null, ""observed_min"": null, ""observed_max"": null, ""attrs"": {}}]","[{""op"": ""combine_vertical"", ""params"": {""a"": 0, ""b"": 1}}, {""op"": ""convert_unit"", ""params"": {""artifact"": 1, ""to"": ""m""}}]",,,,,,
SGX3_BLIND_flood_depth_038,blind-composition,blind,flood_depth,"[{""name"": ""terrain-90"", ""quantity"": ""elevation"", ""unit"": ""m"", ""scale"": ""continuous"", ""crs"": ""EPSG:32643"", ""resolution_m"": 90, ""temporal_resolution_h"": null, ""processing_level"": null, ""surface_model"": ""DTM"", ""vertical_datum"": ""EGM2008"", ""acquisition_time"": null, ""available_time"": null, ""provenance"": ""Copernicus DEM"", ""band_role"": null, ""nodata_semantics"": null, ""uncertainty"": null, ""allowed_values"": null, ""observed_min"": null, ""observed_max"": null, ""attrs"": {}}, {""name"": ""water-surface"", ""quantity"": ""water_level"", ""unit"": ""km"", ""scale"": ""continuous"", ""crs"": ""EPSG:32643"", ""resolution_m"": 10.0, ""temporal_resolution_h"": null, ""processing_level"": null, ""surface_model"": null, ""vertical_datum"": ""WGS84_ellipsoid"", ""acquisition_time"": null, ""available_time"": null, ""provenance"": ""hydraulic model"", ""band_role"": null, ""nodata_semantics"": null, ""uncertainty"": null, ""allowed_values"": null, ""observed_min"": null, ""observed_max"": null, ""attrs"": {}}]","[{""op"": ""combine_vertical"", ""params"": {""a"": 0, ""b"": 1}}, {""op"": ""convert_unit"", ""params"": {""artifact"": 1, ""to"": ""km2""}}]",,,,,,
SGX3_BLIND_flood_depth_039,blind-composition,blind,flood_depth,"[{""name"": ""terrain-10"", ""quantity"": ""elevation"", ""unit"": ""m"", ""scale"": ""continuous"", ""crs"": ""EPSG:32643"", ""resolution_m"": 10, ""temporal_resolution_h"": null, ""processing_level"": null, ""surface_model"": ""DSM"", ""vertical_datum"": ""EGM2008"", ""acquisition_time"": null, ""available_time"": null, ""provenance"": ""Copernicus DEM"", ""band_role"": null, ""nodata_semantics"": null, ""uncertainty"": null, ""allowed_values"": null, ""observed_min"": null, ""observed_max"": null, ""attrs"": {}}, {""name"": ""water-surface"", ""quantity"": ""water_level"", ""unit"": ""m"", ""scale"": ""continuous"", ""crs"": ""EPSG:32643"", ""resolution_m"": 10.0, ""temporal_resolution_h"": null, ""processing_level"": null, ""surface_model"": null, ""vertical_datum"": null, ""acquisition_time"": null, ""available_time"": null, ""provenance"": ""hydraulic model"", ""band_role"": null, ""nodata_semantics"": null, ""uncertainty"": null, ""allowed_values"": null, ""observed_min"": null, ""observed_max"": null, ""attrs"": {}}]","[{""op"": ""combine_vertical"", ""params"": {""a"": 0, ""b"": 1}}, {""op"": ""convert_unit"", ""params"": {""artifact"": 1, ""to"": ""K""}}]",,,,,,
SGX3_BLIND_flood_depth_040,blind-composition,blind,flood_depth,"[{""name"": ""terrain-90"", ""quantity"": ""elevation"", ""unit"": ""m"", ""scale"": ""continuous"", ""crs"": ""EPSG:32643"", ""resolution_m"": 90, ""temporal_resolution_h"": null, ""processing_level"": null, ""surface_model"": ""DSM"", ""vertical_datum"": ""EGM2008"", ""acquisition_time"": null, ""available_time"": null, ""provenance"": ""Copernicus DEM"", ""band_role"": null, ""nodata_semantics"": null, ""uncertainty"": null, ""allowed_values"": null, ""observed_min"": null, ""observed_max"": null, ""attrs"": {}}, {""name"": ""water-surface"", ""quantity"": ""water_level"", ""unit"": ""cm"", ""scale"": ""continuous"", ""crs"": ""EPSG:32643"", ""resolution_m"": 10.0, ""temporal_resolution_h"": null, ""processing_level"": null, ""surface_model"": null, ""vertical_datum"": ""EGM96"", ""acquisition_time"": null, ""available_time"": null, ""provenance"": ""hydraulic model"", ""band_role"": null, ""nodata_semantics"": null, ""uncertainty"": null, ""allowed_values"": null, ""observed_min"": null, ""observed_max"": null, ""attrs"": {}}]","[{""op"": ""combine_vertical"", ""params"": {""a"": 0, ""b"": 1}}, {""op"": ""convert_unit"", ""params"": {""artifact"": 1, ""to"": ""K""}}]",,,,,,
SGX3_BLIND_flood_depth_041,blind-composition,blind,flood_depth,"[{""name"": ""terrain-90"", ""quantity"": ""elevation"", ""unit"": ""m"", ""scale"": ""continuous"", ""crs"": ""EPSG:32643"", ""resolution_m"": 90, ""temporal_resolution_h"": null, ""processing_level"": null, ""surface_model"": ""DTM"", ""vertical_datum"": ""EGM2008"", ""acquisition_time"": null, ""available_time"": null, ""provenance"": ""Copernicus DEM"", ""band_role"": null, ""nodata_semantics"": null, ""uncertainty"": null, ""allowed_values"": null, ""observed_min"": null, ""observed_max"": null, ""attrs"": {}}, {""name"": ""water-surface"", ""quantity"": ""water_level"", ""unit"": ""m"", ""scale"": ""continuous"", ""crs"": ""EPSG:32643"", ""resolution_m"": 10.0, ""temporal_resolution_h"": null, ""processing_level"": null, ""surface_model"": null, ""vertical_datum"": ""EGM2008"", ""acquisition_time"": null, ""available_time"": null, ""provenance"": ""hydraulic model"", ""band_role"": null, ""nodata_semantics"": null, ""uncertainty"": null, ""allowed_values"": null, ""observed_min"": null, ""observed_max"": null, ""attrs"": {}}]","[{""op"": ""combine_vertical"", ""params"": {""a"": 0, ""b"": 1}}, {""op"": ""convert_unit"", ""params"": {""artifact"": 1, ""to"": ""K""}}]",,,,,,
SGX3_BLIND_flood_depth_042,blind-composition,blind,flood_depth,"[{""name"": ""terrain-90"", ""quantity"": ""elevation"", ""unit"": ""m"", ""scale"": ""continuous"", ""crs"": ""EPSG:32643"", ""resolution_m"": 90, ""temporal_resolution_h"": null, ""processing_level"": null, ""surface_model"": ""DTM"", ""vertical_datum"": ""EGM2008"", ""acquisition_time"": null, ""available_time"": null, ""provenance"": ""Copernicus DEM"", ""band_role"": null, ""nodata_semantics"": null, ""uncertainty"": null, ""allowed_values"": null, ""observed_min"": null, ""observed_max"": null, ""attrs"": {}}, {""name"": ""water-surface"", ""quantity"": ""water_level"", ""unit"": ""km"", ""scale"": ""continuous"", ""crs"": ""EPSG:32643"", ""resolution_m"": 10.0, ""temporal_resolution_h"": null, ""processing_level"": null, ""surface_model"": null, ""vertical_datum"": ""EGM2008"", ""acquisition_time"": null, ""available_time"": null, ""provenance"": ""hydraulic model"", ""band_role"": null, ""nodata_semantics"": null, ""uncertainty"": null, ""allowed_values"": null, ""observed_min"": null, ""observed_max"": null, ""attrs"": {}}]","[{""op"": ""combine_vertical"", ""params"": {""a"": 0, ""b"": 1}}, {""op"": ""convert_unit"", ""params"": {""artifact"": 1, ""to"": ""km""}}]",,,,,,
SGX3_BLIND_flood_depth_043,blind-composition,blind,flood_depth,"[{""name"": ""terrain-10"", ""quantity"": ""elevation"", ""unit"": ""m"", ""scale"": ""continuous"", ""crs"": ""EPSG:32643"", ""resolution_m"": 10, ""temporal_resolution_h"": null, ""processing_level"": null, ""surface_model"": ""DTM"", ""vertical_datum"": ""EGM2008"", ""acquisition_time"": null, ""available_time"": null, ""provenance"": ""Copernicus DEM"", ""band_role"": null, ""nodata_semantics"": null, ""uncertainty"": null, ""allowed_values"": null, ""observed_min"": null, ""observed_max"": null, ""attrs"": {}}, {""name"": ""water-surface"", ""quantity"": ""water_level"", ""unit"": ""cm"", ""scale"": ""continuous"", ""crs"": ""EPSG:32643"", ""resolution_m"": 10.0, ""temporal_resolution_h"": null, ""processing_level"": null, ""surface_model"": null, ""vertical_datum"": ""WGS84_ellipsoid"", ""acquisition_time"": null, ""available_time"": null, ""provenance"": ""hydraulic model"", ""band_role"": null, ""nodata_semantics"": null, ""uncertainty"": null, ""allowed_values"": null, ""observed_min"": null, ""observed_max"": null, ""attrs"": {}}]","[{""op"": ""combine_vertical"", ""params"": {""a"": 0, ""b"": 1}}, {""op"": ""convert_unit"", ""params"": {""artifact"": 1, ""to"": ""km""}}]",,,,,,
SGX3_BLIND_flood_depth_044,blind-composition,blind,flood_depth,"[{""name"": ""terrain-30"", ""quantity"": ""elevation"", ""unit"": ""m"", ""scale"": ""continuous"", ""crs"": ""EPSG:32643"", ""resolution_m"": 30, ""temporal_resolution_h"": null, ""processing_level"": null, ""surface_model"": ""DSM"", ""vertical_datum"": ""EGM2008"", ""acquisition_time"": null, ""available_time"": null, ""provenance"": ""Copernicus DEM"", ""band_role"": null, ""nodata_semantics"": null, ""uncertainty"": null, ""allowed_values"": null, ""observed_min"": null, ""observed_max"": null, ""attrs"": {}}, {""name"": ""water-surface"", ""quantity"": ""water_level"", ""unit"": ""km"", ""scale"": ""continuous"", ""crs"": ""EPSG:32643"", ""resolution_m"": 10.0, ""temporal_resolution_h"": null, ""processing_level"": null, ""surface_model"": null, ""vertical_datum"": null, ""acquisition_time"": null, ""available_time"": null, ""provenance"": ""hydraulic model"", ""band_role"": null, ""nodata_semantics"": null, ""uncertainty"": null, ""allowed_values"": null, ""observed_min"": null, ""observed_max"": null, ""attrs"": {}}]","[{""op"": ""combine_vertical"", ""params"": {""a"": 0, ""b"": 1}}, {""op"": ""convert_unit"", ""params"": {""artifact"": 1, ""to"": ""K""}}]",,,,,,
SGX3_BLIND_flood_depth_045,blind-composition,blind,flood_depth,"[{""name"": ""terrain-10"", ""quantity"": ""elevation"", ""unit"": ""m"", ""scale"": ""continuous"", ""crs"": ""EPSG:32643"", ""resolution_m"": 10, ""temporal_resolution_h"": null, ""processing_level"": null, ""surface_model"": ""DSM"", ""vertical_datum"": ""EGM2008"", ""acquisition_time"": null, ""available_time"": null, ""provenance"": ""Copernicus DEM"", ""band_role"": null, ""nodata_semantics"": null, ""uncertainty"": null, ""allowed_values"": null, ""observed_min"": null, ""observed_max"": null, ""attrs"": {}}, {""name"": ""water-surface"", ""quantity"": ""water_level"", ""unit"": ""m"", ""scale"": ""continuous"", ""crs"": ""EPSG:32643"", ""resolution_m"": 10.0, ""temporal_resolution_h"": null, ""processing_level"": null, ""surface_model"": null, ""vertical_datum"": ""EGM2008"", ""acquisition_time"": null, ""available_time"": null, ""provenance"": ""hydraulic model"", ""band_role"": null, ""nodata_semantics"": null, ""uncertainty"": null, ""allowed_values"": null, ""observed_min"": null, ""observed_max"": null, ""attrs"": {}}]","[{""op"": ""combine_vertical"", ""params"": {""a"": 0, ""b"": 1}}, {""op"": ""convert_unit"", ""params"": {""artifact"": 1, ""to"": ""m""}}]",,,,,,
SGX3_BLIND_flood_depth_046,blind-composition,blind,flood_depth,"[{""name"": ""terrain-30"", ""quantity"": ""elevation"", ""unit"": ""m"", ""scale"": ""continuous"", ""crs"": ""EPSG:32643"", ""resolution_m"": 30, ""temporal_resolution_h"": null, ""processing_level"": null, ""surface_model"": ""DTM"", ""vertical_datum"": ""EGM2008"", ""acquisition_time"": null, ""available_time"": null, ""provenance"": ""Copernicus DEM"", ""band_role"": null, ""nodata_semantics"": null, ""uncertainty"": null, ""allowed_values"": null, ""observed_min"": null, ""observed_max"": null, ""attrs"": {}}, {""name"": ""water-surface"", ""quantity"": ""water_level"", ""unit"": ""m"", ""scale"": ""continuous"", ""crs"": ""EPSG:32643"", ""resolution_m"": 10.0, ""temporal_resolution_h"": null, ""processing_level"": null, ""surface_model"": null, ""vertical_datum"": ""EGM2008"", ""acquisition_time"": null, ""available_time"": null, ""provenance"": ""hydraulic model"", ""band_role"": null, ""nodata_semantics"": null, ""uncertainty"": null, ""allowed_values"": null, ""observed_min"": null, ""observed_max"": null, ""attrs"": {}}]","[{""op"": ""combine_vertical"", ""params"": {""a"": 0, ""b"": 1}}, {""op"": ""convert_unit"", ""params"": {""artifact"": 1, ""to"": ""K""}}]",,,,,,
SGX3_BLIND_flood_depth_047,blind-composition,blind,flood_depth,"[{""name"": ""terrain-30"", ""quantity"": ""elevation"", ""unit"": ""m"", ""scale"": ""continuous"", ""crs"": ""EPSG:32643"", ""resolution_m"": 30, ""temporal_resolution_h"": null, ""processing_level"": null, ""surface_model"": ""DSM"", ""vertical_datum"": ""EGM2008"", ""acquisition_time"": null, ""available_time"": null, ""provenance"": ""Copernicus DEM"", ""band_role"": null, ""nodata_semantics"": null, ""uncertainty"": null, ""allowed_values"": null, ""observed_min"": null, ""observed_max"": null, ""attrs"": {}}, {""name"": ""water-surface"", ""quantity"": ""water_level"", ""unit"": ""cm"", ""scale"": ""continuous"", ""crs"": ""EPSG:32643"", ""resolution_m"": 10.0, ""temporal_resolution_h"": null, ""processing_level"": null, ""surface_model"": null, ""vertical_datum"": ""EGM96"", ""acquisition_time"": null, ""available_time"": null, ""provenance"": ""hydraulic model"", ""band_role"": null, ""nodata_semantics"": null, ""uncertainty"": null, ""allowed_values"": null, ""observed_min"": null, ""observed_max"": null, ""attrs"": {}}]","[{""op"": ""combine_vertical"", ""params"": {""a"": 0, ""b"": 1}}, {""op"": ""convert_unit"", ""params"": {""artifact"": 1, ""to"": ""K""}}]",,,,,,
SGX3_BLIND_flood_depth_048,blind-composition,blind,flood_depth,"[{""name"": ""terrain-10"", ""quantity"": ""elevation"", ""unit"": ""m"", ""scale"": ""continuous"", ""crs"": ""EPSG:32643"", ""resolution_m"": 10, ""temporal_resolution_h"": null, ""processing_level"": null, ""surface_model"": ""DTM"", ""vertical_datum"": ""EGM2008"", ""acquisition_time"": null, ""available_time"": null, ""provenance"": ""Copernicus DEM"", ""band_role"": null, ""nodata_semantics"": null, ""uncertainty"": null, ""allowed_values"": null, ""observed_min"": null, ""observed_max"": null, ""attrs"": {}}, {""name"": ""water-surface"", ""quantity"": ""water_level"", ""unit"": ""cm"", ""scale"": ""continuous"", ""crs"": ""EPSG:32643"", ""resolution_m"": 10.0, ""temporal_resolution_h"": null, ""processing_level"": null, ""surface_model"": null, ""vertical_datum"": ""EGM2008"", ""acquisition_time"": null, ""available_time"": null, ""provenance"": ""hydraulic model"", ""band_role"": null, ""nodata_semantics"": null, ""uncertainty"": null, ""allowed_values"": null, ""observed_min"": null, ""observed_max"": null, ""attrs"": {}}]","[{""op"": ""combine_vertical"", ""params"": {""a"": 0, ""b"": 1}}, {""op"": ""convert_unit"", ""params"": {""artifact"": 1, ""to"": ""m""}}]",,,,,,
SGX3_BLIND_flood_depth_049,blind-composition,blind,flood_depth,"[{""name"": ""terrain-90"", ""quantity"": ""elevation"", ""unit"": ""m"", ""scale"": ""continuous"", ""crs"": ""EPSG:32643"", ""resolution_m"": 90, ""temporal_resolution_h"": null, ""processing_level"": null, ""surface_model"": ""DTM"", ""vertical_datum"": ""EGM2008"", ""acquisition_time"": null, ""available_time"": null, ""provenance"": ""Copernicus DEM"", ""band_role"": null, ""nodata_semantics"": null, ""uncertainty"": null, ""allowed_values"": null, ""observed_min"": null, ""observed_max"": null, ""attrs"": {}}, {""name"": ""water-surface"", ""quantity"": ""water_level"", ""unit"": ""cm"", ""scale"": ""continuous"", ""crs"": ""EPSG:32643"", ""resolution_m"": 10.0, ""temporal_resolution_h"": null, ""processing_level"": null, ""surface_model"": null, ""vertical_datum"": null, ""acquisition_time"": null, ""available_time"": null, ""provenance"": ""hydraulic model"", ""band_role"": null, ""nodata_semantics"": null, ""uncertainty"": null, ""allowed_values"": null, ""observed_min"": null, ""observed_max"": null, ""attrs"": {}}]","[{""op"": ""combine_vertical"", ""params"": {""a"": 0, ""b"": 1}}, {""op"": ""convert_unit"", ""params"": {""artifact"": 1, ""to"": ""km""}}]",,,,,,
SGX3_BLIND_eo_ml_validation_000,blind-composition,blind,eo_ml_validation,"[{""name"": ""EO-samples-7760"", ""quantity"": ""training_samples"", ""unit"": null, ""scale"": ""continuous"", ""crs"": ""EPSG:32643"", ""resolution_m"": 10.0, ""temporal_resolution_h"": null, ""processing_level"": null, ""surface_model"": null, ""vertical_datum"": null, ""acquisition_time"": null, ""available_time"": null, ""provenance"": ""authoritative-product"", ""band_role"": null, ""nodata_semantics"": null, ""uncertainty"": null, ""allowed_values"": null, ""observed_min"": null, ""observed_max"": null, ""attrs"": {}}]","[{""op"": ""split"", ""params"": {""mode"": ""scene"", ""scene_overlap_fraction"": 0.0645}}]",,,,,,
SGX3_BLIND_eo_ml_validation_001,blind-composition,blind,eo_ml_validation,"[{""name"": ""EO-samples-5760"", ""quantity"": ""training_samples"", ""unit"": null, ""scale"": ""continuous"", ""crs"": ""EPSG:32643"", ""resolution_m"": 10.0, ""temporal_resolution_h"": null, ""processing_level"": null, ""surface_model"": null, ""vertical_datum"": null, ""acquisition_time"": null, ""available_time"": null, ""provenance"": ""authoritative-product"", ""band_role"": null, ""nodata_semantics"": null, ""uncertainty"": null, ""allowed_values"": null, ""observed_min"": null, ""observed_max"": null, ""attrs"": {}}]","[{""op"": ""split"", ""params"": {""mode"": ""scene"", ""scene_overlap_fraction"": 0.5394}}]",,,,,,
SGX3_BLIND_eo_ml_validation_002,blind-composition,blind,eo_ml_validation,"[{""name"": ""EO-samples-5860"", ""quantity"": ""training_samples"", ""unit"": null, ""scale"": ""continuous"", ""crs"": ""EPSG:32643"", ""resolution_m"": 10.0, ""temporal_resolution_h"": null, ""processing_level"": null, ""surface_model"": null, ""vertical_datum"": null, ""acquisition_time"": null, ""available_time"": null, ""provenance"": ""authoritative-product"", ""band_role"": null, ""nodata_semantics"": null, ""uncertainty"": null, ""allowed_values"": null, ""observed_min"": null, ""observed_max"": null, ""attrs"": {}}]","[{""op"": ""split"", ""params"": {""mode"": ""scene"", ""scene_overlap_fraction"": 0.3396}}]",,,,,,
SGX3_BLIND_eo_ml_validation_003,blind-composition,blind,eo_ml_validation,"[{""name"": ""EO-samples-1398"", ""quantity"": ""training_samples"", ""unit"": null, ""scale"": ""continuous"", ""crs"": ""EPSG:32643"", ""resolution_m"": 10.0, ""temporal_resolution_h"": null, ""processing_level"": null, ""surface_model"": null, ""vertical_datum"": null, ""acquisition_time"": null, ""available_time"": null, ""provenance"": ""authoritative-product"", ""band_role"": null, ""nodata_semantics"": null, ""uncertainty"": null, ""allowed_values"": null, ""observed_min"": null, ""observed_max"": null, ""attrs"": {}}]","[{""op"": ""split"", ""params"": {""mode"": ""temporal"", ""train_end"": ""2024-07-03T00:00:00+00:00"", ""test_start"": ""2024-08-01T00:00:00+00:00""}}]",,,,,,
SGX3_BLIND_eo_ml_validation_004,blind-composition,blind,eo_ml_validation,"[{""name"": ""EO-samples-8553"", ""quantity"": ""training_samples"", ""unit"": null, ""scale"": ""continuous"", ""crs"": ""EPSG:32643"", ""resolution_m"": 10.0, ""temporal_resolution_h"": null, ""processing_level"": null, ""surface_model"": null, ""vertical_datum"": null, ""acquisition_time"": null, ""available_time"": null, ""provenance"": ""authoritative-product"", ""band_role"": null, ""nodata_semantics"": null, ""uncertainty"": null, ""allowed_values"": null, ""observed_min"": null, ""observed_max"": null, ""attrs"": {}}]","[{""op"": ""split"", ""params"": {""mode"": ""temporal"", ""train_end"": ""2024-04-13T00:00:00+00:00"", ""test_start"": ""2024-05-01T00:00:00+00:00""}}]",,,,,,
SGX3_BLIND_eo_ml_validation_005,blind-composition,blind,eo_ml_validation,"[{""name"": ""EO-samples-2430"", ""quantity"": ""training_samples"", ""unit"": null, ""scale"": ""continuous"", ""crs"": ""EPSG:32643"", ""resolution_m"": 10.0, ""temporal_resolution_h"": null, ""processing_level"": null, ""surface_model"": null, ""vertical_datum"": null, ""acquisition_time"": null, ""available_time"": null, ""provenance"": ""authoritative-product"", ""band_role"": null, ""nodata_semantics"": null, ""uncertainty"": null, ""allowed_values"": null, ""observed_min"": null, ""observed_max"": null, ""attrs"": {}}]","[{""op"": ""split"", ""params"": {""mode"": ""spatial"", ""separation_m"": 6242, ""dependence_range_m"": 3403}}]",,,,,,
SGX3_BLIND_eo_ml_validation_006,blind-composition,blind,eo_ml_validation,"[{""name"": ""EO-samples-7018"", ""quantity"": ""training_samples"", ""unit"": null, ""scale"": ""continuous"", ""crs"": ""EPSG:32643"", ""resolution_m"": 10.0, ""temporal_resolution_h"": null, ""processing_level"": null, ""surface_model"": null, ""vertical_datum"": null, ""acquisition_time"": null, ""available_time"": null, ""provenance"": ""authoritative-product"", ""band_role"": null, ""nodata_semantics"": null, ""uncertainty"": null, ""allowed_values"": null, ""observed_min"": null, ""observed_max"": null, ""attrs"": {}}]","[{""op"": ""split"", ""params"": {""mode"": ""scene"", ""scene_overlap_fraction"": 0.1842}}]",,,,,,
SGX3_BLIND_eo_ml_validation_007,blind-composition,blind,eo_ml_validation,"[{""name"": ""EO-samples-1479"", ""quantity"": ""training_samples"", ""unit"": null, ""scale"": ""continuous"", ""crs"": ""EPSG:32643"", ""resolution_m"": 10.0, ""temporal_resolution_h"": null, ""processing_level"": null, ""surface_model"": null, ""vertical_datum"": null, ""acquisition_time"": null, ""available_time"": null, ""provenance"": ""authoritative-product"", ""band_role"": null, ""nodata_semantics"": null, ""uncertainty"": null, ""allowed_values"": null, ""observed_min"": null, ""observed_max"": null, ""attrs"": {}}]","[{""op"": ""split"", ""params"": {""mode"": ""temporal"", ""train_end"": ""2024-06-20T00:00:00+00:00"", ""test_start"": ""2024-07-01T00:00:00+00:00""}}]",,,,,,
SGX3_BLIND_eo_ml_validation_008,blind-composition,blind,eo_ml_validation,"[{""name"": ""EO-samples-1882"", ""quantity"": ""training_samples"", ""unit"": null, ""scale"": ""continuous"", ""crs"": ""EPSG:32643"", ""resolution_m"": 10.0, ""temporal_resolution_h"": null, ""processing_level"": null, ""surface_model"": null, ""vertical_datum"": null, ""acquisition_time"": null, ""available_time"": null, ""provenance"": ""authoritative-product"", ""band_role"": null, ""nodata_semantics"": null, ""uncertainty"": null, ""allowed_values"": null, ""observed_min"": null, ""observed_max"": null, ""attrs"": {}}]","[{""op"": ""split"", ""params"": {""mode"": ""scene"", ""scene_overlap_fraction"": 0.4635}}]",,,,,,
SGX3_BLIND_eo_ml_validation_009,blind-composition,blind,eo_ml_validation,"[{""name"": ""EO-samples-9388"", ""quantity"": ""training_samples"", ""unit"": null, ""scale"": ""continuous"", ""crs"": ""EPSG:32643"", ""resolution_m"": 10.0, ""temporal_resolution_h"": null, ""processing_level"": null, ""surface_model"": null, ""vertical_datum"": null, ""acquisition_time"": null, ""available_time"": null, ""provenance"": ""authoritative-product"", ""band_role"": null, ""nodata_semantics"": null, ""uncertainty"": null, ""allowed_values"": null, ""observed_min"": null, ""observed_max"": null, ""attrs"": {}}]","[{""op"": ""split"", ""params"": {""mode"": ""temporal"", ""train_end"": ""2024-07-29T00:00:00+00:00"", ""test_start"": ""2024-08-01T00:00:00+00:00""}}]",,,,,,
SGX3_BLIND_eo_ml_validation_010,blind-composition,blind,eo_ml_validation,"[{""name"": ""EO-samples-1596"", ""quantity"": ""training_samples"", ""unit"": null, ""scale"": ""continuous"", ""crs"": ""EPSG:32643"", ""resolution_m"": 10.0, ""temporal_resolution_h"": null, ""processing_level"": null, ""surface_model"": null, ""vertical_datum"": null, ""acquisition_time"": null, ""available_time"": null, ""provenance"": ""authoritative-product"", ""band_role"": null, ""nodata_semantics"": null, ""uncertainty"": null, ""allowed_values"": null, ""observed_min"": null, ""observed_max"": null, ""attrs"": {}}]","[{""op"": ""split"", ""params"": {""mode"": ""spatial"", ""separation_m"": 5810, ""dependence_range_m"": 1472}}]",,,,,,
SGX3_BLIND_eo_ml_validation_011,blind-composition,blind,eo_ml_validation,"[{""name"": ""EO-samples-9408"", ""quantity"": ""training_samples"", ""unit"": null, ""scale"": ""continuous"", ""crs"": ""EPSG:32643"", ""resolution_m"": 10.0, ""temporal_resolution_h"": null, ""processing_level"": null, ""surface_model"": null, ""vertical_datum"": null, ""acquisition_time"": null, ""available_time"": null, ""provenance"": ""authoritative-product"", ""band_role"": null, ""nodata_semantics"": null, ""uncertainty"": null, ""allowed_values"": null, ""observed_min"": null, ""observed_max"": null, ""attrs"": {}}]","[{""op"": ""split"", ""params"": {""mode"": ""spatial"", ""separation_m"": 6195, ""dependence_range_m"": 3456}}]",,,,,,
SGX3_BLIND_eo_ml_validation_012,blind-composition,blind,eo_ml_validation,"[{""name"": ""EO-samples-4689"", ""quantity"": ""training_samples"", ""unit"": null, ""scale"": ""continuous"", ""crs"": ""EPSG:32643"", ""resolution_m"": 10.0, ""temporal_resolution_h"": null, ""processing_level"": null, ""surface_model"": null, ""vertical_datum"": null, ""acquisition_time"": null, ""available_time"": null, ""provenance"": ""authoritative-product"", ""band_role"": null, ""nodata_semantics"": null, ""uncertainty"": null, ""allowed_values"": null, ""observed_min"": null, ""observed_max"": null, ""attrs"": {}}]","[{""op"": ""split"", ""params"": {""mode"": ""temporal"", ""train_end"": ""2024-07-04T00:00:00+00:00"", ""test_start"": ""2024-08-01T00:00:00+00:00""}}]",,,,,,
SGX3_BLIND_eo_ml_validation_013,blind-composition,blind,eo_ml_validation,"[{""name"": ""EO-samples-579"", ""quantity"": ""training_samples"", ""unit"": null, ""scale"": ""continuous"", ""crs"": ""EPSG:32643"", ""resolution_m"": 10.0, ""temporal_resolution_h"": null, ""processing_level"": null, ""surface_model"": null, ""vertical_datum"": null, ""acquisition_time"": null, ""available_time"": null, ""provenance"": ""authoritative-product"", ""band_role"": null, ""nodata_semantics"": null, ""uncertainty"": null, ""allowed_values"": null, ""observed_min"": null, ""observed_max"": null, ""attrs"": {}}]","[{""op"": ""split"", ""params"": {""mode"": ""spatial"", ""separation_m"": 5300, ""dependence_range_m"": 1188}}]",,,,,,
SGX3_BLIND_eo_ml_validation_014,blind-composition,blind,eo_ml_validation,"[{""name"": ""EO-samples-5324"", ""quantity"": ""training_samples"", ""unit"": null, ""scale"": ""continuous"", ""crs"": ""EPSG:32643"", ""resolution_m"": 10.0, ""temporal_resolution_h"": null, ""processing_level"": null, ""surface_model"": null, ""vertical_datum"": null, ""acquisition_time"": null, ""available_time"": null, ""provenance"": ""authoritative-product"", ""band_role"": null, ""nodata_semantics"": null, ""uncertainty"": null, ""allowed_values"": null, ""observed_min"": null, ""observed_max"": null, ""attrs"": {}}]","[{""op"": ""split"", ""params"": {""mode"": ""spatial"", ""separation_m"": 6846, ""dependence_range_m"": 1869}}]",,,,,,
SGX3_BLIND_eo_ml_validation_015,blind-composition,blind,eo_ml_validation,"[{""name"": ""EO-samples-750"", ""quantity"": ""training_samples"", ""unit"": null, ""scale"": ""continuous"", ""crs"": ""EPSG:32643"", ""resolution_m"": 10.0, ""temporal_resolution_h"": null, ""processing_level"": null, ""surface_model"": null, ""vertical_datum"": null, ""acquisition_time"": null, ""available_time"": null, ""provenance"": ""authoritative-product"", ""band_role"": null, ""nodata_semantics"": null, ""uncertainty"": null, ""allowed_values"": null, ""observed_min"": null, ""observed_max"": null, ""attrs"": {}}]","[{""op"": ""split"", ""params"": {""mode"": ""scene"", ""scene_overlap_fraction"": 0.1738}}]",,,,,,
SGX3_BLIND_eo_ml_validation_016,blind-composition,blind,eo_ml_validation,"[{""name"": ""EO-samples-4023"", ""quantity"": ""training_samples"", ""unit"": null, ""scale"": ""continuous"", ""crs"": ""EPSG:32643"", ""resolution_m"": 10.0, ""temporal_resolution_h"": null, ""processing_level"": null, ""surface_model"": null, ""vertical_datum"": null, ""acquisition_time"": null, ""available_time"": null, ""provenance"": ""authoritative-product"", ""band_role"": null, ""nodata_semantics"": null, ""uncertainty"": null, ""allowed_values"": null, ""observed_min"": null, ""observed_max"": null, ""attrs"": {}}]","[{""op"": ""split"", ""params"": {""mode"": ""temporal"", ""train_end"": ""2024-04-18T00:00:00+00:00"", ""test_start"": ""2024-05-01T00:00:00+00:00""}}]",,,,,,
SGX3_BLIND_eo_ml_validation_017,blind-composition,blind,eo_ml_validation,"[{""name"": ""EO-samples-6802"", ""quantity"": ""training_samples"", ""unit"": null, ""scale"": ""continuous"", ""crs"": ""EPSG:32643"", ""resolution_m"": 10.0, ""temporal_resolution_h"": null, ""processing_level"": null, ""surface_model"": null, ""vertical_datum"": null, ""acquisition_time"": null, ""available_time"": null, ""provenance"": ""authoritative-product"", ""band_role"": null, ""nodata_semantics"": null, ""uncertainty"": null, ""allowed_values"": null, ""observed_min"": null, ""observed_max"": null, ""attrs"": {}}]","[{""op"": ""split"", ""params"": {""mode"": ""scene"", ""scene_overlap_fraction"": 0.218}}]",,,,,,
SGX3_BLIND_eo_ml_validation_018,blind-composition,blind,eo_ml_validation,"[{""name"": ""EO-samples-8371"", ""quantity"": ""training_samples"", ""unit"": null, ""scale"": ""continuous"", ""crs"": ""EPSG:32643"", ""resolution_m"": 10.0, ""temporal_resolution_h"": null, ""processing_level"": null, ""surface_model"": null, ""vertical_datum"": null, ""acquisition_time"": null, ""available_time"": null, ""provenance"": ""authoritative-product"", ""band_role"": null, ""nodata_semantics"": null, ""uncertainty"": null, ""allowed_values"": null, ""observed_min"": null, ""observed_max"": null, ""attrs"": {}}]","[{""op"": ""split"", ""params"": {""mode"": ""temporal"", ""train_end"": ""2024-07-23T00:00:00+00:00"", ""test_start"": ""2024-08-01T00:00:00+00:00""}}]",,,,,,
SGX3_BLIND_eo_ml_validation_019,blind-composition,blind,eo_ml_validation,"[{""name"": ""EO-samples-69"", ""quantity"": ""training_samples"", ""unit"": null, ""scale"": ""continuous"", ""crs"": ""EPSG:32643"", ""resolution_m"": 10.0, ""temporal_resolution_h"": null, ""processing_level"": null, ""surface_model"": null, ""vertical_datum"": null, ""acquisition_time"": null, ""available_time"": null, ""provenance"": ""authoritative-product"", ""band_role"": null, ""nodata_semantics"": null, ""uncertainty"": null, ""allowed_values"": null, ""observed_min"": null, ""observed_max"": null, ""attrs"": {}}]","[{""op"": ""split"", ""params"": {""mode"": ""scene"", ""scene_overlap_fraction"": 0.4623}}]",,,,,,
SGX3_BLIND_eo_ml_validation_020,blind-composition,blind,eo_ml_validation,"[{""name"": ""EO-samples-8737"", ""quantity"": ""training_samples"", ""unit"": null, ""scale"": ""continuous"", ""crs"": ""EPSG:32643"", ""resolution_m"": 10.0, ""temporal_resolution_h"": null, ""processing_level"": null, ""surface_model"": null, ""vertical_datum"": null, ""acquisition_time"": null, ""available_time"": null, ""provenance"": ""authoritative-product"", ""band_role"": null, ""nodata_semantics"": null, ""uncertainty"": null, ""allowed_values"": null, ""observed_min"": null, ""observed_max"": null, ""attrs"": {}}]","[{""op"": ""split"", ""params"": {""mode"": ""temporal"", ""train_end"": ""2024-06-14T00:00:00+00:00"", ""test_start"": ""2024-06-01T00:00:00+00:00""}}]",,,,,,
SGX3_BLIND_eo_ml_validation_021,blind-composition,blind,eo_ml_validation,"[{""name"": ""EO-samples-7218"", ""quantity"": ""training_samples"", ""unit"": null, ""scale"": ""continuous"", ""crs"": ""EPSG:32643"", ""resolution_m"": 10.0, ""temporal_resolution_h"": null, ""processing_level"": null, ""surface_model"": null, ""vertical_datum"": null, ""acquisition_time"": null, ""available_time"": null, ""provenance"": ""authoritative-product"", ""band_role"": null, ""nodata_semantics"": null, ""uncertainty"": null, ""allowed_values"": null, ""observed_min"": null, ""observed_max"": null, ""attrs"": {}}]","[{""op"": ""split"", ""params"": {""mode"": ""temporal"", ""train_end"": ""2024-04-28T00:00:00+00:00"", ""test_start"": ""2024-05-01T00:00:00+00:00""}}]",,,,,,
SGX3_BLIND_eo_ml_validation_022,blind-composition,blind,eo_ml_validation,"[{""name"": ""EO-samples-8252"", ""quantity"": ""training_samples"", ""unit"": null, ""scale"": ""continuous"", ""crs"": ""EPSG:32643"", ""resolution_m"": 10.0, ""temporal_resolution_h"": null, ""processing_level"": null, ""surface_model"": null, ""vertical_datum"": null, ""acquisition_time"": null, ""available_time"": null, ""provenance"": ""authoritative-product"", ""band_role"": null, ""nodata_semantics"": null, ""uncertainty"": null, ""allowed_values"": null, ""observed_min"": null, ""observed_max"": null, ""attrs"": {}}]","[{""op"": ""split"", ""params"": {""mode"": ""scene"", ""scene_overlap_fraction"": 0.6003}}]",,,,,,
SGX3_BLIND_eo_ml_validation_023,blind-composition,blind,eo_ml_validation,"[{""name"": ""EO-samples-2179"", ""quantity"": ""training_samples"", ""unit"": null, ""scale"": ""continuous"", ""crs"": ""EPSG:32643"", ""resolution_m"": 10.0, ""temporal_resolution_h"": null, ""processing_level"": null, ""surface_model"": null, ""vertical_datum"": null, ""acquisition_time"": null, ""available_time"": null, ""provenance"": ""authoritative-product"", ""band_role"": null, ""nodata_semantics"": null, ""uncertainty"": null, ""allowed_values"": null, ""observed_min"": null, ""observed_max"": null, ""attrs"": {}}]","[{""op"": ""split"", ""params"": {""mode"": ""scene"", ""scene_overlap_fraction"": 0.5818}}]",,,,,,
SGX3_BLIND_eo_ml_validation_024,blind-composition,blind,eo_ml_validation,"[{""name"": ""EO-samples-336"", ""quantity"": ""training_samples"", ""unit"": null, ""scale"": ""continuous"", ""crs"": ""EPSG:32643"", ""resolution_m"": 10.0, ""temporal_resolution_h"": null, ""processing_level"": null, ""surface_model"": null, ""vertical_datum"": null, ""acquisition_time"": null, ""available_time"": null, ""provenance"": ""authoritative-product"", ""band_role"": null, ""nodata_semantics"": null, ""uncertainty"": null, ""allowed_values"": null, ""observed_min"": null, ""observed_max"": null, ""attrs"": {}}]","[{""op"": ""split"", ""params"": {""mode"": ""scene"", ""scene_overlap_fraction"": 0.2981}}]",,,,,,
SGX3_BLIND_eo_ml_validation_025,blind-composition,blind,eo_ml_validation,"[{""name"": ""EO-samples-6326"", ""quantity"": ""training_samples"", ""unit"": null, ""scale"": ""continuous"", ""crs"": ""EPSG:32643"", ""resolution_m"": 10.0, ""temporal_resolution_h"": null, ""processing_level"": null, ""surface_model"": null, ""vertical_datum"": null, ""acquisition_time"": null, ""available_time"": null, ""provenance"": ""authoritative-product"", ""band_role"": null, ""nodata_semantics"": null, ""uncertainty"": null, ""allowed_values"": null, ""observed_min"": null, ""observed_max"": null, ""attrs"": {}}]","[{""op"": ""split"", ""params"": {""mode"": ""scene"", ""scene_overlap_fraction"": 0.6333}}]",,,,,,
SGX3_BLIND_eo_ml_validation_026,blind-composition,blind,eo_ml_validation,"[{""name"": ""EO-samples-5792"", ""quantity"": ""training_samples"", ""unit"": null, ""scale"": ""continuous"", ""crs"": ""EPSG:32643"", ""resolution_m"": 10.0, ""temporal_resolution_h"": null, ""processing_level"": null, ""surface_model"": null, ""vertical_datum"": null, ""acquisition_time"": null, ""available_time"": null, ""provenance"": ""authoritative-product"", ""band_role"": null, ""nodata_semantics"": null, ""uncertainty"": null, ""allowed_values"": null, ""observed_min"": null, ""observed_max"": null, ""attrs"": {}}]","[{""op"": ""split"", ""params"": {""mode"": ""scene"", ""scene_overlap_fraction"": 0.7458}}]",,,,,,
SGX3_BLIND_eo_ml_validation_027,blind-composition,blind,eo_ml_validation,"[{""name"": ""EO-samples-2207"", ""quantity"": ""training_samples"", ""unit"": null, ""scale"": ""continuous"", ""crs"": ""EPSG:32643"", ""resolution_m"": 10.0, ""temporal_resolution_h"": null, ""processing_level"": null, ""surface_model"": null, ""vertical_datum"": null, ""acquisition_time"": null, ""available_time"": null, ""provenance"": ""authoritative-product"", ""band_role"": null, ""nodata_semantics"": null, ""uncertainty"": null, ""allowed_values"": null, ""observed_min"": null, ""observed_max"": null, ""attrs"": {}}]","[{""op"": ""split"", ""params"": {""mode"": ""scene"", ""scene_overlap_fraction"": 0.5326}}]",,,,,,
SGX3_BLIND_eo_ml_validation_028,blind-composition,blind,eo_ml_validation,"[{""name"": ""EO-samples-8840"", ""quantity"": ""training_samples"", ""unit"": null, ""scale"": ""continuous"", ""crs"": ""EPSG:32643"", ""resolution_m"": 10.0, ""temporal_resolution_h"": null, ""processing_level"": null, ""surface_model"": null, ""vertical_datum"": null, ""acquisition_time"": null, ""available_time"": null, ""provenance"": ""authoritative-product"", ""band_role"": null, ""nodata_semantics"": null, ""uncertainty"": null, ""allowed_values"": null, ""observed_min"": null, ""observed_max"": null, ""attrs"": {}}]","[{""op"": ""split"", ""params"": {""mode"": ""temporal"", ""train_end"": ""2024-05-08T00:00:00+00:00"", ""test_start"": ""2024-05-01T00:00:00+00:00""}}]",,,,,,
SGX3_BLIND_eo_ml_validation_029,blind-composition,blind,eo_ml_validation,"[{""name"": ""EO-samples-191"", ""quantity"": ""training_samples"", ""unit"": null, ""scale"": ""continuous"", ""crs"": ""EPSG:32643"", ""resolution_m"": 10.0, ""temporal_resolution_h"": null, ""processing_level"": null, ""surface_model"": null, ""vertical_datum"": null, ""acquisition_time"": null, ""available_time"": null, ""provenance"": ""authoritative-product"", ""band_role"": null, ""nodata_semantics"": null, ""uncertainty"": null, ""allowed_values"": null, ""observed_min"": null, ""observed_max"": null, ""attrs"": {}}]","[{""op"": ""split"", ""params"": {""mode"": ""spatial"", ""separation_m"": 3878, ""dependence_range_m"": 657}}]",,,,,,
SGX3_BLIND_eo_ml_validation_030,blind-composition,blind,eo_ml_validation,"[{""name"": ""EO-samples-1528"", ""quantity"": ""training_samples"", ""unit"": null, ""scale"": ""continuous"", ""crs"": ""EPSG:32643"", ""resolution_m"": 10.0, ""temporal_resolution_h"": null, ""processing_level"": null, ""surface_model"": null, ""vertical_datum"": null, ""acquisition_time"": null, ""available_time"": null, ""provenance"": ""authoritative-product"", ""band_role"": null, ""nodata_semantics"": null, ""uncertainty"": null, ""allowed_values"": null, ""observed_min"": null, ""observed_max"": null, ""attrs"": {}}]","[{""op"": ""split"", ""params"": {""mode"": ""scene"", ""scene_overlap_fraction"": 0.0382}}]",,,,,,
SGX3_BLIND_eo_ml_validation_031,blind-composition,blind,eo_ml_validation,"[{""name"": ""EO-samples-2307"", ""quantity"": ""training_samples"", ""unit"": null, ""scale"": ""continuous"", ""crs"": ""EPSG:32643"", ""resolution_m"": 10.0, ""temporal_resolution_h"": null, ""processing_level"": null, ""surface_model"": null, ""vertical_datum"": null, ""acquisition_time"": null, ""available_time"": null, ""provenance"": ""authoritative-product"", ""band_role"": null, ""nodata_semantics"": null, ""uncertainty"": null, ""allowed_values"": null, ""observed_min"": null, ""observed_max"": null, ""attrs"": {}}]","[{""op"": ""split"", ""params"": {""mode"": ""scene"", ""scene_overlap_fraction"": 0.4765}}]",,,,,,
SGX3_BLIND_eo_ml_validation_032,blind-composition,blind,eo_ml_validation,"[{""name"": ""EO-samples-288"", ""quantity"": ""training_samples"", ""unit"": null, ""scale"": ""continuous"", ""crs"": ""EPSG:32643"", ""resolution_m"": 10.0, ""temporal_resolution_h"": null, ""processing_level"": null, ""surface_model"": null, ""vertical_datum"": null, ""acquisition_time"": null, ""available_time"": null, ""provenance"": ""authoritative-product"", ""band_role"": null, ""nodata_semantics"": null, ""uncertainty"": null, ""allowed_values"": null, ""observed_min"": null, ""observed_max"": null, ""attrs"": {}}]","[{""op"": ""split"", ""params"": {""mode"": ""scene"", ""scene_overlap_fraction"": 0.0497}}]",,,,,,
SGX3_BLIND_eo_ml_validation_033,blind-composition,blind,eo_ml_validation,"[{""name"": ""EO-samples-6245"", ""quantity"": ""training_samples"", ""unit"": null, ""scale"": ""continuous"", ""crs"": ""EPSG:32643"", ""resolution_m"": 10.0, ""temporal_resolution_h"": null, ""processing_level"": null, ""surface_model"": null, ""vertical_datum"": null, ""acquisition_time"": null, ""available_time"": null, ""provenance"": ""authoritative-product"", ""band_role"": null, ""nodata_semantics"": null, ""uncertainty"": null, ""allowed_values"": null, ""observed_min"": null, ""observed_max"": null, ""attrs"": {}}]","[{""op"": ""split"", ""params"": {""mode"": ""scene"", ""scene_overlap_fraction"": 0.624}}]",,,,,,
SGX3_BLIND_eo_ml_validation_034,blind-composition,blind,eo_ml_validation,"[{""name"": ""EO-samples-1391"", ""quantity"": ""training_samples"", ""unit"": null, ""scale"": ""continuous"", ""crs"": ""EPSG:32643"", ""resolution_m"": 10.0, ""temporal_resolution_h"": null, ""processing_level"": null, ""surface_model"": null, ""vertical_datum"": null, ""acquisition_time"": null, ""available_time"": null, ""provenance"": ""authoritative-product"", ""band_role"": null, ""nodata_semantics"": null, ""uncertainty"": null, ""allowed_values"": null, ""observed_min"": null, ""observed_max"": null, ""attrs"": {}}]","[{""op"": ""split"", ""params"": {""mode"": ""scene"", ""scene_overlap_fraction"": 0.678}}]",,,,,,
SGX3_BLIND_eo_ml_validation_035,blind-composition,blind,eo_ml_validation,"[{""name"": ""EO-samples-7751"", ""quantity"": ""training_samples"", ""unit"": null, ""scale"": ""continuous"", ""crs"": ""EPSG:32643"", ""resolution_m"": 10.0, ""temporal_resolution_h"": null, ""processing_level"": null, ""surface_model"": null, ""vertical_datum"": null, ""acquisition_time"": null, ""available_time"": null, ""provenance"": ""authoritative-product"", ""band_role"": null, ""nodata_semantics"": null, ""uncertainty"": null, ""allowed_values"": null, ""observed_min"": null, ""observed_max"": null, ""attrs"": {}}]","[{""op"": ""split"", ""params"": {""mode"": ""spatial"", ""separation_m"": 1071, ""dependence_range_m"": 1841}}]",,,,,,
SGX3_BLIND_eo_ml_validation_036,blind-composition,blind,eo_ml_validation,"[{""name"": ""EO-samples-6992"", ""quantity"": ""training_samples"", ""unit"": null, ""scale"": ""continuous"", ""crs"": ""EPSG:32643"", ""resolution_m"": 10.0, ""temporal_resolution_h"": null, ""processing_level"": null, ""surface_model"": null, ""vertical_datum"": null, ""acquisition_time"": null, ""available_time"": null, ""provenance"": ""authoritative-product"", ""band_role"": null, ""nodata_semantics"": null, ""uncertainty"": null, ""allowed_values"": null, ""observed_min"": null, ""observed_max"": null, ""attrs"": {}}]","[{""op"": ""split"", ""params"": {""mode"": ""spatial"", ""separation_m"": 1551, ""dependence_range_m"": 3224}}]",,,,,,
SGX3_BLIND_eo_ml_validation_037,blind-composition,blind,eo_ml_validation,"[{""name"": ""EO-samples-3780"", ""quantity"": ""training_samples"", ""unit"": null, ""scale"": ""continuous"", ""crs"": ""EPSG:32643"", ""resolution_m"": 10.0, ""temporal_resolution_h"": null, ""processing_level"": null, ""surface_model"": null, ""vertical_datum"": null, ""acquisition_time"": null, ""available_time"": null, ""provenance"": ""authoritative-product"", ""band_role"": null, ""nodata_semantics"": null, ""uncertainty"": null, ""allowed_values"": null, ""observed_min"": null, ""observed_max"": null, ""attrs"": {}}]","[{""op"": ""split"", ""params"": {""mode"": ""spatial"", ""separation_m"": 4335, ""dependence_range_m"": 4945}}]",,,,,,
SGX3_BLIND_eo_ml_validation_038,blind-composition,blind,eo_ml_validation,"[{""name"": ""EO-samples-4"", ""quantity"": ""training_samples"", ""unit"": null, ""scale"": ""continuous"", ""crs"": ""EPSG:32643"", ""resolution_m"": 10.0, ""temporal_resolution_h"": null, ""processing_level"": null, ""surface_model"": null, ""vertical_datum"": null, ""acquisition_time"": null, ""available_time"": null, ""provenance"": ""authoritative-product"", ""band_role"": null, ""nodata_semantics"": null, ""uncertainty"": null, ""allowed_values"": null, ""observed_min"": null, ""observed_max"": null, ""attrs"": {}}]","[{""op"": ""split"", ""params"": {""mode"": ""temporal"", ""train_end"": ""2024-07-02T00:00:00+00:00"", ""test_start"": ""2024-07-01T00:00:00+00:00""}}]",,,,,,
SGX3_BLIND_eo_ml_validation_039,blind-composition,blind,eo_ml_validation,"[{""name"": ""EO-samples-7375"", ""quantity"": ""training_samples"", ""unit"": null, ""scale"": ""continuous"", ""crs"": ""EPSG:32643"", ""resolution_m"": 10.0, ""temporal_resolution_h"": null, ""processing_level"": null, ""surface_model"": null, ""vertical_datum"": null, ""acquisition_time"": null, ""available_time"": null, ""provenance"": ""authoritative-product"", ""band_role"": null, ""nodata_semantics"": null, ""uncertainty"": null, ""allowed_values"": null, ""observed_min"": null, ""observed_max"": null, ""attrs"": {}}]","[{""op"": ""split"", ""params"": {""mode"": ""scene"", ""scene_overlap_fraction"": 0.55}}]",,,,,,
SGX3_BLIND_eo_ml_validation_040,blind-composition,blind,eo_ml_validation,"[{""name"": ""EO-samples-3798"", ""quantity"": ""training_samples"", ""unit"": null, ""scale"": ""continuous"", ""crs"": ""EPSG:32643"", ""resolution_m"": 10.0, ""temporal_resolution_h"": null, ""processing_level"": null, ""surface_model"": null, ""vertical_datum"": null, ""acquisition_time"": null, ""available_time"": null, ""provenance"": ""authoritative-product"", ""band_role"": null, ""nodata_semantics"": null, ""uncertainty"": null, ""allowed_values"": null, ""observed_min"": null, ""observed_max"": null, ""attrs"": {}}]","[{""op"": ""split"", ""params"": {""mode"": ""scene"", ""scene_overlap_fraction"": 0.5886}}]",,,,,,
SGX3_BLIND_eo_ml_validation_041,blind-composition,blind,eo_ml_validation,"[{""name"": ""EO-samples-266"", ""quantity"": ""training_samples"", ""unit"": null, ""scale"": ""continuous"", ""crs"": ""EPSG:32643"", ""resolution_m"": 10.0, ""temporal_resolution_h"": null, ""processing_level"": null, ""surface_model"": null, ""vertical_datum"": null, ""acquisition_time"": null, ""available_time"": null, ""provenance"": ""authoritative-product"", ""band_role"": null, ""nodata_semantics"": null, ""uncertainty"": null, ""allowed_values"": null, ""observed_min"": null, ""observed_max"": null, ""attrs"": {}}]","[{""op"": ""split"", ""params"": {""mode"": ""spatial"", ""separation_m"": 4140, ""dependence_range_m"": 2377}}]",,,,,,
SGX3_BLIND_eo_ml_validation_042,blind-composition,blind,eo_ml_validation,"[{""name"": ""EO-samples-7374"", ""quantity"": ""training_samples"", ""unit"": null, ""scale"": ""continuous"", ""crs"": ""EPSG:32643"", ""resolution_m"": 10.0, ""temporal_resolution_h"": null, ""processing_level"": null, ""surface_model"": null, ""vertical_datum"": null, ""acquisition_time"": null, ""available_time"": null, ""provenance"": ""authoritative-product"", ""band_role"": null, ""nodata_semantics"": null, ""uncertainty"": null, ""allowed_values"": null, ""observed_min"": null, ""observed_max"": null, ""attrs"": {}}]","[{""op"": ""split"", ""params"": {""mode"": ""scene"", ""scene_overlap_fraction"": 0.6077}}]",,,,,,
SGX3_BLIND_eo_ml_validation_043,blind-composition,blind,eo_ml_validation,"[{""name"": ""EO-samples-7542"", ""quantity"": ""training_samples"", ""unit"": null, ""scale"": ""continuous"", ""crs"": ""EPSG:32643"", ""resolution_m"": 10.0, ""temporal_resolution_h"": null, ""processing_level"": null, ""surface_model"": null, ""vertical_datum"": null, ""acquisition_time"": null, ""available_time"": null, ""provenance"": ""authoritative-product"", ""band_role"": null, ""nodata_semantics"": null, ""uncertainty"": null, ""allowed_values"": null, ""observed_min"": null, ""observed_max"": null, ""attrs"": {}}]","[{""op"": ""split"", ""params"": {""mode"": ""temporal"", ""train_end"": ""2024-07-29T00:00:00+00:00"", ""test_start"": ""2024-07-01T00:00:00+00:00""}}]",,,,,,
SGX3_BLIND_eo_ml_validation_044,blind-composition,blind,eo_ml_validation,"[{""name"": ""EO-samples-6064"", ""quantity"": ""training_samples"", ""unit"": null, ""scale"": ""continuous"", ""crs"": ""EPSG:32643"", ""resolution_m"": 10.0, ""temporal_resolution_h"": null, ""processing_level"": null, ""surface_model"": null, ""vertical_datum"": null, ""acquisition_time"": null, ""available_time"": null, ""provenance"": ""authoritative-product"", ""band_role"": null, ""nodata_semantics"": null, ""uncertainty"": null, ""allowed_values"": null, ""observed_min"": null, ""observed_max"": null, ""attrs"": {}}]","[{""op"": ""split"", ""params"": {""mode"": ""scene"", ""scene_overlap_fraction"": 0.5389}}]",,,,,,
SGX3_BLIND_eo_ml_validation_045,blind-composition,blind,eo_ml_validation,"[{""name"": ""EO-samples-9115"", ""quantity"": ""training_samples"", ""unit"": null, ""scale"": ""continuous"", ""crs"": ""EPSG:32643"", ""resolution_m"": 10.0, ""temporal_resolution_h"": null, ""processing_level"": null, ""surface_model"": null, ""vertical_datum"": null, ""acquisition_time"": null, ""available_time"": null, ""provenance"": ""authoritative-product"", ""band_role"": null, ""nodata_semantics"": null, ""uncertainty"": null, ""allowed_values"": null, ""observed_min"": null, ""observed_max"": null, ""attrs"": {}}]","[{""op"": ""split"", ""params"": {""mode"": ""temporal"", ""train_end"": ""2024-06-16T00:00:00+00:00"", ""test_start"": ""2024-07-01T00:00:00+00:00""}}]",,,,,,
SGX3_BLIND_eo_ml_validation_046,blind-composition,blind,eo_ml_validation,"[{""name"": ""EO-samples-4265"", ""quantity"": ""training_samples"", ""unit"": null, ""scale"": ""continuous"", ""crs"": ""EPSG:32643"", ""resolution_m"": 10.0, ""temporal_resolution_h"": null, ""processing_level"": null, ""surface_model"": null, ""vertical_datum"": null, ""acquisition_time"": null, ""available_time"": null, ""provenance"": ""authoritative-product"", ""band_role"": null, ""nodata_semantics"": null, ""uncertainty"": null, ""allowed_values"": null, ""observed_min"": null, ""observed_max"": null, ""attrs"": {}}]","[{""op"": ""split"", ""params"": {""mode"": ""spatial"", ""separation_m"": 3529, ""dependence_range_m"": 472}}]",,,,,,
SGX3_BLIND_eo_ml_validation_047,blind-composition,blind,eo_ml_validation,"[{""name"": ""EO-samples-1636"", ""quantity"": ""training_samples"", ""unit"": null, ""scale"": ""continuous"", ""crs"": ""EPSG:32643"", ""resolution_m"": 10.0, ""temporal_resolution_h"": null, ""processing_level"": null, ""surface_model"": null, ""vertical_datum"": null, ""acquisition_time"": null, ""available_time"": null, ""provenance"": ""authoritative-product"", ""band_role"": null, ""nodata_semantics"": null, ""uncertainty"": null, ""allowed_values"": null, ""observed_min"": null, ""observed_max"": null, ""attrs"": {}}]","[{""op"": ""split"", ""params"": {""mode"": ""temporal"", ""train_end"": ""2024-07-17T00:00:00+00:00"", ""test_start"": ""2024-07-01T00:00:00+00:00""}}]",,,,,,
SGX3_BLIND_eo_ml_validation_048,blind-composition,blind,eo_ml_validation,"[{""name"": ""EO-samples-5973"", ""quantity"": ""training_samples"", ""unit"": null, ""scale"": ""continuous"", ""crs"": ""EPSG:32643"", ""resolution_m"": 10.0, ""temporal_resolution_h"": null, ""processing_level"": null, ""surface_model"": null, ""vertical_datum"": null, ""acquisition_time"": null, ""available_time"": null, ""provenance"": ""authoritative-product"", ""band_role"": null, ""nodata_semantics"": null, ""uncertainty"": null, ""allowed_values"": null, ""observed_min"": null, ""observed_max"": null, ""attrs"": {}}]","[{""op"": ""split"", ""params"": {""mode"": ""temporal"", ""train_end"": ""2024-07-29T00:00:00+00:00"", ""test_start"": ""2024-07-01T00:00:00+00:00""}}]",,,,,,
SGX3_BLIND_eo_ml_validation_049,blind-composition,blind,eo_ml_validation,"[{""name"": ""EO-samples-3249"", ""quantity"": ""training_samples"", ""unit"": null, ""scale"": ""continuous"", ""crs"": ""EPSG:32643"", ""resolution_m"": 10.0, ""temporal_resolution_h"": null, ""processing_level"": null, ""surface_model"": null, ""vertical_datum"": null, ""acquisition_time"": null, ""available_time"": null, ""provenance"": ""authoritative-product"", ""band_role"": null, ""nodata_semantics"": null, ""uncertainty"": null, ""allowed_values"": null, ""observed_min"": null, ""observed_max"": null, ""attrs"": {}}]","[{""op"": ""split"", ""params"": {""mode"": ""temporal"", ""train_end"": ""2024-07-01T00:00:00+00:00"", ""test_start"": ""2024-06-01T00:00:00+00:00""}}]",,,,,,
