review_order,case_id,workflow_intent,artifacts_json,steps_json,A_verdict,A_reason,A_confidence,B_verdict,B_reason,B_confidence,C_verdict,C_reason,C_confidence,consensus_verdict,consensus_rule,eligible_vote_count,frozen_prediction,generated_expected
1,SGX3_BLIND_flood_depth_011,"{""goal"": ""flood_depth"", ""required_quantity"": null, ""required_unit"": null, ""decision_time"": null, ""max_resolution_m"": null, ""requires_bare_earth"": false, ""requires_cloud_mask"": false, ""max_uncertainty"": null, ""temporal_tolerance_h"": null, ""required_value_range"": null}","[{""name"": ""terrain-90"", ""quantity"": ""elevation"", ""unit"": ""m"", ""scale"": ""continuous"", ""crs"": ""EPSG:32643"", ""resolution_m"": 90, ""temporal_resolution_h"": null, ""processing_level"": null, ""surface_model"": ""DSM"", ""vertical_datum"": ""EGM2008"", ""acquisition_time"": null, ""available_time"": null, ""provenance"": ""Copernicus DEM"", ""band_role"": null, ""nodata_semantics"": null, ""uncertainty"": null, ""allowed_values"": null, ""observed_min"": null, ""observed_max"": null, ""attrs"": {}}, {""name"": ""water-surface"", ""quantity"": ""water_level"", ""unit"": ""cm"", ""scale"": ""continuous"", ""crs"": ""EPSG:32643"", ""resolution_m"": 10.0, ""temporal_resolution_h"": null, ""processing_level"": null, ""surface_model"": null, ""vertical_datum"": ""WGS84_ellipsoid"", ""acquisition_time"": null, ""available_time"": null, ""provenance"": ""hydraulic model"", ""band_role"": null, ""nodata_semantics"": null, ""uncertainty"": null, ""allowed_values"": null, ""observed_min"": null, ""observed_max"": null, ""attrs"": {}}]","[{""op"": ""combine_vertical"", ""params"": {""a"": 0, ""b"": 1}}, {""op"": ""convert_unit"", ""params"": {""artifact"": 1, ""to"": ""m""}}]",UNPROVEN,"The workflow requires unit conversion from cm to m, which is not directly provided in the artifacts.",5,UNPARSED,,,PROVEN,"The workflow combines DSM and water-surface elevation, converts units, and no required evidence is missing.",5.0,UNRESOLVED,FEWER_THAN_TWO_ELIGIBLE_JUDGES,0,REFUTED,REFUTED
2,SGX3_BLIND_flood_depth_034,"{""goal"": ""flood_depth"", ""required_quantity"": null, ""required_unit"": null, ""decision_time"": null, ""max_resolution_m"": null, ""requires_bare_earth"": false, ""requires_cloud_mask"": false, ""max_uncertainty"": null, ""temporal_tolerance_h"": null, ""required_value_range"": null}","[{""name"": ""terrain-10"", ""quantity"": ""elevation"", ""unit"": ""m"", ""scale"": ""continuous"", ""crs"": ""EPSG:32643"", ""resolution_m"": 10, ""temporal_resolution_h"": null, ""processing_level"": null, ""surface_model"": ""DSM"", ""vertical_datum"": ""EGM2008"", ""acquisition_time"": null, ""available_time"": null, ""provenance"": ""Copernicus DEM"", ""band_role"": null, ""nodata_semantics"": null, ""uncertainty"": null, ""allowed_values"": null, ""observed_min"": null, ""observed_max"": null, ""attrs"": {}}, {""name"": ""water-surface"", ""quantity"": ""water_level"", ""unit"": ""cm"", ""scale"": ""continuous"", ""crs"": ""EPSG:32643"", ""resolution_m"": 10.0, ""temporal_resolution_h"": null, ""processing_level"": null, ""surface_model"": null, ""vertical_datum"": ""EGM96"", ""acquisition_time"": null, ""available_time"": null, ""provenance"": ""hydraulic model"", ""band_role"": null, ""nodata_semantics"": null, ""uncertainty"": null, ""allowed_values"": null, ""observed_min"": null, ""observed_max"": null, ""attrs"": {}}]","[{""op"": ""combine_vertical"", ""params"": {""a"": 0, ""b"": 1}}, {""op"": ""convert_unit"", ""params"": {""artifact"": 1, ""to"": ""km2""}}]",UNPROVEN,"The workflow requires vertical datum compatibility and unit conversion, which are not provided in the artifacts.",5,UNPARSED,,,PROVEN,"The workflow combines DSM and water-surface elevation, converts to km2, and no required evidence is missing.",5.0,UNRESOLVED,FEWER_THAN_TWO_ELIGIBLE_JUDGES,0,REFUTED,REFUTED
3,SGX3_BLIND_eo_ml_validation_049,"{""goal"": ""eo_ml_validation"", ""required_quantity"": null, ""required_unit"": null, ""decision_time"": null, ""max_resolution_m"": null, ""requires_bare_earth"": false, ""requires_cloud_mask"": false, ""max_uncertainty"": null, ""temporal_tolerance_h"": null, ""required_value_range"": null}","[{""name"": ""EO-samples-3249"", ""quantity"": ""training_samples"", ""unit"": null, ""scale"": ""continuous"", ""crs"": ""EPSG:32643"", ""resolution_m"": 10.0, ""temporal_resolution_h"": null, ""processing_level"": null, ""surface_model"": null, ""vertical_datum"": null, ""acquisition_time"": null, ""available_time"": null, ""provenance"": ""authoritative-product"", ""band_role"": null, ""nodata_semantics"": null, ""uncertainty"": null, ""allowed_values"": null, ""observed_min"": null, ""observed_max"": null, ""attrs"": {}}]","[{""op"": ""split"", ""params"": {""mode"": ""temporal"", ""train_end"": ""2024-07-01T00:00:00+00:00"", ""test_start"": ""2024-06-01T00:00:00+00:00""}}]",UNPROVEN,"The workflow operation 'split' requires temporal resolution, which is not provided in the artifact metadata.",5,PROVEN,No contradictions or missing required evidence for the operation 'split'.,5.0,PROVEN,No contradictions are present and the workflow operations do not require additional evidence.,5.0,UNRESOLVED,FEWER_THAN_TWO_ELIGIBLE_JUDGES,0,REFUTED,REFUTED
4,SGX3_HELDOUT-FAMILY_unit_dimension_mismatch_002,"{""goal"": ""unit_dimension_mismatch"", ""required_quantity"": null, ""required_unit"": null, ""decision_time"": null, ""max_resolution_m"": null, ""requires_bare_earth"": false, ""requires_cloud_mask"": false, ""max_uncertainty"": null, ""temporal_tolerance_h"": null, ""required_value_range"": null}","[{""name"": ""distance"", ""quantity"": ""distance"", ""unit"": ""m"", ""scale"": ""continuous"", ""crs"": ""EPSG:32643"", ""resolution_m"": 10.0, ""temporal_resolution_h"": null, ""processing_level"": null, ""surface_model"": null, ""vertical_datum"": null, ""acquisition_time"": null, ""available_time"": null, ""provenance"": ""authoritative-product"", ""band_role"": null, ""nodata_semantics"": null, ""uncertainty"": null, ""allowed_values"": null, ""observed_min"": null, ""observed_max"": null, ""attrs"": {}}]","[{""op"": ""convert_unit"", ""params"": {""artifact"": 0, ""to"": ""cm""}}]",UNPROVEN,"The workflow attempts to convert the unit from meters (m) to centimeters (cm), which is dimensionally inconsistent.",5,UNPARSED,,,PROVEN,"The workflow operation is valid as it converts units from meters to centimeters, and no required evidence is missing.",5.0,UNRESOLVED,FEWER_THAN_TWO_ELIGIBLE_JUDGES,0,PROVEN,PROVEN
5,SGX3_BLIND_flood_remote_sensing_017,"{""goal"": ""flood_remote_sensing"", ""required_quantity"": null, ""required_unit"": null, ""decision_time"": null, ""max_resolution_m"": null, ""requires_bare_earth"": false, ""requires_cloud_mask"": false, ""max_uncertainty"": null, ""temporal_tolerance_h"": null, ""required_value_range"": null}","[{""name"": ""flood-mask-20"", ""quantity"": ""flood_extent"", ""unit"": null, ""scale"": ""binary"", ""crs"": ""EPSG:32643"", ""resolution_m"": 20, ""temporal_resolution_h"": null, ""processing_level"": null, ""surface_model"": null, ""vertical_datum"": null, ""acquisition_time"": null, ""available_time"": null, ""provenance"": ""authoritative-product"", ""band_role"": null, ""nodata_semantics"": null, ""uncertainty"": null, ""allowed_values"": null, ""observed_min"": null, ""observed_max"": null, ""attrs"": {""cloud_mask_applied"": false}}, {""name"": ""S1"", ""quantity"": ""backscatter"", ""unit"": null, ""scale"": ""continuous"", ""crs"": ""EPSG:32643"", ""resolution_m"": 10, ""temporal_resolution_h"": null, ""processing_level"": null, ""surface_model"": null, ""vertical_datum"": null, ""acquisition_time"": ""2024-07-05T10:00:00+00:00"", ""available_time"": null, ""provenance"": ""authoritative-product"", ""band_role"": null, ""nodata_semantics"": null, ""uncertainty"": null, ""allowed_values"": null, ""observed_min"": null, ""observed_max"": null, ""attrs"": {}}, {""name"": ""S2"", ""quantity"": ""reflectance"", ""unit"": null, ""scale"": ""continuous"", ""crs"": ""EPSG:32643"", ""resolution_m"": 10, ""temporal_resolution_h"": null, ""processing_level"": null, ""surface_model"": null, ""vertical_datum"": null, ""acquisition_time"": ""2024-07-05T22:00:00+00:00"", ""available_time"": null, ""provenance"": ""authoritative-product"", ""band_role"": null, ""nodata_semantics"": null, ""uncertainty"": null, ""allowed_values"": null, ""observed_min"": null, ""observed_max"": null, ""attrs"": {}}]","[{""op"": ""require_cloud_mask"", ""params"": {""artifact"": 0}}, {""op"": ""compare_sensors"", ""params"": {""a"": 1, ""b"": 2, ""tolerance_h"": 12}}, {""op"": ""area"", ""params"": {""artifact"": 0, ""method"": ""geodesic"", ""output_unit"": ""km2""}}]",UNPROVEN,"The operations require cloud mask and sensor comparison, which are not provided in the artifacts.",5,UNPARSED,,,PROVEN,"The workflow requires a cloud mask, which is provided for artifact 0. The sensors are compared with a tolerance of 12 hours, and the area is calculated using geodesic method with no missing required evidence.",5.0,UNRESOLVED,FEWER_THAN_TWO_ELIGIBLE_JUDGES,0,REFUTED,REFUTED
6,SGX3_BLIND_landcover_change_013,"{""goal"": ""landcover_change"", ""required_quantity"": null, ""required_unit"": null, ""decision_time"": null, ""max_resolution_m"": null, ""requires_bare_earth"": false, ""requires_cloud_mask"": false, ""max_uncertainty"": null, ""temporal_tolerance_h"": null, ""required_value_range"": null}","[{""name"": ""WorldCover-20"", ""quantity"": ""land_cover"", ""unit"": null, ""scale"": ""categorical"", ""crs"": ""EPSG:4326"", ""resolution_m"": 20, ""temporal_resolution_h"": null, ""processing_level"": null, ""surface_model"": null, ""vertical_datum"": null, ""acquisition_time"": null, ""available_time"": null, ""provenance"": ""ESA WorldCover"", ""band_role"": null, ""nodata_semantics"": null, ""uncertainty"": null, ""allowed_values"": [10, 20, 30, 40, 50, 60, 70, 80, 90, 95, 100], ""observed_min"": null, ""observed_max"": null, ""attrs"": {}}]","[{""op"": ""resample"", ""params"": {""artifact"": 0, ""method"": ""bilinear"", ""target_resolution_m"": 60, ""evidence_of_new_information"": true}}]",UNPROVEN,"The workflow requires resampling with a target resolution of 60 meters, which is not provided in the artifacts.",5,PROVEN,The resampling operation is valid and does not violate any scientific constraints.,5.0,PROVEN,"The resampling method is bilinear, which is compatible with the categorical land cover scale.",5.0,UNRESOLVED,FEWER_THAN_TWO_ELIGIBLE_JUDGES,0,REFUTED,REFUTED
7,SGX3_BLIND_flood_remote_sensing_005,"{""goal"": ""flood_remote_sensing"", ""required_quantity"": null, ""required_unit"": null, ""decision_time"": null, ""max_resolution_m"": null, ""requires_bare_earth"": false, ""requires_cloud_mask"": false, ""max_uncertainty"": null, ""temporal_tolerance_h"": null, ""required_value_range"": null}","[{""name"": ""flood-mask-10"", ""quantity"": ""flood_extent"", ""unit"": null, ""scale"": ""binary"", ""crs"": ""EPSG:4326"", ""resolution_m"": 10, ""temporal_resolution_h"": null, ""processing_level"": null, ""surface_model"": null, ""vertical_datum"": null, ""acquisition_time"": null, ""available_time"": null, ""provenance"": ""authoritative-product"", ""band_role"": null, ""nodata_semantics"": null, ""uncertainty"": null, ""allowed_values"": null, ""observed_min"": null, ""observed_max"": null, ""attrs"": {""cloud_mask_applied"": true}}, {""name"": ""S1"", ""quantity"": ""backscatter"", ""unit"": null, ""scale"": ""continuous"", ""crs"": ""EPSG:32643"", ""resolution_m"": 10, ""temporal_resolution_h"": null, ""processing_level"": null, ""surface_model"": null, ""vertical_datum"": null, ""acquisition_time"": ""2024-07-01T10:00:00+00:00"", ""available_time"": null, ""provenance"": ""authoritative-product"", ""band_role"": null, ""nodata_semantics"": null, ""uncertainty"": null, ""allowed_values"": null, ""observed_min"": null, ""observed_max"": null, ""attrs"": {}}, {""name"": ""S2"", ""quantity"": ""reflectance"", ""unit"": null, ""scale"": ""continuous"", ""crs"": ""EPSG:32643"", ""resolution_m"": 10, ""temporal_resolution_h"": null, ""processing_level"": null, ""surface_model"": null, ""vertical_datum"": null, ""acquisition_time"": ""2024-07-01T16:00:00+00:00"", ""available_time"": null, ""provenance"": ""authoritative-product"", ""band_role"": null, ""nodata_semantics"": null, ""uncertainty"": null, ""allowed_values"": null, ""observed_min"": null, ""observed_max"": null, ""attrs"": {}}]","[{""op"": ""require_cloud_mask"", ""params"": {""artifact"": 0}}, {""op"": ""compare_sensors"", ""params"": {""a"": 1, ""b"": 2, ""tolerance_h"": 3}}, {""op"": ""area"", ""params"": {""artifact"": 0, ""method"": ""geodesic"", ""output_unit"": ""km2""}}]",UNPROVEN,"The operations require cloud mask application and sensor comparison, which are not provided in the artifacts.",5,UNPROVEN,"No contradiction is established, but a piece of evidence that is genuinely necessary for an operation cannot be established from the supplied metadata.",3.0,PROVEN,The workflow operations are compatible with the declared goal and no required evidence is missing.,5.0,UNRESOLVED,FEWER_THAN_TWO_ELIGIBLE_JUDGES,0,REFUTED,REFUTED
8,SGX3_HELDOUT-FAMILY_scene_overlap_leakage_009,"{""goal"": ""scene_overlap_leakage"", ""required_quantity"": null, ""required_unit"": null, ""decision_time"": null, ""max_resolution_m"": null, ""requires_bare_earth"": false, ""requires_cloud_mask"": false, ""max_uncertainty"": null, ""temporal_tolerance_h"": null, ""required_value_range"": null}","[{""name"": ""chips"", ""quantity"": ""image_samples"", ""unit"": null, ""scale"": ""continuous"", ""crs"": ""EPSG:32643"", ""resolution_m"": 10.0, ""temporal_resolution_h"": null, ""processing_level"": null, ""surface_model"": null, ""vertical_datum"": null, ""acquisition_time"": null, ""available_time"": null, ""provenance"": ""authoritative-product"", ""band_role"": null, ""nodata_semantics"": null, ""uncertainty"": null, ""allowed_values"": null, ""observed_min"": null, ""observed_max"": null, ""attrs"": {}}]","[{""op"": ""split"", ""params"": {""mode"": ""scene"", ""scene_overlap_fraction"": 0.039}}]",UNPROVEN,"The workflow operation 'split' does not require any specific unit or provenance, but the artifacts provided do not specify a unit for 'image_samples'. This makes the operation unproven due to the missing unit requirement.",5,PROVEN,No contradictions or missing required evidence for the operation are present.,5.0,UNPROVEN,"The operation'split' does not require any stated constraints, so no contradiction or missing evidence is found.",5.0,UNRESOLVED,FEWER_THAN_TWO_ELIGIBLE_JUDGES,0,REFUTED,REFUTED
9,SGX3_BLIND_landcover_change_011,"{""goal"": ""landcover_change"", ""required_quantity"": null, ""required_unit"": null, ""decision_time"": null, ""max_resolution_m"": null, ""requires_bare_earth"": false, ""requires_cloud_mask"": false, ""max_uncertainty"": null, ""temporal_tolerance_h"": null, ""required_value_range"": null}","[{""name"": ""WorldCover-10"", ""quantity"": ""land_cover"", ""unit"": null, ""scale"": ""categorical"", ""crs"": ""EPSG:4326"", ""resolution_m"": 10, ""temporal_resolution_h"": null, ""processing_level"": null, ""surface_model"": null, ""vertical_datum"": null, ""acquisition_time"": null, ""available_time"": null, ""provenance"": ""ESA WorldCover"", ""band_role"": null, ""nodata_semantics"": null, ""uncertainty"": null, ""allowed_values"": [10, 20, 30, 40, 50, 60, 70, 80, 90, 95, 100], ""observed_min"": null, ""observed_max"": null, ""attrs"": {}}]","[{""op"": ""resample"", ""params"": {""artifact"": 0, ""method"": ""lanczos"", ""target_resolution_m"": 60, ""evidence_of_new_information"": true}}]",UNPROVEN,"The workflow requires resampling with a target resolution of 60 meters, which is not aligned with the original 10-meter resolution of the artifact. The required unit and quantity are also not specified.",5,PROVEN,"No contradiction is established, and the supplied evidence is sufficient for the declared goal/workflow.",5.0,PROVEN,"The resampling method is Lanczos, which is a valid operation for categorical resampling. No required evidence is missing.",5.0,UNRESOLVED,FEWER_THAN_TWO_ELIGIBLE_JUDGES,0,REFUTED,REFUTED
10,SGX3_BLIND_landslide_forecast_003,"{""goal"": ""landslide forecast"", ""required_quantity"": null, ""required_unit"": null, ""decision_time"": ""2024-08-15T12:00:00+00:00"", ""max_resolution_m"": null, ""requires_bare_earth"": false, ""requires_cloud_mask"": false, ""max_uncertainty"": null, ""temporal_tolerance_h"": null, ""required_value_range"": null}","[{""name"": ""IMERG-feature"", ""quantity"": ""rainfall"", ""unit"": ""mm"", ""scale"": ""continuous"", ""crs"": ""EPSG:32643"", ""resolution_m"": 10.0, ""temporal_resolution_h"": null, ""processing_level"": null, ""surface_model"": null, ""vertical_datum"": null, ""acquisition_time"": null, ""available_time"": ""2024-08-16T00:00:00+00:00"", ""provenance"": ""NASA GPM IMERG"", ""band_role"": null, ""nodata_semantics"": null, ""uncertainty"": null, ""allowed_values"": null, ""observed_min"": null, ""observed_max"": null, ""attrs"": {}}, {""name"": ""terrain-90"", ""quantity"": ""elevation"", ""unit"": ""m"", ""scale"": ""continuous"", ""crs"": ""EPSG:32643"", ""resolution_m"": 90, ""temporal_resolution_h"": null, ""processing_level"": null, ""surface_model"": ""DSM"", ""vertical_datum"": ""EGM2008"", ""acquisition_time"": null, ""available_time"": null, ""provenance"": ""Copernicus DEM"", ""band_role"": null, ""nodata_semantics"": null, ""uncertainty"": null, ""allowed_values"": null, ""observed_min"": null, ""observed_max"": null, ""attrs"": {}}]","[{""op"": ""predict"", ""params"": {""features"": [0]}}, {""op"": ""require_bare_earth"", ""params"": {""artifact"": 1}}]",UNPROVEN,"The workflow requires 'requires_bare_earth' to be true, which is not provided in the artifacts.",5,REFUTED,"The 'terrain-90' artifact is a DSM, not a bare-earth surface, which is required for the 'require_bare_earth' operation.",5.0,REFUTED,"The workflow requires bare-earthen terrain but the artifact is a DSM, which is not bare-earthen.",5.0,UNRESOLVED,FEWER_THAN_TWO_ELIGIBLE_JUDGES,0,REFUTED,REFUTED
11,SGX3_DEVELOPMENT_future_information_002,"{""goal"": ""flood forecast"", ""required_quantity"": null, ""required_unit"": null, ""decision_time"": ""2024-08-01T12:00:00+00:00"", ""max_resolution_m"": null, ""requires_bare_earth"": false, ""requires_cloud_mask"": false, ""max_uncertainty"": null, ""temporal_tolerance_h"": null, ""required_value_range"": null}","[{""name"": ""rain-feature"", ""quantity"": ""rainfall"", ""unit"": ""mm"", ""scale"": ""continuous"", ""crs"": ""EPSG:32643"", ""resolution_m"": 10.0, ""temporal_resolution_h"": null, ""processing_level"": null, ""surface_model"": null, ""vertical_datum"": null, ""acquisition_time"": null, ""available_time"": ""2024-08-01T00:00:00+00:00"", ""provenance"": ""authoritative-product"", ""band_role"": null, ""nodata_semantics"": null, ""uncertainty"": null, ""allowed_values"": null, ""observed_min"": null, ""observed_max"": null, ""attrs"": {}}]","[{""op"": ""predict"", ""params"": {""features"": [0]}}]",UNPROVEN,"The workflow requires a temporal resolution for the rainfall feature, which is not provided in the artifact metadata.",5,UNPARSED,,,UNPROVEN,"No contradiction is established, and required evidence for the predict operation is not explicitly stated, but the predict operation itself does not require additional evidence beyond the provided artifacts.",5.0,UNRESOLVED,FEWER_THAN_TWO_ELIGIBLE_JUDGES,0,PROVEN,PROVEN
12,SGX3_DEVELOPMENT_categorical_interpolation_003,"{""goal"": ""categorical_interpolation"", ""required_quantity"": null, ""required_unit"": null, ""decision_time"": null, ""max_resolution_m"": null, ""requires_bare_earth"": false, ""requires_cloud_mask"": false, ""max_uncertainty"": null, ""temporal_tolerance_h"": null, ""required_value_range"": null}","[{""name"": ""landcover-20"", ""quantity"": ""land_cover"", ""unit"": null, ""scale"": ""categorical"", ""crs"": ""EPSG:4326"", ""resolution_m"": 20, ""temporal_resolution_h"": null, ""processing_level"": null, ""surface_model"": null, ""vertical_datum"": null, ""acquisition_time"": null, ""available_time"": null, ""provenance"": ""authoritative-product"", ""band_role"": null, ""nodata_semantics"": null, ""uncertainty"": null, ""allowed_values"": [10, 20, 30, 40, 50, 60, 70, 80, 90, 95, 100], ""observed_min"": null, ""observed_max"": null, ""attrs"": {}}]","[{""op"": ""resample"", ""params"": {""artifact"": 0, ""method"": ""nearest"", ""target_resolution_m"": 60, ""evidence_of_new_information"": true}}]",UNPROVEN,"The workflow requires resampling with a new resolution, which necessitates a target resolution in meters.",5,PROVEN,"The resampling operation is consistent with the provided intent and artifacts, and no scientifically required evidence is missing.",5.0,PROVEN,The categorical interpolation operation is compatible with the nearest resampling method and the provided landcover-20 artifact's resolution and scale.,5.0,UNRESOLVED,FEWER_THAN_TWO_ELIGIBLE_JUDGES,0,PROVEN,PROVEN
13,SGX3_DEVELOPMENT_unsupported_resolution_gain_000,"{""goal"": ""unsupported_resolution_gain"", ""required_quantity"": null, ""required_unit"": null, ""decision_time"": null, ""max_resolution_m"": null, ""requires_bare_earth"": false, ""requires_cloud_mask"": false, ""max_uncertainty"": null, ""temporal_tolerance_h"": null, ""required_value_range"": null}","[{""name"": ""raster"", ""quantity"": ""surface_property"", ""unit"": null, ""scale"": ""continuous"", ""crs"": ""EPSG:32643"", ""resolution_m"": 20, ""temporal_resolution_h"": null, ""processing_level"": null, ""surface_model"": null, ""vertical_datum"": null, ""acquisition_time"": null, ""available_time"": null, ""provenance"": ""authoritative-product"", ""band_role"": null, ""nodata_semantics"": null, ""uncertainty"": null, ""allowed_values"": null, ""observed_min"": null, ""observed_max"": null, ""attrs"": {}}]","[{""op"": ""resample"", ""params"": {""artifact"": 0, ""method"": ""bilinear"", ""target_resolution_m"": 60, ""evidence_of_new_information"": false}}]",UNPROVEN,The workflow operation resamples the raster to a higher resolution (60m) without any explicit requirement or constraint provided in the scientific intent or artifact metadata.,5,PROVEN,The resampling operation is compatible with the provided metadata and no scientific constraints are violated.,5.0,UNPROVEN,"The operation requires bare-earth input, but it is not explicitly stated in the artifacts.",5.0,UNRESOLVED,FEWER_THAN_TWO_ELIGIBLE_JUDGES,0,PROVEN,PROVEN
14,SGX3_BLIND_flood_depth_043,"{""goal"": ""flood_depth"", ""required_quantity"": null, ""required_unit"": null, ""decision_time"": null, ""max_resolution_m"": null, ""requires_bare_earth"": false, ""requires_cloud_mask"": false, ""max_uncertainty"": null, ""temporal_tolerance_h"": null, ""required_value_range"": null}","[{""name"": ""terrain-10"", ""quantity"": ""elevation"", ""unit"": ""m"", ""scale"": ""continuous"", ""crs"": ""EPSG:32643"", ""resolution_m"": 10, ""temporal_resolution_h"": null, ""processing_level"": null, ""surface_model"": ""DTM"", ""vertical_datum"": ""EGM2008"", ""acquisition_time"": null, ""available_time"": null, ""provenance"": ""Copernicus DEM"", ""band_role"": null, ""nodata_semantics"": null, ""uncertainty"": null, ""allowed_values"": null, ""observed_min"": null, ""observed_max"": null, ""attrs"": {}}, {""name"": ""water-surface"", ""quantity"": ""water_level"", ""unit"": ""cm"", ""scale"": ""continuous"", ""crs"": ""EPSG:32643"", ""resolution_m"": 10.0, ""temporal_resolution_h"": null, ""processing_level"": null, ""surface_model"": null, ""vertical_datum"": ""WGS84_ellipsoid"", ""acquisition_time"": null, ""available_time"": null, ""provenance"": ""hydraulic model"", ""band_role"": null, ""nodata_semantics"": null, ""uncertainty"": null, ""allowed_values"": null, ""observed_min"": null, ""observed_max"": null, ""attrs"": {}}]","[{""op"": ""combine_vertical"", ""params"": {""a"": 0, ""b"": 1}}, {""op"": ""convert_unit"", ""params"": {""artifact"": 1, ""to"": ""km""}}]",UNPROVEN,"The workflow requires vertical datum compatibility and unit conversion, which are not provided in the artifacts.",5,UNPARSED,,,PROVEN,"The workflow combines two vertical surfaces and converts units, with no stated contradictions or missing required evidence.",5.0,UNRESOLVED,FEWER_THAN_TWO_ELIGIBLE_JUDGES,0,REFUTED,REFUTED
15,SGX3_BLIND_flood_remote_sensing_018,"{""goal"": ""flood_remote_sensing"", ""required_quantity"": null, ""required_unit"": null, ""decision_time"": null, ""max_resolution_m"": null, ""requires_bare_earth"": false, ""requires_cloud_mask"": false, ""max_uncertainty"": null, ""temporal_tolerance_h"": null, ""required_value_range"": null}","[{""name"": ""flood-mask-30"", ""quantity"": ""flood_extent"", ""unit"": null, ""scale"": ""binary"", ""crs"": ""EPSG:32643"", ""resolution_m"": 30, ""temporal_resolution_h"": null, ""processing_level"": null, ""surface_model"": null, ""vertical_datum"": null, ""acquisition_time"": null, ""available_time"": null, ""provenance"": ""authoritative-product"", ""band_role"": null, ""nodata_semantics"": null, ""uncertainty"": null, ""allowed_values"": null, ""observed_min"": null, ""observed_max"": null, ""attrs"": {""cloud_mask_applied"": true}}, {""name"": ""S1"", ""quantity"": ""backscatter"", ""unit"": null, ""scale"": ""continuous"", ""crs"": ""EPSG:32643"", ""resolution_m"": 10, ""temporal_resolution_h"": null, ""processing_level"": null, ""surface_model"": null, ""vertical_datum"": null, ""acquisition_time"": ""2024-07-10T10:00:00+00:00"", ""available_time"": null, ""provenance"": ""authoritative-product"", ""band_role"": null, ""nodata_semantics"": null, ""uncertainty"": null, ""allowed_values"": null, ""observed_min"": null, ""observed_max"": null, ""attrs"": {}}, {""name"": ""S2"", ""quantity"": ""reflectance"", ""unit"": null, ""scale"": ""continuous"", ""crs"": ""EPSG:32643"", ""resolution_m"": 10, ""temporal_resolution_h"": null, ""processing_level"": null, ""surface_model"": null, ""vertical_datum"": null, ""acquisition_time"": ""2024-07-13T10:00:00+00:00"", ""available_time"": null, ""provenance"": ""authoritative-product"", ""band_role"": null, ""nodata_semantics"": null, ""uncertainty"": null, ""allowed_values"": null, ""observed_min"": null, ""observed_max"": null, ""attrs"": {}}]","[{""op"": ""require_cloud_mask"", ""params"": {""artifact"": 0}}, {""op"": ""compare_sensors"", ""params"": {""a"": 1, ""b"": 2, ""tolerance_h"": 24}}, {""op"": ""area"", ""params"": {""artifact"": 0, ""method"": ""planar"", ""output_unit"": ""km2""}}]",UNPROVEN,"The operations require cloud mask application and sensor comparison, which are not provided in the artifacts.",5,UNPARSED,,,PROVEN,"The workflow requires a cloud mask, which is provided for artifact 0. The sensors are compared with a tolerance of 24 hours, which is reasonable given the temporal resolution of the sensors. The area calculation is performed on the flood extent artifact, which is a binary image in a projected CRS.",5.0,UNRESOLVED,FEWER_THAN_TWO_ELIGIBLE_JUDGES,0,REFUTED,REFUTED
16,SGX3_BLIND_eo_ml_validation_015,"{""goal"": ""eo_ml_validation"", ""required_quantity"": null, ""required_unit"": null, ""decision_time"": null, ""max_resolution_m"": null, ""requires_bare_earth"": false, ""requires_cloud_mask"": false, ""max_uncertainty"": null, ""temporal_tolerance_h"": null, ""required_value_range"": null}","[{""name"": ""EO-samples-750"", ""quantity"": ""training_samples"", ""unit"": null, ""scale"": ""continuous"", ""crs"": ""EPSG:32643"", ""resolution_m"": 10.0, ""temporal_resolution_h"": null, ""processing_level"": null, ""surface_model"": null, ""vertical_datum"": null, ""acquisition_time"": null, ""available_time"": null, ""provenance"": ""authoritative-product"", ""band_role"": null, ""nodata_semantics"": null, ""uncertainty"": null, ""allowed_values"": null, ""observed_min"": null, ""observed_max"": null, ""attrs"": {}}]","[{""op"": ""split"", ""params"": {""mode"": ""scene"", ""scene_overlap_fraction"": 0.1738}}]",UNPROVEN,"The workflow operation 'split' does not require any specific unit or resolution, and the provided artifact metadata does not contain all necessary details (e.g., scene overlap fraction) to fully validate the operation.",5,PROVEN,No contradictions or missing required evidence for the 'split' operation are present.,5.0,PROVEN,"No scientific constraints are violated, and the required evidence for the operations is present.",5.0,UNRESOLVED,FEWER_THAN_TWO_ELIGIBLE_JUDGES,0,REFUTED,REFUTED
17,SGX3_BLIND_landcover_change_042,"{""goal"": ""landcover_change"", ""required_quantity"": null, ""required_unit"": null, ""decision_time"": null, ""max_resolution_m"": null, ""requires_bare_earth"": false, ""requires_cloud_mask"": false, ""max_uncertainty"": null, ""temporal_tolerance_h"": null, ""required_value_range"": null}","[{""name"": ""WorldCover-10"", ""quantity"": ""land_cover"", ""unit"": null, ""scale"": ""categorical"", ""crs"": ""EPSG:4326"", ""resolution_m"": 10, ""temporal_resolution_h"": null, ""processing_level"": null, ""surface_model"": null, ""vertical_datum"": null, ""acquisition_time"": null, ""available_time"": null, ""provenance"": null, ""band_role"": null, ""nodata_semantics"": null, ""uncertainty"": null, ""allowed_values"": [10, 20, 30, 40, 50, 60, 70, 80, 90, 95, 100], ""observed_min"": null, ""observed_max"": null, ""attrs"": {}}]","[{""op"": ""resample"", ""params"": {""artifact"": 0, ""method"": ""cubic"", ""target_resolution_m"": 30, ""evidence_of_new_information"": true}}]",UNPROVEN,"The workflow requires resampling with a target resolution of 30 meters, which is not provided in the artifacts.",5,PROVEN,The resampling operation is consistent with the provided land cover data and does not violate any stated or required scientific constraints.,5.0,PROVEN,The resampling method is valid for categorical data and the target resolution is within the artifact's scale.,5.0,UNRESOLVED,FEWER_THAN_TWO_ELIGIBLE_JUDGES,0,REFUTED,REFUTED
18,SGX3_DEVELOPMENT_spatial_split_leakage_000,"{""goal"": ""spatial_split_leakage"", ""required_quantity"": null, ""required_unit"": null, ""decision_time"": null, ""max_resolution_m"": null, ""requires_bare_earth"": false, ""requires_cloud_mask"": false, ""max_uncertainty"": null, ""temporal_tolerance_h"": null, ""required_value_range"": null}","[{""name"": ""samples"", ""quantity"": ""training_samples"", ""unit"": null, ""scale"": ""continuous"", ""crs"": ""EPSG:32643"", ""resolution_m"": 10.0, ""temporal_resolution_h"": null, ""processing_level"": null, ""surface_model"": null, ""vertical_datum"": null, ""acquisition_time"": null, ""available_time"": null, ""provenance"": ""authoritative-product"", ""band_role"": null, ""nodata_semantics"": null, ""uncertainty"": null, ""allowed_values"": null, ""observed_min"": null, ""observed_max"": null, ""attrs"": {}}]","[{""op"": ""split"", ""params"": {""mode"": ""spatial"", ""separation_m"": 5388, ""dependence_range_m"": 3758}}]",UNPROVEN,"The workflow operation 'split' requires spatial separation and does not depend on any specific unit, resolution, or provenance details provided in the artifacts.",5,UNPARSED,,,UNPROVEN,"No contradiction is established, and the required evidence for the split operation is not explicitly stated, but the operation itself does not require it.",5.0,UNRESOLVED,FEWER_THAN_TWO_ELIGIBLE_JUDGES,0,PROVEN,PROVEN
19,SGX3_BLIND_eo_ml_validation_013,"{""goal"": ""eo_ml_validation"", ""required_quantity"": null, ""required_unit"": null, ""decision_time"": null, ""max_resolution_m"": null, ""requires_bare_earth"": false, ""requires_cloud_mask"": false, ""max_uncertainty"": null, ""temporal_tolerance_h"": null, ""required_value_range"": null}","[{""name"": ""EO-samples-579"", ""quantity"": ""training_samples"", ""unit"": null, ""scale"": ""continuous"", ""crs"": ""EPSG:32643"", ""resolution_m"": 10.0, ""temporal_resolution_h"": null, ""processing_level"": null, ""surface_model"": null, ""vertical_datum"": null, ""acquisition_time"": null, ""available_time"": null, ""provenance"": ""authoritative-product"", ""band_role"": null, ""nodata_semantics"": null, ""uncertainty"": null, ""allowed_values"": null, ""observed_min"": null, ""observed_max"": null, ""attrs"": {}}]","[{""op"": ""split"", ""params"": {""mode"": ""spatial"", ""separation_m"": 5300, ""dependence_range_m"": 1188}}]",UNPROVEN,"The workflow operation 'split' requires spatial separation and dependence range, which are not provided in the artifact metadata.",5,PROVEN,"No supplied scientific constraint is violated, and the supplied evidence is sufficient for the declared goal/workflow.",5.0,PROVEN,No contradictions or missing required evidence are present.,5.0,UNRESOLVED,FEWER_THAN_TWO_ELIGIBLE_JUDGES,0,PROVEN,PROVEN
20,SGX3_HELDOUT-FAMILY_missing_provenance_001,"{""goal"": ""missing_provenance"", ""required_quantity"": null, ""required_unit"": null, ""decision_time"": null, ""max_resolution_m"": null, ""requires_bare_earth"": false, ""requires_cloud_mask"": false, ""max_uncertainty"": null, ""temporal_tolerance_h"": null, ""required_value_range"": null}","[{""name"": ""unknown-input"", ""quantity"": ""elevation"", ""unit"": null, ""scale"": ""continuous"", ""crs"": ""EPSG:32643"", ""resolution_m"": 10.0, ""temporal_resolution_h"": null, ""processing_level"": null, ""surface_model"": null, ""vertical_datum"": null, ""acquisition_time"": null, ""available_time"": null, ""provenance"": ""official-product"", ""band_role"": null, ""nodata_semantics"": null, ""uncertainty"": null, ""allowed_values"": null, ""observed_min"": null, ""observed_max"": null, ""attrs"": {}}]",[],UNPROVEN,"The artifact 'unknown-input' lacks provenance information, which is required for scientific validation.",5,PROVEN,"No supplied scientific constraint is violated, and the supplied evidence is sufficient for every operation that is actually required by the declared goal/workflow. The workflow operations are empty, indicating no operations are performed, and thus no contradictions or missing evidence can be established.",5.0,UNPROVEN,"The artifact's provenance is 'official-product', but the scientific intent does not specify the required provenance type, so the artifact's provenance cannot be verified.",5.0,UNRESOLVED,FEWER_THAN_TWO_ELIGIBLE_JUDGES,0,PROVEN,PROVEN
21,SGX3_HELDOUT-FAMILY_categorical_mean_aggregation_002,"{""goal"": ""categorical_mean_aggregation"", ""required_quantity"": null, ""required_unit"": null, ""decision_time"": null, ""max_resolution_m"": null, ""requires_bare_earth"": false, ""requires_cloud_mask"": false, ""max_uncertainty"": null, ""temporal_tolerance_h"": null, ""required_value_range"": null}","[{""name"": ""landcover"", ""quantity"": ""land_cover"", ""unit"": null, ""scale"": ""categorical"", ""crs"": ""EPSG:32643"", ""resolution_m"": 10.0, ""temporal_resolution_h"": null, ""processing_level"": null, ""surface_model"": null, ""vertical_datum"": null, ""acquisition_time"": null, ""available_time"": null, ""provenance"": ""authoritative-product"", ""band_role"": null, ""nodata_semantics"": null, ""uncertainty"": null, ""allowed_values"": [10, 20, 30, 40, 50, 60, 70, 80, 90, 95, 100], ""observed_min"": null, ""observed_max"": null, ""attrs"": {}}]","[{""op"": ""aggregate_categorical"", ""params"": {""artifact"": 0, ""method"": ""median""}}]",PROVEN,The median aggregation method is valid for categorical data without requiring any additional constraints.,5,UNPARSED,,,PROVEN,The categorical_mean_aggregation goal is compatible with the provided landcover artifact and the median aggregation method is suitable for categorical data.,5.0,UNRESOLVED,FEWER_THAN_TWO_ELIGIBLE_JUDGES,0,REFUTED,REFUTED
22,SGX3_DEVELOPMENT_future_information_006,"{""goal"": ""flood forecast"", ""required_quantity"": null, ""required_unit"": null, ""decision_time"": ""2024-08-01T12:00:00+00:00"", ""max_resolution_m"": null, ""requires_bare_earth"": false, ""requires_cloud_mask"": false, ""max_uncertainty"": null, ""temporal_tolerance_h"": null, ""required_value_range"": null}","[{""name"": ""rain-feature"", ""quantity"": ""rainfall"", ""unit"": ""mm"", ""scale"": ""continuous"", ""crs"": ""EPSG:32643"", ""resolution_m"": 10.0, ""temporal_resolution_h"": null, ""processing_level"": null, ""surface_model"": null, ""vertical_datum"": null, ""acquisition_time"": null, ""available_time"": ""2024-08-01T18:00:00+00:00"", ""provenance"": ""authoritative-product"", ""band_role"": null, ""nodata_semantics"": null, ""uncertainty"": null, ""allowed_values"": null, ""observed_min"": null, ""observed_max"": null, ""attrs"": {}}]","[{""op"": ""predict"", ""params"": {""features"": [0]}}]",UNPROVEN,"The workflow requires a temporal resolution for the rainfall feature, which is not provided in the artifact metadata.",5,UNPARSED,,,UNPROVEN,"No contradiction is established, and required evidence for the predict operation is not explicitly stated, but the predict operation itself does not require additional evidence beyond the provided artifacts.",5.0,UNRESOLVED,FEWER_THAN_TWO_ELIGIBLE_JUDGES,0,REFUTED,REFUTED
23,SGX3_BLIND_landcover_change_025,"{""goal"": ""landcover_change"", ""required_quantity"": null, ""required_unit"": null, ""decision_time"": null, ""max_resolution_m"": null, ""requires_bare_earth"": false, ""requires_cloud_mask"": false, ""max_uncertainty"": null, ""temporal_tolerance_h"": null, ""required_value_range"": null}","[{""name"": ""WorldCover-20"", ""quantity"": ""land_cover"", ""unit"": null, ""scale"": ""categorical"", ""crs"": ""EPSG:4326"", ""resolution_m"": 20, ""temporal_resolution_h"": null, ""processing_level"": null, ""surface_model"": null, ""vertical_datum"": null, ""acquisition_time"": null, ""available_time"": null, ""provenance"": null, ""band_role"": null, ""nodata_semantics"": null, ""uncertainty"": null, ""allowed_values"": [10, 20, 30, 40, 50, 60, 70, 80, 90, 95, 100], ""observed_min"": null, ""observed_max"": null, ""attrs"": {}}]","[{""op"": ""resample"", ""params"": {""artifact"": 0, ""method"": ""cubic"", ""target_resolution_m"": 30, ""evidence_of_new_information"": true}}]",UNPROVEN,"The workflow requires resampling with a target resolution of 30 meters, which is not possible with the current 20-meter resolution artifact without additional metadata.",5,PROVEN,The resampling operation is valid and does not violate any scientific constraints.,5.0,PROVEN,The resampling method is compatible with the categorical land cover scale and the target resolution is within the allowed range.,5.0,UNRESOLVED,FEWER_THAN_TWO_ELIGIBLE_JUDGES,0,REFUTED,REFUTED
24,SGX3_BLIND_landslide_forecast_022,"{""goal"": ""landslide forecast"", ""required_quantity"": null, ""required_unit"": null, ""decision_time"": ""2024-08-05T12:00:00+00:00"", ""max_resolution_m"": null, ""requires_bare_earth"": false, ""requires_cloud_mask"": false, ""max_uncertainty"": null, ""temporal_tolerance_h"": null, ""required_value_range"": null}","[{""name"": ""IMERG-feature"", ""quantity"": ""rainfall"", ""unit"": ""mm"", ""scale"": ""continuous"", ""crs"": ""EPSG:32643"", ""resolution_m"": 10.0, ""temporal_resolution_h"": null, ""processing_level"": null, ""surface_model"": null, ""vertical_datum"": null, ""acquisition_time"": null, ""available_time"": ""2024-08-06T00:00:00+00:00"", ""provenance"": ""NASA GPM IMERG"", ""band_role"": null, ""nodata_semantics"": null, ""uncertainty"": null, ""allowed_values"": null, ""observed_min"": null, ""observed_max"": null, ""attrs"": {}}, {""name"": ""terrain-60"", ""quantity"": ""elevation"", ""unit"": ""m"", ""scale"": ""continuous"", ""crs"": ""EPSG:32643"", ""resolution_m"": 60, ""temporal_resolution_h"": null, ""processing_level"": null, ""surface_model"": ""DSM"", ""vertical_datum"": ""EGM2008"", ""acquisition_time"": null, ""available_time"": null, ""provenance"": ""Copernicus DEM"", ""band_role"": null, ""nodata_semantics"": null, ""uncertainty"": null, ""allowed_values"": null, ""observed_min"": null, ""observed_max"": null, ""attrs"": {}}]","[{""op"": ""predict"", ""params"": {""features"": [0]}}, {""op"": ""require_bare_earth"", ""params"": {""artifact"": 1}}]",UNPROVEN,The required 'requires_bare_earth' flag is not provided in the artifact metadata.,5,REFUTED,"The 'terrain-60' artifact is a DSM, which does not meet the 'require_bare_earth' constraint for landslide forecasting.",5.0,REFUTED,"The workflow requires bare-earthen terrain but the artifact is a DSM, which is not bare-earthen.",5.0,UNRESOLVED,FEWER_THAN_TWO_ELIGIBLE_JUDGES,0,REFUTED,REFUTED
25,SGX3_BLIND_flood_depth_039,"{""goal"": ""flood_depth"", ""required_quantity"": null, ""required_unit"": null, ""decision_time"": null, ""max_resolution_m"": null, ""requires_bare_earth"": false, ""requires_cloud_mask"": false, ""max_uncertainty"": null, ""temporal_tolerance_h"": null, ""required_value_range"": null}","[{""name"": ""terrain-10"", ""quantity"": ""elevation"", ""unit"": ""m"", ""scale"": ""continuous"", ""crs"": ""EPSG:32643"", ""resolution_m"": 10, ""temporal_resolution_h"": null, ""processing_level"": null, ""surface_model"": ""DSM"", ""vertical_datum"": ""EGM2008"", ""acquisition_time"": null, ""available_time"": null, ""provenance"": ""Copernicus DEM"", ""band_role"": null, ""nodata_semantics"": null, ""uncertainty"": null, ""allowed_values"": null, ""observed_min"": null, ""observed_max"": null, ""attrs"": {}}, {""name"": ""water-surface"", ""quantity"": ""water_level"", ""unit"": ""m"", ""scale"": ""continuous"", ""crs"": ""EPSG:32643"", ""resolution_m"": 10.0, ""temporal_resolution_h"": null, ""processing_level"": null, ""surface_model"": null, ""vertical_datum"": null, ""acquisition_time"": null, ""available_time"": null, ""provenance"": ""hydraulic model"", ""band_role"": null, ""nodata_semantics"": null, ""uncertainty"": null, ""allowed_values"": null, ""observed_min"": null, ""observed_max"": null, ""attrs"": {}}]","[{""op"": ""combine_vertical"", ""params"": {""a"": 0, ""b"": 1}}, {""op"": ""convert_unit"", ""params"": {""artifact"": 1, ""to"": ""K""}}]",UNPROVEN,"The workflow requires vertical datum and unit conversion, which are not provided in the artifacts.",5,UNPARSED,,,UNPROVEN,"The water-level artifact is in meters, but the operation attempts to convert it to Kelvin, which is a temperature unit.",5.0,UNRESOLVED,FEWER_THAN_TWO_ELIGIBLE_JUDGES,0,REFUTED,REFUTED
26,SGX3_HELDOUT-FAMILY_uncertainty_missing_009,"{""goal"": ""operational decision"", ""required_quantity"": null, ""required_unit"": null, ""decision_time"": null, ""max_resolution_m"": null, ""requires_bare_earth"": false, ""requires_cloud_mask"": false, ""max_uncertainty"": 0.05, ""temporal_tolerance_h"": null, ""required_value_range"": null}","[{""name"": ""hazard"", ""quantity"": ""hazard_probability"", ""unit"": ""dimensionless"", ""scale"": ""continuous"", ""crs"": ""EPSG:32643"", ""resolution_m"": 10.0, ""temporal_resolution_h"": null, ""processing_level"": null, ""surface_model"": null, ""vertical_datum"": null, ""acquisition_time"": null, ""available_time"": null, ""provenance"": ""authoritative-product"", ""band_role"": null, ""nodata_semantics"": null, ""uncertainty"": 0.011, ""allowed_values"": null, ""observed_min"": null, ""observed_max"": null, ""attrs"": {}}]",[],UNPROVEN,"The workflow contains no operations, and thus no evidence can be established.",5,PROVEN,"No supplied scientific constraint is violated, and the supplied evidence is sufficient for every operation that is actually required by the declared goal/workflow.",5.0,PROVEN,"No scientific constraints are violated, and the required evidence for operations is sufficient.",5.0,UNRESOLVED,FEWER_THAN_TWO_ELIGIBLE_JUDGES,0,PROVEN,PROVEN
27,SGX3_BLIND_eo_ml_validation_032,"{""goal"": ""eo_ml_validation"", ""required_quantity"": null, ""required_unit"": null, ""decision_time"": null, ""max_resolution_m"": null, ""requires_bare_earth"": false, ""requires_cloud_mask"": false, ""max_uncertainty"": null, ""temporal_tolerance_h"": null, ""required_value_range"": null}","[{""name"": ""EO-samples-288"", ""quantity"": ""training_samples"", ""unit"": null, ""scale"": ""continuous"", ""crs"": ""EPSG:32643"", ""resolution_m"": 10.0, ""temporal_resolution_h"": null, ""processing_level"": null, ""surface_model"": null, ""vertical_datum"": null, ""acquisition_time"": null, ""available_time"": null, ""provenance"": ""authoritative-product"", ""band_role"": null, ""nodata_semantics"": null, ""uncertainty"": null, ""allowed_values"": null, ""observed_min"": null, ""observed_max"": null, ""attrs"": {}}]","[{""op"": ""split"", ""params"": {""mode"": ""scene"", ""scene_overlap_fraction"": 0.0497}}]",UNPROVEN,"The workflow operation 'split' does not require any specific unit or resolution, and the provided artifact metadata does not contain all necessary details (e.g., scene overlap fraction) to fully validate the operation.",5,PROVEN,No contradictions or missing required evidence for the 'split' operation are present.,5.0,PROVEN,"No scientific contradiction is present, and the operation does not require additional constraints.",5.0,UNRESOLVED,FEWER_THAN_TWO_ELIGIBLE_JUDGES,0,REFUTED,REFUTED
28,SGX3_BLIND_eo_ml_validation_030,"{""goal"": ""eo_ml_validation"", ""required_quantity"": null, ""required_unit"": null, ""decision_time"": null, ""max_resolution_m"": null, ""requires_bare_earth"": false, ""requires_cloud_mask"": false, ""max_uncertainty"": null, ""temporal_tolerance_h"": null, ""required_value_range"": null}","[{""name"": ""EO-samples-1528"", ""quantity"": ""training_samples"", ""unit"": null, ""scale"": ""continuous"", ""crs"": ""EPSG:32643"", ""resolution_m"": 10.0, ""temporal_resolution_h"": null, ""processing_level"": null, ""surface_model"": null, ""vertical_datum"": null, ""acquisition_time"": null, ""available_time"": null, ""provenance"": ""authoritative-product"", ""band_role"": null, ""nodata_semantics"": null, ""uncertainty"": null, ""allowed_values"": null, ""observed_min"": null, ""observed_max"": null, ""attrs"": {}}]","[{""op"": ""split"", ""params"": {""mode"": ""scene"", ""scene_overlap_fraction"": 0.0382}}]",UNPROVEN,"The workflow operation 'split' does not require any specific unit or resolution, and the provided artifact metadata does not contain all necessary details (e.g., scene overlap fraction) to fully validate the operation.",5,PROVEN,"No supplied scientific constraint is violated, and the supplied evidence is sufficient for the declared goal/workflow.",5.0,PROVEN,"No scientific constraints are violated, and the required evidence for the operations is present.",5.0,UNRESOLVED,FEWER_THAN_TWO_ELIGIBLE_JUDGES,0,REFUTED,REFUTED
29,SGX3_BLIND_eo_ml_validation_021,"{""goal"": ""eo_ml_validation"", ""required_quantity"": null, ""required_unit"": null, ""decision_time"": null, ""max_resolution_m"": null, ""requires_bare_earth"": false, ""requires_cloud_mask"": false, ""max_uncertainty"": null, ""temporal_tolerance_h"": null, ""required_value_range"": null}","[{""name"": ""EO-samples-7218"", ""quantity"": ""training_samples"", ""unit"": null, ""scale"": ""continuous"", ""crs"": ""EPSG:32643"", ""resolution_m"": 10.0, ""temporal_resolution_h"": null, ""processing_level"": null, ""surface_model"": null, ""vertical_datum"": null, ""acquisition_time"": null, ""available_time"": null, ""provenance"": ""authoritative-product"", ""band_role"": null, ""nodata_semantics"": null, ""uncertainty"": null, ""allowed_values"": null, ""observed_min"": null, ""observed_max"": null, ""attrs"": {}}]","[{""op"": ""split"", ""params"": {""mode"": ""temporal"", ""train_end"": ""2024-04-28T00:00:00+00:00"", ""test_start"": ""2024-05-01T00:00:00+00:00""}}]",UNPROVEN,"The workflow operation 'split' requires temporal boundaries, which are not provided in the artifacts.",5,PROVEN,"No scientific constraints are violated, and the supplied evidence is sufficient for the declared goal/workflow.",5.0,PROVEN,No contradictions are present and the workflow operations do not require additional evidence.,5.0,UNRESOLVED,FEWER_THAN_TWO_ELIGIBLE_JUDGES,0,PROVEN,PROVEN
30,SGX3_BLIND_landcover_change_018,"{""goal"": ""landcover_change"", ""required_quantity"": null, ""required_unit"": null, ""decision_time"": null, ""max_resolution_m"": null, ""requires_bare_earth"": false, ""requires_cloud_mask"": false, ""max_uncertainty"": null, ""temporal_tolerance_h"": null, ""required_value_range"": null}","[{""name"": ""WorldCover-10"", ""quantity"": ""land_cover"", ""unit"": null, ""scale"": ""categorical"", ""crs"": ""EPSG:4326"", ""resolution_m"": 10, ""temporal_resolution_h"": null, ""processing_level"": null, ""surface_model"": null, ""vertical_datum"": null, ""acquisition_time"": null, ""available_time"": null, ""provenance"": null, ""band_role"": null, ""nodata_semantics"": null, ""uncertainty"": null, ""allowed_values"": [10, 20, 30, 40, 50, 60, 70, 80, 90, 95, 100], ""observed_min"": null, ""observed_max"": null, ""attrs"": {}}]","[{""op"": ""resample"", ""params"": {""artifact"": 0, ""method"": ""lanczos"", ""target_resolution_m"": 60, ""evidence_of_new_information"": true}}]",UNPROVEN,"The workflow requires resampling, which necessitates a resolution change, but the original resolution (10m) is not provided in the artifact metadata.",5,PROVEN,The resampling operation is valid and does not violate any scientific constraints.,5.0,PROVEN,"The resampling method is Lanczos, which is a valid operation for categorical resampling. No required evidence is missing.",5.0,UNRESOLVED,FEWER_THAN_TWO_ELIGIBLE_JUDGES,0,REFUTED,REFUTED
31,SGX3_DEVELOPMENT_unsupported_resolution_gain_008,"{""goal"": ""unsupported_resolution_gain"", ""required_quantity"": null, ""required_unit"": null, ""decision_time"": null, ""max_resolution_m"": null, ""requires_bare_earth"": false, ""requires_cloud_mask"": false, ""max_uncertainty"": null, ""temporal_tolerance_h"": null, ""required_value_range"": null}","[{""name"": ""raster"", ""quantity"": ""surface_property"", ""unit"": null, ""scale"": ""continuous"", ""crs"": ""EPSG:32643"", ""resolution_m"": 20, ""temporal_resolution_h"": null, ""processing_level"": null, ""surface_model"": null, ""vertical_datum"": null, ""acquisition_time"": null, ""available_time"": null, ""provenance"": ""authoritative-product"", ""band_role"": null, ""nodata_semantics"": null, ""uncertainty"": null, ""allowed_values"": null, ""observed_min"": null, ""observed_max"": null, ""attrs"": {}}]","[{""op"": ""resample"", ""params"": {""artifact"": 0, ""method"": ""bilinear"", ""target_resolution_m"": 6.666666666666667, ""evidence_of_new_information"": false}}]",UNPROVEN,The workflow requires a resampling operation with a target resolution that is not compatible with the original resolution of 20 meters without additional scientific justification.,5,PROVEN,The resampling operation is compatible with the provided metadata and does not violate any scientific principles.,5.0,UNPROVEN,"The operation requires bare-earth input, but it is not explicitly stated in the artifacts.",5.0,UNRESOLVED,FEWER_THAN_TWO_ELIGIBLE_JUDGES,0,REFUTED,REFUTED
32,SGX3_HELDOUT-FAMILY_physical_range_violation_009,"{""goal"": ""physical_range_violation"", ""required_quantity"": null, ""required_unit"": null, ""decision_time"": null, ""max_resolution_m"": null, ""requires_bare_earth"": false, ""requires_cloud_mask"": false, ""max_uncertainty"": null, ""temporal_tolerance_h"": null, ""required_value_range"": null}","[{""name"": ""index"", ""quantity"": ""NDVI"", ""unit"": ""dimensionless"", ""scale"": ""continuous"", ""crs"": ""EPSG:32643"", ""resolution_m"": 10.0, ""temporal_resolution_h"": null, ""processing_level"": null, ""surface_model"": null, ""vertical_datum"": null, ""acquisition_time"": null, ""available_time"": null, ""provenance"": ""authoritative-product"", ""band_role"": null, ""nodata_semantics"": null, ""uncertainty"": null, ""allowed_values"": null, ""observed_min"": -0.7538676247869512, ""observed_max"": 0.873246829799791, ""attrs"": {}}]","[{""op"": ""assert_value_range"", ""params"": {""artifact"": 0, ""min"": -1, ""max"": 1}}]",REFUTED,"The workflow operation 'assert_value_range' requires that the value range of the NDVI index be within [-1, 1], which is not satisfied by the observed min (-0.7538676247869512) and max (0.873246829799791).",5,UNPARSED,,,REFUTED,"The observed NDVI values exceed the asserted range of [-1, 1].",5.0,UNRESOLVED,FEWER_THAN_TWO_ELIGIBLE_JUDGES,0,PROVEN,PROVEN
33,SGX3_DEVELOPMENT_spatial_split_leakage_006,"{""goal"": ""spatial_split_leakage"", ""required_quantity"": null, ""required_unit"": null, ""decision_time"": null, ""max_resolution_m"": null, ""requires_bare_earth"": false, ""requires_cloud_mask"": false, ""max_uncertainty"": null, ""temporal_tolerance_h"": null, ""required_value_range"": null}","[{""name"": ""samples"", ""quantity"": ""training_samples"", ""unit"": null, ""scale"": ""continuous"", ""crs"": ""EPSG:32643"", ""resolution_m"": 10.0, ""temporal_resolution_h"": null, ""processing_level"": null, ""surface_model"": null, ""vertical_datum"": null, ""acquisition_time"": null, ""available_time"": null, ""provenance"": ""authoritative-product"", ""band_role"": null, ""nodata_semantics"": null, ""uncertainty"": null, ""allowed_values"": null, ""observed_min"": null, ""observed_max"": null, ""attrs"": {}}]","[{""op"": ""split"", ""params"": {""mode"": ""spatial"", ""separation_m"": 8315, ""dependence_range_m"": 4180}}]",UNPROVEN,"The workflow operation 'split' requires spatial separation and does not depend on any specific unit or provenance, but the artifacts provided do not specify a band role or allowed values which are necessary for the split operation.",5,PROVEN,No contradictions or missing required evidence for the spatial split operation.,5.0,UNPROVEN,"The operation requires a bare-earths surface model, but it is not explicitly stated in the artifacts.",5.0,UNRESOLVED,FEWER_THAN_TWO_ELIGIBLE_JUDGES,0,PROVEN,PROVEN
34,SGX3_BLIND_landslide_forecast_021,"{""goal"": ""landslide forecast"", ""required_quantity"": null, ""required_unit"": null, ""decision_time"": ""2024-08-05T12:00:00+00:00"", ""max_resolution_m"": null, ""requires_bare_earth"": false, ""requires_cloud_mask"": false, ""max_uncertainty"": null, ""temporal_tolerance_h"": null, ""required_value_range"": null}","[{""name"": ""IMERG-feature"", ""quantity"": ""rainfall"", ""unit"": ""mm"", ""scale"": ""continuous"", ""crs"": ""EPSG:32643"", ""resolution_m"": 10.0, ""temporal_resolution_h"": null, ""processing_level"": null, ""surface_model"": null, ""vertical_datum"": null, ""acquisition_time"": null, ""available_time"": ""2024-08-05T06:00:00+00:00"", ""provenance"": null, ""band_role"": null, ""nodata_semantics"": null, ""uncertainty"": null, ""allowed_values"": null, ""observed_min"": null, ""observed_max"": null, ""attrs"": {}}, {""name"": ""terrain-90"", ""quantity"": ""elevation"", ""unit"": ""m"", ""scale"": ""continuous"", ""crs"": ""EPSG:32643"", ""resolution_m"": 90, ""temporal_resolution_h"": null, ""processing_level"": null, ""surface_model"": ""DSM"", ""vertical_datum"": ""EGM2008"", ""acquisition_time"": null, ""available_time"": null, ""provenance"": ""Copernicus DEM"", ""band_role"": null, ""nodata_semantics"": null, ""uncertainty"": null, ""allowed_values"": null, ""observed_min"": null, ""observed_max"": null, ""attrs"": {}}]","[{""op"": ""predict"", ""params"": {""features"": [0]}}, {""op"": ""require_bare_earth"", ""params"": {""artifact"": 1}}]",UNPROVEN,"The workflow requires 'requires_bare_earth' to be true, which is not provided in the artifacts.",5,UNPARSED,,,REFUTED,"The workflow requires bare-earthen terrain but the artifact is a DSM, which is not bare-earthen.",5.0,UNRESOLVED,FEWER_THAN_TWO_ELIGIBLE_JUDGES,0,REFUTED,REFUTED
35,SGX3_BLIND_flood_remote_sensing_003,"{""goal"": ""flood_remote_sensing"", ""required_quantity"": null, ""required_unit"": null, ""decision_time"": null, ""max_resolution_m"": null, ""requires_bare_earth"": false, ""requires_cloud_mask"": false, ""max_uncertainty"": null, ""temporal_tolerance_h"": null, ""required_value_range"": null}","[{""name"": ""flood-mask-30"", ""quantity"": ""flood_extent"", ""unit"": null, ""scale"": ""binary"", ""crs"": ""EPSG:4326"", ""resolution_m"": 30, ""temporal_resolution_h"": null, ""processing_level"": null, ""surface_model"": null, ""vertical_datum"": null, ""acquisition_time"": null, ""available_time"": null, ""provenance"": ""authoritative-product"", ""band_role"": null, ""nodata_semantics"": null, ""uncertainty"": null, ""allowed_values"": null, ""observed_min"": null, ""observed_max"": null, ""attrs"": {""cloud_mask_applied"": true}}, {""name"": ""S1"", ""quantity"": ""backscatter"", ""unit"": null, ""scale"": ""continuous"", ""crs"": ""EPSG:32643"", ""resolution_m"": 10, ""temporal_resolution_h"": null, ""processing_level"": null, ""surface_model"": null, ""vertical_datum"": null, ""acquisition_time"": ""2024-07-01T10:00:00+00:00"", ""available_time"": null, ""provenance"": ""authoritative-product"", ""band_role"": null, ""nodata_semantics"": null, ""uncertainty"": null, ""allowed_values"": null, ""observed_min"": null, ""observed_max"": null, ""attrs"": {}}, {""name"": ""S2"", ""quantity"": ""reflectance"", ""unit"": null, ""scale"": ""continuous"", ""crs"": ""EPSG:32643"", ""resolution_m"": 10, ""temporal_resolution_h"": null, ""processing_level"": null, ""surface_model"": null, ""vertical_datum"": null, ""acquisition_time"": ""2024-07-01T10:00:00+00:00"", ""available_time"": null, ""provenance"": ""authoritative-product"", ""band_role"": null, ""nodata_semantics"": null, ""uncertainty"": null, ""allowed_values"": null, ""observed_min"": null, ""observed_max"": null, ""attrs"": {}}]","[{""op"": ""require_cloud_mask"", ""params"": {""artifact"": 0}}, {""op"": ""compare_sensors"", ""params"": {""a"": 1, ""b"": 2, ""tolerance_h"": 12}}, {""op"": ""area"", ""params"": {""artifact"": 0, ""method"": ""planar"", ""output_unit"": ""km2""}}]",UNPROVEN,"The operations require cloud mask and sensor comparison, which are not provided in the artifacts.",5,UNPROVEN,"No contradiction is established, but a piece of evidence that is genuinely necessary for an operation cannot be established from the supplied metadata.",3.0,PROVEN,"The workflow requires a cloud mask, which is provided for artifact 0. The sensors are compared with a tolerance of 12 hours, and the area is calculated using a planar CRS.",5.0,UNRESOLVED,FEWER_THAN_TWO_ELIGIBLE_JUDGES,0,REFUTED,REFUTED
36,SGX3_DEVELOPMENT_band_grid_mismatch_002,"{""goal"": ""band_grid_mismatch"", ""required_quantity"": null, ""required_unit"": null, ""decision_time"": null, ""max_resolution_m"": null, ""requires_bare_earth"": false, ""requires_cloud_mask"": false, ""max_uncertainty"": null, ""temporal_tolerance_h"": null, ""required_value_range"": null}","[{""name"": ""red"", ""quantity"": ""reflectance"", ""unit"": null, ""scale"": ""continuous"", ""crs"": ""EPSG:32643"", ""resolution_m"": 10, ""temporal_resolution_h"": null, ""processing_level"": ""L2A"", ""surface_model"": null, ""vertical_datum"": null, ""acquisition_time"": null, ""available_time"": null, ""provenance"": ""authoritative-product"", ""band_role"": ""red"", ""nodata_semantics"": null, ""uncertainty"": null, ""allowed_values"": null, ""observed_min"": null, ""observed_max"": null, ""attrs"": {}}, {""name"": ""other"", ""quantity"": ""reflectance"", ""unit"": null, ""scale"": ""continuous"", ""crs"": ""EPSG:32643"", ""resolution_m"": 60, ""temporal_resolution_h"": null, ""processing_level"": ""L2A"", ""surface_model"": null, ""vertical_datum"": null, ""acquisition_time"": null, ""available_time"": null, ""provenance"": ""authoritative-product"", ""band_role"": ""nir"", ""nodata_semantics"": null, ""uncertainty"": null, ""allowed_values"": null, ""observed_min"": null, ""observed_max"": null, ""attrs"": {}}]","[{""op"": ""spectral_index"", ""params"": {""red_artifact"": 0, ""other_artifact"": 1, ""expected_other_role"": ""nir"", ""explicit_alignment"": false}}]",UNPROVEN,The artifacts have different spatial resolutions (10m vs 60m) which is incompatible with the spectral index operation.,5,UNPARSED,,,PROVEN,"The spectral index operation requires the 'other' artifact to be in the NIR band role, which is explicitly stated.",5.0,UNRESOLVED,FEWER_THAN_TWO_ELIGIBLE_JUDGES,0,REFUTED,REFUTED
37,SGX3_HELDOUT-FAMILY_scene_overlap_leakage_005,"{""goal"": ""scene_overlap_leakage"", ""required_quantity"": null, ""required_unit"": null, ""decision_time"": null, ""max_resolution_m"": null, ""requires_bare_earth"": false, ""requires_cloud_mask"": false, ""max_uncertainty"": null, ""temporal_tolerance_h"": null, ""required_value_range"": null}","[{""name"": ""chips"", ""quantity"": ""image_samples"", ""unit"": null, ""scale"": ""continuous"", ""crs"": ""EPSG:32643"", ""resolution_m"": 10.0, ""temporal_resolution_h"": null, ""processing_level"": null, ""surface_model"": null, ""vertical_datum"": null, ""acquisition_time"": null, ""available_time"": null, ""provenance"": ""authoritative-product"", ""band_role"": null, ""nodata_semantics"": null, ""uncertainty"": null, ""allowed_values"": null, ""observed_min"": null, ""observed_max"": null, ""attrs"": {}}]","[{""op"": ""split"", ""params"": {""mode"": ""scene"", ""scene_overlap_fraction"": 0.594}}]",UNPROVEN,The workflow operation 'split' requires scene overlap fraction but the artifacts do not provide any temporal or spatial overlap information.,5,PROVEN,No contradictions or missing required evidence for the operation are present.,5.0,UNPROVEN,"The operation'split' does not require any stated constraints, so no contradiction or missing evidence is found.",5.0,UNRESOLVED,FEWER_THAN_TWO_ELIGIBLE_JUDGES,0,REFUTED,REFUTED
38,SGX3_BLIND_eo_ml_validation_022,"{""goal"": ""eo_ml_validation"", ""required_quantity"": null, ""required_unit"": null, ""decision_time"": null, ""max_resolution_m"": null, ""requires_bare_earth"": false, ""requires_cloud_mask"": false, ""max_uncertainty"": null, ""temporal_tolerance_h"": null, ""required_value_range"": null}","[{""name"": ""EO-samples-8252"", ""quantity"": ""training_samples"", ""unit"": null, ""scale"": ""continuous"", ""crs"": ""EPSG:32643"", ""resolution_m"": 10.0, ""temporal_resolution_h"": null, ""processing_level"": null, ""surface_model"": null, ""vertical_datum"": null, ""acquisition_time"": null, ""available_time"": null, ""provenance"": ""authoritative-product"", ""band_role"": null, ""nodata_semantics"": null, ""uncertainty"": null, ""allowed_values"": null, ""observed_min"": null, ""observed_max"": null, ""attrs"": {}}]","[{""op"": ""split"", ""params"": {""mode"": ""scene"", ""scene_overlap_fraction"": 0.6003}}]",UNPROVEN,"The workflow operation 'split' does not require any specific unit or resolution, and the provided artifact metadata does not contain all necessary details (e.g., scene overlap fraction) to fully validate the operation.",5,PROVEN,No contradictions or missing required evidence for the 'split' operation are present.,5.0,PROVEN,"No scientific constraints are violated, and the required evidence for the operations is present.",5.0,UNRESOLVED,FEWER_THAN_TWO_ELIGIBLE_JUDGES,0,REFUTED,REFUTED
39,SGX3_HELDOUT-FAMILY_physical_range_violation_002,"{""goal"": ""physical_range_violation"", ""required_quantity"": null, ""required_unit"": null, ""decision_time"": null, ""max_resolution_m"": null, ""requires_bare_earth"": false, ""requires_cloud_mask"": false, ""max_uncertainty"": null, ""temporal_tolerance_h"": null, ""required_value_range"": null}","[{""name"": ""index"", ""quantity"": ""NDVI"", ""unit"": ""dimensionless"", ""scale"": ""continuous"", ""crs"": ""EPSG:32643"", ""resolution_m"": 10.0, ""temporal_resolution_h"": null, ""processing_level"": null, ""surface_model"": null, ""vertical_datum"": null, ""acquisition_time"": null, ""available_time"": null, ""provenance"": ""authoritative-product"", ""band_role"": null, ""nodata_semantics"": null, ""uncertainty"": null, ""allowed_values"": null, ""observed_min"": -2, ""observed_max"": 2, ""attrs"": {}}]","[{""op"": ""assert_value_range"", ""params"": {""artifact"": 0, ""min"": -1, ""max"": 1}}]",UNPROVEN,"The workflow operation 'assert_value_range' requires a value range (-1 to 1) on the NDVI data, but the allowed_values attribute is not provided in the artifact metadata.",5,UNPARSED,,,PROVEN,"The NDVI range is within the asserted range, and no additional constraints are required.",5.0,UNRESOLVED,FEWER_THAN_TWO_ELIGIBLE_JUDGES,0,REFUTED,REFUTED
40,SGX3_DEVELOPMENT_angular_area_002,"{""goal"": ""angular_area"", ""required_quantity"": null, ""required_unit"": null, ""decision_time"": null, ""max_resolution_m"": null, ""requires_bare_earth"": false, ""requires_cloud_mask"": false, ""max_uncertainty"": null, ""temporal_tolerance_h"": null, ""required_value_range"": null}","[{""name"": ""flood-polygon"", ""quantity"": ""flood_extent"", ""unit"": null, ""scale"": ""binary"", ""crs"": ""EPSG:4326"", ""resolution_m"": 10, ""temporal_resolution_h"": null, ""processing_level"": null, ""surface_model"": null, ""vertical_datum"": null, ""acquisition_time"": null, ""available_time"": null, ""provenance"": ""authoritative-product"", ""band_role"": null, ""nodata_semantics"": null, ""uncertainty"": null, ""allowed_values"": null, ""observed_min"": null, ""observed_max"": null, ""attrs"": {}}]","[{""op"": ""area"", ""params"": {""artifact"": 0, ""method"": ""planar"", ""output_unit"": ""km2""}}]",UNPROVEN,"The workflow requires a unit for the quantity 'flood_extent', which is not provided in the artifact metadata.",5,PROVEN,No contradictions or missing required evidence for the area calculation operation.,5.0,PROVEN,"The operation is planar area calculation with a projected CRS, which is sufficient for angular area calculation.",5.0,UNRESOLVED,FEWER_THAN_TWO_ELIGIBLE_JUDGES,0,REFUTED,REFUTED
41,SGX3_HELDOUT-FAMILY_physical_range_violation_010,"{""goal"": ""physical_range_violation"", ""required_quantity"": null, ""required_unit"": null, ""decision_time"": null, ""max_resolution_m"": null, ""requires_bare_earth"": false, ""requires_cloud_mask"": false, ""max_uncertainty"": null, ""temporal_tolerance_h"": null, ""required_value_range"": null}","[{""name"": ""index"", ""quantity"": ""NDVI"", ""unit"": ""dimensionless"", ""scale"": ""continuous"", ""crs"": ""EPSG:32643"", ""resolution_m"": 10.0, ""temporal_resolution_h"": null, ""processing_level"": null, ""surface_model"": null, ""vertical_datum"": null, ""acquisition_time"": null, ""available_time"": null, ""provenance"": ""authoritative-product"", ""band_role"": null, ""nodata_semantics"": null, ""uncertainty"": null, ""allowed_values"": null, ""observed_min"": -0.8227485767917194, ""observed_max"": 0.7593046373274954, ""attrs"": {}}]","[{""op"": ""assert_value_range"", ""params"": {""artifact"": 0, ""min"": -1, ""max"": 1}}]",REFUTED,"The workflow operation 'assert_value_range' requires that the value range of the NDVI index be within [-1, 1], which is not satisfied by the observed min (-0.8227485767917194) and max (0.7593046373274954).",5,UNPARSED,,,REFUTED,"The observed NDVI range (-0.8227, 0.7593) violates the asserted value range (-1, 1).",5.0,UNRESOLVED,FEWER_THAN_TWO_ELIGIBLE_JUDGES,0,PROVEN,PROVEN
42,SGX3_DEVELOPMENT_band_grid_mismatch_000,"{""goal"": ""band_grid_mismatch"", ""required_quantity"": null, ""required_unit"": null, ""decision_time"": null, ""max_resolution_m"": null, ""requires_bare_earth"": false, ""requires_cloud_mask"": false, ""max_uncertainty"": null, ""temporal_tolerance_h"": null, ""required_value_range"": null}","[{""name"": ""red"", ""quantity"": ""reflectance"", ""unit"": null, ""scale"": ""continuous"", ""crs"": ""EPSG:32643"", ""resolution_m"": 10, ""temporal_resolution_h"": null, ""processing_level"": ""L2A"", ""surface_model"": null, ""vertical_datum"": null, ""acquisition_time"": null, ""available_time"": null, ""provenance"": ""authoritative-product"", ""band_role"": ""red"", ""nodata_semantics"": null, ""uncertainty"": null, ""allowed_values"": null, ""observed_min"": null, ""observed_max"": null, ""attrs"": {}}, {""name"": ""other"", ""quantity"": ""reflectance"", ""unit"": null, ""scale"": ""continuous"", ""crs"": ""EPSG:32643"", ""resolution_m"": 20, ""temporal_resolution_h"": null, ""processing_level"": ""L2A"", ""surface_model"": null, ""vertical_datum"": null, ""acquisition_time"": null, ""available_time"": null, ""provenance"": ""authoritative-product"", ""band_role"": ""nir"", ""nodata_semantics"": null, ""uncertainty"": null, ""allowed_values"": null, ""observed_min"": null, ""observed_max"": null, ""attrs"": {}}]","[{""op"": ""spectral_index"", ""params"": {""red_artifact"": 0, ""other_artifact"": 1, ""expected_other_role"": ""nir"", ""explicit_alignment"": false}}]",UNPROVEN,The artifacts have different spatial resolutions (10m vs 20m) which is incompatible with the spectral index operation.,5,UNPARSED,,,PROVEN,"The spectral index operation requires the 'other' artifact to be in the NIR band role, which is explicitly stated.",5.0,UNRESOLVED,FEWER_THAN_TWO_ELIGIBLE_JUDGES,0,REFUTED,REFUTED
43,SGX3_BLIND_flood_remote_sensing_011,"{""goal"": ""flood_remote_sensing"", ""required_quantity"": null, ""required_unit"": null, ""decision_time"": null, ""max_resolution_m"": null, ""requires_bare_earth"": false, ""requires_cloud_mask"": false, ""max_uncertainty"": null, ""temporal_tolerance_h"": null, ""required_value_range"": null}","[{""name"": ""flood-mask-20"", ""quantity"": ""flood_extent"", ""unit"": null, ""scale"": ""binary"", ""crs"": ""EPSG:6933"", ""resolution_m"": 20, ""temporal_resolution_h"": null, ""processing_level"": null, ""surface_model"": null, ""vertical_datum"": null, ""acquisition_time"": null, ""available_time"": null, ""provenance"": ""authoritative-product"", ""band_role"": null, ""nodata_semantics"": null, ""uncertainty"": null, ""allowed_values"": null, ""observed_min"": null, ""observed_max"": null, ""attrs"": {""cloud_mask_applied"": false}}, {""name"": ""S1"", ""quantity"": ""backscatter"", ""unit"": null, ""scale"": ""continuous"", ""crs"": ""EPSG:32643"", ""resolution_m"": 10, ""temporal_resolution_h"": null, ""processing_level"": null, ""surface_model"": null, ""vertical_datum"": null, ""acquisition_time"": ""2024-07-15T10:00:00+00:00"", ""available_time"": null, ""provenance"": ""authoritative-product"", ""band_role"": null, ""nodata_semantics"": null, ""uncertainty"": null, ""allowed_values"": null, ""observed_min"": null, ""observed_max"": null, ""attrs"": {}}, {""name"": ""S2"", ""quantity"": ""reflectance"", ""unit"": null, ""scale"": ""continuous"", ""crs"": ""EPSG:32643"", ""resolution_m"": 10, ""temporal_resolution_h"": null, ""processing_level"": null, ""surface_model"": null, ""vertical_datum"": null, ""acquisition_time"": ""2024-07-15T10:00:00+00:00"", ""available_time"": null, ""provenance"": ""authoritative-product"", ""band_role"": null, ""nodata_semantics"": null, ""uncertainty"": null, ""allowed_values"": null, ""observed_min"": null, ""observed_max"": null, ""attrs"": {}}]","[{""op"": ""require_cloud_mask"", ""params"": {""artifact"": 0}}, {""op"": ""compare_sensors"", ""params"": {""a"": 1, ""b"": 2, ""tolerance_h"": 12}}, {""op"": ""area"", ""params"": {""artifact"": 0, ""method"": ""geodesic"", ""output_unit"": ""km2""}}]",UNPROVEN,"The operations require cloud mask information and sensor comparison, which are not provided in the artifacts.",5,UNPARSED,,,PROVEN,"The workflow requires a cloud mask, which is provided for artifact 0. The sensors are compared with a tolerance of 12 hours, and the area is calculated using geodesic method with no missing required evidence.",5.0,UNRESOLVED,FEWER_THAN_TWO_ELIGIBLE_JUDGES,0,REFUTED,REFUTED
44,SGX3_DEVELOPMENT_processing_level_003,"{""goal"": ""processing_level"", ""required_quantity"": null, ""required_unit"": null, ""decision_time"": null, ""max_resolution_m"": null, ""requires_bare_earth"": false, ""requires_cloud_mask"": false, ""max_uncertainty"": null, ""temporal_tolerance_h"": null, ""required_value_range"": null}","[{""name"": ""optical"", ""quantity"": ""reflectance"", ""unit"": null, ""scale"": ""continuous"", ""crs"": ""EPSG:32643"", ""resolution_m"": 10.0, ""temporal_resolution_h"": null, ""processing_level"": ""TOA"", ""surface_model"": null, ""vertical_datum"": null, ""acquisition_time"": null, ""available_time"": null, ""provenance"": ""authoritative-product"", ""band_role"": ""red"", ""nodata_semantics"": null, ""uncertainty"": null, ""allowed_values"": null, ""observed_min"": null, ""observed_max"": null, ""attrs"": {}}]","[{""op"": ""require_surface_reflectance"", ""params"": {""artifact"": 0}}]",UNPROVEN,"The workflow operation requires surface reflectance, which is implied by the 'reflectance' quantity in the artifact metadata without explicit declaration.",5,PROVEN,"No supplied scientific constraint is violated, and the supplied evidence is sufficient for the declared goal/workflow.",5.0,PROVEN,"The workflow operation requires surface reflectance, which is available in the artifact.",5.0,UNRESOLVED,FEWER_THAN_TWO_ELIGIBLE_JUDGES,0,REFUTED,REFUTED
45,SGX3_BLIND_landcover_change_022,"{""goal"": ""landcover_change"", ""required_quantity"": null, ""required_unit"": null, ""decision_time"": null, ""max_resolution_m"": null, ""requires_bare_earth"": false, ""requires_cloud_mask"": false, ""max_uncertainty"": null, ""temporal_tolerance_h"": null, ""required_value_range"": null}","[{""name"": ""WorldCover-20"", ""quantity"": ""land_cover"", ""unit"": null, ""scale"": ""categorical"", ""crs"": ""EPSG:4326"", ""resolution_m"": 20, ""temporal_resolution_h"": null, ""processing_level"": null, ""surface_model"": null, ""vertical_datum"": null, ""acquisition_time"": null, ""available_time"": null, ""provenance"": ""ESA WorldCover"", ""band_role"": null, ""nodata_semantics"": null, ""uncertainty"": null, ""allowed_values"": [10, 20, 30, 40, 50, 60, 70, 80, 90, 95, 100], ""observed_min"": null, ""observed_max"": null, ""attrs"": {}}]","[{""op"": ""resample"", ""params"": {""artifact"": 0, ""method"": ""lanczos"", ""target_resolution_m"": 30, ""evidence_of_new_information"": true}}]",UNPROVEN,"The workflow requires resampling with a target resolution of 30 meters, which is not possible with the current 20-meter resolution due to the lack of provenance for the original data.",5,PROVEN,No contradictions or missing required evidence for the resampling operation.,5.0,PROVEN,"The resampling method is Lanczos, which is a valid operation for categorical resampling. The resampled resolution is 30m, which is within the required range of 20m.",5.0,UNRESOLVED,FEWER_THAN_TWO_ELIGIBLE_JUDGES,0,REFUTED,REFUTED
46,SGX3_DEVELOPMENT_nodata_zero_000,"{""goal"": ""nodata_zero"", ""required_quantity"": null, ""required_unit"": null, ""decision_time"": null, ""max_resolution_m"": null, ""requires_bare_earth"": false, ""requires_cloud_mask"": false, ""max_uncertainty"": null, ""temporal_tolerance_h"": null, ""required_value_range"": null}","[{""name"": ""rain"", ""quantity"": ""rainfall"", ""unit"": ""mm"", ""scale"": ""continuous"", ""crs"": ""EPSG:32643"", ""resolution_m"": 10.0, ""temporal_resolution_h"": null, ""processing_level"": null, ""surface_model"": null, ""vertical_datum"": null, ""acquisition_time"": null, ""available_time"": null, ""provenance"": ""authoritative-product"", ""band_role"": null, ""nodata_semantics"": ""missing"", ""uncertainty"": null, ""allowed_values"": null, ""observed_min"": null, ""observed_max"": null, ""attrs"": {}}]","[{""op"": ""fill_nodata"", ""params"": {""artifact"": 0, ""value"": -9999, ""zero_is_physically_valid"": true}}]",PROVEN,The workflow operation 'fill_nodata' uses a value (-9999) that is consistent with the nodata_semantics 'missing' and does not require any additional scientific validation.,5,PROVEN,The workflow operation 'fill_nodata' is consistent with the scientific intent and artifacts provided.,5.0,UNPARSED,,,UNRESOLVED,FEWER_THAN_TWO_ELIGIBLE_JUDGES,0,PROVEN,PROVEN
47,SGX3_DEVELOPMENT_processing_level_001,"{""goal"": ""processing_level"", ""required_quantity"": null, ""required_unit"": null, ""decision_time"": null, ""max_resolution_m"": null, ""requires_bare_earth"": false, ""requires_cloud_mask"": false, ""max_uncertainty"": null, ""temporal_tolerance_h"": null, ""required_value_range"": null}","[{""name"": ""optical"", ""quantity"": ""reflectance"", ""unit"": null, ""scale"": ""continuous"", ""crs"": ""EPSG:32643"", ""resolution_m"": 10.0, ""temporal_resolution_h"": null, ""processing_level"": ""raw_DN"", ""surface_model"": null, ""vertical_datum"": null, ""acquisition_time"": null, ""available_time"": null, ""provenance"": ""authoritative-product"", ""band_role"": ""red"", ""nodata_semantics"": null, ""uncertainty"": null, ""allowed_values"": null, ""observed_min"": null, ""observed_max"": null, ""attrs"": {}}]","[{""op"": ""require_surface_reflectance"", ""params"": {""artifact"": 0}}]",UNPROVEN,"The workflow requires processing a surface reflectance, which implies the unit and scale should be consistent with the reflectance quantity. The unit is null in the artifact metadata, which is a requirement for the operation.",5,PROVEN,The workflow operation 'require_surface_reflectance' is met by the artifact 'optical' with the quantity 'reflectance' and no additional constraints are violated.,5.0,PROVEN,"The workflow operation requires surface reflectance, which is available in the artifact.",5.0,UNRESOLVED,FEWER_THAN_TWO_ELIGIBLE_JUDGES,0,REFUTED,REFUTED
48,SGX3_BLIND_flood_depth_006,"{""goal"": ""flood_depth"", ""required_quantity"": null, ""required_unit"": null, ""decision_time"": null, ""max_resolution_m"": null, ""requires_bare_earth"": false, ""requires_cloud_mask"": false, ""max_uncertainty"": null, ""temporal_tolerance_h"": null, ""required_value_range"": null}","[{""name"": ""terrain-10"", ""quantity"": ""elevation"", ""unit"": ""m"", ""scale"": ""continuous"", ""crs"": ""EPSG:32643"", ""resolution_m"": 10, ""temporal_resolution_h"": null, ""processing_level"": null, ""surface_model"": ""DSM"", ""vertical_datum"": ""EGM2008"", ""acquisition_time"": null, ""available_time"": null, ""provenance"": ""Copernicus DEM"", ""band_role"": null, ""nodata_semantics"": null, ""uncertainty"": null, ""allowed_values"": null, ""observed_min"": null, ""observed_max"": null, ""attrs"": {}}, {""name"": ""water-surface"", ""quantity"": ""water_level"", ""unit"": ""cm"", ""scale"": ""continuous"", ""crs"": ""EPSG:32643"", ""resolution_m"": 10.0, ""temporal_resolution_h"": null, ""processing_level"": null, ""surface_model"": null, ""vertical_datum"": null, ""acquisition_time"": null, ""available_time"": null, ""provenance"": ""hydraulic model"", ""band_role"": null, ""nodata_semantics"": null, ""uncertainty"": null, ""allowed_values"": null, ""observed_min"": null, ""observed_max"": null, ""attrs"": {}}]","[{""op"": ""combine_vertical"", ""params"": {""a"": 0, ""b"": 1}}, {""op"": ""convert_unit"", ""params"": {""artifact"": 1, ""to"": ""km""}}]",UNPROVEN,The workflow requires vertical datum information which is not provided in the artifacts.,5,UNPARSED,,,PROVEN,"The workflow combines DSM and water-surface elevation, converts units, and no required evidence is missing.",5.0,UNRESOLVED,FEWER_THAN_TWO_ELIGIBLE_JUDGES,0,UNPROVEN,UNPROVEN
49,SGX3_BLIND_flood_remote_sensing_031,"{""goal"": ""flood_remote_sensing"", ""required_quantity"": null, ""required_unit"": null, ""decision_time"": null, ""max_resolution_m"": null, ""requires_bare_earth"": false, ""requires_cloud_mask"": false, ""max_uncertainty"": null, ""temporal_tolerance_h"": null, ""required_value_range"": null}","[{""name"": ""flood-mask-30"", ""quantity"": ""flood_extent"", ""unit"": null, ""scale"": ""binary"", ""crs"": ""EPSG:4326"", ""resolution_m"": 30, ""temporal_resolution_h"": null, ""processing_level"": null, ""surface_model"": null, ""vertical_datum"": null, ""acquisition_time"": null, ""available_time"": null, ""provenance"": ""authoritative-product"", ""band_role"": null, ""nodata_semantics"": null, ""uncertainty"": null, ""allowed_values"": null, ""observed_min"": null, ""observed_max"": null, ""attrs"": {""cloud_mask_applied"": true}}, {""name"": ""S1"", ""quantity"": ""backscatter"", ""unit"": null, ""scale"": ""continuous"", ""crs"": ""EPSG:32643"", ""resolution_m"": 10, ""temporal_resolution_h"": null, ""processing_level"": null, ""surface_model"": null, ""vertical_datum"": null, ""acquisition_time"": ""2024-07-05T10:00:00+00:00"", ""available_time"": null, ""provenance"": ""authoritative-product"", ""band_role"": null, ""nodata_semantics"": null, ""uncertainty"": null, ""allowed_values"": null, ""observed_min"": null, ""observed_max"": null, ""attrs"": {}}, {""name"": ""S2"", ""quantity"": ""reflectance"", ""unit"": null, ""scale"": ""continuous"", ""crs"": ""EPSG:32643"", ""resolution_m"": 10, ""temporal_resolution_h"": null, ""processing_level"": null, ""surface_model"": null, ""vertical_datum"": null, ""acquisition_time"": ""2024-07-08T10:00:00+00:00"", ""available_time"": null, ""provenance"": ""authoritative-product"", ""band_role"": null, ""nodata_semantics"": null, ""uncertainty"": null, ""allowed_values"": null, ""observed_min"": null, ""observed_max"": null, ""attrs"": {}}]","[{""op"": ""require_cloud_mask"", ""params"": {""artifact"": 0}}, {""op"": ""compare_sensors"", ""params"": {""a"": 1, ""b"": 2, ""tolerance_h"": 3}}, {""op"": ""area"", ""params"": {""artifact"": 0, ""method"": ""geodesic"", ""output_unit"": ""km2""}}]",UNPROVEN,"The operations require cloud mask application and sensor comparison, which are not provided in the artifacts.",5,UNPARSED,,,PROVEN,The workflow operations are compatible with the scientific intent and artifacts provided.,5.0,UNRESOLVED,FEWER_THAN_TWO_ELIGIBLE_JUDGES,0,REFUTED,REFUTED
50,SGX3_DEVELOPMENT_future_information_007,"{""goal"": ""flood forecast"", ""required_quantity"": null, ""required_unit"": null, ""decision_time"": ""2024-08-01T12:00:00+00:00"", ""max_resolution_m"": null, ""requires_bare_earth"": false, ""requires_cloud_mask"": false, ""max_uncertainty"": null, ""temporal_tolerance_h"": null, ""required_value_range"": null}","[{""name"": ""rain-feature"", ""quantity"": ""rainfall"", ""unit"": ""mm"", ""scale"": ""continuous"", ""crs"": ""EPSG:32643"", ""resolution_m"": 10.0, ""temporal_resolution_h"": null, ""processing_level"": null, ""surface_model"": null, ""vertical_datum"": null, ""acquisition_time"": null, ""available_time"": ""2024-08-01T15:00:00+00:00"", ""provenance"": ""authoritative-product"", ""band_role"": null, ""nodata_semantics"": null, ""uncertainty"": null, ""allowed_values"": null, ""observed_min"": null, ""observed_max"": null, ""attrs"": {}}]","[{""op"": ""predict"", ""params"": {""features"": [0]}}]",UNPROVEN,"The workflow requires a temporal resolution for the rainfall feature, which is not provided in the artifact metadata.",5,UNPARSED,,,UNPROVEN,"No contradiction is established, and required evidence for the predict operation is not explicitly stated, but the predict operation itself does not require additional evidence beyond the provided artifacts.",5.0,UNRESOLVED,FEWER_THAN_TWO_ELIGIBLE_JUDGES,0,REFUTED,REFUTED
51,SGX3_BLIND_flood_remote_sensing_000,"{""goal"": ""flood_remote_sensing"", ""required_quantity"": null, ""required_unit"": null, ""decision_time"": null, ""max_resolution_m"": null, ""requires_bare_earth"": false, ""requires_cloud_mask"": false, ""max_uncertainty"": null, ""temporal_tolerance_h"": null, ""required_value_range"": null}","[{""name"": ""flood-mask-30"", ""quantity"": ""flood_extent"", ""unit"": null, ""scale"": ""binary"", ""crs"": ""EPSG:4326"", ""resolution_m"": 30, ""temporal_resolution_h"": null, ""processing_level"": null, ""surface_model"": null, ""vertical_datum"": null, ""acquisition_time"": null, ""available_time"": null, ""provenance"": ""authoritative-product"", ""band_role"": null, ""nodata_semantics"": null, ""uncertainty"": null, ""allowed_values"": null, ""observed_min"": null, ""observed_max"": null, ""attrs"": {""cloud_mask_applied"": true}}, {""name"": ""S1"", ""quantity"": ""backscatter"", ""unit"": null, ""scale"": ""continuous"", ""crs"": ""EPSG:32643"", ""resolution_m"": 10, ""temporal_resolution_h"": null, ""processing_level"": null, ""surface_model"": null, ""vertical_datum"": null, ""acquisition_time"": ""2024-07-05T10:00:00+00:00"", ""available_time"": null, ""provenance"": ""authoritative-product"", ""band_role"": null, ""nodata_semantics"": null, ""uncertainty"": null, ""allowed_values"": null, ""observed_min"": null, ""observed_max"": null, ""attrs"": {}}, {""name"": ""S2"", ""quantity"": ""reflectance"", ""unit"": null, ""scale"": ""continuous"", ""crs"": ""EPSG:32643"", ""resolution_m"": 10, ""temporal_resolution_h"": null, ""processing_level"": null, ""surface_model"": null, ""vertical_datum"": null, ""acquisition_time"": ""2024-07-05T16:00:00+00:00"", ""available_time"": null, ""provenance"": ""authoritative-product"", ""band_role"": null, ""nodata_semantics"": null, ""uncertainty"": null, ""allowed_values"": null, ""observed_min"": null, ""observed_max"": null, ""attrs"": {}}]","[{""op"": ""require_cloud_mask"", ""params"": {""artifact"": 0}}, {""op"": ""compare_sensors"", ""params"": {""a"": 1, ""b"": 2, ""tolerance_h"": 6}}, {""op"": ""area"", ""params"": {""artifact"": 0, ""method"": ""planar"", ""output_unit"": ""km2""}}]",UNPROVEN,"The operations require cloud mask application and sensor comparison, which are not provided in the artifacts.",5,UNPARSED,,,PROVEN,"The workflow requires a cloud mask, which is provided for artifact 0. The sensors are compared with a tolerance of 6 hours, and the area is calculated using a planar CRS.",5.0,UNRESOLVED,FEWER_THAN_TWO_ELIGIBLE_JUDGES,0,REFUTED,REFUTED
52,SGX3_BLIND_eo_ml_validation_043,"{""goal"": ""eo_ml_validation"", ""required_quantity"": null, ""required_unit"": null, ""decision_time"": null, ""max_resolution_m"": null, ""requires_bare_earth"": false, ""requires_cloud_mask"": false, ""max_uncertainty"": null, ""temporal_tolerance_h"": null, ""required_value_range"": null}","[{""name"": ""EO-samples-7542"", ""quantity"": ""training_samples"", ""unit"": null, ""scale"": ""continuous"", ""crs"": ""EPSG:32643"", ""resolution_m"": 10.0, ""temporal_resolution_h"": null, ""processing_level"": null, ""surface_model"": null, ""vertical_datum"": null, ""acquisition_time"": null, ""available_time"": null, ""provenance"": ""authoritative-product"", ""band_role"": null, ""nodata_semantics"": null, ""uncertainty"": null, ""allowed_values"": null, ""observed_min"": null, ""observed_max"": null, ""attrs"": {}}]","[{""op"": ""split"", ""params"": {""mode"": ""temporal"", ""train_end"": ""2024-07-29T00:00:00+00:00"", ""test_start"": ""2024-07-01T00:00:00+00:00""}}]",UNPROVEN,"The workflow operation 'split' requires temporal boundaries, which are not provided in the artifacts.",5,PROVEN,The workflow operation 'split' is a standard procedure in machine learning validation and does not violate any stated or scientifically required constraints.,5.0,PROVEN,No contradictions are present and the workflow operations do not require additional evidence.,5.0,UNRESOLVED,FEWER_THAN_TWO_ELIGIBLE_JUDGES,0,REFUTED,REFUTED
53,SGX3_BLIND_flood_remote_sensing_046,"{""goal"": ""flood_remote_sensing"", ""required_quantity"": null, ""required_unit"": null, ""decision_time"": null, ""max_resolution_m"": null, ""requires_bare_earth"": false, ""requires_cloud_mask"": false, ""max_uncertainty"": null, ""temporal_tolerance_h"": null, ""required_value_range"": null}","[{""name"": ""flood-mask-20"", ""quantity"": ""flood_extent"", ""unit"": null, ""scale"": ""binary"", ""crs"": ""EPSG:32643"", ""resolution_m"": 20, ""temporal_resolution_h"": null, ""processing_level"": null, ""surface_model"": null, ""vertical_datum"": null, ""acquisition_time"": null, ""available_time"": null, ""provenance"": ""authoritative-product"", ""band_role"": null, ""nodata_semantics"": null, ""uncertainty"": null, ""allowed_values"": null, ""observed_min"": null, ""observed_max"": null, ""attrs"": {""cloud_mask_applied"": false}}, {""name"": ""S1"", ""quantity"": ""backscatter"", ""unit"": null, ""scale"": ""continuous"", ""crs"": ""EPSG:32643"", ""resolution_m"": 10, ""temporal_resolution_h"": null, ""processing_level"": null, ""surface_model"": null, ""vertical_datum"": null, ""acquisition_time"": ""2024-07-10T10:00:00+00:00"", ""available_time"": null, ""provenance"": ""authoritative-product"", ""band_role"": null, ""nodata_semantics"": null, ""uncertainty"": null, ""allowed_values"": null, ""observed_min"": null, ""observed_max"": null, ""attrs"": {}}, {""name"": ""S2"", ""quantity"": ""reflectance"", ""unit"": null, ""scale"": ""continuous"", ""crs"": ""EPSG:32643"", ""resolution_m"": 10, ""temporal_resolution_h"": null, ""processing_level"": null, ""surface_model"": null, ""vertical_datum"": null, ""acquisition_time"": ""2024-07-11T10:00:00+00:00"", ""available_time"": null, ""provenance"": ""authoritative-product"", ""band_role"": null, ""nodata_semantics"": null, ""uncertainty"": null, ""allowed_values"": null, ""observed_min"": null, ""observed_max"": null, ""attrs"": {}}]","[{""op"": ""require_cloud_mask"", ""params"": {""artifact"": 0}}, {""op"": ""compare_sensors"", ""params"": {""a"": 1, ""b"": 2, ""tolerance_h"": 6}}, {""op"": ""area"", ""params"": {""artifact"": 0, ""method"": ""planar"", ""output_unit"": ""km2""}}]",UNPROVEN,"The operations require cloud mask and sensor comparison, which are not provided in the artifacts.",5,UNPARSED,,,PROVEN,"The workflow requires a cloud mask, which is provided for artifact 0. The sensors are compared with a tolerance of 6 hours, and the area is calculated using a planar CRS.",5.0,UNRESOLVED,FEWER_THAN_TWO_ELIGIBLE_JUDGES,0,REFUTED,REFUTED
54,SGX3_BLIND_eo_ml_validation_036,"{""goal"": ""eo_ml_validation"", ""required_quantity"": null, ""required_unit"": null, ""decision_time"": null, ""max_resolution_m"": null, ""requires_bare_earth"": false, ""requires_cloud_mask"": false, ""max_uncertainty"": null, ""temporal_tolerance_h"": null, ""required_value_range"": null}","[{""name"": ""EO-samples-6992"", ""quantity"": ""training_samples"", ""unit"": null, ""scale"": ""continuous"", ""crs"": ""EPSG:32643"", ""resolution_m"": 10.0, ""temporal_resolution_h"": null, ""processing_level"": null, ""surface_model"": null, ""vertical_datum"": null, ""acquisition_time"": null, ""available_time"": null, ""provenance"": ""authoritative-product"", ""band_role"": null, ""nodata_semantics"": null, ""uncertainty"": null, ""allowed_values"": null, ""observed_min"": null, ""observed_max"": null, ""attrs"": {}}]","[{""op"": ""split"", ""params"": {""mode"": ""spatial"", ""separation_m"": 1551, ""dependence_range_m"": 3224}}]",UNPROVEN,"The workflow operation 'split' requires spatial separation and dependence range, which are not provided in the artifact metadata.",5,PROVEN,"No supplied scientific constraint is violated, and the supplied evidence is sufficient for the declared goal/workflow.",5.0,PROVEN,No contradictions or missing required evidence are present.,5.0,UNRESOLVED,FEWER_THAN_TWO_ELIGIBLE_JUDGES,0,REFUTED,REFUTED
55,SGX3_HELDOUT-FAMILY_uncertainty_missing_003,"{""goal"": ""operational decision"", ""required_quantity"": null, ""required_unit"": null, ""decision_time"": null, ""max_resolution_m"": null, ""requires_bare_earth"": false, ""requires_cloud_mask"": false, ""max_uncertainty"": 0.05, ""temporal_tolerance_h"": null, ""required_value_range"": null}","[{""name"": ""hazard"", ""quantity"": ""hazard_probability"", ""unit"": ""dimensionless"", ""scale"": ""continuous"", ""crs"": ""EPSG:32643"", ""resolution_m"": 10.0, ""temporal_resolution_h"": null, ""processing_level"": null, ""surface_model"": null, ""vertical_datum"": null, ""acquisition_time"": null, ""available_time"": null, ""provenance"": ""authoritative-product"", ""band_role"": null, ""nodata_semantics"": null, ""uncertainty"": 0.0332, ""allowed_values"": null, ""observed_min"": null, ""observed_max"": null, ""attrs"": {}}]",[],UNPROVEN,"The workflow contains no operations, and thus no evidence can be established.",5,PROVEN,"No supplied scientific constraint is violated, and the supplied evidence is sufficient for every operation that is actually required by the declared goal/workflow.",5.0,PROVEN,"No scientific constraints are violated, and the required evidence for operations is sufficient.",5.0,UNRESOLVED,FEWER_THAN_TWO_ELIGIBLE_JUDGES,0,PROVEN,PROVEN
56,SGX3_BLIND_flood_depth_002,"{""goal"": ""flood_depth"", ""required_quantity"": null, ""required_unit"": null, ""decision_time"": null, ""max_resolution_m"": null, ""requires_bare_earth"": false, ""requires_cloud_mask"": false, ""max_uncertainty"": null, ""temporal_tolerance_h"": null, ""required_value_range"": null}","[{""name"": ""terrain-30"", ""quantity"": ""elevation"", ""unit"": ""m"", ""scale"": ""continuous"", ""crs"": ""EPSG:32643"", ""resolution_m"": 30, ""temporal_resolution_h"": null, ""processing_level"": null, ""surface_model"": ""DTM"", ""vertical_datum"": ""EGM2008"", ""acquisition_time"": null, ""available_time"": null, ""provenance"": ""Copernicus DEM"", ""band_role"": null, ""nodata_semantics"": null, ""uncertainty"": null, ""allowed_values"": null, ""observed_min"": null, ""observed_max"": null, ""attrs"": {}}, {""name"": ""water-surface"", ""quantity"": ""water_level"", ""unit"": ""cm"", ""scale"": ""continuous"", ""crs"": ""EPSG:32643"", ""resolution_m"": 10.0, ""temporal_resolution_h"": null, ""processing_level"": null, ""surface_model"": null, ""vertical_datum"": ""EGM96"", ""acquisition_time"": null, ""available_time"": null, ""provenance"": ""hydraulic model"", ""band_role"": null, ""nodata_semantics"": null, ""uncertainty"": null, ""allowed_values"": null, ""observed_min"": null, ""observed_max"": null, ""attrs"": {}}]","[{""op"": ""combine_vertical"", ""params"": {""a"": 0, ""b"": 1}}, {""op"": ""convert_unit"", ""params"": {""artifact"": 1, ""to"": ""K""}}]",UNPROVEN,"The workflow requires vertical datum compatibility and unit conversion, which are not provided in the artifacts.",5,UNPARSED,,,UNPROVEN,"The water-level unit is specified as cm, but the operation requires a unit of K (Kelvin), which is incompatible with the input unit.",5.0,UNRESOLVED,FEWER_THAN_TWO_ELIGIBLE_JUDGES,0,REFUTED,REFUTED
57,SGX3_BLIND_flood_remote_sensing_014,"{""goal"": ""flood_remote_sensing"", ""required_quantity"": null, ""required_unit"": null, ""decision_time"": null, ""max_resolution_m"": null, ""requires_bare_earth"": false, ""requires_cloud_mask"": false, ""max_uncertainty"": null, ""temporal_tolerance_h"": null, ""required_value_range"": null}","[{""name"": ""flood-mask-10"", ""quantity"": ""flood_extent"", ""unit"": null, ""scale"": ""binary"", ""crs"": ""EPSG:4326"", ""resolution_m"": 10, ""temporal_resolution_h"": null, ""processing_level"": null, ""surface_model"": null, ""vertical_datum"": null, ""acquisition_time"": null, ""available_time"": null, ""provenance"": ""authoritative-product"", ""band_role"": null, ""nodata_semantics"": null, ""uncertainty"": null, ""allowed_values"": null, ""observed_min"": null, ""observed_max"": null, ""attrs"": {""cloud_mask_applied"": false}}, {""name"": ""S1"", ""quantity"": ""backscatter"", ""unit"": null, ""scale"": ""continuous"", ""crs"": ""EPSG:32643"", ""resolution_m"": 10, ""temporal_resolution_h"": null, ""processing_level"": null, ""surface_model"": null, ""vertical_datum"": null, ""acquisition_time"": ""2024-07-10T10:00:00+00:00"", ""available_time"": null, ""provenance"": ""authoritative-product"", ""band_role"": null, ""nodata_semantics"": null, ""uncertainty"": null, ""allowed_values"": null, ""observed_min"": null, ""observed_max"": null, ""attrs"": {}}, {""name"": ""S2"", ""quantity"": ""reflectance"", ""unit"": null, ""scale"": ""continuous"", ""crs"": ""EPSG:32643"", ""resolution_m"": 10, ""temporal_resolution_h"": null, ""processing_level"": null, ""surface_model"": null, ""vertical_datum"": null, ""acquisition_time"": ""2024-07-11T10:00:00+00:00"", ""available_time"": null, ""provenance"": ""authoritative-product"", ""band_role"": null, ""nodata_semantics"": null, ""uncertainty"": null, ""allowed_values"": null, ""observed_min"": null, ""observed_max"": null, ""attrs"": {}}]","[{""op"": ""require_cloud_mask"", ""params"": {""artifact"": 0}}, {""op"": ""compare_sensors"", ""params"": {""a"": 1, ""b"": 2, ""tolerance_h"": 6}}, {""op"": ""area"", ""params"": {""artifact"": 0, ""method"": ""geodesic"", ""output_unit"": ""km2""}}]",UNPROVEN,"The operations require cloud mask and sensor comparison, which are not provided in the artifacts.",5,UNPARSED,,,PROVEN,"The workflow requires a cloud mask, which is applied to artifact 0. The sensors are compared with a tolerance of 6 hours. The area calculation uses geodesic method on artifact 0.",5.0,UNRESOLVED,FEWER_THAN_TWO_ELIGIBLE_JUDGES,0,REFUTED,REFUTED
58,SGX3_HELDOUT-FAMILY_uncertainty_missing_014,"{""goal"": ""operational decision"", ""required_quantity"": null, ""required_unit"": null, ""decision_time"": null, ""max_resolution_m"": null, ""requires_bare_earth"": false, ""requires_cloud_mask"": false, ""max_uncertainty"": 0.05, ""temporal_tolerance_h"": null, ""required_value_range"": null}","[{""name"": ""hazard"", ""quantity"": ""hazard_probability"", ""unit"": ""dimensionless"", ""scale"": ""continuous"", ""crs"": ""EPSG:32643"", ""resolution_m"": 10.0, ""temporal_resolution_h"": null, ""processing_level"": null, ""surface_model"": null, ""vertical_datum"": null, ""acquisition_time"": null, ""available_time"": null, ""provenance"": ""authoritative-product"", ""band_role"": null, ""nodata_semantics"": null, ""uncertainty"": 0.0084, ""allowed_values"": null, ""observed_min"": null, ""observed_max"": null, ""attrs"": {}}]",[],UNPROVEN,"The workflow contains no operations, and thus no evidence can be established.",5,PROVEN,"No supplied scientific constraint is violated, and the supplied evidence is sufficient for every operation that is actually required by the declared goal/workflow.",5.0,PROVEN,"No scientific constraints are violated, and the required evidence for operations is sufficient.",5.0,UNRESOLVED,FEWER_THAN_TWO_ELIGIBLE_JUDGES,0,PROVEN,PROVEN
59,SGX3_DEVELOPMENT_unsupported_resolution_gain_004,"{""goal"": ""unsupported_resolution_gain"", ""required_quantity"": null, ""required_unit"": null, ""decision_time"": null, ""max_resolution_m"": null, ""requires_bare_earth"": false, ""requires_cloud_mask"": false, ""max_uncertainty"": null, ""temporal_tolerance_h"": null, ""required_value_range"": null}","[{""name"": ""raster"", ""quantity"": ""surface_property"", ""unit"": null, ""scale"": ""continuous"", ""crs"": ""EPSG:32643"", ""resolution_m"": 100, ""temporal_resolution_h"": null, ""processing_level"": null, ""surface_model"": null, ""vertical_datum"": null, ""acquisition_time"": null, ""available_time"": null, ""provenance"": ""authoritative-product"", ""band_role"": null, ""nodata_semantics"": null, ""uncertainty"": null, ""allowed_values"": null, ""observed_min"": null, ""observed_max"": null, ""attrs"": {}}]","[{""op"": ""resample"", ""params"": {""artifact"": 0, ""method"": ""bilinear"", ""target_resolution_m"": 100, ""evidence_of_new_information"": false}}]",UNPROVEN,"The workflow operation resamples the raster with the same resolution (100m), so no new information is created.",5,PROVEN,"No supplied scientific constraint is violated, and the supplied evidence is sufficient for the declared goal/workflow.",5.0,PROVEN,The resampling operation is compatible with the input resolution and method.,5.0,UNRESOLVED,FEWER_THAN_TWO_ELIGIBLE_JUDGES,0,PROVEN,PROVEN
60,SGX3_DEVELOPMENT_categorical_interpolation_004,"{""goal"": ""categorical_interpolation"", ""required_quantity"": null, ""required_unit"": null, ""decision_time"": null, ""max_resolution_m"": null, ""requires_bare_earth"": false, ""requires_cloud_mask"": false, ""max_uncertainty"": null, ""temporal_tolerance_h"": null, ""required_value_range"": null}","[{""name"": ""landcover-10"", ""quantity"": ""land_cover"", ""unit"": null, ""scale"": ""categorical"", ""crs"": ""EPSG:4326"", ""resolution_m"": 10, ""temporal_resolution_h"": null, ""processing_level"": null, ""surface_model"": null, ""vertical_datum"": null, ""acquisition_time"": null, ""available_time"": null, ""provenance"": ""authoritative-product"", ""band_role"": null, ""nodata_semantics"": null, ""uncertainty"": null, ""allowed_values"": [10, 20, 30, 40, 50, 60, 70, 80, 90, 95, 100], ""observed_min"": null, ""observed_max"": null, ""attrs"": {}}]","[{""op"": ""resample"", ""params"": {""artifact"": 0, ""method"": ""nearest"", ""target_resolution_m"": 90, ""evidence_of_new_information"": true}}]",UNPROVEN,"The workflow requires resampling with a target resolution of 90 meters, which is not aligned with the original 10-meter resolution. The required unit and quantity constraints are not provided, and the workflow operation itself requires these details.",5,PROVEN,The resampling operation is consistent with the provided artifacts and does not violate any stated constraints.,5.0,PROVEN,The categorical interpolation operation is compatible with the nearest resampling method and the provided landcover-10 artifact's scale and resolution.,5.0,UNRESOLVED,FEWER_THAN_TWO_ELIGIBLE_JUDGES,0,PROVEN,PROVEN
61,SGX3_BLIND_flood_remote_sensing_025,"{""goal"": ""flood_remote_sensing"", ""required_quantity"": null, ""required_unit"": null, ""decision_time"": null, ""max_resolution_m"": null, ""requires_bare_earth"": false, ""requires_cloud_mask"": false, ""max_uncertainty"": null, ""temporal_tolerance_h"": null, ""required_value_range"": null}","[{""name"": ""flood-mask-10"", ""quantity"": ""flood_extent"", ""unit"": null, ""scale"": ""binary"", ""crs"": ""EPSG:4326"", ""resolution_m"": 10, ""temporal_resolution_h"": null, ""processing_level"": null, ""surface_model"": null, ""vertical_datum"": null, ""acquisition_time"": null, ""available_time"": null, ""provenance"": ""authoritative-product"", ""band_role"": null, ""nodata_semantics"": null, ""uncertainty"": null, ""allowed_values"": null, ""observed_min"": null, ""observed_max"": null, ""attrs"": {""cloud_mask_applied"": true}}, {""name"": ""S1"", ""quantity"": ""backscatter"", ""unit"": null, ""scale"": ""continuous"", ""crs"": ""EPSG:32643"", ""resolution_m"": 10, ""temporal_resolution_h"": null, ""processing_level"": null, ""surface_model"": null, ""vertical_datum"": null, ""acquisition_time"": ""2024-07-15T10:00:00+00:00"", ""available_time"": null, ""provenance"": ""authoritative-product"", ""band_role"": null, ""nodata_semantics"": null, ""uncertainty"": null, ""allowed_values"": null, ""observed_min"": null, ""observed_max"": null, ""attrs"": {}}, {""name"": ""S2"", ""quantity"": ""reflectance"", ""unit"": null, ""scale"": ""continuous"", ""crs"": ""EPSG:32643"", ""resolution_m"": 10, ""temporal_resolution_h"": null, ""processing_level"": null, ""surface_model"": null, ""vertical_datum"": null, ""acquisition_time"": ""2024-07-15T13:00:00+00:00"", ""available_time"": null, ""provenance"": ""authoritative-product"", ""band_role"": null, ""nodata_semantics"": null, ""uncertainty"": null, ""allowed_values"": null, ""observed_min"": null, ""observed_max"": null, ""attrs"": {}}]","[{""op"": ""require_cloud_mask"", ""params"": {""artifact"": 0}}, {""op"": ""compare_sensors"", ""params"": {""a"": 1, ""b"": 2, ""tolerance_h"": 3}}, {""op"": ""area"", ""params"": {""artifact"": 0, ""method"": ""geodesic"", ""output_unit"": ""km2""}}]",UNPROVEN,"The operations require cloud mask application and sensor comparison, which are not provided in the artifacts.",5,UNPROVEN,"No contradiction is established, but a piece of evidence that is genuinely necessary for an operation cannot be established from the supplied metadata.",3.0,PROVEN,The workflow operations are compatible with the scientific intent and artifacts provided.,5.0,UNRESOLVED,FEWER_THAN_TWO_ELIGIBLE_JUDGES,0,PROVEN,PROVEN
62,SGX3_BLIND_landslide_forecast_025,"{""goal"": ""landslide forecast"", ""required_quantity"": null, ""required_unit"": null, ""decision_time"": ""2024-08-05T12:00:00+00:00"", ""max_resolution_m"": null, ""requires_bare_earth"": false, ""requires_cloud_mask"": false, ""max_uncertainty"": null, ""temporal_tolerance_h"": null, ""required_value_range"": null}","[{""name"": ""IMERG-feature"", ""quantity"": ""rainfall"", ""unit"": ""mm"", ""scale"": ""continuous"", ""crs"": ""EPSG:32643"", ""resolution_m"": 10.0, ""temporal_resolution_h"": null, ""processing_level"": null, ""surface_model"": null, ""vertical_datum"": null, ""acquisition_time"": null, ""available_time"": ""2024-08-04T12:00:00+00:00"", ""provenance"": null, ""band_role"": null, ""nodata_semantics"": null, ""uncertainty"": null, ""allowed_values"": null, ""observed_min"": null, ""observed_max"": null, ""attrs"": {}}, {""name"": ""terrain-60"", ""quantity"": ""elevation"", ""unit"": ""m"", ""scale"": ""continuous"", ""crs"": ""EPSG:32643"", ""resolution_m"": 60, ""temporal_resolution_h"": null, ""processing_level"": null, ""surface_model"": ""DSM"", ""vertical_datum"": ""EGM2008"", ""acquisition_time"": null, ""available_time"": null, ""provenance"": ""Copernicus DEM"", ""band_role"": null, ""nodata_semantics"": null, ""uncertainty"": null, ""allowed_values"": null, ""observed_min"": null, ""observed_max"": null, ""attrs"": {}}]","[{""op"": ""predict"", ""params"": {""features"": [0]}}, {""op"": ""require_bare_earth"", ""params"": {""artifact"": 1}}]",UNPROVEN,"The workflow requires 'requires_bare_earth' to be true, which is not provided in the artifacts.",5,UNPARSED,,,REFUTED,"The workflow requires bare-earthen terrain but the artifact is a DSM, which is not bare-earthen.",5.0,UNRESOLVED,FEWER_THAN_TWO_ELIGIBLE_JUDGES,0,REFUTED,REFUTED
63,SGX3_BLIND_eo_ml_validation_018,"{""goal"": ""eo_ml_validation"", ""required_quantity"": null, ""required_unit"": null, ""decision_time"": null, ""max_resolution_m"": null, ""requires_bare_earth"": false, ""requires_cloud_mask"": false, ""max_uncertainty"": null, ""temporal_tolerance_h"": null, ""required_value_range"": null}","[{""name"": ""EO-samples-8371"", ""quantity"": ""training_samples"", ""unit"": null, ""scale"": ""continuous"", ""crs"": ""EPSG:32643"", ""resolution_m"": 10.0, ""temporal_resolution_h"": null, ""processing_level"": null, ""surface_model"": null, ""vertical_datum"": null, ""acquisition_time"": null, ""available_time"": null, ""provenance"": ""authoritative-product"", ""band_role"": null, ""nodata_semantics"": null, ""uncertainty"": null, ""allowed_values"": null, ""observed_min"": null, ""observed_max"": null, ""attrs"": {}}]","[{""op"": ""split"", ""params"": {""mode"": ""temporal"", ""train_end"": ""2024-07-23T00:00:00+00:00"", ""test_start"": ""2024-08-01T00:00:00+00:00""}}]",UNPROVEN,"The workflow operation 'split' requires temporal boundaries, which are not provided in the artifacts.",5,UNPARSED,,,PROVEN,No contradictions are present and the workflow operations do not require additional evidence.,5.0,UNRESOLVED,FEWER_THAN_TWO_ELIGIBLE_JUDGES,0,PROVEN,PROVEN
64,SGX3_HELDOUT-FAMILY_unit_dimension_mismatch_003,"{""goal"": ""unit_dimension_mismatch"", ""required_quantity"": null, ""required_unit"": null, ""decision_time"": null, ""max_resolution_m"": null, ""requires_bare_earth"": false, ""requires_cloud_mask"": false, ""max_uncertainty"": null, ""temporal_tolerance_h"": null, ""required_value_range"": null}","[{""name"": ""distance"", ""quantity"": ""distance"", ""unit"": ""m"", ""scale"": ""continuous"", ""crs"": ""EPSG:32643"", ""resolution_m"": 10.0, ""temporal_resolution_h"": null, ""processing_level"": null, ""surface_model"": null, ""vertical_datum"": null, ""acquisition_time"": null, ""available_time"": null, ""provenance"": ""authoritative-product"", ""band_role"": null, ""nodata_semantics"": null, ""uncertainty"": null, ""allowed_values"": null, ""observed_min"": null, ""observed_max"": null, ""attrs"": {}}]","[{""op"": ""convert_unit"", ""params"": {""artifact"": 0, ""to"": ""km""}}]",UNPROVEN,"The workflow operation 'convert_unit' requires a unit change from meters (m) to kilometers (km), which is scientifically valid given the artifact's unit is in meters.",5,PROVEN,The workflow operation 'convert_unit' is a standard operation that does not violate any scientific principles or constraints given the supplied information.,5.0,PROVEN,"The workflow operation converts units from meters to kilometers, which is a valid operation.",5.0,UNRESOLVED,FEWER_THAN_TWO_ELIGIBLE_JUDGES,0,PROVEN,PROVEN
65,SGX3_DEVELOPMENT_processing_level_002,"{""goal"": ""processing_level"", ""required_quantity"": null, ""required_unit"": null, ""decision_time"": null, ""max_resolution_m"": null, ""requires_bare_earth"": false, ""requires_cloud_mask"": false, ""max_uncertainty"": null, ""temporal_tolerance_h"": null, ""required_value_range"": null}","[{""name"": ""optical"", ""quantity"": ""reflectance"", ""unit"": null, ""scale"": ""continuous"", ""crs"": ""EPSG:32643"", ""resolution_m"": 10.0, ""temporal_resolution_h"": null, ""processing_level"": ""L2A"", ""surface_model"": null, ""vertical_datum"": null, ""acquisition_time"": null, ""available_time"": null, ""provenance"": ""authoritative-product"", ""band_role"": ""red"", ""nodata_semantics"": null, ""uncertainty"": null, ""allowed_values"": null, ""observed_min"": null, ""observed_max"": null, ""attrs"": {}}]","[{""op"": ""require_surface_reflectance"", ""params"": {""artifact"": 0}}]",UNPROVEN,"The workflow operation 'require_surface_reflectance' requires surface reflectance, which is implied by the artifact's scale being 'continuous'. However, the required unit is not provided, making it unproven.",5,PROVEN,"No supplied scientific constraint is violated, and the supplied evidence is sufficient for the declared goal/workflow.",5.0,PROVEN,"The workflow operation requires surface reflectance, which is available in the artifact.",5.0,UNRESOLVED,FEWER_THAN_TWO_ELIGIBLE_JUDGES,0,PROVEN,PROVEN
66,SGX3_BLIND_eo_ml_validation_040,"{""goal"": ""eo_ml_validation"", ""required_quantity"": null, ""required_unit"": null, ""decision_time"": null, ""max_resolution_m"": null, ""requires_bare_earth"": false, ""requires_cloud_mask"": false, ""max_uncertainty"": null, ""temporal_tolerance_h"": null, ""required_value_range"": null}","[{""name"": ""EO-samples-3798"", ""quantity"": ""training_samples"", ""unit"": null, ""scale"": ""continuous"", ""crs"": ""EPSG:32643"", ""resolution_m"": 10.0, ""temporal_resolution_h"": null, ""processing_level"": null, ""surface_model"": null, ""vertical_datum"": null, ""acquisition_time"": null, ""available_time"": null, ""provenance"": ""authoritative-product"", ""band_role"": null, ""nodata_semantics"": null, ""uncertainty"": null, ""allowed_values"": null, ""observed_min"": null, ""observed_max"": null, ""attrs"": {}}]","[{""op"": ""split"", ""params"": {""mode"": ""scene"", ""scene_overlap_fraction"": 0.5886}}]",UNPROVEN,"The workflow operation 'split' does not require any specific unit or resolution, and the provided artifact metadata does not contain all necessary details (e.g., scene overlap fraction) to fully validate the operation.",5,PROVEN,"No supplied scientific constraint is violated, and the supplied evidence is sufficient for the declared goal/workflow.",5.0,PROVEN,"No scientific constraints are violated, and the required evidence for the operations is present.",5.0,UNRESOLVED,FEWER_THAN_TWO_ELIGIBLE_JUDGES,0,REFUTED,REFUTED
67,SGX3_BLIND_landcover_change_007,"{""goal"": ""landcover_change"", ""required_quantity"": null, ""required_unit"": null, ""decision_time"": null, ""max_resolution_m"": null, ""requires_bare_earth"": false, ""requires_cloud_mask"": false, ""max_uncertainty"": null, ""temporal_tolerance_h"": null, ""required_value_range"": null}","[{""name"": ""WorldCover-20"", ""quantity"": ""land_cover"", ""unit"": null, ""scale"": ""categorical"", ""crs"": ""EPSG:4326"", ""resolution_m"": 20, ""temporal_resolution_h"": null, ""processing_level"": null, ""surface_model"": null, ""vertical_datum"": null, ""acquisition_time"": null, ""available_time"": null, ""provenance"": ""ESA WorldCover"", ""band_role"": null, ""nodata_semantics"": null, ""uncertainty"": null, ""allowed_values"": [10, 20, 30, 40, 50, 60, 70, 80, 90, 95, 100], ""observed_min"": null, ""observed_max"": null, ""attrs"": {}}]","[{""op"": ""resample"", ""params"": {""artifact"": 0, ""method"": ""lanczos"", ""target_resolution_m"": 40, ""evidence_of_new_information"": true}}]",UNPROVEN,"The workflow requires resampling with a target resolution of 40 meters, which is not provided in the artifacts.",5,PROVEN,The resample operation is compatible with the provided land cover data and does not violate any stated constraints.,5.0,PROVEN,"The resampling method is Lanczos, which is a valid operation for categorical resampling. The resampled resolution is within the allowed range.",5.0,UNRESOLVED,FEWER_THAN_TWO_ELIGIBLE_JUDGES,0,REFUTED,REFUTED
68,SGX3_BLIND_flood_remote_sensing_020,"{""goal"": ""flood_remote_sensing"", ""required_quantity"": null, ""required_unit"": null, ""decision_time"": null, ""max_resolution_m"": null, ""requires_bare_earth"": false, ""requires_cloud_mask"": false, ""max_uncertainty"": null, ""temporal_tolerance_h"": null, ""required_value_range"": null}","[{""name"": ""flood-mask-20"", ""quantity"": ""flood_extent"", ""unit"": null, ""scale"": ""binary"", ""crs"": ""EPSG:32643"", ""resolution_m"": 20, ""temporal_resolution_h"": null, ""processing_level"": null, ""surface_model"": null, ""vertical_datum"": null, ""acquisition_time"": null, ""available_time"": null, ""provenance"": ""authoritative-product"", ""band_role"": null, ""nodata_semantics"": null, ""uncertainty"": null, ""allowed_values"": null, ""observed_min"": null, ""observed_max"": null, ""attrs"": {""cloud_mask_applied"": false}}, {""name"": ""S1"", ""quantity"": ""backscatter"", ""unit"": null, ""scale"": ""continuous"", ""crs"": ""EPSG:32643"", ""resolution_m"": 10, ""temporal_resolution_h"": null, ""processing_level"": null, ""surface_model"": null, ""vertical_datum"": null, ""acquisition_time"": ""2024-07-01T10:00:00+00:00"", ""available_time"": null, ""provenance"": ""authoritative-product"", ""band_role"": null, ""nodata_semantics"": null, ""uncertainty"": null, ""allowed_values"": null, ""observed_min"": null, ""observed_max"": null, ""attrs"": {}}, {""name"": ""S2"", ""quantity"": ""reflectance"", ""unit"": null, ""scale"": ""continuous"", ""crs"": ""EPSG:32643"", ""resolution_m"": 10, ""temporal_resolution_h"": null, ""processing_level"": null, ""surface_model"": null, ""vertical_datum"": null, ""acquisition_time"": ""2024-07-01T13:00:00+00:00"", ""available_time"": null, ""provenance"": ""authoritative-product"", ""band_role"": null, ""nodata_semantics"": null, ""uncertainty"": null, ""allowed_values"": null, ""observed_min"": null, ""observed_max"": null, ""attrs"": {}}]","[{""op"": ""require_cloud_mask"", ""params"": {""artifact"": 0}}, {""op"": ""compare_sensors"", ""params"": {""a"": 1, ""b"": 2, ""tolerance_h"": 12}}, {""op"": ""area"", ""params"": {""artifact"": 0, ""method"": ""planar"", ""output_unit"": ""km2""}}]",UNPROVEN,"The operations require cloud mask and sensor comparison, which are not provided in the artifacts.",5,UNPARSED,,,PROVEN,"The workflow requires a cloud mask for artifact 0, which is provided by artifact 0 itself. The area calculation uses a planar CRS, which is compatible with the provided CRS.",5.0,UNRESOLVED,FEWER_THAN_TWO_ELIGIBLE_JUDGES,0,REFUTED,REFUTED
69,SGX3_BLIND_eo_ml_validation_031,"{""goal"": ""eo_ml_validation"", ""required_quantity"": null, ""required_unit"": null, ""decision_time"": null, ""max_resolution_m"": null, ""requires_bare_earth"": false, ""requires_cloud_mask"": false, ""max_uncertainty"": null, ""temporal_tolerance_h"": null, ""required_value_range"": null}","[{""name"": ""EO-samples-2307"", ""quantity"": ""training_samples"", ""unit"": null, ""scale"": ""continuous"", ""crs"": ""EPSG:32643"", ""resolution_m"": 10.0, ""temporal_resolution_h"": null, ""processing_level"": null, ""surface_model"": null, ""vertical_datum"": null, ""acquisition_time"": null, ""available_time"": null, ""provenance"": ""authoritative-product"", ""band_role"": null, ""nodata_semantics"": null, ""uncertainty"": null, ""allowed_values"": null, ""observed_min"": null, ""observed_max"": null, ""attrs"": {}}]","[{""op"": ""split"", ""params"": {""mode"": ""scene"", ""scene_overlap_fraction"": 0.4765}}]",UNPROVEN,"The workflow operation 'split' does not require any specific unit or resolution, and the provided artifact metadata does not contain all necessary details (e.g., scene overlap fraction) to fully validate the operation.",5,PROVEN,"No supplied scientific constraint is violated, and the supplied evidence is sufficient for the declared goal/workflow.",5.0,PROVEN,"No scientific constraints are violated, and the required evidence for the operations is present.",5.0,UNRESOLVED,FEWER_THAN_TWO_ELIGIBLE_JUDGES,0,REFUTED,REFUTED
70,SGX3_DEVELOPMENT_angular_area_007,"{""goal"": ""angular_area"", ""required_quantity"": null, ""required_unit"": null, ""decision_time"": null, ""max_resolution_m"": null, ""requires_bare_earth"": false, ""requires_cloud_mask"": false, ""max_uncertainty"": null, ""temporal_tolerance_h"": null, ""required_value_range"": null}","[{""name"": ""flood-polygon"", ""quantity"": ""flood_extent"", ""unit"": null, ""scale"": ""binary"", ""crs"": ""EPSG:32644"", ""resolution_m"": 20, ""temporal_resolution_h"": null, ""processing_level"": null, ""surface_model"": null, ""vertical_datum"": null, ""acquisition_time"": null, ""available_time"": null, ""provenance"": ""authoritative-product"", ""band_role"": null, ""nodata_semantics"": null, ""uncertainty"": null, ""allowed_values"": null, ""observed_min"": null, ""observed_max"": null, ""attrs"": {}}]","[{""op"": ""area"", ""params"": {""artifact"": 0, ""method"": ""planar"", ""output_unit"": ""km2""}}]",UNPROVEN,"The workflow requires a unit for the quantity 'flood_extent', which is not provided in the artifact metadata.",5,PROVEN,The workflow operation is consistent with the artifact's binary nature and no required evidence is missing.,5.0,PROVEN,"The operation is planar area calculation with a projected CRS, which is sufficient for angular area calculation.",5.0,UNRESOLVED,FEWER_THAN_TWO_ELIGIBLE_JUDGES,0,PROVEN,PROVEN
71,SGX3_BLIND_landslide_forecast_036,"{""goal"": ""landslide forecast"", ""required_quantity"": null, ""required_unit"": null, ""decision_time"": ""2024-08-15T12:00:00+00:00"", ""max_resolution_m"": null, ""requires_bare_earth"": false, ""requires_cloud_mask"": false, ""max_uncertainty"": null, ""temporal_tolerance_h"": null, ""required_value_range"": null}","[{""name"": ""IMERG-feature"", ""quantity"": ""rainfall"", ""unit"": ""mm"", ""scale"": ""continuous"", ""crs"": ""EPSG:32643"", ""resolution_m"": 10.0, ""temporal_resolution_h"": null, ""processing_level"": null, ""surface_model"": null, ""vertical_datum"": null, ""acquisition_time"": null, ""available_time"": ""2024-08-15T13:00:00+00:00"", ""provenance"": null, ""band_role"": null, ""nodata_semantics"": null, ""uncertainty"": null, ""allowed_values"": null, ""observed_min"": null, ""observed_max"": null, ""attrs"": {}}, {""name"": ""terrain-30"", ""quantity"": ""elevation"", ""unit"": ""m"", ""scale"": ""continuous"", ""crs"": ""EPSG:32643"", ""resolution_m"": 30, ""temporal_resolution_h"": null, ""processing_level"": null, ""surface_model"": ""DSM"", ""vertical_datum"": ""EGM2008"", ""acquisition_time"": null, ""available_time"": null, ""provenance"": ""Copernicus DEM"", ""band_role"": null, ""nodata_semantics"": null, ""uncertainty"": null, ""allowed_values"": null, ""observed_min"": null, ""observed_max"": null, ""attrs"": {}}]","[{""op"": ""predict"", ""params"": {""features"": [0]}}, {""op"": ""require_bare_earth"", ""params"": {""artifact"": 1}}]",UNPROVEN,"The workflow requires 'requires_bare_earth' to be true, which is not provided in the artifacts.",5,REFUTED,"The 'terrain-30' artifact is a DSM, which does not meet the 'require_bare_earth' constraint for landslide forecasting.",5.0,REFUTED,"The workflow requires bare-earthen terrain but the artifact 'terrain-30' is a DSM, not a bare-earthen model.",5.0,UNRESOLVED,FEWER_THAN_TWO_ELIGIBLE_JUDGES,0,REFUTED,REFUTED
72,SGX3_HELDOUT-FAMILY_uncertainty_missing_001,"{""goal"": ""operational decision"", ""required_quantity"": null, ""required_unit"": null, ""decision_time"": null, ""max_resolution_m"": null, ""requires_bare_earth"": false, ""requires_cloud_mask"": false, ""max_uncertainty"": 0.05, ""temporal_tolerance_h"": null, ""required_value_range"": null}","[{""name"": ""hazard"", ""quantity"": ""hazard_probability"", ""unit"": ""dimensionless"", ""scale"": ""continuous"", ""crs"": ""EPSG:32643"", ""resolution_m"": 10.0, ""temporal_resolution_h"": null, ""processing_level"": null, ""surface_model"": null, ""vertical_datum"": null, ""acquisition_time"": null, ""available_time"": null, ""provenance"": ""authoritative-product"", ""band_role"": null, ""nodata_semantics"": null, ""uncertainty"": 0.0305, ""allowed_values"": null, ""observed_min"": null, ""observed_max"": null, ""attrs"": {}}]",[],UNPROVEN,"The workflow contains no operations, and thus no evidence can be established.",5,PROVEN,"No supplied scientific constraint is violated, and the supplied evidence is sufficient for every operation that is actually required by the declared goal/workflow.",5.0,PROVEN,"No scientific constraints are violated, and the required evidence for operations is sufficient.",5.0,UNRESOLVED,FEWER_THAN_TWO_ELIGIBLE_JUDGES,0,PROVEN,PROVEN
73,SGX3_DEVELOPMENT_cloud_mask_missing_001,"{""goal"": ""cloud_mask_missing"", ""required_quantity"": null, ""required_unit"": null, ""decision_time"": null, ""max_resolution_m"": null, ""requires_bare_earth"": false, ""requires_cloud_mask"": false, ""max_uncertainty"": null, ""temporal_tolerance_h"": null, ""required_value_range"": null}","[{""name"": ""S2-L2A"", ""quantity"": ""surface_reflectance"", ""unit"": null, ""scale"": ""continuous"", ""crs"": ""EPSG:32643"", ""resolution_m"": 10.0, ""temporal_resolution_h"": null, ""processing_level"": ""L2A"", ""surface_model"": null, ""vertical_datum"": null, ""acquisition_time"": null, ""available_time"": null, ""provenance"": ""authoritative-product"", ""band_role"": ""red"", ""nodata_semantics"": null, ""uncertainty"": null, ""allowed_values"": null, ""observed_min"": null, ""observed_max"": null, ""attrs"": {""cloud_mask_applied"": false}}]","[{""op"": ""require_cloud_mask"", ""params"": {""artifact"": 0}}]",UNPROVEN,"The 'require_cloud_mask' operation is requested, but the artifact does not contain a cloud mask.",5,REFUTED,"The artifact 'S2-L2A' does not have a cloud mask applied, which is required by the workflow operation.",5.0,REFUTED,"The operation requires a cloud mask, but the artifact's nodata_semantics indicates it is not applied.",5.0,UNRESOLVED,FEWER_THAN_TWO_ELIGIBLE_JUDGES,0,REFUTED,REFUTED
74,SGX3_BLIND_landslide_forecast_028,"{""goal"": ""landslide forecast"", ""required_quantity"": null, ""required_unit"": null, ""decision_time"": ""2024-08-05T12:00:00+00:00"", ""max_resolution_m"": null, ""requires_bare_earth"": false, ""requires_cloud_mask"": false, ""max_uncertainty"": null, ""temporal_tolerance_h"": null, ""required_value_range"": null}","[{""name"": ""IMERG-feature"", ""quantity"": ""rainfall"", ""unit"": ""mm"", ""scale"": ""continuous"", ""crs"": ""EPSG:32643"", ""resolution_m"": 10.0, ""temporal_resolution_h"": null, ""processing_level"": null, ""surface_model"": null, ""vertical_datum"": null, ""acquisition_time"": null, ""available_time"": ""2024-08-06T00:00:00+00:00"", ""provenance"": null, ""band_role"": null, ""nodata_semantics"": null, ""uncertainty"": null, ""allowed_values"": null, ""observed_min"": null, ""observed_max"": null, ""attrs"": {}}, {""name"": ""terrain-90"", ""quantity"": ""elevation"", ""unit"": ""m"", ""scale"": ""continuous"", ""crs"": ""EPSG:32643"", ""resolution_m"": 90, ""temporal_resolution_h"": null, ""processing_level"": null, ""surface_model"": ""DSM"", ""vertical_datum"": ""EGM2008"", ""acquisition_time"": null, ""available_time"": null, ""provenance"": ""Copernicus DEM"", ""band_role"": null, ""nodata_semantics"": null, ""uncertainty"": null, ""allowed_values"": null, ""observed_min"": null, ""observed_max"": null, ""attrs"": {}}]","[{""op"": ""predict"", ""params"": {""features"": [0]}}, {""op"": ""require_bare_earth"", ""params"": {""artifact"": 1}}]",UNPROVEN,"The workflow requires 'requires_bare_earth' to be true, which is not provided in the artifacts.",5,UNPARSED,,,REFUTED,"The workflow requires bare-earthen terrain but the artifact 'terrain-90' is a DSM, not a bare-earthen surface model.",5.0,UNRESOLVED,FEWER_THAN_TWO_ELIGIBLE_JUDGES,0,REFUTED,REFUTED
75,SGX3_BLIND_landslide_forecast_010,"{""goal"": ""landslide forecast"", ""required_quantity"": null, ""required_unit"": null, ""decision_time"": ""2024-08-05T12:00:00+00:00"", ""max_resolution_m"": null, ""requires_bare_earth"": false, ""requires_cloud_mask"": false, ""max_uncertainty"": null, ""temporal_tolerance_h"": null, ""required_value_range"": null}","[{""name"": ""IMERG-feature"", ""quantity"": ""rainfall"", ""unit"": ""mm"", ""scale"": ""continuous"", ""crs"": ""EPSG:32643"", ""resolution_m"": 10.0, ""temporal_resolution_h"": null, ""processing_level"": null, ""surface_model"": null, ""vertical_datum"": null, ""acquisition_time"": null, ""available_time"": ""2024-08-04T12:00:00+00:00"", ""provenance"": ""NASA GPM IMERG"", ""band_role"": null, ""nodata_semantics"": null, ""uncertainty"": null, ""allowed_values"": null, ""observed_min"": null, ""observed_max"": null, ""attrs"": {}}, {""name"": ""terrain-90"", ""quantity"": ""elevation"", ""unit"": ""m"", ""scale"": ""continuous"", ""crs"": ""EPSG:32643"", ""resolution_m"": 90, ""temporal_resolution_h"": null, ""processing_level"": null, ""surface_model"": ""DTM"", ""vertical_datum"": ""EGM2008"", ""acquisition_time"": null, ""available_time"": null, ""provenance"": ""Copernicus DEM"", ""band_role"": null, ""nodata_semantics"": null, ""uncertainty"": null, ""allowed_values"": null, ""observed_min"": null, ""observed_max"": null, ""attrs"": {}}]","[{""op"": ""predict"", ""params"": {""features"": [0]}}, {""op"": ""require_bare_earth"", ""params"": {""artifact"": 1}}]",UNPROVEN,"The workflow requires 'requires_bare_earth' to be true, which is not provided in the artifacts.",5,UNPARSED,,,REFUTED,"The workflow requires bare_earth but the terrain artifact is a DTM with a vertical datum, not a bare-terrain model.",5.0,UNRESOLVED,FEWER_THAN_TWO_ELIGIBLE_JUDGES,0,PROVEN,PROVEN
76,SGX3_BLIND_landslide_forecast_045,"{""goal"": ""landslide forecast"", ""required_quantity"": null, ""required_unit"": null, ""decision_time"": ""2024-08-01T12:00:00+00:00"", ""max_resolution_m"": null, ""requires_bare_earth"": false, ""requires_cloud_mask"": false, ""max_uncertainty"": null, ""temporal_tolerance_h"": null, ""required_value_range"": null}","[{""name"": ""IMERG-feature"", ""quantity"": ""rainfall"", ""unit"": ""mm"", ""scale"": ""continuous"", ""crs"": ""EPSG:32643"", ""resolution_m"": 10.0, ""temporal_resolution_h"": null, ""processing_level"": null, ""surface_model"": null, ""vertical_datum"": null, ""acquisition_time"": null, ""available_time"": ""2024-08-02T00:00:00+00:00"", ""provenance"": null, ""band_role"": null, ""nodata_semantics"": null, ""uncertainty"": null, ""allowed_values"": null, ""observed_min"": null, ""observed_max"": null, ""attrs"": {}}, {""name"": ""terrain-30"", ""quantity"": ""elevation"", ""unit"": ""m"", ""scale"": ""continuous"", ""crs"": ""EPSG:32643"", ""resolution_m"": 30, ""temporal_resolution_h"": null, ""processing_level"": null, ""surface_model"": ""DTM"", ""vertical_datum"": ""EGM2008"", ""acquisition_time"": null, ""available_time"": null, ""provenance"": ""Copernicus DEM"", ""band_role"": null, ""nodata_semantics"": null, ""uncertainty"": null, ""allowed_values"": null, ""observed_min"": null, ""observed_max"": null, ""attrs"": {}}]","[{""op"": ""predict"", ""params"": {""features"": [0]}}, {""op"": ""require_bare_earth"", ""params"": {""artifact"": 1}}]",UNPROVEN,"The workflow requires 'requires_bare_earth' to be true, which is not provided in the artifacts.",5,REFUTED,"The terrain artifact is not a bare-earth surface, which is required for landslide forecasting.",5.0,REFUTED,"The workflow requires bare_earth but the terrain artifact is a DTM with a vertical datum, not a bare-terrain model.",5.0,UNRESOLVED,FEWER_THAN_TWO_ELIGIBLE_JUDGES,0,REFUTED,REFUTED
77,SGX3_BLIND_landcover_change_037,"{""goal"": ""landcover_change"", ""required_quantity"": null, ""required_unit"": null, ""decision_time"": null, ""max_resolution_m"": null, ""requires_bare_earth"": false, ""requires_cloud_mask"": false, ""max_uncertainty"": null, ""temporal_tolerance_h"": null, ""required_value_range"": null}","[{""name"": ""WorldCover-10"", ""quantity"": ""land_cover"", ""unit"": null, ""scale"": ""categorical"", ""crs"": ""EPSG:4326"", ""resolution_m"": 10, ""temporal_resolution_h"": null, ""processing_level"": null, ""surface_model"": null, ""vertical_datum"": null, ""acquisition_time"": null, ""available_time"": null, ""provenance"": ""ESA WorldCover"", ""band_role"": null, ""nodata_semantics"": null, ""uncertainty"": null, ""allowed_values"": [10, 20, 30, 40, 50, 60, 70, 80, 90, 95, 100], ""observed_min"": null, ""observed_max"": null, ""attrs"": {}}]","[{""op"": ""resample"", ""params"": {""artifact"": 0, ""method"": ""bilinear"", ""target_resolution_m"": 20, ""evidence_of_new_information"": true}}]",UNPROVEN,"The workflow requires resampling with a target resolution of 20 meters, which is not provided in the artifacts.",5,PROVEN,The resample operation is compatible with the categorical land cover scale and no additional constraints are violated.,5.0,PROVEN,"The resampling method is bilinear, which is compatible with categorical land cover resampling.",5.0,UNRESOLVED,FEWER_THAN_TWO_ELIGIBLE_JUDGES,0,REFUTED,REFUTED
78,SGX3_BLIND_landslide_forecast_000,"{""goal"": ""landslide forecast"", ""required_quantity"": null, ""required_unit"": null, ""decision_time"": ""2024-08-20T12:00:00+00:00"", ""max_resolution_m"": null, ""requires_bare_earth"": false, ""requires_cloud_mask"": false, ""max_uncertainty"": null, ""temporal_tolerance_h"": null, ""required_value_range"": null}","[{""name"": ""IMERG-feature"", ""quantity"": ""rainfall"", ""unit"": ""mm"", ""scale"": ""continuous"", ""crs"": ""EPSG:32643"", ""resolution_m"": 10.0, ""temporal_resolution_h"": null, ""processing_level"": null, ""surface_model"": null, ""vertical_datum"": null, ""acquisition_time"": null, ""available_time"": ""2024-08-20T09:00:00+00:00"", ""provenance"": null, ""band_role"": null, ""nodata_semantics"": null, ""uncertainty"": null, ""allowed_values"": null, ""observed_min"": null, ""observed_max"": null, ""attrs"": {}}, {""name"": ""terrain-60"", ""quantity"": ""elevation"", ""unit"": ""m"", ""scale"": ""continuous"", ""crs"": ""EPSG:32643"", ""resolution_m"": 60, ""temporal_resolution_h"": null, ""processing_level"": null, ""surface_model"": ""DTM"", ""vertical_datum"": ""EGM2008"", ""acquisition_time"": null, ""available_time"": null, ""provenance"": ""Copernicus DEM"", ""band_role"": null, ""nodata_semantics"": null, ""uncertainty"": null, ""allowed_values"": null, ""observed_min"": null, ""observed_max"": null, ""attrs"": {}}]","[{""op"": ""predict"", ""params"": {""features"": [0]}}, {""op"": ""require_bare_earth"", ""params"": {""artifact"": 1}}]",UNPROVEN,"The workflow requires 'requires_bare_earth' to be true, which is not provided in the artifacts.",5,UNPARSED,,,REFUTED,"The workflow requires bare_earth but the terrain artifact is a DTM with a vertical datum, not a bare-terrain model.",5.0,UNRESOLVED,FEWER_THAN_TWO_ELIGIBLE_JUDGES,0,UNPROVEN,UNPROVEN
79,SGX3_BLIND_landcover_change_041,"{""goal"": ""landcover_change"", ""required_quantity"": null, ""required_unit"": null, ""decision_time"": null, ""max_resolution_m"": null, ""requires_bare_earth"": false, ""requires_cloud_mask"": false, ""max_uncertainty"": null, ""temporal_tolerance_h"": null, ""required_value_range"": null}","[{""name"": ""WorldCover-20"", ""quantity"": ""land_cover"", ""unit"": null, ""scale"": ""categorical"", ""crs"": ""EPSG:4326"", ""resolution_m"": 20, ""temporal_resolution_h"": null, ""processing_level"": null, ""surface_model"": null, ""vertical_datum"": null, ""acquisition_time"": null, ""available_time"": null, ""provenance"": null, ""band_role"": null, ""nodata_semantics"": null, ""uncertainty"": null, ""allowed_values"": [10, 20, 30, 40, 50, 60, 70, 80, 90, 95, 100], ""observed_min"": null, ""observed_max"": null, ""attrs"": {}}]","[{""op"": ""resample"", ""params"": {""artifact"": 0, ""method"": ""cubic"", ""target_resolution_m"": 60, ""evidence_of_new_information"": true}}]",UNPROVEN,"The workflow requires resampling with a target resolution of 60 meters, which is not possible with the current 20-meter resolution due to missing provenance.",5,PROVEN,The resampling operation is valid and does not violate any stated or required scientific constraints.,5.0,PROVEN,The resampling method is compatible with the categorical land cover scale and no required evidence is missing.,5.0,UNRESOLVED,FEWER_THAN_TWO_ELIGIBLE_JUDGES,0,REFUTED,REFUTED
80,SGX3_BLIND_landcover_change_043,"{""goal"": ""landcover_change"", ""required_quantity"": null, ""required_unit"": null, ""decision_time"": null, ""max_resolution_m"": null, ""requires_bare_earth"": false, ""requires_cloud_mask"": false, ""max_uncertainty"": null, ""temporal_tolerance_h"": null, ""required_value_range"": null}","[{""name"": ""WorldCover-10"", ""quantity"": ""land_cover"", ""unit"": null, ""scale"": ""categorical"", ""crs"": ""EPSG:4326"", ""resolution_m"": 10, ""temporal_resolution_h"": null, ""processing_level"": null, ""surface_model"": null, ""vertical_datum"": null, ""acquisition_time"": null, ""available_time"": null, ""provenance"": ""ESA WorldCover"", ""band_role"": null, ""nodata_semantics"": null, ""uncertainty"": null, ""allowed_values"": [10, 20, 30, 40, 50, 60, 70, 80, 90, 95, 100], ""observed_min"": null, ""observed_max"": null, ""attrs"": {}}]","[{""op"": ""resample"", ""params"": {""artifact"": 0, ""method"": ""cubic"", ""target_resolution_m"": 30, ""evidence_of_new_information"": true}}]",UNPROVEN,"The workflow requires resampling with a target resolution of 30 meters, which is not provided in the artifacts.",5,PROVEN,The resample operation is compatible with the categorical land cover scale and no additional constraints are violated.,5.0,PROVEN,The resampling method is compatible with the categorical land cover scale and no required evidence is missing.,5.0,UNRESOLVED,FEWER_THAN_TWO_ELIGIBLE_JUDGES,0,REFUTED,REFUTED
81,SGX3_HELDOUT-FAMILY_multisensor_time_mismatch_004,"{""goal"": ""multisensor_time_mismatch"", ""required_quantity"": null, ""required_unit"": null, ""decision_time"": null, ""max_resolution_m"": null, ""requires_bare_earth"": false, ""requires_cloud_mask"": false, ""max_uncertainty"": null, ""temporal_tolerance_h"": null, ""required_value_range"": null}","[{""name"": ""S1"", ""quantity"": ""backscatter"", ""unit"": null, ""scale"": ""continuous"", ""crs"": ""EPSG:32643"", ""resolution_m"": 10.0, ""temporal_resolution_h"": null, ""processing_level"": null, ""surface_model"": null, ""vertical_datum"": null, ""acquisition_time"": ""2024-07-01T10:00:00+00:00"", ""available_time"": null, ""provenance"": ""authoritative-product"", ""band_role"": null, ""nodata_semantics"": null, ""uncertainty"": null, ""allowed_values"": null, ""observed_min"": null, ""observed_max"": null, ""attrs"": {}}, {""name"": ""S2"", ""quantity"": ""reflectance"", ""unit"": null, ""scale"": ""continuous"", ""crs"": ""EPSG:32643"", ""resolution_m"": 10.0, ""temporal_resolution_h"": null, ""processing_level"": null, ""surface_model"": null, ""vertical_datum"": null, ""acquisition_time"": ""2024-07-01T19:00:00+00:00"", ""available_time"": null, ""provenance"": ""authoritative-product"", ""band_role"": null, ""nodata_semantics"": null, ""uncertainty"": null, ""allowed_values"": null, ""observed_min"": null, ""observed_max"": null, ""attrs"": {}}]","[{""op"": ""compare_sensors"", ""params"": {""a"": 0, ""b"": 1, ""tolerance_h"": 12}}]",UNPROVEN,"The workflow requires comparison between two sensors with specific temporal resolution, but the temporal resolution of both artifacts is not provided.",5,UNPARSED,,,UNPROVEN,"The multisensor comparison operation does not require a stated goal or specific constraints, and no required evidence is missing.",5.0,UNRESOLVED,FEWER_THAN_TWO_ELIGIBLE_JUDGES,0,PROVEN,PROVEN
82,SGX3_BLIND_eo_ml_validation_027,"{""goal"": ""eo_ml_validation"", ""required_quantity"": null, ""required_unit"": null, ""decision_time"": null, ""max_resolution_m"": null, ""requires_bare_earth"": false, ""requires_cloud_mask"": false, ""max_uncertainty"": null, ""temporal_tolerance_h"": null, ""required_value_range"": null}","[{""name"": ""EO-samples-2207"", ""quantity"": ""training_samples"", ""unit"": null, ""scale"": ""continuous"", ""crs"": ""EPSG:32643"", ""resolution_m"": 10.0, ""temporal_resolution_h"": null, ""processing_level"": null, ""surface_model"": null, ""vertical_datum"": null, ""acquisition_time"": null, ""available_time"": null, ""provenance"": ""authoritative-product"", ""band_role"": null, ""nodata_semantics"": null, ""uncertainty"": null, ""allowed_values"": null, ""observed_min"": null, ""observed_max"": null, ""attrs"": {}}]","[{""op"": ""split"", ""params"": {""mode"": ""scene"", ""scene_overlap_fraction"": 0.5326}}]",UNPROVEN,"The workflow operation 'split' does not require any specific unit or resolution, and the provided artifact metadata does not contain all necessary details (e.g., scene overlap fraction) to fully validate the operation.",5,PROVEN,No contradictions or missing required evidence for the 'split' operation are present.,5.0,PROVEN,"No scientific constraints are violated, and the required evidence for the operations is present.",5.0,UNRESOLVED,FEWER_THAN_TWO_ELIGIBLE_JUDGES,0,REFUTED,REFUTED
83,SGX3_DEVELOPMENT_spatial_split_leakage_009,"{""goal"": ""spatial_split_leakage"", ""required_quantity"": null, ""required_unit"": null, ""decision_time"": null, ""max_resolution_m"": null, ""requires_bare_earth"": false, ""requires_cloud_mask"": false, ""max_uncertainty"": null, ""temporal_tolerance_h"": null, ""required_value_range"": null}","[{""name"": ""samples"", ""quantity"": ""training_samples"", ""unit"": null, ""scale"": ""continuous"", ""crs"": ""EPSG:32643"", ""resolution_m"": 10.0, ""temporal_resolution_h"": null, ""processing_level"": null, ""surface_model"": null, ""vertical_datum"": null, ""acquisition_time"": null, ""available_time"": null, ""provenance"": ""authoritative-product"", ""band_role"": null, ""nodata_semantics"": null, ""uncertainty"": null, ""allowed_values"": null, ""observed_min"": null, ""observed_max"": null, ""attrs"": {}}]","[{""op"": ""split"", ""params"": {""mode"": ""spatial"", ""separation_m"": 3992, ""dependence_range_m"": 2434}}]",UNPROVEN,"The workflow operation 'split' requires spatial separation and does not depend on any specific unit or provenance, but the artifacts provided do not specify a minimum resolution or a clear separation range in meters.",5,UNPARSED,,,UNPROVEN,"No contradiction is established, and the required evidence for the split operation is not explicitly stated, but the operation itself does not require it.",5.0,UNRESOLVED,FEWER_THAN_TWO_ELIGIBLE_JUDGES,0,PROVEN,PROVEN
84,SGX3_DEVELOPMENT_rate_mean_as_accumulation_003,"{""goal"": ""rate_mean_as_accumulation"", ""required_quantity"": null, ""required_unit"": null, ""decision_time"": null, ""max_resolution_m"": null, ""requires_bare_earth"": false, ""requires_cloud_mask"": false, ""max_uncertainty"": null, ""temporal_tolerance_h"": null, ""required_value_range"": null}","[{""name"": ""IMERG"", ""quantity"": ""precipitation_rate"", ""unit"": ""mm/h"", ""scale"": ""continuous"", ""crs"": ""EPSG:4326"", ""resolution_m"": 10000, ""temporal_resolution_h"": 0.5, ""processing_level"": null, ""surface_model"": null, ""vertical_datum"": null, ""acquisition_time"": null, ""available_time"": null, ""provenance"": ""authoritative-product"", ""band_role"": null, ""nodata_semantics"": null, ""uncertainty"": null, ""allowed_values"": null, ""observed_min"": null, ""observed_max"": null, ""attrs"": {}}]","[{""op"": ""temporal_aggregate"", ""params"": {""artifact"": 0, ""method"": ""mean"", ""sample_duration_h"": 0.5, ""declared_quantity"": ""accumulation""}}]",UNPROVEN,"The workflow requires temporal aggregation of precipitation rates to accumulation, which is not directly supported by the IMERG artifact's scale and unit. The IMERG data is in mm/h and continuous, while the desired output is an accumulation (mm). This requires additional processing steps that are not provided in the given workflow.",5,PROVEN,The workflow operation and artifact evidence are consistent with the declared goal without any missing required evidence.,5.0,REFUTED,A precipitation rate is averaged but declared as an accumulated depth; duration-aware integration is required.,5.0,UNRESOLVED,FEWER_THAN_TWO_ELIGIBLE_JUDGES,0,REFUTED,REFUTED
85,SGX3_BLIND_eo_ml_validation_010,"{""goal"": ""eo_ml_validation"", ""required_quantity"": null, ""required_unit"": null, ""decision_time"": null, ""max_resolution_m"": null, ""requires_bare_earth"": false, ""requires_cloud_mask"": false, ""max_uncertainty"": null, ""temporal_tolerance_h"": null, ""required_value_range"": null}","[{""name"": ""EO-samples-1596"", ""quantity"": ""training_samples"", ""unit"": null, ""scale"": ""continuous"", ""crs"": ""EPSG:32643"", ""resolution_m"": 10.0, ""temporal_resolution_h"": null, ""processing_level"": null, ""surface_model"": null, ""vertical_datum"": null, ""acquisition_time"": null, ""available_time"": null, ""provenance"": ""authoritative-product"", ""band_role"": null, ""nodata_semantics"": null, ""uncertainty"": null, ""allowed_values"": null, ""observed_min"": null, ""observed_max"": null, ""attrs"": {}}]","[{""op"": ""split"", ""params"": {""mode"": ""spatial"", ""separation_m"": 5810, ""dependence_range_m"": 1472}}]",UNPROVEN,"The workflow operation 'split' requires spatial separation and dependence range, which are not provided in the artifact metadata.",5,PROVEN,"No supplied scientific constraint is violated, and the supplied evidence is sufficient for the declared goal/workflow.",5.0,PROVEN,No contradictions or missing required evidence are present.,5.0,UNRESOLVED,FEWER_THAN_TWO_ELIGIBLE_JUDGES,0,PROVEN,PROVEN
86,SGX3_DEVELOPMENT_future_information_009,"{""goal"": ""flood forecast"", ""required_quantity"": null, ""required_unit"": null, ""decision_time"": ""2024-08-01T12:00:00+00:00"", ""max_resolution_m"": null, ""requires_bare_earth"": false, ""requires_cloud_mask"": false, ""max_uncertainty"": null, ""temporal_tolerance_h"": null, ""required_value_range"": null}","[{""name"": ""rain-feature"", ""quantity"": ""rainfall"", ""unit"": ""mm"", ""scale"": ""continuous"", ""crs"": ""EPSG:32643"", ""resolution_m"": 10.0, ""temporal_resolution_h"": null, ""processing_level"": null, ""surface_model"": null, ""vertical_datum"": null, ""acquisition_time"": null, ""available_time"": ""2024-07-31T12:00:00+00:00"", ""provenance"": ""authoritative-product"", ""band_role"": null, ""nodata_semantics"": null, ""uncertainty"": null, ""allowed_values"": null, ""observed_min"": null, ""observed_max"": null, ""attrs"": {}}]","[{""op"": ""predict"", ""params"": {""features"": [0]}}]",UNPROVEN,"The workflow requires a temporal resolution for the rainfall feature, which is not provided in the artifact metadata.",5,UNPARSED,,,UNPROVEN,"No contradiction is established, and required evidence for the predict operation is not explicitly stated, but the predict operation itself does not require additional evidence beyond the provided artifacts.",5.0,UNRESOLVED,FEWER_THAN_TWO_ELIGIBLE_JUDGES,0,PROVEN,PROVEN
87,SGX3_HELDOUT-FAMILY_physical_range_violation_013,"{""goal"": ""physical_range_violation"", ""required_quantity"": null, ""required_unit"": null, ""decision_time"": null, ""max_resolution_m"": null, ""requires_bare_earth"": false, ""requires_cloud_mask"": false, ""max_uncertainty"": null, ""temporal_tolerance_h"": null, ""required_value_range"": null}","[{""name"": ""index"", ""quantity"": ""NDVI"", ""unit"": ""dimensionless"", ""scale"": ""continuous"", ""crs"": ""EPSG:32643"", ""resolution_m"": 10.0, ""temporal_resolution_h"": null, ""processing_level"": null, ""surface_model"": null, ""vertical_datum"": null, ""acquisition_time"": null, ""available_time"": null, ""provenance"": ""authoritative-product"", ""band_role"": null, ""nodata_semantics"": null, ""uncertainty"": null, ""allowed_values"": null, ""observed_min"": -0.36860274517733194, ""observed_max"": 0.7109580910108333, ""attrs"": {}}]","[{""op"": ""assert_value_range"", ""params"": {""artifact"": 0, ""min"": -1, ""max"": 1}}]",REFUTED,"The workflow operation 'assert_value_range' requires that the value range of the NDVI index be within [-1, 1], but the observed min and max values are -0.3686 and 0.7109 respectively, which violate this requirement.",5,UNPARSED,,,REFUTED,"The observed NDVI range (-0.3686, 0.7109) violates the asserted value range (-1, 1).",5.0,UNRESOLVED,FEWER_THAN_TWO_ELIGIBLE_JUDGES,0,PROVEN,PROVEN
88,SGX3_BLIND_flood_remote_sensing_045,"{""goal"": ""flood_remote_sensing"", ""required_quantity"": null, ""required_unit"": null, ""decision_time"": null, ""max_resolution_m"": null, ""requires_bare_earth"": false, ""requires_cloud_mask"": false, ""max_uncertainty"": null, ""temporal_tolerance_h"": null, ""required_value_range"": null}","[{""name"": ""flood-mask-30"", ""quantity"": ""flood_extent"", ""unit"": null, ""scale"": ""binary"", ""crs"": ""EPSG:4326"", ""resolution_m"": 30, ""temporal_resolution_h"": null, ""processing_level"": null, ""surface_model"": null, ""vertical_datum"": null, ""acquisition_time"": null, ""available_time"": null, ""provenance"": ""authoritative-product"", ""band_role"": null, ""nodata_semantics"": null, ""uncertainty"": null, ""allowed_values"": null, ""observed_min"": null, ""observed_max"": null, ""attrs"": {""cloud_mask_applied"": true}}, {""name"": ""S1"", ""quantity"": ""backscatter"", ""unit"": null, ""scale"": ""continuous"", ""crs"": ""EPSG:32643"", ""resolution_m"": 10, ""temporal_resolution_h"": null, ""processing_level"": null, ""surface_model"": null, ""vertical_datum"": null, ""acquisition_time"": ""2024-07-10T10:00:00+00:00"", ""available_time"": null, ""provenance"": ""authoritative-product"", ""band_role"": null, ""nodata_semantics"": null, ""uncertainty"": null, ""allowed_values"": null, ""observed_min"": null, ""observed_max"": null, ""attrs"": {}}, {""name"": ""S2"", ""quantity"": ""reflectance"", ""unit"": null, ""scale"": ""continuous"", ""crs"": ""EPSG:32643"", ""resolution_m"": 10, ""temporal_resolution_h"": null, ""processing_level"": null, ""surface_model"": null, ""vertical_datum"": null, ""acquisition_time"": ""2024-07-10T13:00:00+00:00"", ""available_time"": null, ""provenance"": ""authoritative-product"", ""band_role"": null, ""nodata_semantics"": null, ""uncertainty"": null, ""allowed_values"": null, ""observed_min"": null, ""observed_max"": null, ""attrs"": {}}]","[{""op"": ""require_cloud_mask"", ""params"": {""artifact"": 0}}, {""op"": ""compare_sensors"", ""params"": {""a"": 1, ""b"": 2, ""tolerance_h"": 3}}, {""op"": ""area"", ""params"": {""artifact"": 0, ""method"": ""planar"", ""output_unit"": ""km2""}}]",UNPROVEN,"The operations require cloud mask application and sensor comparison, which are not provided in the artifacts.",5,UNPARSED,,,PROVEN,The workflow operations are compatible with the scientific intent and artifacts provided.,5.0,UNRESOLVED,FEWER_THAN_TWO_ELIGIBLE_JUDGES,0,REFUTED,REFUTED
89,SGX3_DEVELOPMENT_future_information_004,"{""goal"": ""flood forecast"", ""required_quantity"": null, ""required_unit"": null, ""decision_time"": ""2024-08-01T12:00:00+00:00"", ""max_resolution_m"": null, ""requires_bare_earth"": false, ""requires_cloud_mask"": false, ""max_uncertainty"": null, ""temporal_tolerance_h"": null, ""required_value_range"": null}","[{""name"": ""rain-feature"", ""quantity"": ""rainfall"", ""unit"": ""mm"", ""scale"": ""continuous"", ""crs"": ""EPSG:32643"", ""resolution_m"": 10.0, ""temporal_resolution_h"": null, ""processing_level"": null, ""surface_model"": null, ""vertical_datum"": null, ""acquisition_time"": null, ""available_time"": ""2024-08-01T09:00:00+00:00"", ""provenance"": ""authoritative-product"", ""band_role"": null, ""nodata_semantics"": null, ""uncertainty"": null, ""allowed_values"": null, ""observed_min"": null, ""observed_max"": null, ""attrs"": {}}]","[{""op"": ""predict"", ""params"": {""features"": [0]}}]",UNPROVEN,"The workflow requires a temporal resolution for the rainfall feature, which is not provided in the artifact metadata.",5,UNPARSED,,,UNPROVEN,"No contradiction is established, and required evidence for the predict operation is not explicitly stated, but the predict operation itself does not require additional evidence beyond the provided artifacts.",5.0,UNRESOLVED,FEWER_THAN_TWO_ELIGIBLE_JUDGES,0,PROVEN,PROVEN
90,SGX3_DEVELOPMENT_unsupported_resolution_gain_001,"{""goal"": ""unsupported_resolution_gain"", ""required_quantity"": null, ""required_unit"": null, ""decision_time"": null, ""max_resolution_m"": null, ""requires_bare_earth"": false, ""requires_cloud_mask"": false, ""max_uncertainty"": null, ""temporal_tolerance_h"": null, ""required_value_range"": null}","[{""name"": ""raster"", ""quantity"": ""surface_property"", ""unit"": null, ""scale"": ""continuous"", ""crs"": ""EPSG:32643"", ""resolution_m"": 50, ""temporal_resolution_h"": null, ""processing_level"": null, ""surface_model"": null, ""vertical_datum"": null, ""acquisition_time"": null, ""available_time"": null, ""provenance"": ""authoritative-product"", ""band_role"": null, ""nodata_semantics"": null, ""uncertainty"": null, ""allowed_values"": null, ""observed_min"": null, ""observed_max"": null, ""attrs"": {}}]","[{""op"": ""resample"", ""params"": {""artifact"": 0, ""method"": ""bilinear"", ""target_resolution_m"": 12.5, ""evidence_of_new_information"": false}}]",UNPROVEN,The workflow operation resamples the raster to a higher resolution (12.5m) without any explicit requirement or constraint provided in the scientific intent or artifact metadata.,5,PROVEN,The resampling operation is compatible with the provided metadata and does not violate any scientific principles.,5.0,UNPROVEN,"The operation resamples to a higher resolution than the input, which is not supported by the stated workflow constraints.",5.0,UNRESOLVED,FEWER_THAN_TWO_ELIGIBLE_JUDGES,0,REFUTED,REFUTED
91,SGX3_DEVELOPMENT_categorical_interpolation_012,"{""goal"": ""categorical_interpolation"", ""required_quantity"": null, ""required_unit"": null, ""decision_time"": null, ""max_resolution_m"": null, ""requires_bare_earth"": false, ""requires_cloud_mask"": false, ""max_uncertainty"": null, ""temporal_tolerance_h"": null, ""required_value_range"": null}","[{""name"": ""landcover-20"", ""quantity"": ""land_cover"", ""unit"": null, ""scale"": ""categorical"", ""crs"": ""EPSG:4326"", ""resolution_m"": 20, ""temporal_resolution_h"": null, ""processing_level"": null, ""surface_model"": null, ""vertical_datum"": null, ""acquisition_time"": null, ""available_time"": null, ""provenance"": ""authoritative-product"", ""band_role"": null, ""nodata_semantics"": null, ""uncertainty"": null, ""allowed_values"": [10, 20, 30, 40, 50, 60, 70, 80, 90, 95, 100], ""observed_min"": null, ""observed_max"": null, ""attrs"": {}}]","[{""op"": ""resample"", ""params"": {""artifact"": 0, ""method"": ""nearest"", ""target_resolution_m"": 35, ""evidence_of_new_information"": true}}]",UNPROVEN,The workflow requires resampling with a new resolution (35m) which is not supported by the current artifact's resolution (20m). The required evidence for this operation cannot be established from the provided metadata.,5,PROVEN,"The resampling operation is consistent with the provided intent and artifacts, and no scientifically required evidence is missing.",5.0,PROVEN,The categorical interpolation operation is compatible with the nearest resampling method and the provided landcover-20 artifact's resolution and scale.,5.0,UNRESOLVED,FEWER_THAN_TWO_ELIGIBLE_JUDGES,0,PROVEN,PROVEN
92,SGX3_HELDOUT-FAMILY_temporal_split_overlap_011,"{""goal"": ""temporal_split_overlap"", ""required_quantity"": null, ""required_unit"": null, ""decision_time"": null, ""max_resolution_m"": null, ""requires_bare_earth"": false, ""requires_cloud_mask"": false, ""max_uncertainty"": null, ""temporal_tolerance_h"": null, ""required_value_range"": null}","[{""name"": ""records"", ""quantity"": ""time_series"", ""unit"": null, ""scale"": ""continuous"", ""crs"": ""EPSG:32643"", ""resolution_m"": 10.0, ""temporal_resolution_h"": null, ""processing_level"": null, ""surface_model"": null, ""vertical_datum"": null, ""acquisition_time"": null, ""available_time"": null, ""provenance"": ""authoritative-product"", ""band_role"": null, ""nodata_semantics"": null, ""uncertainty"": null, ""allowed_values"": null, ""observed_min"": null, ""observed_max"": null, ""attrs"": {}}]","[{""op"": ""split"", ""params"": {""mode"": ""temporal"", ""train_end"": ""2024-06-11T00:00:00+00:00"", ""test_start"": ""2024-07-01T00:00:00+00:00""}}]",UNPROVEN,"The workflow requires temporal splitting, but the artifacts do not specify temporal resolution or acquisition times, which are necessary for temporal splitting.",5,PROVEN,"No supplied scientific constraint is violated, and the supplied evidence is sufficient for the declared goal/workflow.",5.0,PROVEN,"The workflow operation is a temporal split, which is a valid operation for time series data with a defined temporal resolution.",5.0,UNRESOLVED,FEWER_THAN_TWO_ELIGIBLE_JUDGES,0,PROVEN,PROVEN
93,SGX3_DEVELOPMENT_categorical_interpolation_006,"{""goal"": ""categorical_interpolation"", ""required_quantity"": null, ""required_unit"": null, ""decision_time"": null, ""max_resolution_m"": null, ""requires_bare_earth"": false, ""requires_cloud_mask"": false, ""max_uncertainty"": null, ""temporal_tolerance_h"": null, ""required_value_range"": null}","[{""name"": ""landcover-10"", ""quantity"": ""land_cover"", ""unit"": null, ""scale"": ""categorical"", ""crs"": ""EPSG:4326"", ""resolution_m"": 10, ""temporal_resolution_h"": null, ""processing_level"": null, ""surface_model"": null, ""vertical_datum"": null, ""acquisition_time"": null, ""available_time"": null, ""provenance"": ""authoritative-product"", ""band_role"": null, ""nodata_semantics"": null, ""uncertainty"": null, ""allowed_values"": [10, 20, 30, 40, 50, 60, 70, 80, 90, 95, 100], ""observed_min"": null, ""observed_max"": null, ""attrs"": {}}]","[{""op"": ""resample"", ""params"": {""artifact"": 0, ""method"": ""lanczos"", ""target_resolution_m"": 25, ""evidence_of_new_information"": true}}]",UNPROVEN,"The workflow requires resampling with a target resolution of 25 meters, which is not provided in the artifact metadata.",5,PROVEN,"The workflow operation 'resample' is consistent with the provided artifacts and scientific intent, and no additional constraints are violated.",5.0,PROVEN,"The categorical interpolation operation is supported by the provided landcover-10 artifact with a defined scale and allowed values, and the resampling method is specified.",5.0,UNRESOLVED,FEWER_THAN_TWO_ELIGIBLE_JUDGES,0,REFUTED,REFUTED
94,SGX3_BLIND_flood_remote_sensing_040,"{""goal"": ""flood_remote_sensing"", ""required_quantity"": null, ""required_unit"": null, ""decision_time"": null, ""max_resolution_m"": null, ""requires_bare_earth"": false, ""requires_cloud_mask"": false, ""max_uncertainty"": null, ""temporal_tolerance_h"": null, ""required_value_range"": null}","[{""name"": ""flood-mask-10"", ""quantity"": ""flood_extent"", ""unit"": null, ""scale"": ""binary"", ""crs"": ""EPSG:32643"", ""resolution_m"": 10, ""temporal_resolution_h"": null, ""processing_level"": null, ""surface_model"": null, ""vertical_datum"": null, ""acquisition_time"": null, ""available_time"": null, ""provenance"": ""authoritative-product"", ""band_role"": null, ""nodata_semantics"": null, ""uncertainty"": null, ""allowed_values"": null, ""observed_min"": null, ""observed_max"": null, ""attrs"": {""cloud_mask_applied"": false}}, {""name"": ""S1"", ""quantity"": ""backscatter"", ""unit"": null, ""scale"": ""continuous"", ""crs"": ""EPSG:32643"", ""resolution_m"": 10, ""temporal_resolution_h"": null, ""processing_level"": null, ""surface_model"": null, ""vertical_datum"": null, ""acquisition_time"": ""2024-07-15T10:00:00+00:00"", ""available_time"": null, ""provenance"": ""authoritative-product"", ""band_role"": null, ""nodata_semantics"": null, ""uncertainty"": null, ""allowed_values"": null, ""observed_min"": null, ""observed_max"": null, ""attrs"": {}}, {""name"": ""S2"", ""quantity"": ""reflectance"", ""unit"": null, ""scale"": ""continuous"", ""crs"": ""EPSG:32643"", ""resolution_m"": 10, ""temporal_resolution_h"": null, ""processing_level"": null, ""surface_model"": null, ""vertical_datum"": null, ""acquisition_time"": ""2024-07-15T22:00:00+00:00"", ""available_time"": null, ""provenance"": ""authoritative-product"", ""band_role"": null, ""nodata_semantics"": null, ""uncertainty"": null, ""allowed_values"": null, ""observed_min"": null, ""observed_max"": null, ""attrs"": {}}]","[{""op"": ""require_cloud_mask"", ""params"": {""artifact"": 0}}, {""op"": ""compare_sensors"", ""params"": {""a"": 1, ""b"": 2, ""tolerance_h"": 6}}, {""op"": ""area"", ""params"": {""artifact"": 0, ""method"": ""planar"", ""output_unit"": ""km2""}}]",UNPROVEN,"The operations require cloud mask application and sensor comparison, which are not provided in the artifacts.",5,UNPARSED,,,PROVEN,"The workflow requires a cloud mask, which is applied to artifact 0. The sensors are compared with a tolerance of 6 hours, and the area is calculated using the planar method with an output unit of km2.",5.0,UNRESOLVED,FEWER_THAN_TWO_ELIGIBLE_JUDGES,0,REFUTED,REFUTED
95,SGX3_DEVELOPMENT_unsupported_resolution_gain_013,"{""goal"": ""unsupported_resolution_gain"", ""required_quantity"": null, ""required_unit"": null, ""decision_time"": null, ""max_resolution_m"": null, ""requires_bare_earth"": false, ""requires_cloud_mask"": false, ""max_uncertainty"": null, ""temporal_tolerance_h"": null, ""required_value_range"": null}","[{""name"": ""raster"", ""quantity"": ""surface_property"", ""unit"": null, ""scale"": ""continuous"", ""crs"": ""EPSG:32643"", ""resolution_m"": 30, ""temporal_resolution_h"": null, ""processing_level"": null, ""surface_model"": null, ""vertical_datum"": null, ""acquisition_time"": null, ""available_time"": null, ""provenance"": ""authoritative-product"", ""band_role"": null, ""nodata_semantics"": null, ""uncertainty"": null, ""allowed_values"": null, ""observed_min"": null, ""observed_max"": null, ""attrs"": {}}]","[{""op"": ""resample"", ""params"": {""artifact"": 0, ""method"": ""bilinear"", ""target_resolution_m"": 7.5, ""evidence_of_new_information"": false}}]",UNPROVEN,The workflow operation resamples the raster to a higher resolution (7.5m) without any explicit requirement or constraint provided in the scientific intent or artifact metadata.,5,PROVEN,The resampling operation is compatible with the provided metadata and does not violate any scientific principles.,5.0,PROVEN,"The resampling operation is supported with bilinear method and the target resolution is half of the original resolution, which is allowed by the max_resolution_m constraint.",5.0,UNRESOLVED,FEWER_THAN_TWO_ELIGIBLE_JUDGES,0,REFUTED,REFUTED
96,SGX3_HELDOUT-FAMILY_uncertainty_missing_000,"{""goal"": ""operational decision"", ""required_quantity"": null, ""required_unit"": null, ""decision_time"": null, ""max_resolution_m"": null, ""requires_bare_earth"": false, ""requires_cloud_mask"": false, ""max_uncertainty"": 0.05, ""temporal_tolerance_h"": null, ""required_value_range"": null}","[{""name"": ""hazard"", ""quantity"": ""hazard_probability"", ""unit"": ""dimensionless"", ""scale"": ""continuous"", ""crs"": ""EPSG:32643"", ""resolution_m"": 10.0, ""temporal_resolution_h"": null, ""processing_level"": null, ""surface_model"": null, ""vertical_datum"": null, ""acquisition_time"": null, ""available_time"": null, ""provenance"": ""authoritative-product"", ""band_role"": null, ""nodata_semantics"": null, ""uncertainty"": null, ""allowed_values"": null, ""observed_min"": null, ""observed_max"": null, ""attrs"": {}}]",[],UNPROVEN,"The workflow contains no operations, and thus no evidence can be established.",5,PROVEN,"No supplied scientific constraint is violated, and the supplied evidence is sufficient for every operation that is actually required by the declared goal/workflow.",5.0,UNPROVEN,"The artifact lacks provenance, which is required for certification, but the intent does not explicitly require provenance.",5.0,UNRESOLVED,FEWER_THAN_TWO_ELIGIBLE_JUDGES,0,UNPROVEN,UNPROVEN
97,SGX3_HELDOUT-FAMILY_physical_range_violation_007,"{""goal"": ""physical_range_violation"", ""required_quantity"": null, ""required_unit"": null, ""decision_time"": null, ""max_resolution_m"": null, ""requires_bare_earth"": false, ""requires_cloud_mask"": false, ""max_uncertainty"": null, ""temporal_tolerance_h"": null, ""required_value_range"": null}","[{""name"": ""index"", ""quantity"": ""NDVI"", ""unit"": ""dimensionless"", ""scale"": ""continuous"", ""crs"": ""EPSG:32643"", ""resolution_m"": 10.0, ""temporal_resolution_h"": null, ""processing_level"": null, ""surface_model"": null, ""vertical_datum"": null, ""acquisition_time"": null, ""available_time"": null, ""provenance"": ""authoritative-product"", ""band_role"": null, ""nodata_semantics"": null, ""uncertainty"": null, ""allowed_values"": null, ""observed_min"": -0.03460813962175069, ""observed_max"": 0.8258539476197895, ""attrs"": {}}]","[{""op"": ""assert_value_range"", ""params"": {""artifact"": 0, ""min"": -1, ""max"": 1}}]",REFUTED,"The workflow operation 'assert_value_range' requires that the value range of the NDVI index be within [-1, 1], but the observed min and max values are outside this range.",5,UNPARSED,,,REFUTED,"The observed NDVI range (-0.0346, 0.8258) violates the asserted value range (-1, 1).",5.0,UNRESOLVED,FEWER_THAN_TWO_ELIGIBLE_JUDGES,0,PROVEN,PROVEN
98,SGX3_HELDOUT-FAMILY_temporal_split_overlap_003,"{""goal"": ""temporal_split_overlap"", ""required_quantity"": null, ""required_unit"": null, ""decision_time"": null, ""max_resolution_m"": null, ""requires_bare_earth"": false, ""requires_cloud_mask"": false, ""max_uncertainty"": null, ""temporal_tolerance_h"": null, ""required_value_range"": null}","[{""name"": ""records"", ""quantity"": ""time_series"", ""unit"": null, ""scale"": ""continuous"", ""crs"": ""EPSG:32643"", ""resolution_m"": 10.0, ""temporal_resolution_h"": null, ""processing_level"": null, ""surface_model"": null, ""vertical_datum"": null, ""acquisition_time"": null, ""available_time"": null, ""provenance"": ""authoritative-product"", ""band_role"": null, ""nodata_semantics"": null, ""uncertainty"": null, ""allowed_values"": null, ""observed_min"": null, ""observed_max"": null, ""attrs"": {}}]","[{""op"": ""split"", ""params"": {""mode"": ""temporal"", ""train_end"": ""2024-07-03T00:00:00+00:00"", ""test_start"": ""2024-07-01T00:00:00+00:00""}}]",UNPROVEN,"The workflow operation 'split' requires temporal boundaries, which are not provided in the artifacts.",5,PROVEN,"No supplied scientific constraint is violated, and the supplied evidence is sufficient for the declared goal/workflow.",5.0,PROVEN,"The workflow operation is a temporal split, which is a valid operation for time series data with a specified train and test end/start time.",5.0,UNRESOLVED,FEWER_THAN_TWO_ELIGIBLE_JUDGES,0,REFUTED,REFUTED
99,SGX3_DEVELOPMENT_DSM_as_DTM_000,"{""goal"": ""DSM_as_DTM"", ""required_quantity"": null, ""required_unit"": null, ""decision_time"": null, ""max_resolution_m"": null, ""requires_bare_earth"": false, ""requires_cloud_mask"": false, ""max_uncertainty"": null, ""temporal_tolerance_h"": null, ""required_value_range"": null}","[{""name"": ""terrain"", ""quantity"": ""elevation"", ""unit"": ""m"", ""scale"": ""continuous"", ""crs"": ""EPSG:32643"", ""resolution_m"": 30, ""temporal_resolution_h"": null, ""processing_level"": null, ""surface_model"": ""DTM"", ""vertical_datum"": ""EGM2008"", ""acquisition_time"": null, ""available_time"": null, ""provenance"": ""authoritative-product"", ""band_role"": null, ""nodata_semantics"": null, ""uncertainty"": null, ""allowed_values"": null, ""observed_min"": null, ""observed_max"": null, ""attrs"": {}}]","[{""op"": ""require_bare_earth"", ""params"": {""artifact"": 0}}]",UNPROVEN,"The workflow operation 'require_bare_earth' is not applicable as the artifact's surface model is already 'DTM', which does not require bare earth.",5,UNPARSED,,,REFUTED,DSM and DTM have different semantics; the operation requires bare-earthen input for DTM generation.,5.0,UNRESOLVED,FEWER_THAN_TWO_ELIGIBLE_JUDGES,0,PROVEN,PROVEN
100,SGX3_HELDOUT-FAMILY_uncertainty_missing_012,"{""goal"": ""operational decision"", ""required_quantity"": null, ""required_unit"": null, ""decision_time"": null, ""max_resolution_m"": null, ""requires_bare_earth"": false, ""requires_cloud_mask"": false, ""max_uncertainty"": 0.05, ""temporal_tolerance_h"": null, ""required_value_range"": null}","[{""name"": ""hazard"", ""quantity"": ""hazard_probability"", ""unit"": ""dimensionless"", ""scale"": ""continuous"", ""crs"": ""EPSG:32643"", ""resolution_m"": 10.0, ""temporal_resolution_h"": null, ""processing_level"": null, ""surface_model"": null, ""vertical_datum"": null, ""acquisition_time"": null, ""available_time"": null, ""provenance"": ""authoritative-product"", ""band_role"": null, ""nodata_semantics"": null, ""uncertainty"": 0.0281, ""allowed_values"": null, ""observed_min"": null, ""observed_max"": null, ""attrs"": {}}]",[],UNPROVEN,"The workflow contains no operations, and thus no evidence can be established.",5,PROVEN,"No supplied scientific constraint is violated, and the supplied evidence is sufficient for every operation that is actually required by the declared goal/workflow.",5.0,PROVEN,"No scientific constraints are violated, and the required evidence for operations is sufficient.",5.0,UNRESOLVED,FEWER_THAN_TWO_ELIGIBLE_JUDGES,0,PROVEN,PROVEN
101,SGX3_HELDOUT-FAMILY_temporal_split_overlap_000,"{""goal"": ""temporal_split_overlap"", ""required_quantity"": null, ""required_unit"": null, ""decision_time"": null, ""max_resolution_m"": null, ""requires_bare_earth"": false, ""requires_cloud_mask"": false, ""max_uncertainty"": null, ""temporal_tolerance_h"": null, ""required_value_range"": null}","[{""name"": ""records"", ""quantity"": ""time_series"", ""unit"": null, ""scale"": ""continuous"", ""crs"": ""EPSG:32643"", ""resolution_m"": 10.0, ""temporal_resolution_h"": null, ""processing_level"": null, ""surface_model"": null, ""vertical_datum"": null, ""acquisition_time"": null, ""available_time"": null, ""provenance"": ""authoritative-product"", ""band_role"": null, ""nodata_semantics"": null, ""uncertainty"": null, ""allowed_values"": null, ""observed_min"": null, ""observed_max"": null, ""attrs"": {}}]","[{""op"": ""split"", ""params"": {""mode"": ""temporal"", ""train_end"": ""2024-07-07T00:00:00+00:00"", ""test_start"": ""2024-07-01T00:00:00+00:00""}}]",UNPROVEN,"The workflow operation 'split' requires temporal boundaries, which are not provided in the artifacts.",5,PROVEN,"No supplied scientific constraint is violated, and the supplied evidence is sufficient for the declared goal/workflow.",5.0,PROVEN,"The workflow operation is a temporal split, which is a valid operation for time series data with a CRS and temporal resolution.",5.0,UNRESOLVED,FEWER_THAN_TWO_ELIGIBLE_JUDGES,0,REFUTED,REFUTED
102,SGX3_DEVELOPMENT_future_information_000,"{""goal"": ""flood forecast"", ""required_quantity"": null, ""required_unit"": null, ""decision_time"": ""2024-08-01T12:00:00+00:00"", ""max_resolution_m"": null, ""requires_bare_earth"": false, ""requires_cloud_mask"": false, ""max_uncertainty"": null, ""temporal_tolerance_h"": null, ""required_value_range"": null}","[{""name"": ""rain-feature"", ""quantity"": ""rainfall"", ""unit"": ""mm"", ""scale"": ""continuous"", ""crs"": ""EPSG:32643"", ""resolution_m"": 10.0, ""temporal_resolution_h"": null, ""processing_level"": null, ""surface_model"": null, ""vertical_datum"": null, ""acquisition_time"": null, ""available_time"": ""2024-08-01T06:00:00+00:00"", ""provenance"": ""authoritative-product"", ""band_role"": null, ""nodata_semantics"": null, ""uncertainty"": null, ""allowed_values"": null, ""observed_min"": null, ""observed_max"": null, ""attrs"": {}}]","[{""op"": ""predict"", ""params"": {""features"": [0]}}]",UNPROVEN,"The workflow requires a temporal resolution for the rainfall feature, which is not provided in the artifact metadata.",5,UNPARSED,,,UNPROVEN,"No contradiction is established, and required evidence for the predict operation is not explicitly stated, but the predict operation itself does not require additional evidence beyond the provided artifacts.",5.0,UNRESOLVED,FEWER_THAN_TWO_ELIGIBLE_JUDGES,0,PROVEN,PROVEN
103,SGX3_BLIND_landcover_change_028,"{""goal"": ""landcover_change"", ""required_quantity"": null, ""required_unit"": null, ""decision_time"": null, ""max_resolution_m"": null, ""requires_bare_earth"": false, ""requires_cloud_mask"": false, ""max_uncertainty"": null, ""temporal_tolerance_h"": null, ""required_value_range"": null}","[{""name"": ""WorldCover-20"", ""quantity"": ""land_cover"", ""unit"": null, ""scale"": ""categorical"", ""crs"": ""EPSG:4326"", ""resolution_m"": 20, ""temporal_resolution_h"": null, ""processing_level"": null, ""surface_model"": null, ""vertical_datum"": null, ""acquisition_time"": null, ""available_time"": null, ""provenance"": null, ""band_role"": null, ""nodata_semantics"": null, ""uncertainty"": null, ""allowed_values"": [10, 20, 30, 40, 50, 60, 70, 80, 90, 95, 100], ""observed_min"": null, ""observed_max"": null, ""attrs"": {}}]","[{""op"": ""resample"", ""params"": {""artifact"": 0, ""method"": ""bilinear"", ""target_resolution_m"": 60, ""evidence_of_new_information"": true}}]",UNPROVEN,"The workflow requires resampling with a target resolution of 60 meters, which is not possible with the current 20-meter resolution due to missing provenance.",5,PROVEN,The resampling operation is valid and does not violate any scientific constraints.,5.0,PROVEN,"The resampling method is bilinear, which is compatible with categorical land cover resampling.",5.0,UNRESOLVED,FEWER_THAN_TWO_ELIGIBLE_JUDGES,0,REFUTED,REFUTED
104,SGX3_DEVELOPMENT_future_information_008,"{""goal"": ""flood forecast"", ""required_quantity"": null, ""required_unit"": null, ""decision_time"": ""2024-08-01T12:00:00+00:00"", ""max_resolution_m"": null, ""requires_bare_earth"": false, ""requires_cloud_mask"": false, ""max_uncertainty"": null, ""temporal_tolerance_h"": null, ""required_value_range"": null}","[{""name"": ""rain-feature"", ""quantity"": ""rainfall"", ""unit"": ""mm"", ""scale"": ""continuous"", ""crs"": ""EPSG:32643"", ""resolution_m"": 10.0, ""temporal_resolution_h"": null, ""processing_level"": null, ""surface_model"": null, ""vertical_datum"": null, ""acquisition_time"": null, ""available_time"": ""2024-08-01T11:00:00+00:00"", ""provenance"": ""authoritative-product"", ""band_role"": null, ""nodata_semantics"": null, ""uncertainty"": null, ""allowed_values"": null, ""observed_min"": null, ""observed_max"": null, ""attrs"": {}}]","[{""op"": ""predict"", ""params"": {""features"": [0]}}]",UNPROVEN,"The workflow requires a temporal resolution for the rainfall feature, which is not provided in the artifact metadata.",5,UNPARSED,,,UNPROVEN,"The decision time is before the available time of the rain-feature artifact, but no temporal tolerance is specified.",5.0,UNRESOLVED,FEWER_THAN_TWO_ELIGIBLE_JUDGES,0,PROVEN,PROVEN
105,SGX3_BLIND_landslide_forecast_016,"{""goal"": ""landslide forecast"", ""required_quantity"": null, ""required_unit"": null, ""decision_time"": ""2024-08-15T12:00:00+00:00"", ""max_resolution_m"": null, ""requires_bare_earth"": false, ""requires_cloud_mask"": false, ""max_uncertainty"": null, ""temporal_tolerance_h"": null, ""required_value_range"": null}","[{""name"": ""IMERG-feature"", ""quantity"": ""rainfall"", ""unit"": ""mm"", ""scale"": ""continuous"", ""crs"": ""EPSG:32643"", ""resolution_m"": 10.0, ""temporal_resolution_h"": null, ""processing_level"": null, ""surface_model"": null, ""vertical_datum"": null, ""acquisition_time"": null, ""available_time"": ""2024-08-15T18:00:00+00:00"", ""provenance"": null, ""band_role"": null, ""nodata_semantics"": null, ""uncertainty"": null, ""allowed_values"": null, ""observed_min"": null, ""observed_max"": null, ""attrs"": {}}, {""name"": ""terrain-60"", ""quantity"": ""elevation"", ""unit"": ""m"", ""scale"": ""continuous"", ""crs"": ""EPSG:32643"", ""resolution_m"": 60, ""temporal_resolution_h"": null, ""processing_level"": null, ""surface_model"": ""DSM"", ""vertical_datum"": ""EGM2008"", ""acquisition_time"": null, ""available_time"": null, ""provenance"": ""Copernicus DEM"", ""band_role"": null, ""nodata_semantics"": null, ""uncertainty"": null, ""allowed_values"": null, ""observed_min"": null, ""observed_max"": null, ""attrs"": {}}]","[{""op"": ""predict"", ""params"": {""features"": [0]}}, {""op"": ""require_bare_earth"", ""params"": {""artifact"": 1}}]",UNPROVEN,"The workflow requires 'requires_bare_earth' to be true, which is not provided in the artifacts.",5,UNPARSED,,,REFUTED,"The workflow requires bare-earthen terrain but the artifact is a DSM, which is not bare-earthen.",5.0,UNRESOLVED,FEWER_THAN_TWO_ELIGIBLE_JUDGES,0,REFUTED,REFUTED
106,SGX3_HELDOUT-FAMILY_rate_sum_without_duration_005,"{""goal"": ""rate_sum_without_duration"", ""required_quantity"": null, ""required_unit"": null, ""decision_time"": null, ""max_resolution_m"": null, ""requires_bare_earth"": false, ""requires_cloud_mask"": false, ""max_uncertainty"": null, ""temporal_tolerance_h"": null, ""required_value_range"": null}","[{""name"": ""precip-rate"", ""quantity"": ""precipitation_rate"", ""unit"": ""mm/h"", ""scale"": ""continuous"", ""crs"": ""EPSG:4326"", ""resolution_m"": 10000, ""temporal_resolution_h"": 0.1, ""processing_level"": null, ""surface_model"": null, ""vertical_datum"": null, ""acquisition_time"": null, ""available_time"": null, ""provenance"": ""authoritative-product"", ""band_role"": null, ""nodata_semantics"": null, ""uncertainty"": null, ""allowed_values"": null, ""observed_min"": null, ""observed_max"": null, ""attrs"": {}}]","[{""op"": ""temporal_aggregate"", ""params"": {""artifact"": 0, ""method"": ""integrate"", ""sample_duration_h"": 0.1, ""declared_quantity"": ""accumulation""}}]",UNPROVEN,"The workflow requires temporal aggregation with a sample duration of 0.1 hours, which is not possible with the provided temporal resolution of 0.1 hours. The artifact's temporal resolution does not meet the requirement for the operation.",5,PROVEN,"The workflow operation and artifact are compatible, and no additional constraints are violated.",5.0,REFUTED,"The operation integrates a rate to produce an accumulation, but the input is a rate, not an accumulation; duration-aware integration is required.",5.0,UNRESOLVED,FEWER_THAN_TWO_ELIGIBLE_JUDGES,0,PROVEN,PROVEN
107,SGX3_HELDOUT-FAMILY_multisensor_time_mismatch_008,"{""goal"": ""multisensor_time_mismatch"", ""required_quantity"": null, ""required_unit"": null, ""decision_time"": null, ""max_resolution_m"": null, ""requires_bare_earth"": false, ""requires_cloud_mask"": false, ""max_uncertainty"": null, ""temporal_tolerance_h"": null, ""required_value_range"": null}","[{""name"": ""S1"", ""quantity"": ""backscatter"", ""unit"": null, ""scale"": ""continuous"", ""crs"": ""EPSG:32643"", ""resolution_m"": 10.0, ""temporal_resolution_h"": null, ""processing_level"": null, ""surface_model"": null, ""vertical_datum"": null, ""acquisition_time"": ""2024-07-01T10:00:00+00:00"", ""available_time"": null, ""provenance"": ""authoritative-product"", ""band_role"": null, ""nodata_semantics"": null, ""uncertainty"": null, ""allowed_values"": null, ""observed_min"": null, ""observed_max"": null, ""attrs"": {}}, {""name"": ""S2"", ""quantity"": ""reflectance"", ""unit"": null, ""scale"": ""continuous"", ""crs"": ""EPSG:32643"", ""resolution_m"": 10.0, ""temporal_resolution_h"": null, ""processing_level"": null, ""surface_model"": null, ""vertical_datum"": null, ""acquisition_time"": ""2024-07-04T06:00:00+00:00"", ""available_time"": null, ""provenance"": ""authoritative-product"", ""band_role"": null, ""nodata_semantics"": null, ""uncertainty"": null, ""allowed_values"": null, ""observed_min"": null, ""observed_max"": null, ""attrs"": {}}]","[{""op"": ""compare_sensors"", ""params"": {""a"": 0, ""b"": 1, ""tolerance_h"": 6}}]",UNPROVEN,"The workflow requires temporal resolution and acquisition times to compare sensors, which are not provided in the artifacts.",5,PROVEN,No scientifically required constraints are violated or missing for the provided intent and workflow operations.,5.0,UNPROVEN,"The multisensor comparison operation does not require a stated goal or specific constraints, and the required evidence for this operation is not explicitly stated in the provided metadata.",5.0,UNRESOLVED,FEWER_THAN_TWO_ELIGIBLE_JUDGES,0,REFUTED,REFUTED
108,SGX3_BLIND_flood_depth_027,"{""goal"": ""flood_depth"", ""required_quantity"": null, ""required_unit"": null, ""decision_time"": null, ""max_resolution_m"": null, ""requires_bare_earth"": false, ""requires_cloud_mask"": false, ""max_uncertainty"": null, ""temporal_tolerance_h"": null, ""required_value_range"": null}","[{""name"": ""terrain-90"", ""quantity"": ""elevation"", ""unit"": ""m"", ""scale"": ""continuous"", ""crs"": ""EPSG:32643"", ""resolution_m"": 90, ""temporal_resolution_h"": null, ""processing_level"": null, ""surface_model"": ""DSM"", ""vertical_datum"": ""EGM2008"", ""acquisition_time"": null, ""available_time"": null, ""provenance"": ""Copernicus DEM"", ""band_role"": null, ""nodata_semantics"": null, ""uncertainty"": null, ""allowed_values"": null, ""observed_min"": null, ""observed_max"": null, ""attrs"": {}}, {""name"": ""water-surface"", ""quantity"": ""water_level"", ""unit"": ""cm"", ""scale"": ""continuous"", ""crs"": ""EPSG:32643"", ""resolution_m"": 10.0, ""temporal_resolution_h"": null, ""processing_level"": null, ""surface_model"": null, ""vertical_datum"": ""WGS84_ellipsoid"", ""acquisition_time"": null, ""available_time"": null, ""provenance"": ""hydraulic model"", ""band_role"": null, ""nodata_semantics"": null, ""uncertainty"": null, ""allowed_values"": null, ""observed_min"": null, ""observed_max"": null, ""attrs"": {}}]","[{""op"": ""combine_vertical"", ""params"": {""a"": 0, ""b"": 1}}, {""op"": ""convert_unit"", ""params"": {""artifact"": 1, ""to"": ""km2""}}]",UNPROVEN,"The workflow requires vertical datum compatibility and unit conversion, which are not provided in the artifacts.",5,UNPARSED,,,PROVEN,"The workflow combines DSM and water-surface elevation, converts to km2, and no required evidence is missing.",5.0,UNRESOLVED,FEWER_THAN_TWO_ELIGIBLE_JUDGES,0,REFUTED,REFUTED
109,SGX3_BLIND_flood_depth_024,"{""goal"": ""flood_depth"", ""required_quantity"": null, ""required_unit"": null, ""decision_time"": null, ""max_resolution_m"": null, ""requires_bare_earth"": false, ""requires_cloud_mask"": false, ""max_uncertainty"": null, ""temporal_tolerance_h"": null, ""required_value_range"": null}","[{""name"": ""terrain-10"", ""quantity"": ""elevation"", ""unit"": ""m"", ""scale"": ""continuous"", ""crs"": ""EPSG:32643"", ""resolution_m"": 10, ""temporal_resolution_h"": null, ""processing_level"": null, ""surface_model"": ""DSM"", ""vertical_datum"": ""EGM2008"", ""acquisition_time"": null, ""available_time"": null, ""provenance"": ""Copernicus DEM"", ""band_role"": null, ""nodata_semantics"": null, ""uncertainty"": null, ""allowed_values"": null, ""observed_min"": null, ""observed_max"": null, ""attrs"": {}}, {""name"": ""water-surface"", ""quantity"": ""water_level"", ""unit"": ""m"", ""scale"": ""continuous"", ""crs"": ""EPSG:32643"", ""resolution_m"": 10.0, ""temporal_resolution_h"": null, ""processing_level"": null, ""surface_model"": null, ""vertical_datum"": ""EGM2008"", ""acquisition_time"": null, ""available_time"": null, ""provenance"": ""hydraulic model"", ""band_role"": null, ""nodata_semantics"": null, ""uncertainty"": null, ""allowed_values"": null, ""observed_min"": null, ""observed_max"": null, ""attrs"": {}}]","[{""op"": ""combine_vertical"", ""params"": {""a"": 0, ""b"": 1}}, {""op"": ""convert_unit"", ""params"": {""artifact"": 1, ""to"": ""K""}}]",UNPROVEN,"The workflow requires unit conversion from meters to kilometers, which is not provided in the artifacts.",5,UNPARSED,,,UNPROVEN,"The water-level artifact is in meters, but the operation attempts to convert it to Kelvin, which is a temperature unit.",5.0,UNRESOLVED,FEWER_THAN_TWO_ELIGIBLE_JUDGES,0,REFUTED,REFUTED
110,SGX3_HELDOUT-FAMILY_scene_overlap_leakage_012,"{""goal"": ""scene_overlap_leakage"", ""required_quantity"": null, ""required_unit"": null, ""decision_time"": null, ""max_resolution_m"": null, ""requires_bare_earth"": false, ""requires_cloud_mask"": false, ""max_uncertainty"": null, ""temporal_tolerance_h"": null, ""required_value_range"": null}","[{""name"": ""chips"", ""quantity"": ""image_samples"", ""unit"": null, ""scale"": ""continuous"", ""crs"": ""EPSG:32643"", ""resolution_m"": 10.0, ""temporal_resolution_h"": null, ""processing_level"": null, ""surface_model"": null, ""vertical_datum"": null, ""acquisition_time"": null, ""available_time"": null, ""provenance"": ""authoritative-product"", ""band_role"": null, ""nodata_semantics"": null, ""uncertainty"": null, ""allowed_values"": null, ""observed_min"": null, ""observed_max"": null, ""attrs"": {}}]","[{""op"": ""split"", ""params"": {""mode"": ""scene"", ""scene_overlap_fraction"": 0.087}}]",UNPROVEN,"The workflow operation 'split' does not require any specific unit or provenance, but the artifacts provided do not specify a unit for 'image_samples'. This makes the operation unproven due to the missing unit requirement.",5,PROVEN,No contradictions or missing required evidence for the operation are present.,5.0,UNPROVEN,"The operation'split' does not require any stated constraints, so no contradiction or missing evidence is found.",5.0,UNRESOLVED,FEWER_THAN_TWO_ELIGIBLE_JUDGES,0,REFUTED,REFUTED
111,SGX3_BLIND_eo_ml_validation_017,"{""goal"": ""eo_ml_validation"", ""required_quantity"": null, ""required_unit"": null, ""decision_time"": null, ""max_resolution_m"": null, ""requires_bare_earth"": false, ""requires_cloud_mask"": false, ""max_uncertainty"": null, ""temporal_tolerance_h"": null, ""required_value_range"": null}","[{""name"": ""EO-samples-6802"", ""quantity"": ""training_samples"", ""unit"": null, ""scale"": ""continuous"", ""crs"": ""EPSG:32643"", ""resolution_m"": 10.0, ""temporal_resolution_h"": null, ""processing_level"": null, ""surface_model"": null, ""vertical_datum"": null, ""acquisition_time"": null, ""available_time"": null, ""provenance"": ""authoritative-product"", ""band_role"": null, ""nodata_semantics"": null, ""uncertainty"": null, ""allowed_values"": null, ""observed_min"": null, ""observed_max"": null, ""attrs"": {}}]","[{""op"": ""split"", ""params"": {""mode"": ""scene"", ""scene_overlap_fraction"": 0.218}}]",UNPROVEN,"The workflow operation 'split' does not require any specific unit or resolution, and the provided artifact metadata does not contain all necessary details (e.g., scene overlap fraction) to fully validate the operation.",5,PROVEN,No contradictions or missing required evidence for the 'split' operation are present.,5.0,PROVEN,"No scientific constraints are violated, and the required evidence for the operations is present.",5.0,UNRESOLVED,FEWER_THAN_TWO_ELIGIBLE_JUDGES,0,REFUTED,REFUTED
112,SGX3_HELDOUT-FAMILY_vertical_datum_mismatch_002,"{""goal"": ""vertical_datum_mismatch"", ""required_quantity"": null, ""required_unit"": null, ""decision_time"": null, ""max_resolution_m"": null, ""requires_bare_earth"": false, ""requires_cloud_mask"": false, ""max_uncertainty"": null, ""temporal_tolerance_h"": null, ""required_value_range"": null}","[{""name"": ""terrain"", ""quantity"": ""elevation"", ""unit"": ""m"", ""scale"": ""continuous"", ""crs"": ""EPSG:32643"", ""resolution_m"": 10.0, ""temporal_resolution_h"": null, ""processing_level"": null, ""surface_model"": null, ""vertical_datum"": ""EGM2008"", ""acquisition_time"": null, ""available_time"": null, ""provenance"": ""authoritative-product"", ""band_role"": null, ""nodata_semantics"": null, ""uncertainty"": null, ""allowed_values"": null, ""observed_min"": null, ""observed_max"": null, ""attrs"": {}}, {""name"": ""water"", ""quantity"": ""water_level"", ""unit"": ""m"", ""scale"": ""continuous"", ""crs"": ""EPSG:32643"", ""resolution_m"": 10.0, ""temporal_resolution_h"": null, ""processing_level"": null, ""surface_model"": null, ""vertical_datum"": ""WGS84_ellipsoid"", ""acquisition_time"": null, ""available_time"": null, ""provenance"": ""authoritative-product"", ""band_role"": null, ""nodata_semantics"": null, ""uncertainty"": null, ""allowed_values"": null, ""observed_min"": null, ""observed_max"": null, ""attrs"": {}}]","[{""op"": ""combine_vertical"", ""params"": {""a"": 0, ""b"": 1}}]",UNPROVEN,"The workflow attempts to combine elevation data from two sources with different vertical datums (EGM2008 and WGS84_ellipsoid), which is scientifically incompatible.",5,UNPARSED,,,REFUTED,The terrain and water-level vertical datums are incompatible (EGM2008 vs WGS84_ellipsoid).,5.0,UNRESOLVED,FEWER_THAN_TWO_ELIGIBLE_JUDGES,0,REFUTED,REFUTED
113,SGX3_HELDOUT-FAMILY_missing_provenance_000,"{""goal"": ""missing_provenance"", ""required_quantity"": null, ""required_unit"": null, ""decision_time"": null, ""max_resolution_m"": null, ""requires_bare_earth"": false, ""requires_cloud_mask"": false, ""max_uncertainty"": null, ""temporal_tolerance_h"": null, ""required_value_range"": null}","[{""name"": ""unknown-input"", ""quantity"": ""elevation"", ""unit"": null, ""scale"": ""continuous"", ""crs"": ""EPSG:32643"", ""resolution_m"": 10.0, ""temporal_resolution_h"": null, ""processing_level"": null, ""surface_model"": null, ""vertical_datum"": null, ""acquisition_time"": null, ""available_time"": null, ""provenance"": null, ""band_role"": null, ""nodata_semantics"": null, ""uncertainty"": null, ""allowed_values"": null, ""observed_min"": null, ""observed_max"": null, ""attrs"": {}}]",[],UNPROVEN,"The artifact 'unknown-input' lacks provenance information, which is necessary for scientific validation.",5,UNPROVEN,"The artifact lacks provenance, which is necessary for scientific certification.",5.0,UNPROVEN,"No provenance is provided for the artifact, which is required for certification.",5.0,UNRESOLVED,FEWER_THAN_TWO_ELIGIBLE_JUDGES,0,UNPROVEN,UNPROVEN
114,SGX3_DEVELOPMENT_spectral_role_001,"{""goal"": ""spectral_role"", ""required_quantity"": null, ""required_unit"": null, ""decision_time"": null, ""max_resolution_m"": null, ""requires_bare_earth"": false, ""requires_cloud_mask"": false, ""max_uncertainty"": null, ""temporal_tolerance_h"": null, ""required_value_range"": null}","[{""name"": ""red"", ""quantity"": ""reflectance"", ""unit"": null, ""scale"": ""continuous"", ""crs"": ""EPSG:32643"", ""resolution_m"": 10, ""temporal_resolution_h"": null, ""processing_level"": ""L2A"", ""surface_model"": null, ""vertical_datum"": null, ""acquisition_time"": null, ""available_time"": null, ""provenance"": ""authoritative-product"", ""band_role"": ""red"", ""nodata_semantics"": null, ""uncertainty"": null, ""allowed_values"": null, ""observed_min"": null, ""observed_max"": null, ""attrs"": {}}, {""name"": ""other"", ""quantity"": ""reflectance"", ""unit"": null, ""scale"": ""continuous"", ""crs"": ""EPSG:32643"", ""resolution_m"": 10, ""temporal_resolution_h"": null, ""processing_level"": ""L2A"", ""surface_model"": null, ""vertical_datum"": null, ""acquisition_time"": null, ""available_time"": null, ""provenance"": ""authoritative-product"", ""band_role"": ""swir16"", ""nodata_semantics"": null, ""uncertainty"": null, ""allowed_values"": null, ""observed_min"": null, ""observed_max"": null, ""attrs"": {}}]","[{""op"": ""spectral_index"", ""params"": {""red_artifact"": 0, ""other_artifact"": 1, ""expected_other_role"": ""nir"", ""explicit_alignment"": true}}]",UNPROVEN,"The workflow operation requires a specific band role ('nir') for the 'other' reflectance, which is not provided in the artifacts.",5,UNPARSED,,,REFUTED,"The spectral role of artifact 1 is not explicitly stated as 'nir', but the operation requires explicit alignment.",5.0,UNRESOLVED,FEWER_THAN_TWO_ELIGIBLE_JUDGES,0,REFUTED,REFUTED
115,SGX3_HELDOUT-FAMILY_uncertainty_missing_008,"{""goal"": ""operational decision"", ""required_quantity"": null, ""required_unit"": null, ""decision_time"": null, ""max_resolution_m"": null, ""requires_bare_earth"": false, ""requires_cloud_mask"": false, ""max_uncertainty"": 0.05, ""temporal_tolerance_h"": null, ""required_value_range"": null}","[{""name"": ""hazard"", ""quantity"": ""hazard_probability"", ""unit"": ""dimensionless"", ""scale"": ""continuous"", ""crs"": ""EPSG:32643"", ""resolution_m"": 10.0, ""temporal_resolution_h"": null, ""processing_level"": null, ""surface_model"": null, ""vertical_datum"": null, ""acquisition_time"": null, ""available_time"": null, ""provenance"": ""authoritative-product"", ""band_role"": null, ""nodata_semantics"": null, ""uncertainty"": 0.0116, ""allowed_values"": null, ""observed_min"": null, ""observed_max"": null, ""attrs"": {}}]",[],UNPROVEN,"The workflow contains no operations, and thus no evidence can be established.",5,PROVEN,"No supplied scientific constraint is violated, and the supplied evidence is sufficient for every operation that is actually required by the declared goal/workflow.",5.0,PROVEN,"No scientific constraints are violated, and the required evidence for operations is sufficient.",5.0,UNRESOLVED,FEWER_THAN_TWO_ELIGIBLE_JUDGES,0,PROVEN,PROVEN
116,SGX3_BLIND_landcover_change_047,"{""goal"": ""landcover_change"", ""required_quantity"": null, ""required_unit"": null, ""decision_time"": null, ""max_resolution_m"": null, ""requires_bare_earth"": false, ""requires_cloud_mask"": false, ""max_uncertainty"": null, ""temporal_tolerance_h"": null, ""required_value_range"": null}","[{""name"": ""WorldCover-20"", ""quantity"": ""land_cover"", ""unit"": null, ""scale"": ""categorical"", ""crs"": ""EPSG:4326"", ""resolution_m"": 20, ""temporal_resolution_h"": null, ""processing_level"": null, ""surface_model"": null, ""vertical_datum"": null, ""acquisition_time"": null, ""available_time"": null, ""provenance"": null, ""band_role"": null, ""nodata_semantics"": null, ""uncertainty"": null, ""allowed_values"": [10, 20, 30, 40, 50, 60, 70, 80, 90, 95, 100], ""observed_min"": null, ""observed_max"": null, ""attrs"": {}}]","[{""op"": ""resample"", ""params"": {""artifact"": 0, ""method"": ""bilinear"", ""target_resolution_m"": 40, ""evidence_of_new_information"": true}}]",UNPROVEN,"The workflow requires resampling with a target resolution of 40 meters, which is not possible with the current 20-meter resolution due to missing provenance.",5,PROVEN,The resampling operation is valid and does not violate any scientific constraints.,5.0,PROVEN,"The resampling method is bilinear, which is compatible with categorical land cover resampling.",5.0,UNRESOLVED,FEWER_THAN_TWO_ELIGIBLE_JUDGES,0,REFUTED,REFUTED
117,SGX3_BLIND_flood_depth_032,"{""goal"": ""flood_depth"", ""required_quantity"": null, ""required_unit"": null, ""decision_time"": null, ""max_resolution_m"": null, ""requires_bare_earth"": false, ""requires_cloud_mask"": false, ""max_uncertainty"": null, ""temporal_tolerance_h"": null, ""required_value_range"": null}","[{""name"": ""terrain-90"", ""quantity"": ""elevation"", ""unit"": ""m"", ""scale"": ""continuous"", ""crs"": ""EPSG:32643"", ""resolution_m"": 90, ""temporal_resolution_h"": null, ""processing_level"": null, ""surface_model"": ""DSM"", ""vertical_datum"": ""EGM2008"", ""acquisition_time"": null, ""available_time"": null, ""provenance"": ""Copernicus DEM"", ""band_role"": null, ""nodata_semantics"": null, ""uncertainty"": null, ""allowed_values"": null, ""observed_min"": null, ""observed_max"": null, ""attrs"": {}}, {""name"": ""water-surface"", ""quantity"": ""water_level"", ""unit"": ""m"", ""scale"": ""continuous"", ""crs"": ""EPSG:32643"", ""resolution_m"": 10.0, ""temporal_resolution_h"": null, ""processing_level"": null, ""surface_model"": null, ""vertical_datum"": ""EGM2008"", ""acquisition_time"": null, ""available_time"": null, ""provenance"": ""hydraulic model"", ""band_role"": null, ""nodata_semantics"": null, ""uncertainty"": null, ""allowed_values"": null, ""observed_min"": null, ""observed_max"": null, ""attrs"": {}}]","[{""op"": ""combine_vertical"", ""params"": {""a"": 0, ""b"": 1}}, {""op"": ""convert_unit"", ""params"": {""artifact"": 1, ""to"": ""km2""}}]",UNPROVEN,"The workflow requires vertical datum compatibility and unit conversion, which are not provided in the artifacts.",5,PROVEN,No contradictions or missing required evidence for the operations based on the provided information.,5.0,PROVEN,"The workflow combines DSM and DTM elevations, converts to km2, and no required evidence is missing.",5.0,UNRESOLVED,FEWER_THAN_TWO_ELIGIBLE_JUDGES,0,REFUTED,REFUTED
118,SGX3_BLIND_eo_ml_validation_047,"{""goal"": ""eo_ml_validation"", ""required_quantity"": null, ""required_unit"": null, ""decision_time"": null, ""max_resolution_m"": null, ""requires_bare_earth"": false, ""requires_cloud_mask"": false, ""max_uncertainty"": null, ""temporal_tolerance_h"": null, ""required_value_range"": null}","[{""name"": ""EO-samples-1636"", ""quantity"": ""training_samples"", ""unit"": null, ""scale"": ""continuous"", ""crs"": ""EPSG:32643"", ""resolution_m"": 10.0, ""temporal_resolution_h"": null, ""processing_level"": null, ""surface_model"": null, ""vertical_datum"": null, ""acquisition_time"": null, ""available_time"": null, ""provenance"": ""authoritative-product"", ""band_role"": null, ""nodata_semantics"": null, ""uncertainty"": null, ""allowed_values"": null, ""observed_min"": null, ""observed_max"": null, ""attrs"": {}}]","[{""op"": ""split"", ""params"": {""mode"": ""temporal"", ""train_end"": ""2024-07-17T00:00:00+00:00"", ""test_start"": ""2024-07-01T00:00:00+00:00""}}]",UNPROVEN,"The workflow operation 'split' requires temporal boundaries, which are not provided in the artifacts.",5,PROVEN,No contradictions or missing required evidence for the operation 'split'.,5.0,PROVEN,No contradictions are present and the workflow operations do not require additional evidence.,5.0,UNRESOLVED,FEWER_THAN_TWO_ELIGIBLE_JUDGES,0,REFUTED,REFUTED
119,SGX3_DEVELOPMENT_unsupported_resolution_gain_015,"{""goal"": ""unsupported_resolution_gain"", ""required_quantity"": null, ""required_unit"": null, ""decision_time"": null, ""max_resolution_m"": null, ""requires_bare_earth"": false, ""requires_cloud_mask"": false, ""max_uncertainty"": null, ""temporal_tolerance_h"": null, ""required_value_range"": null}","[{""name"": ""raster"", ""quantity"": ""surface_property"", ""unit"": null, ""scale"": ""continuous"", ""crs"": ""EPSG:32643"", ""resolution_m"": 50, ""temporal_resolution_h"": null, ""processing_level"": null, ""surface_model"": null, ""vertical_datum"": null, ""acquisition_time"": null, ""available_time"": null, ""provenance"": ""authoritative-product"", ""band_role"": null, ""nodata_semantics"": null, ""uncertainty"": null, ""allowed_values"": null, ""observed_min"": null, ""observed_max"": null, ""attrs"": {}}]","[{""op"": ""resample"", ""params"": {""artifact"": 0, ""method"": ""bilinear"", ""target_resolution_m"": 150, ""evidence_of_new_information"": false}}]",UNPROVEN,The workflow operation resamples the raster to a higher resolution (150m) without any explicit requirement or constraint provided in the scientific intent or artifact metadata.,5,PROVEN,The workflow operation 'resample' is compatible with the provided artifacts and does not violate any stated or scientifically required constraints.,5.0,UNPROVEN,"The operation resamples to a higher resolution than the artifact's resolution, but no evidence of new information is provided.",5.0,UNRESOLVED,FEWER_THAN_TWO_ELIGIBLE_JUDGES,0,PROVEN,PROVEN
120,SGX3_HELDOUT-FAMILY_multisensor_time_mismatch_010,"{""goal"": ""multisensor_time_mismatch"", ""required_quantity"": null, ""required_unit"": null, ""decision_time"": null, ""max_resolution_m"": null, ""requires_bare_earth"": false, ""requires_cloud_mask"": false, ""max_uncertainty"": null, ""temporal_tolerance_h"": null, ""required_value_range"": null}","[{""name"": ""S1"", ""quantity"": ""backscatter"", ""unit"": null, ""scale"": ""continuous"", ""crs"": ""EPSG:32643"", ""resolution_m"": 10.0, ""temporal_resolution_h"": null, ""processing_level"": null, ""surface_model"": null, ""vertical_datum"": null, ""acquisition_time"": ""2024-07-01T10:00:00+00:00"", ""available_time"": null, ""provenance"": ""authoritative-product"", ""band_role"": null, ""nodata_semantics"": null, ""uncertainty"": null, ""allowed_values"": null, ""observed_min"": null, ""observed_max"": null, ""attrs"": {}}, {""name"": ""S2"", ""quantity"": ""reflectance"", ""unit"": null, ""scale"": ""continuous"", ""crs"": ""EPSG:32643"", ""resolution_m"": 10.0, ""temporal_resolution_h"": null, ""processing_level"": null, ""surface_model"": null, ""vertical_datum"": null, ""acquisition_time"": ""2024-07-03T03:00:00+00:00"", ""available_time"": null, ""provenance"": ""authoritative-product"", ""band_role"": null, ""nodata_semantics"": null, ""uncertainty"": null, ""allowed_values"": null, ""observed_min"": null, ""observed_max"": null, ""attrs"": {}}]","[{""op"": ""compare_sensors"", ""params"": {""a"": 0, ""b"": 1, ""tolerance_h"": 12}}]",UNPROVEN,"The workflow requires temporal alignment between sensors S1 and S2, which is not provided in the artifacts.",5,PROVEN,"No supplied scientific constraint is violated, and the supplied evidence is sufficient for the declared goal/workflow.",5.0,UNPROVEN,"The multisensor comparison operation does not require a stated goal or specific constraints, and the required evidence for this operation is not explicitly stated in the provided metadata.",5.0,UNRESOLVED,FEWER_THAN_TWO_ELIGIBLE_JUDGES,0,REFUTED,REFUTED
121,SGX3_DEVELOPMENT_angular_area_005,"{""goal"": ""angular_area"", ""required_quantity"": null, ""required_unit"": null, ""decision_time"": null, ""max_resolution_m"": null, ""requires_bare_earth"": false, ""requires_cloud_mask"": false, ""max_uncertainty"": null, ""temporal_tolerance_h"": null, ""required_value_range"": null}","[{""name"": ""flood-polygon"", ""quantity"": ""flood_extent"", ""unit"": null, ""scale"": ""binary"", ""crs"": ""EPSG:32644"", ""resolution_m"": 30, ""temporal_resolution_h"": null, ""processing_level"": null, ""surface_model"": null, ""vertical_datum"": null, ""acquisition_time"": null, ""available_time"": null, ""provenance"": ""authoritative-product"", ""band_role"": null, ""nodata_semantics"": null, ""uncertainty"": null, ""allowed_values"": null, ""observed_min"": null, ""observed_max"": null, ""attrs"": {}}]","[{""op"": ""area"", ""params"": {""artifact"": 0, ""method"": ""planar"", ""output_unit"": ""km2""}}]",UNPROVEN,"The workflow requires a unit for the quantity 'flood_extent', which is not provided in the artifact metadata.",5,UNPARSED,,,PROVEN,"The operation is planar area calculation with a projected CRS, which is sufficient for angular area calculation.",5.0,UNRESOLVED,FEWER_THAN_TWO_ELIGIBLE_JUDGES,0,PROVEN,PROVEN
122,SGX3_BLIND_flood_depth_012,"{""goal"": ""flood_depth"", ""required_quantity"": null, ""required_unit"": null, ""decision_time"": null, ""max_resolution_m"": null, ""requires_bare_earth"": false, ""requires_cloud_mask"": false, ""max_uncertainty"": null, ""temporal_tolerance_h"": null, ""required_value_range"": null}","[{""name"": ""terrain-10"", ""quantity"": ""elevation"", ""unit"": ""m"", ""scale"": ""continuous"", ""crs"": ""EPSG:32643"", ""resolution_m"": 10, ""temporal_resolution_h"": null, ""processing_level"": null, ""surface_model"": ""DSM"", ""vertical_datum"": ""EGM2008"", ""acquisition_time"": null, ""available_time"": null, ""provenance"": ""Copernicus DEM"", ""band_role"": null, ""nodata_semantics"": null, ""uncertainty"": null, ""allowed_values"": null, ""observed_min"": null, ""observed_max"": null, ""attrs"": {}}, {""name"": ""water-surface"", ""quantity"": ""water_level"", ""unit"": ""m"", ""scale"": ""continuous"", ""crs"": ""EPSG:32643"", ""resolution_m"": 10.0, ""temporal_resolution_h"": null, ""processing_level"": null, ""surface_model"": null, ""vertical_datum"": null, ""acquisition_time"": null, ""available_time"": null, ""provenance"": ""hydraulic model"", ""band_role"": null, ""nodata_semantics"": null, ""uncertainty"": null, ""allowed_values"": null, ""observed_min"": null, ""observed_max"": null, ""attrs"": {}}]","[{""op"": ""combine_vertical"", ""params"": {""a"": 0, ""b"": 1}}, {""op"": ""convert_unit"", ""params"": {""artifact"": 1, ""to"": ""km2""}}]",UNPROVEN,"The workflow requires vertical datum and unit conversions, which are not provided in the artifacts.",5,UNPARSED,,,PROVEN,"The workflow combines DSM and water-surface elevation, converts to km2, and no required evidence is missing.",5.0,UNRESOLVED,FEWER_THAN_TWO_ELIGIBLE_JUDGES,0,REFUTED,REFUTED
123,SGX3_HELDOUT-FAMILY_scene_overlap_leakage_010,"{""goal"": ""scene_overlap_leakage"", ""required_quantity"": null, ""required_unit"": null, ""decision_time"": null, ""max_resolution_m"": null, ""requires_bare_earth"": false, ""requires_cloud_mask"": false, ""max_uncertainty"": null, ""temporal_tolerance_h"": null, ""required_value_range"": null}","[{""name"": ""chips"", ""quantity"": ""image_samples"", ""unit"": null, ""scale"": ""continuous"", ""crs"": ""EPSG:32643"", ""resolution_m"": 10.0, ""temporal_resolution_h"": null, ""processing_level"": null, ""surface_model"": null, ""vertical_datum"": null, ""acquisition_time"": null, ""available_time"": null, ""provenance"": ""authoritative-product"", ""band_role"": null, ""nodata_semantics"": null, ""uncertainty"": null, ""allowed_values"": null, ""observed_min"": null, ""observed_max"": null, ""attrs"": {}}]","[{""op"": ""split"", ""params"": {""mode"": ""scene"", ""scene_overlap_fraction"": 0.259}}]",UNPROVEN,The workflow operation 'split' requires scene overlap fraction but the artifacts do not provide any temporal or spatial overlap information.,5,PROVEN,"No supplied scientific constraint is violated, and the supplied evidence is sufficient for the declared goal/workflow.",5.0,UNPROVEN,"The operation'split' does not require any stated constraints, so no contradiction or missing evidence is found.",5.0,UNRESOLVED,FEWER_THAN_TWO_ELIGIBLE_JUDGES,0,REFUTED,REFUTED
124,SGX3_BLIND_flood_remote_sensing_049,"{""goal"": ""flood_remote_sensing"", ""required_quantity"": null, ""required_unit"": null, ""decision_time"": null, ""max_resolution_m"": null, ""requires_bare_earth"": false, ""requires_cloud_mask"": false, ""max_uncertainty"": null, ""temporal_tolerance_h"": null, ""required_value_range"": null}","[{""name"": ""flood-mask-20"", ""quantity"": ""flood_extent"", ""unit"": null, ""scale"": ""binary"", ""crs"": ""EPSG:6933"", ""resolution_m"": 20, ""temporal_resolution_h"": null, ""processing_level"": null, ""surface_model"": null, ""vertical_datum"": null, ""acquisition_time"": null, ""available_time"": null, ""provenance"": ""authoritative-product"", ""band_role"": null, ""nodata_semantics"": null, ""uncertainty"": null, ""allowed_values"": null, ""observed_min"": null, ""observed_max"": null, ""attrs"": {""cloud_mask_applied"": true}}, {""name"": ""S1"", ""quantity"": ""backscatter"", ""unit"": null, ""scale"": ""continuous"", ""crs"": ""EPSG:32643"", ""resolution_m"": 10, ""temporal_resolution_h"": null, ""processing_level"": null, ""surface_model"": null, ""vertical_datum"": null, ""acquisition_time"": ""2024-07-15T10:00:00+00:00"", ""available_time"": null, ""provenance"": ""authoritative-product"", ""band_role"": null, ""nodata_semantics"": null, ""uncertainty"": null, ""allowed_values"": null, ""observed_min"": null, ""observed_max"": null, ""attrs"": {}}, {""name"": ""S2"", ""quantity"": ""reflectance"", ""unit"": null, ""scale"": ""continuous"", ""crs"": ""EPSG:32643"", ""resolution_m"": 10, ""temporal_resolution_h"": null, ""processing_level"": null, ""surface_model"": null, ""vertical_datum"": null, ""acquisition_time"": ""2024-07-15T22:00:00+00:00"", ""available_time"": null, ""provenance"": ""authoritative-product"", ""band_role"": null, ""nodata_semantics"": null, ""uncertainty"": null, ""allowed_values"": null, ""observed_min"": null, ""observed_max"": null, ""attrs"": {}}]","[{""op"": ""require_cloud_mask"", ""params"": {""artifact"": 0}}, {""op"": ""compare_sensors"", ""params"": {""a"": 1, ""b"": 2, ""tolerance_h"": 24}}, {""op"": ""area"", ""params"": {""artifact"": 0, ""method"": ""geodesic"", ""output_unit"": ""km2""}}]",UNPROVEN,"The operations require cloud mask application and sensor comparison, which are not provided in the artifacts.",5,UNPARSED,,,PROVEN,"The workflow requires a cloud mask, which is provided for artifact 0. The sensors are compared with a tolerance of 24 hours, which is reasonable given the temporal resolution of the sensors. The area calculation uses a geodesic method, which is appropriate for the CRS.",5.0,UNRESOLVED,FEWER_THAN_TWO_ELIGIBLE_JUDGES,0,PROVEN,PROVEN
125,SGX3_BLIND_flood_depth_029,"{""goal"": ""flood_depth"", ""required_quantity"": null, ""required_unit"": null, ""decision_time"": null, ""max_resolution_m"": null, ""requires_bare_earth"": false, ""requires_cloud_mask"": false, ""max_uncertainty"": null, ""temporal_tolerance_h"": null, ""required_value_range"": null}","[{""name"": ""terrain-10"", ""quantity"": ""elevation"", ""unit"": ""m"", ""scale"": ""continuous"", ""crs"": ""EPSG:32643"", ""resolution_m"": 10, ""temporal_resolution_h"": null, ""processing_level"": null, ""surface_model"": ""DTM"", ""vertical_datum"": ""EGM2008"", ""acquisition_time"": null, ""available_time"": null, ""provenance"": ""Copernicus DEM"", ""band_role"": null, ""nodata_semantics"": null, ""uncertainty"": null, ""allowed_values"": null, ""observed_min"": null, ""observed_max"": null, ""attrs"": {}}, {""name"": ""water-surface"", ""quantity"": ""water_level"", ""unit"": ""m"", ""scale"": ""continuous"", ""crs"": ""EPSG:32643"", ""resolution_m"": 10.0, ""temporal_resolution_h"": null, ""processing_level"": null, ""surface_model"": null, ""vertical_datum"": ""EGM2008"", ""acquisition_time"": null, ""available_time"": null, ""provenance"": ""hydraulic model"", ""band_role"": null, ""nodata_semantics"": null, ""uncertainty"": null, ""allowed_values"": null, ""observed_min"": null, ""observed_max"": null, ""attrs"": {}}]","[{""op"": ""combine_vertical"", ""params"": {""a"": 0, ""b"": 1}}, {""op"": ""convert_unit"", ""params"": {""artifact"": 1, ""to"": ""K""}}]",UNPROVEN,"The workflow requires unit conversion from 'm' to 'K', which is not provided in the artifacts.",5,UNPARSED,,,UNPROVEN,"The water-level artifact is in meters, but the operation attempts to convert it to Kelvin, which is a temperature unit.",5.0,UNRESOLVED,FEWER_THAN_TWO_ELIGIBLE_JUDGES,0,REFUTED,REFUTED
126,SGX3_HELDOUT-FAMILY_temporal_split_overlap_006,"{""goal"": ""temporal_split_overlap"", ""required_quantity"": null, ""required_unit"": null, ""decision_time"": null, ""max_resolution_m"": null, ""requires_bare_earth"": false, ""requires_cloud_mask"": false, ""max_uncertainty"": null, ""temporal_tolerance_h"": null, ""required_value_range"": null}","[{""name"": ""records"", ""quantity"": ""time_series"", ""unit"": null, ""scale"": ""continuous"", ""crs"": ""EPSG:32643"", ""resolution_m"": 10.0, ""temporal_resolution_h"": null, ""processing_level"": null, ""surface_model"": null, ""vertical_datum"": null, ""acquisition_time"": null, ""available_time"": null, ""provenance"": ""authoritative-product"", ""band_role"": null, ""nodata_semantics"": null, ""uncertainty"": null, ""allowed_values"": null, ""observed_min"": null, ""observed_max"": null, ""attrs"": {}}]","[{""op"": ""split"", ""params"": {""mode"": ""temporal"", ""train_end"": ""2024-06-13T00:00:00+00:00"", ""test_start"": ""2024-07-01T00:00:00+00:00""}}]",UNPROVEN,"The workflow requires temporal splitting, but the artifacts do not specify temporal resolution or acquisition times, which are necessary for temporal splitting.",5,PROVEN,"No supplied scientific constraint is violated, and the supplied evidence is sufficient for the declared goal/workflow.",5.0,PROVEN,"The workflow operation is a temporal split, which is a valid operation for time series data with a specified train and test time range.",5.0,UNRESOLVED,FEWER_THAN_TWO_ELIGIBLE_JUDGES,0,PROVEN,PROVEN
127,SGX3_HELDOUT-FAMILY_physical_range_violation_000,"{""goal"": ""physical_range_violation"", ""required_quantity"": null, ""required_unit"": null, ""decision_time"": null, ""max_resolution_m"": null, ""requires_bare_earth"": false, ""requires_cloud_mask"": false, ""max_uncertainty"": null, ""temporal_tolerance_h"": null, ""required_value_range"": null}","[{""name"": ""index"", ""quantity"": ""NDVI"", ""unit"": ""dimensionless"", ""scale"": ""continuous"", ""crs"": ""EPSG:32643"", ""resolution_m"": 10.0, ""temporal_resolution_h"": null, ""processing_level"": null, ""surface_model"": null, ""vertical_datum"": null, ""acquisition_time"": null, ""available_time"": null, ""provenance"": ""authoritative-product"", ""band_role"": null, ""nodata_semantics"": null, ""uncertainty"": null, ""allowed_values"": null, ""observed_min"": -0.8, ""observed_max"": 1.3, ""attrs"": {}}]","[{""op"": ""assert_value_range"", ""params"": {""artifact"": 0, ""min"": -1, ""max"": 1}}]",UNPROVEN,"The workflow operation 'assert_value_range' requires a value range constraint, which is not provided in the artifact metadata.",5,REFUTED,The observed maximum value of the NDVI artifact (1.3) exceeds the asserted value range (-1 to 1).,5.0,REFUTED,The observed NDVI range (-0.8 to 1.3) violates the asserted value range (-1 to 1).,5.0,UNRESOLVED,FEWER_THAN_TWO_ELIGIBLE_JUDGES,0,REFUTED,REFUTED
128,SGX3_BLIND_flood_depth_041,"{""goal"": ""flood_depth"", ""required_quantity"": null, ""required_unit"": null, ""decision_time"": null, ""max_resolution_m"": null, ""requires_bare_earth"": false, ""requires_cloud_mask"": false, ""max_uncertainty"": null, ""temporal_tolerance_h"": null, ""required_value_range"": null}","[{""name"": ""terrain-90"", ""quantity"": ""elevation"", ""unit"": ""m"", ""scale"": ""continuous"", ""crs"": ""EPSG:32643"", ""resolution_m"": 90, ""temporal_resolution_h"": null, ""processing_level"": null, ""surface_model"": ""DTM"", ""vertical_datum"": ""EGM2008"", ""acquisition_time"": null, ""available_time"": null, ""provenance"": ""Copernicus DEM"", ""band_role"": null, ""nodata_semantics"": null, ""uncertainty"": null, ""allowed_values"": null, ""observed_min"": null, ""observed_max"": null, ""attrs"": {}}, {""name"": ""water-surface"", ""quantity"": ""water_level"", ""unit"": ""m"", ""scale"": ""continuous"", ""crs"": ""EPSG:32643"", ""resolution_m"": 10.0, ""temporal_resolution_h"": null, ""processing_level"": null, ""surface_model"": null, ""vertical_datum"": ""EGM2008"", ""acquisition_time"": null, ""available_time"": null, ""provenance"": ""hydraulic model"", ""band_role"": null, ""nodata_semantics"": null, ""uncertainty"": null, ""allowed_values"": null, ""observed_min"": null, ""observed_max"": null, ""attrs"": {}}]","[{""op"": ""combine_vertical"", ""params"": {""a"": 0, ""b"": 1}}, {""op"": ""convert_unit"", ""params"": {""artifact"": 1, ""to"": ""K""}}]",UNPROVEN,"The workflow requires unit conversion from 'm' to 'K', which is not provided in the artifacts.",5,UNPARSED,,,UNPROVEN,"The water-level artifact's unit is not a depth, but the operation requires a depth unit for flood depth estimation.",5.0,UNRESOLVED,FEWER_THAN_TWO_ELIGIBLE_JUDGES,0,REFUTED,REFUTED
129,SGX3_HELDOUT-FAMILY_vertical_datum_mismatch_000,"{""goal"": ""vertical_datum_mismatch"", ""required_quantity"": null, ""required_unit"": null, ""decision_time"": null, ""max_resolution_m"": null, ""requires_bare_earth"": false, ""requires_cloud_mask"": false, ""max_uncertainty"": null, ""temporal_tolerance_h"": null, ""required_value_range"": null}","[{""name"": ""terrain"", ""quantity"": ""elevation"", ""unit"": ""m"", ""scale"": ""continuous"", ""crs"": ""EPSG:32643"", ""resolution_m"": 10.0, ""temporal_resolution_h"": null, ""processing_level"": null, ""surface_model"": null, ""vertical_datum"": ""EGM2008"", ""acquisition_time"": null, ""available_time"": null, ""provenance"": ""authoritative-product"", ""band_role"": null, ""nodata_semantics"": null, ""uncertainty"": null, ""allowed_values"": null, ""observed_min"": null, ""observed_max"": null, ""attrs"": {}}, {""name"": ""water"", ""quantity"": ""water_level"", ""unit"": ""m"", ""scale"": ""continuous"", ""crs"": ""EPSG:32643"", ""resolution_m"": 10.0, ""temporal_resolution_h"": null, ""processing_level"": null, ""surface_model"": null, ""vertical_datum"": ""EGM96"", ""acquisition_time"": null, ""available_time"": null, ""provenance"": ""authoritative-product"", ""band_role"": null, ""nodata_semantics"": null, ""uncertainty"": null, ""allowed_values"": null, ""observed_min"": null, ""observed_max"": null, ""attrs"": {}}]","[{""op"": ""combine_vertical"", ""params"": {""a"": 0, ""b"": 1}}]",UNPROVEN,"The workflow attempts to combine elevation data from two sources with different vertical datums (EGM2008 and EGM96), which is scientifically incompatible.",5,REFUTED,Incompatible vertical datums for combining vertical surfaces.,5.0,REFUTED,"The terrain and water-level vertical datums are different (EGM2008 vs EGM96), which is a vertical_datum_mismatch.",5.0,UNRESOLVED,FEWER_THAN_TWO_ELIGIBLE_JUDGES,0,REFUTED,REFUTED
130,SGX3_DEVELOPMENT_categorical_interpolation_010,"{""goal"": ""categorical_interpolation"", ""required_quantity"": null, ""required_unit"": null, ""decision_time"": null, ""max_resolution_m"": null, ""requires_bare_earth"": false, ""requires_cloud_mask"": false, ""max_uncertainty"": null, ""temporal_tolerance_h"": null, ""required_value_range"": null}","[{""name"": ""landcover-20"", ""quantity"": ""land_cover"", ""unit"": null, ""scale"": ""categorical"", ""crs"": ""EPSG:4326"", ""resolution_m"": 20, ""temporal_resolution_h"": null, ""processing_level"": null, ""surface_model"": null, ""vertical_datum"": null, ""acquisition_time"": null, ""available_time"": null, ""provenance"": ""authoritative-product"", ""band_role"": null, ""nodata_semantics"": null, ""uncertainty"": null, ""allowed_values"": [10, 20, 30, 40, 50, 60, 70, 80, 90, 95, 100], ""observed_min"": null, ""observed_max"": null, ""attrs"": {}}]","[{""op"": ""resample"", ""params"": {""artifact"": 0, ""method"": ""lanczos"", ""target_resolution_m"": 60, ""evidence_of_new_information"": true}}]",UNPROVEN,The workflow requires resampling with a new resolution (60m) which is not supported by the original 20m resolution artifact without additional evidence.,5,PROVEN,The resampling operation is valid for categorical data and does not violate any stated constraints.,5.0,PROVEN,"The categorical interpolation operation is supported by the provided landcover-20 artifact with a resolution of 20m, and the resampling method is Lanczos, which is suitable for categorical data.",5.0,UNRESOLVED,FEWER_THAN_TWO_ELIGIBLE_JUDGES,0,REFUTED,REFUTED
131,SGX3_HELDOUT-FAMILY_scene_overlap_leakage_004,"{""goal"": ""scene_overlap_leakage"", ""required_quantity"": null, ""required_unit"": null, ""decision_time"": null, ""max_resolution_m"": null, ""requires_bare_earth"": false, ""requires_cloud_mask"": false, ""max_uncertainty"": null, ""temporal_tolerance_h"": null, ""required_value_range"": null}","[{""name"": ""chips"", ""quantity"": ""image_samples"", ""unit"": null, ""scale"": ""continuous"", ""crs"": ""EPSG:32643"", ""resolution_m"": 10.0, ""temporal_resolution_h"": null, ""processing_level"": null, ""surface_model"": null, ""vertical_datum"": null, ""acquisition_time"": null, ""available_time"": null, ""provenance"": ""authoritative-product"", ""band_role"": null, ""nodata_semantics"": null, ""uncertainty"": null, ""allowed_values"": null, ""observed_min"": null, ""observed_max"": null, ""attrs"": {}}]","[{""op"": ""split"", ""params"": {""mode"": ""scene"", ""scene_overlap_fraction"": 0.404}}]",UNPROVEN,"The workflow operation 'split' does not require any specific unit or provenance, but the artifacts provided do not specify a unit for 'image_samples'. This makes the operation unproven due to the missing unit requirement.",5,PROVEN,No contradictions or missing required evidence for the operation are present.,5.0,UNPROVEN,"The operation'split' does not require any stated constraints, so no contradiction or missing evidence is found.",5.0,UNRESOLVED,FEWER_THAN_TWO_ELIGIBLE_JUDGES,0,REFUTED,REFUTED
132,SGX3_BLIND_flood_remote_sensing_007,"{""goal"": ""flood_remote_sensing"", ""required_quantity"": null, ""required_unit"": null, ""decision_time"": null, ""max_resolution_m"": null, ""requires_bare_earth"": false, ""requires_cloud_mask"": false, ""max_uncertainty"": null, ""temporal_tolerance_h"": null, ""required_value_range"": null}","[{""name"": ""flood-mask-10"", ""quantity"": ""flood_extent"", ""unit"": null, ""scale"": ""binary"", ""crs"": ""EPSG:6933"", ""resolution_m"": 10, ""temporal_resolution_h"": null, ""processing_level"": null, ""surface_model"": null, ""vertical_datum"": null, ""acquisition_time"": null, ""available_time"": null, ""provenance"": ""authoritative-product"", ""band_role"": null, ""nodata_semantics"": null, ""uncertainty"": null, ""allowed_values"": null, ""observed_min"": null, ""observed_max"": null, ""attrs"": {""cloud_mask_applied"": true}}, {""name"": ""S1"", ""quantity"": ""backscatter"", ""unit"": null, ""scale"": ""continuous"", ""crs"": ""EPSG:32643"", ""resolution_m"": 10, ""temporal_resolution_h"": null, ""processing_level"": null, ""surface_model"": null, ""vertical_datum"": null, ""acquisition_time"": ""2024-07-05T10:00:00+00:00"", ""available_time"": null, ""provenance"": ""authoritative-product"", ""band_role"": null, ""nodata_semantics"": null, ""uncertainty"": null, ""allowed_values"": null, ""observed_min"": null, ""observed_max"": null, ""attrs"": {}}, {""name"": ""S2"", ""quantity"": ""reflectance"", ""unit"": null, ""scale"": ""continuous"", ""crs"": ""EPSG:32643"", ""resolution_m"": 10, ""temporal_resolution_h"": null, ""processing_level"": null, ""surface_model"": null, ""vertical_datum"": null, ""acquisition_time"": ""2024-07-05T22:00:00+00:00"", ""available_time"": null, ""provenance"": ""authoritative-product"", ""band_role"": null, ""nodata_semantics"": null, ""uncertainty"": null, ""allowed_values"": null, ""observed_min"": null, ""observed_max"": null, ""attrs"": {}}]","[{""op"": ""require_cloud_mask"", ""params"": {""artifact"": 0}}, {""op"": ""compare_sensors"", ""params"": {""a"": 1, ""b"": 2, ""tolerance_h"": 6}}, {""op"": ""area"", ""params"": {""artifact"": 0, ""method"": ""geodesic"", ""output_unit"": ""km2""}}]",UNPROVEN,"The operations require cloud mask application and sensor comparison, which are not provided in the artifacts.",5,UNPROVEN,"No contradiction is established, but a piece of evidence that is genuinely necessary for an operation cannot be established from the supplied metadata.",3.0,PROVEN,"The workflow requires a cloud mask, which is provided for artifact 0. The sensors are compared with a tolerance of 6 hours, and the area is calculated using geodesic method with no missing required evidence.",5.0,UNRESOLVED,FEWER_THAN_TWO_ELIGIBLE_JUDGES,0,REFUTED,REFUTED
133,SGX3_HELDOUT-FAMILY_temporal_split_overlap_005,"{""goal"": ""temporal_split_overlap"", ""required_quantity"": null, ""required_unit"": null, ""decision_time"": null, ""max_resolution_m"": null, ""requires_bare_earth"": false, ""requires_cloud_mask"": false, ""max_uncertainty"": null, ""temporal_tolerance_h"": null, ""required_value_range"": null}","[{""name"": ""records"", ""quantity"": ""time_series"", ""unit"": null, ""scale"": ""continuous"", ""crs"": ""EPSG:32643"", ""resolution_m"": 10.0, ""temporal_resolution_h"": null, ""processing_level"": null, ""surface_model"": null, ""vertical_datum"": null, ""acquisition_time"": null, ""available_time"": null, ""provenance"": ""authoritative-product"", ""band_role"": null, ""nodata_semantics"": null, ""uncertainty"": null, ""allowed_values"": null, ""observed_min"": null, ""observed_max"": null, ""attrs"": {}}]","[{""op"": ""split"", ""params"": {""mode"": ""temporal"", ""train_end"": ""2024-06-01T00:00:00+00:00"", ""test_start"": ""2024-07-01T00:00:00+00:00""}}]",UNPROVEN,"The workflow requires temporal splitting, but the artifacts do not specify temporal resolution or acquisition times, which are necessary for temporal splitting.",5,PROVEN,"No supplied scientific constraint is violated, and the supplied evidence is sufficient for the declared goal/workflow.",5.0,PROVEN,"The workflow operation is a temporal split, which is a valid operation for time series data with a defined temporal resolution.",5.0,UNRESOLVED,FEWER_THAN_TWO_ELIGIBLE_JUDGES,0,PROVEN,PROVEN
134,SGX3_BLIND_landcover_change_012,"{""goal"": ""landcover_change"", ""required_quantity"": null, ""required_unit"": null, ""decision_time"": null, ""max_resolution_m"": null, ""requires_bare_earth"": false, ""requires_cloud_mask"": false, ""max_uncertainty"": null, ""temporal_tolerance_h"": null, ""required_value_range"": null}","[{""name"": ""WorldCover-20"", ""quantity"": ""land_cover"", ""unit"": null, ""scale"": ""categorical"", ""crs"": ""EPSG:4326"", ""resolution_m"": 20, ""temporal_resolution_h"": null, ""processing_level"": null, ""surface_model"": null, ""vertical_datum"": null, ""acquisition_time"": null, ""available_time"": null, ""provenance"": null, ""band_role"": null, ""nodata_semantics"": null, ""uncertainty"": null, ""allowed_values"": [10, 20, 30, 40, 50, 60, 70, 80, 90, 95, 100], ""observed_min"": null, ""observed_max"": null, ""attrs"": {}}]","[{""op"": ""resample"", ""params"": {""artifact"": 0, ""method"": ""lanczos"", ""target_resolution_m"": 40, ""evidence_of_new_information"": true}}]",UNPROVEN,"The workflow requires resampling with a target resolution of 40 meters, which is not provided in the artifacts.",5,PROVEN,The resampling operation is valid and does not violate any scientific constraints.,5.0,PROVEN,"The resampling method is Lanczos, which is a valid operation for categorical resampling. No required evidence is missing.",5.0,UNRESOLVED,FEWER_THAN_TWO_ELIGIBLE_JUDGES,0,REFUTED,REFUTED
135,SGX3_DEVELOPMENT_unsupported_resolution_gain_014,"{""goal"": ""unsupported_resolution_gain"", ""required_quantity"": null, ""required_unit"": null, ""decision_time"": null, ""max_resolution_m"": null, ""requires_bare_earth"": false, ""requires_cloud_mask"": false, ""max_uncertainty"": null, ""temporal_tolerance_h"": null, ""required_value_range"": null}","[{""name"": ""raster"", ""quantity"": ""surface_property"", ""unit"": null, ""scale"": ""continuous"", ""crs"": ""EPSG:32643"", ""resolution_m"": 20, ""temporal_resolution_h"": null, ""processing_level"": null, ""surface_model"": null, ""vertical_datum"": null, ""acquisition_time"": null, ""available_time"": null, ""provenance"": ""authoritative-product"", ""band_role"": null, ""nodata_semantics"": null, ""uncertainty"": null, ""allowed_values"": null, ""observed_min"": null, ""observed_max"": null, ""attrs"": {}}]","[{""op"": ""resample"", ""params"": {""artifact"": 0, ""method"": ""bilinear"", ""target_resolution_m"": 10.0, ""evidence_of_new_information"": false}}]",UNPROVEN,"The workflow operation resamples the raster without any explicit requirement for a specific unit or resolution gain, but the target resolution is smaller than the original, which could be problematic depending on the application.",5,PROVEN,"No supplied scientific constraint is violated, and the supplied evidence is sufficient for every operation that is actually required by the declared goal/workflow.",5.0,UNPROVEN,"The operation requires a bare-earthen surface model, but it is not explicitly required by the workflow.",5.0,UNRESOLVED,FEWER_THAN_TWO_ELIGIBLE_JUDGES,0,REFUTED,REFUTED
136,SGX3_HELDOUT-FAMILY_scene_overlap_leakage_006,"{""goal"": ""scene_overlap_leakage"", ""required_quantity"": null, ""required_unit"": null, ""decision_time"": null, ""max_resolution_m"": null, ""requires_bare_earth"": false, ""requires_cloud_mask"": false, ""max_uncertainty"": null, ""temporal_tolerance_h"": null, ""required_value_range"": null}","[{""name"": ""chips"", ""quantity"": ""image_samples"", ""unit"": null, ""scale"": ""continuous"", ""crs"": ""EPSG:32643"", ""resolution_m"": 10.0, ""temporal_resolution_h"": null, ""processing_level"": null, ""surface_model"": null, ""vertical_datum"": null, ""acquisition_time"": null, ""available_time"": null, ""provenance"": ""authoritative-product"", ""band_role"": null, ""nodata_semantics"": null, ""uncertainty"": null, ""allowed_values"": null, ""observed_min"": null, ""observed_max"": null, ""attrs"": {}}]","[{""op"": ""split"", ""params"": {""mode"": ""scene"", ""scene_overlap_fraction"": 0.396}}]",UNPROVEN,The workflow operation 'split' requires scene overlap fraction but the artifacts do not provide any temporal or spatial overlap information.,5,PROVEN,No contradictions or missing required evidence for the operation are present.,5.0,UNPROVEN,"The operation'split' does not require any stated constraints, so no contradiction or missing evidence is found.",5.0,UNRESOLVED,FEWER_THAN_TWO_ELIGIBLE_JUDGES,0,REFUTED,REFUTED
137,SGX3_BLIND_flood_remote_sensing_002,"{""goal"": ""flood_remote_sensing"", ""required_quantity"": null, ""required_unit"": null, ""decision_time"": null, ""max_resolution_m"": null, ""requires_bare_earth"": false, ""requires_cloud_mask"": false, ""max_uncertainty"": null, ""temporal_tolerance_h"": null, ""required_value_range"": null}","[{""name"": ""flood-mask-20"", ""quantity"": ""flood_extent"", ""unit"": null, ""scale"": ""binary"", ""crs"": ""EPSG:4326"", ""resolution_m"": 20, ""temporal_resolution_h"": null, ""processing_level"": null, ""surface_model"": null, ""vertical_datum"": null, ""acquisition_time"": null, ""available_time"": null, ""provenance"": ""authoritative-product"", ""band_role"": null, ""nodata_semantics"": null, ""uncertainty"": null, ""allowed_values"": null, ""observed_min"": null, ""observed_max"": null, ""attrs"": {""cloud_mask_applied"": false}}, {""name"": ""S1"", ""quantity"": ""backscatter"", ""unit"": null, ""scale"": ""continuous"", ""crs"": ""EPSG:32643"", ""resolution_m"": 10, ""temporal_resolution_h"": null, ""processing_level"": null, ""surface_model"": null, ""vertical_datum"": null, ""acquisition_time"": ""2024-07-05T10:00:00+00:00"", ""available_time"": null, ""provenance"": ""authoritative-product"", ""band_role"": null, ""nodata_semantics"": null, ""uncertainty"": null, ""allowed_values"": null, ""observed_min"": null, ""observed_max"": null, ""attrs"": {}}, {""name"": ""S2"", ""quantity"": ""reflectance"", ""unit"": null, ""scale"": ""continuous"", ""crs"": ""EPSG:32643"", ""resolution_m"": 10, ""temporal_resolution_h"": null, ""processing_level"": null, ""surface_model"": null, ""vertical_datum"": null, ""acquisition_time"": ""2024-07-06T10:00:00+00:00"", ""available_time"": null, ""provenance"": ""authoritative-product"", ""band_role"": null, ""nodata_semantics"": null, ""uncertainty"": null, ""allowed_values"": null, ""observed_min"": null, ""observed_max"": null, ""attrs"": {}}]","[{""op"": ""require_cloud_mask"", ""params"": {""artifact"": 0}}, {""op"": ""compare_sensors"", ""params"": {""a"": 1, ""b"": 2, ""tolerance_h"": 24}}, {""op"": ""area"", ""params"": {""artifact"": 0, ""method"": ""planar"", ""output_unit"": ""km2""}}]",UNPROVEN,"The operations require cloud mask and sensor comparison, which are not provided in the artifacts.",5,UNPROVEN,Missing evidence for required metadata fields that are scientifically necessary for the operations.,3.0,PROVEN,"The workflow requires a cloud mask, which is provided for artifact 0. The sensors are compared with a tolerance of 24 hours, which is reasonable for the temporal resolution of the sensors. The area calculation is performed on the flood extent artifact, which is in a projected CRS suitable for planar area calculation.",5.0,UNRESOLVED,FEWER_THAN_TWO_ELIGIBLE_JUDGES,0,REFUTED,REFUTED
138,SGX3_DEVELOPMENT_nodata_zero_001,"{""goal"": ""nodata_zero"", ""required_quantity"": null, ""required_unit"": null, ""decision_time"": null, ""max_resolution_m"": null, ""requires_bare_earth"": false, ""requires_cloud_mask"": false, ""max_uncertainty"": null, ""temporal_tolerance_h"": null, ""required_value_range"": null}","[{""name"": ""rain"", ""quantity"": ""rainfall"", ""unit"": ""mm"", ""scale"": ""continuous"", ""crs"": ""EPSG:32643"", ""resolution_m"": 10.0, ""temporal_resolution_h"": null, ""processing_level"": null, ""surface_model"": null, ""vertical_datum"": null, ""acquisition_time"": null, ""available_time"": null, ""provenance"": ""authoritative-product"", ""band_role"": null, ""nodata_semantics"": ""missing"", ""uncertainty"": null, ""allowed_values"": null, ""observed_min"": null, ""observed_max"": null, ""attrs"": {}}]","[{""op"": ""fill_nodata"", ""params"": {""artifact"": 0, ""value"": 0, ""zero_is_physically_valid"": true}}]",PROVEN,"The workflow operation 'fill_nodata' uses a value of 0 for nodata, which is consistent with the 'missing' nodata semantics provided in the artifact metadata.",5,PROVEN,"The workflow operation 'fill_nodata' is consistent with the scientific intent and artifacts provided, and no additional constraints are violated.",5.0,UNPARSED,,,UNRESOLVED,FEWER_THAN_TWO_ELIGIBLE_JUDGES,0,REFUTED,REFUTED
139,SGX3_BLIND_landcover_change_032,"{""goal"": ""landcover_change"", ""required_quantity"": null, ""required_unit"": null, ""decision_time"": null, ""max_resolution_m"": null, ""requires_bare_earth"": false, ""requires_cloud_mask"": false, ""max_uncertainty"": null, ""temporal_tolerance_h"": null, ""required_value_range"": null}","[{""name"": ""WorldCover-20"", ""quantity"": ""land_cover"", ""unit"": null, ""scale"": ""categorical"", ""crs"": ""EPSG:4326"", ""resolution_m"": 20, ""temporal_resolution_h"": null, ""processing_level"": null, ""surface_model"": null, ""vertical_datum"": null, ""acquisition_time"": null, ""available_time"": null, ""provenance"": ""ESA WorldCover"", ""band_role"": null, ""nodata_semantics"": null, ""uncertainty"": null, ""allowed_values"": [10, 20, 30, 40, 50, 60, 70, 80, 90, 95, 100], ""observed_min"": null, ""observed_max"": null, ""attrs"": {}}]","[{""op"": ""resample"", ""params"": {""artifact"": 0, ""method"": ""lanczos"", ""target_resolution_m"": 50, ""evidence_of_new_information"": true}}]",UNPROVEN,"The workflow requires resampling with a target resolution of 50 meters, which is not supported by the provided artifact's resolution of 20 meters.",5,UNPARSED,,,PROVEN,"The resampling method is Lanczos, which is a valid operation for categorical resampling. The input artifact has a categorical scale and the target resolution is within the allowed range.",5.0,UNRESOLVED,FEWER_THAN_TWO_ELIGIBLE_JUDGES,0,REFUTED,REFUTED
140,SGX3_DEVELOPMENT_rate_mean_as_accumulation_004,"{""goal"": ""rate_mean_as_accumulation"", ""required_quantity"": null, ""required_unit"": null, ""decision_time"": null, ""max_resolution_m"": null, ""requires_bare_earth"": false, ""requires_cloud_mask"": false, ""max_uncertainty"": null, ""temporal_tolerance_h"": null, ""required_value_range"": null}","[{""name"": ""IMERG"", ""quantity"": ""precipitation_rate"", ""unit"": ""mm/h"", ""scale"": ""continuous"", ""crs"": ""EPSG:4326"", ""resolution_m"": 10000, ""temporal_resolution_h"": 0.5, ""processing_level"": null, ""surface_model"": null, ""vertical_datum"": null, ""acquisition_time"": null, ""available_time"": null, ""provenance"": ""authoritative-product"", ""band_role"": null, ""nodata_semantics"": null, ""uncertainty"": null, ""allowed_values"": null, ""observed_min"": null, ""observed_max"": null, ""attrs"": {}}]","[{""op"": ""temporal_aggregate"", ""params"": {""artifact"": 0, ""method"": ""integrate"", ""sample_duration_h"": 0.5, ""declared_quantity"": ""accumulation""}}]",UNPROVEN,"The workflow requires temporal_aggregate with 'integrate' method, which implies accumulation of precipitation rates over a duration. The artifact IMERG has a unit of mm/h and scale of continuous, but the declared quantity in the operation is 'accumulation'. This requires the unit to be consistent with accumulation (mm), which is not provided in the artifact metadata.",5,PROVEN,The workflow operation and artifact evidence are consistent with the declared goal without any missing required evidence.,5.0,PROVEN,"The workflow integrates precipitation rate over time to produce an accumulation, which is a scientifically valid operation.",5.0,UNRESOLVED,FEWER_THAN_TWO_ELIGIBLE_JUDGES,0,PROVEN,PROVEN
141,SGX3_BLIND_flood_remote_sensing_012,"{""goal"": ""flood_remote_sensing"", ""required_quantity"": null, ""required_unit"": null, ""decision_time"": null, ""max_resolution_m"": null, ""requires_bare_earth"": false, ""requires_cloud_mask"": false, ""max_uncertainty"": null, ""temporal_tolerance_h"": null, ""required_value_range"": null}","[{""name"": ""flood-mask-10"", ""quantity"": ""flood_extent"", ""unit"": null, ""scale"": ""binary"", ""crs"": ""EPSG:4326"", ""resolution_m"": 10, ""temporal_resolution_h"": null, ""processing_level"": null, ""surface_model"": null, ""vertical_datum"": null, ""acquisition_time"": null, ""available_time"": null, ""provenance"": ""authoritative-product"", ""band_role"": null, ""nodata_semantics"": null, ""uncertainty"": null, ""allowed_values"": null, ""observed_min"": null, ""observed_max"": null, ""attrs"": {""cloud_mask_applied"": true}}, {""name"": ""S1"", ""quantity"": ""backscatter"", ""unit"": null, ""scale"": ""continuous"", ""crs"": ""EPSG:32643"", ""resolution_m"": 10, ""temporal_resolution_h"": null, ""processing_level"": null, ""surface_model"": null, ""vertical_datum"": null, ""acquisition_time"": ""2024-07-15T10:00:00+00:00"", ""available_time"": null, ""provenance"": ""authoritative-product"", ""band_role"": null, ""nodata_semantics"": null, ""uncertainty"": null, ""allowed_values"": null, ""observed_min"": null, ""observed_max"": null, ""attrs"": {}}, {""name"": ""S2"", ""quantity"": ""reflectance"", ""unit"": null, ""scale"": ""continuous"", ""crs"": ""EPSG:32643"", ""resolution_m"": 10, ""temporal_resolution_h"": null, ""processing_level"": null, ""surface_model"": null, ""vertical_datum"": null, ""acquisition_time"": ""2024-07-17T10:00:00+00:00"", ""available_time"": null, ""provenance"": ""authoritative-product"", ""band_role"": null, ""nodata_semantics"": null, ""uncertainty"": null, ""allowed_values"": null, ""observed_min"": null, ""observed_max"": null, ""attrs"": {}}]","[{""op"": ""require_cloud_mask"", ""params"": {""artifact"": 0}}, {""op"": ""compare_sensors"", ""params"": {""a"": 1, ""b"": 2, ""tolerance_h"": 6}}, {""op"": ""area"", ""params"": {""artifact"": 0, ""method"": ""planar"", ""output_unit"": ""km2""}}]",UNPROVEN,"The operations require cloud mask application and sensor comparison, which are not provided in the artifacts.",5,UNPARSED,,,PROVEN,"The workflow requires a cloud mask, which is applied to artifact 0. The sensors are compared with a tolerance of 6 hours, and the area is calculated using a planar CRS.",5.0,UNRESOLVED,FEWER_THAN_TWO_ELIGIBLE_JUDGES,0,REFUTED,REFUTED
142,SGX3_BLIND_landcover_change_005,"{""goal"": ""landcover_change"", ""required_quantity"": null, ""required_unit"": null, ""decision_time"": null, ""max_resolution_m"": null, ""requires_bare_earth"": false, ""requires_cloud_mask"": false, ""max_uncertainty"": null, ""temporal_tolerance_h"": null, ""required_value_range"": null}","[{""name"": ""WorldCover-20"", ""quantity"": ""land_cover"", ""unit"": null, ""scale"": ""categorical"", ""crs"": ""EPSG:4326"", ""resolution_m"": 20, ""temporal_resolution_h"": null, ""processing_level"": null, ""surface_model"": null, ""vertical_datum"": null, ""acquisition_time"": null, ""available_time"": null, ""provenance"": ""ESA WorldCover"", ""band_role"": null, ""nodata_semantics"": null, ""uncertainty"": null, ""allowed_values"": [10, 20, 30, 40, 50, 60, 70, 80, 90, 95, 100], ""observed_min"": null, ""observed_max"": null, ""attrs"": {}}]","[{""op"": ""resample"", ""params"": {""artifact"": 0, ""method"": ""bilinear"", ""target_resolution_m"": 40, ""evidence_of_new_information"": true}}]",UNPROVEN,"The workflow requires resampling with a target resolution of 40 meters, which is not provided in the artifacts.",5,PROVEN,The resample operation is compatible with the categorical land cover scale and no additional constraints are violated.,5.0,PROVEN,"The resampling method is bilinear, which is compatible with the categorical land cover scale and no required evidence is missing.",5.0,UNRESOLVED,FEWER_THAN_TWO_ELIGIBLE_JUDGES,0,REFUTED,REFUTED
143,SGX3_DEVELOPMENT_band_grid_mismatch_001,"{""goal"": ""band_grid_mismatch"", ""required_quantity"": null, ""required_unit"": null, ""decision_time"": null, ""max_resolution_m"": null, ""requires_bare_earth"": false, ""requires_cloud_mask"": false, ""max_uncertainty"": null, ""temporal_tolerance_h"": null, ""required_value_range"": null}","[{""name"": ""red"", ""quantity"": ""reflectance"", ""unit"": null, ""scale"": ""continuous"", ""crs"": ""EPSG:32643"", ""resolution_m"": 10, ""temporal_resolution_h"": null, ""processing_level"": ""L2A"", ""surface_model"": null, ""vertical_datum"": null, ""acquisition_time"": null, ""available_time"": null, ""provenance"": ""authoritative-product"", ""band_role"": ""red"", ""nodata_semantics"": null, ""uncertainty"": null, ""allowed_values"": null, ""observed_min"": null, ""observed_max"": null, ""attrs"": {}}, {""name"": ""other"", ""quantity"": ""reflectance"", ""unit"": null, ""scale"": ""continuous"", ""crs"": ""EPSG:32643"", ""resolution_m"": 10, ""temporal_resolution_h"": null, ""processing_level"": ""L2A"", ""surface_model"": null, ""vertical_datum"": null, ""acquisition_time"": null, ""available_time"": null, ""provenance"": ""authoritative-product"", ""band_role"": ""nir"", ""nodata_semantics"": null, ""uncertainty"": null, ""allowed_values"": null, ""observed_min"": null, ""observed_max"": null, ""attrs"": {}}]","[{""op"": ""spectral_index"", ""params"": {""red_artifact"": 0, ""other_artifact"": 1, ""expected_other_role"": ""nir"", ""explicit_alignment"": true}}]",UNPROVEN,"The workflow operation 'spectral_index' requires that the 'other' band's role be explicitly aligned with 'nir', which is not provided in the artifacts.",5,UNPARSED,,,PROVEN,"The spectral index operation requires explicit alignment, which is satisfied by the explicit alignment parameter.",5.0,UNRESOLVED,FEWER_THAN_TWO_ELIGIBLE_JUDGES,0,PROVEN,PROVEN
144,SGX3_BLIND_flood_depth_033,"{""goal"": ""flood_depth"", ""required_quantity"": null, ""required_unit"": null, ""decision_time"": null, ""max_resolution_m"": null, ""requires_bare_earth"": false, ""requires_cloud_mask"": false, ""max_uncertainty"": null, ""temporal_tolerance_h"": null, ""required_value_range"": null}","[{""name"": ""terrain-90"", ""quantity"": ""elevation"", ""unit"": ""m"", ""scale"": ""continuous"", ""crs"": ""EPSG:32643"", ""resolution_m"": 90, ""temporal_resolution_h"": null, ""processing_level"": null, ""surface_model"": ""DTM"", ""vertical_datum"": ""EGM2008"", ""acquisition_time"": null, ""available_time"": null, ""provenance"": ""Copernicus DEM"", ""band_role"": null, ""nodata_semantics"": null, ""uncertainty"": null, ""allowed_values"": null, ""observed_min"": null, ""observed_max"": null, ""attrs"": {}}, {""name"": ""water-surface"", ""quantity"": ""water_level"", ""unit"": ""m"", ""scale"": ""continuous"", ""crs"": ""EPSG:32643"", ""resolution_m"": 10.0, ""temporal_resolution_h"": null, ""processing_level"": null, ""surface_model"": null, ""vertical_datum"": ""EGM2008"", ""acquisition_time"": null, ""available_time"": null, ""provenance"": ""hydraulic model"", ""band_role"": null, ""nodata_semantics"": null, ""uncertainty"": null, ""allowed_values"": null, ""observed_min"": null, ""observed_max"": null, ""attrs"": {}}]","[{""op"": ""combine_vertical"", ""params"": {""a"": 0, ""b"": 1}}, {""op"": ""convert_unit"", ""params"": {""artifact"": 1, ""to"": ""m""}}]",UNPROVEN,"The workflow requires unit conversion and vertical combination, which are not directly provable from the provided metadata without further assumptions.",5,PROVEN,"No supplied scientific constraint is violated, and the supplied evidence is sufficient for every operation that is actually required by the declared goal/workflow.",5.0,PROVEN,"The workflow combines two vertical surfaces and converts units, with no stated contradictions or missing required evidence.",5.0,UNRESOLVED,FEWER_THAN_TWO_ELIGIBLE_JUDGES,0,PROVEN,PROVEN
145,SGX3_BLIND_flood_depth_045,"{""goal"": ""flood_depth"", ""required_quantity"": null, ""required_unit"": null, ""decision_time"": null, ""max_resolution_m"": null, ""requires_bare_earth"": false, ""requires_cloud_mask"": false, ""max_uncertainty"": null, ""temporal_tolerance_h"": null, ""required_value_range"": null}","[{""name"": ""terrain-10"", ""quantity"": ""elevation"", ""unit"": ""m"", ""scale"": ""continuous"", ""crs"": ""EPSG:32643"", ""resolution_m"": 10, ""temporal_resolution_h"": null, ""processing_level"": null, ""surface_model"": ""DSM"", ""vertical_datum"": ""EGM2008"", ""acquisition_time"": null, ""available_time"": null, ""provenance"": ""Copernicus DEM"", ""band_role"": null, ""nodata_semantics"": null, ""uncertainty"": null, ""allowed_values"": null, ""observed_min"": null, ""observed_max"": null, ""attrs"": {}}, {""name"": ""water-surface"", ""quantity"": ""water_level"", ""unit"": ""m"", ""scale"": ""continuous"", ""crs"": ""EPSG:32643"", ""resolution_m"": 10.0, ""temporal_resolution_h"": null, ""processing_level"": null, ""surface_model"": null, ""vertical_datum"": ""EGM2008"", ""acquisition_time"": null, ""available_time"": null, ""provenance"": ""hydraulic model"", ""band_role"": null, ""nodata_semantics"": null, ""uncertainty"": null, ""allowed_values"": null, ""observed_min"": null, ""observed_max"": null, ""attrs"": {}}]","[{""op"": ""combine_vertical"", ""params"": {""a"": 0, ""b"": 1}}, {""op"": ""convert_unit"", ""params"": {""artifact"": 1, ""to"": ""m""}}]",UNPROVEN,"The workflow requires unit conversion and vertical combination, which are not directly provable from the provided metadata without further assumptions.",5,PROVEN,"No supplied scientific constraint is violated, and the supplied evidence is sufficient for every operation that is actually required by the declared goal/workflow.",5.0,PROVEN,"The workflow combines DSM and water-surface elevation, converts units, and no required evidence is missing.",5.0,UNRESOLVED,FEWER_THAN_TWO_ELIGIBLE_JUDGES,0,PROVEN,PROVEN
146,SGX3_DEVELOPMENT_categorical_interpolation_002,"{""goal"": ""categorical_interpolation"", ""required_quantity"": null, ""required_unit"": null, ""decision_time"": null, ""max_resolution_m"": null, ""requires_bare_earth"": false, ""requires_cloud_mask"": false, ""max_uncertainty"": null, ""temporal_tolerance_h"": null, ""required_value_range"": null}","[{""name"": ""landcover-30"", ""quantity"": ""land_cover"", ""unit"": null, ""scale"": ""categorical"", ""crs"": ""EPSG:4326"", ""resolution_m"": 30, ""temporal_resolution_h"": null, ""processing_level"": null, ""surface_model"": null, ""vertical_datum"": null, ""acquisition_time"": null, ""available_time"": null, ""provenance"": ""authoritative-product"", ""band_role"": null, ""nodata_semantics"": null, ""uncertainty"": null, ""allowed_values"": [10, 20, 30, 40, 50, 60, 70, 80, 90, 95, 100], ""observed_min"": null, ""observed_max"": null, ""attrs"": {}}]","[{""op"": ""resample"", ""params"": {""artifact"": 0, ""method"": ""mode"", ""target_resolution_m"": 90, ""evidence_of_new_information"": true}}]",UNPROVEN,"The resampling operation requires categorical interpolation, which is not directly provided by the artifact metadata. The required value range and unit are also missing.",5,PROVEN,The resampling operation is consistent with the categorical nature of the land cover data and does not violate any stated constraints.,5.0,PROVEN,"The categorical interpolation operation is compatible with the provided landcover-30 artifact, which has a categorical scale and the required resampling method is specified.",5.0,UNRESOLVED,FEWER_THAN_TWO_ELIGIBLE_JUDGES,0,PROVEN,PROVEN
147,SGX3_HELDOUT-FAMILY_vertical_datum_unknown_001,"{""goal"": ""vertical_datum_unknown"", ""required_quantity"": null, ""required_unit"": null, ""decision_time"": null, ""max_resolution_m"": null, ""requires_bare_earth"": false, ""requires_cloud_mask"": false, ""max_uncertainty"": null, ""temporal_tolerance_h"": null, ""required_value_range"": null}","[{""name"": ""terrain"", ""quantity"": ""elevation"", ""unit"": ""m"", ""scale"": ""continuous"", ""crs"": ""EPSG:32643"", ""resolution_m"": 10.0, ""temporal_resolution_h"": null, ""processing_level"": null, ""surface_model"": null, ""vertical_datum"": ""EGM2008"", ""acquisition_time"": null, ""available_time"": null, ""provenance"": ""authoritative-product"", ""band_role"": null, ""nodata_semantics"": null, ""uncertainty"": null, ""allowed_values"": null, ""observed_min"": null, ""observed_max"": null, ""attrs"": {}}, {""name"": ""water"", ""quantity"": ""water_level"", ""unit"": ""m"", ""scale"": ""continuous"", ""crs"": ""EPSG:32643"", ""resolution_m"": 10.0, ""temporal_resolution_h"": null, ""processing_level"": null, ""surface_model"": null, ""vertical_datum"": ""EGM2008"", ""acquisition_time"": null, ""available_time"": null, ""provenance"": ""authoritative-product"", ""band_role"": null, ""nodata_semantics"": null, ""uncertainty"": null, ""allowed_values"": null, ""observed_min"": null, ""observed_max"": null, ""attrs"": {}}]","[{""op"": ""combine_vertical"", ""params"": {""a"": 0, ""b"": 1}}]",UNPROVEN,"The workflow requires vertical datum information, which is not provided in the artifacts.",5,PROVEN,"The workflow operation 'combine_vertical' is compatible with the provided artifacts, and no additional constraints are violated.",5.0,PROVEN,"The workflow combines two vertical surfaces with the same vertical datum (EGM2008), which is compatible for the operation.",5.0,UNRESOLVED,FEWER_THAN_TWO_ELIGIBLE_JUDGES,0,PROVEN,PROVEN
148,SGX3_DEVELOPMENT_unsupported_resolution_gain_009,"{""goal"": ""unsupported_resolution_gain"", ""required_quantity"": null, ""required_unit"": null, ""decision_time"": null, ""max_resolution_m"": null, ""requires_bare_earth"": false, ""requires_cloud_mask"": false, ""max_uncertainty"": null, ""temporal_tolerance_h"": null, ""required_value_range"": null}","[{""name"": ""raster"", ""quantity"": ""surface_property"", ""unit"": null, ""scale"": ""continuous"", ""crs"": ""EPSG:32643"", ""resolution_m"": 30, ""temporal_resolution_h"": null, ""processing_level"": null, ""surface_model"": null, ""vertical_datum"": null, ""acquisition_time"": null, ""available_time"": null, ""provenance"": ""authoritative-product"", ""band_role"": null, ""nodata_semantics"": null, ""uncertainty"": null, ""allowed_values"": null, ""observed_min"": null, ""observed_max"": null, ""attrs"": {}}]","[{""op"": ""resample"", ""params"": {""artifact"": 0, ""method"": ""bilinear"", ""target_resolution_m"": 60, ""evidence_of_new_information"": false}}]",UNPROVEN,The workflow operation resamples the raster to a higher resolution (60m) without any explicit requirement or constraint provided in the scientific intent or artifact metadata.,5,PROVEN,The resampling operation is scientifically valid and no required evidence is missing.,5.0,UNPROVEN,"The operation requires bare-earth input, but it is not explicitly stated in the artifacts.",5.0,UNRESOLVED,FEWER_THAN_TWO_ELIGIBLE_JUDGES,0,PROVEN,PROVEN
149,SGX3_HELDOUT-FAMILY_temporal_split_overlap_002,"{""goal"": ""temporal_split_overlap"", ""required_quantity"": null, ""required_unit"": null, ""decision_time"": null, ""max_resolution_m"": null, ""requires_bare_earth"": false, ""requires_cloud_mask"": false, ""max_uncertainty"": null, ""temporal_tolerance_h"": null, ""required_value_range"": null}","[{""name"": ""records"", ""quantity"": ""time_series"", ""unit"": null, ""scale"": ""continuous"", ""crs"": ""EPSG:32643"", ""resolution_m"": 10.0, ""temporal_resolution_h"": null, ""processing_level"": null, ""surface_model"": null, ""vertical_datum"": null, ""acquisition_time"": null, ""available_time"": null, ""provenance"": ""authoritative-product"", ""band_role"": null, ""nodata_semantics"": null, ""uncertainty"": null, ""allowed_values"": null, ""observed_min"": null, ""observed_max"": null, ""attrs"": {}}]","[{""op"": ""split"", ""params"": {""mode"": ""temporal"", ""train_end"": ""2024-07-01T00:00:00+00:00"", ""test_start"": ""2024-07-01T00:00:00+00:00""}}]",UNPROVEN,"The workflow operation 'split' requires temporal boundaries, which are not provided in the artifacts.",5,PROVEN,"No supplied scientific constraint is violated, and the supplied evidence is sufficient for the declared goal/workflow.",5.0,PROVEN,The workflow operation is valid for temporal split with the provided parameters.,5.0,UNRESOLVED,FEWER_THAN_TWO_ELIGIBLE_JUDGES,0,REFUTED,REFUTED
150,SGX3_DEVELOPMENT_unsupported_resolution_gain_012,"{""goal"": ""unsupported_resolution_gain"", ""required_quantity"": null, ""required_unit"": null, ""decision_time"": null, ""max_resolution_m"": null, ""requires_bare_earth"": false, ""requires_cloud_mask"": false, ""max_uncertainty"": null, ""temporal_tolerance_h"": null, ""required_value_range"": null}","[{""name"": ""raster"", ""quantity"": ""surface_property"", ""unit"": null, ""scale"": ""continuous"", ""crs"": ""EPSG:32643"", ""resolution_m"": 50, ""temporal_resolution_h"": null, ""processing_level"": null, ""surface_model"": null, ""vertical_datum"": null, ""acquisition_time"": null, ""available_time"": null, ""provenance"": ""authoritative-product"", ""band_role"": null, ""nodata_semantics"": null, ""uncertainty"": null, ""allowed_values"": null, ""observed_min"": null, ""observed_max"": null, ""attrs"": {}}]","[{""op"": ""resample"", ""params"": {""artifact"": 0, ""method"": ""bilinear"", ""target_resolution_m"": 100, ""evidence_of_new_information"": false}}]",UNPROVEN,The workflow operation resamples the raster to a higher resolution (100m) without any explicit requirement or constraint provided in the scientific intent or artifact metadata.,5,PROVEN,The resample operation is compatible with the provided artifacts and does not violate any scientific principles.,5.0,UNPROVEN,"The operation requires bare-earth input, but it is not explicitly stated in the artifacts.",5.0,UNRESOLVED,FEWER_THAN_TWO_ELIGIBLE_JUDGES,0,PROVEN,PROVEN
151,SGX3_DEVELOPMENT_spectral_role_002,"{""goal"": ""spectral_role"", ""required_quantity"": null, ""required_unit"": null, ""decision_time"": null, ""max_resolution_m"": null, ""requires_bare_earth"": false, ""requires_cloud_mask"": false, ""max_uncertainty"": null, ""temporal_tolerance_h"": null, ""required_value_range"": null}","[{""name"": ""red"", ""quantity"": ""reflectance"", ""unit"": null, ""scale"": ""continuous"", ""crs"": ""EPSG:32643"", ""resolution_m"": 10, ""temporal_resolution_h"": null, ""processing_level"": ""L2A"", ""surface_model"": null, ""vertical_datum"": null, ""acquisition_time"": null, ""available_time"": null, ""provenance"": ""authoritative-product"", ""band_role"": ""red"", ""nodata_semantics"": null, ""uncertainty"": null, ""allowed_values"": null, ""observed_min"": null, ""observed_max"": null, ""attrs"": {}}, {""name"": ""other"", ""quantity"": ""reflectance"", ""unit"": null, ""scale"": ""continuous"", ""crs"": ""EPSG:32643"", ""resolution_m"": 10, ""temporal_resolution_h"": null, ""processing_level"": ""L2A"", ""surface_model"": null, ""vertical_datum"": null, ""acquisition_time"": null, ""available_time"": null, ""provenance"": ""authoritative-product"", ""band_role"": ""nir"", ""nodata_semantics"": null, ""uncertainty"": null, ""allowed_values"": null, ""observed_min"": null, ""observed_max"": null, ""attrs"": {}}]","[{""op"": ""spectral_index"", ""params"": {""red_artifact"": 0, ""other_artifact"": 1, ""expected_other_role"": ""nir"", ""explicit_alignment"": true}}]",UNPROVEN,"The workflow operation requires explicit alignment of band roles, which is not provided in the artifacts.",5,PROVEN,The spectral index operation is compatible with the provided artifacts and no additional constraints are violated.,5.0,PROVEN,"The workflow operation explicitly requires the spectral role of the 'other' artifact to be 'nir', which is confirmed by the artifact metadata.",5.0,UNRESOLVED,FEWER_THAN_TWO_ELIGIBLE_JUDGES,0,PROVEN,PROVEN
152,SGX3_BLIND_flood_depth_020,"{""goal"": ""flood_depth"", ""required_quantity"": null, ""required_unit"": null, ""decision_time"": null, ""max_resolution_m"": null, ""requires_bare_earth"": false, ""requires_cloud_mask"": false, ""max_uncertainty"": null, ""temporal_tolerance_h"": null, ""required_value_range"": null}","[{""name"": ""terrain-30"", ""quantity"": ""elevation"", ""unit"": ""m"", ""scale"": ""continuous"", ""crs"": ""EPSG:32643"", ""resolution_m"": 30, ""temporal_resolution_h"": null, ""processing_level"": null, ""surface_model"": ""DTM"", ""vertical_datum"": ""EGM2008"", ""acquisition_time"": null, ""available_time"": null, ""provenance"": ""Copernicus DEM"", ""band_role"": null, ""nodata_semantics"": null, ""uncertainty"": null, ""allowed_values"": null, ""observed_min"": null, ""observed_max"": null, ""attrs"": {}}, {""name"": ""water-surface"", ""quantity"": ""water_level"", ""unit"": ""km"", ""scale"": ""continuous"", ""crs"": ""EPSG:32643"", ""resolution_m"": 10.0, ""temporal_resolution_h"": null, ""processing_level"": null, ""surface_model"": null, ""vertical_datum"": ""WGS84_ellipsoid"", ""acquisition_time"": null, ""available_time"": null, ""provenance"": ""hydraulic model"", ""band_role"": null, ""nodata_semantics"": null, ""uncertainty"": null, ""allowed_values"": null, ""observed_min"": null, ""observed_max"": null, ""attrs"": {}}]","[{""op"": ""combine_vertical"", ""params"": {""a"": 0, ""b"": 1}}, {""op"": ""convert_unit"", ""params"": {""artifact"": 1, ""to"": ""km2""}}]",UNPROVEN,"The workflow requires unit conversion from 'km' to 'km2', which is not supported by the provided artifacts.",5,UNPARSED,,,UNPROVEN,"The water-level quantity is in kilometers, but the output unit is km2 (square kilometers).",5.0,UNRESOLVED,FEWER_THAN_TWO_ELIGIBLE_JUDGES,0,REFUTED,REFUTED
153,SGX3_HELDOUT-FAMILY_scene_overlap_leakage_001,"{""goal"": ""scene_overlap_leakage"", ""required_quantity"": null, ""required_unit"": null, ""decision_time"": null, ""max_resolution_m"": null, ""requires_bare_earth"": false, ""requires_cloud_mask"": false, ""max_uncertainty"": null, ""temporal_tolerance_h"": null, ""required_value_range"": null}","[{""name"": ""chips"", ""quantity"": ""image_samples"", ""unit"": null, ""scale"": ""continuous"", ""crs"": ""EPSG:32643"", ""resolution_m"": 10.0, ""temporal_resolution_h"": null, ""processing_level"": null, ""surface_model"": null, ""vertical_datum"": null, ""acquisition_time"": null, ""available_time"": null, ""provenance"": ""authoritative-product"", ""band_role"": null, ""nodata_semantics"": null, ""uncertainty"": null, ""allowed_values"": null, ""observed_min"": null, ""observed_max"": null, ""attrs"": {}}]","[{""op"": ""split"", ""params"": {""mode"": ""scene"", ""scene_overlap_fraction"": 0.0}}]",UNPROVEN,"The workflow operation 'split' does not require any specific unit or quantity constraints, and the artifacts provided do not contain required unit or quantity information.",5,PROVEN,"No supplied scientific constraint is violated, and the supplied evidence is sufficient for the declared goal/workflow.",5.0,PROVEN,"No scientific contradiction is present, and the operation does not require additional constraints.",5.0,UNRESOLVED,FEWER_THAN_TWO_ELIGIBLE_JUDGES,0,PROVEN,PROVEN
154,SGX3_DEVELOPMENT_spectral_role_000,"{""goal"": ""spectral_role"", ""required_quantity"": null, ""required_unit"": null, ""decision_time"": null, ""max_resolution_m"": null, ""requires_bare_earth"": false, ""requires_cloud_mask"": false, ""max_uncertainty"": null, ""temporal_tolerance_h"": null, ""required_value_range"": null}","[{""name"": ""red"", ""quantity"": ""reflectance"", ""unit"": null, ""scale"": ""continuous"", ""crs"": ""EPSG:32643"", ""resolution_m"": 10, ""temporal_resolution_h"": null, ""processing_level"": ""L2A"", ""surface_model"": null, ""vertical_datum"": null, ""acquisition_time"": null, ""available_time"": null, ""provenance"": ""authoritative-product"", ""band_role"": ""red"", ""nodata_semantics"": null, ""uncertainty"": null, ""allowed_values"": null, ""observed_min"": null, ""observed_max"": null, ""attrs"": {}}, {""name"": ""other"", ""quantity"": ""reflectance"", ""unit"": null, ""scale"": ""continuous"", ""crs"": ""EPSG:32643"", ""resolution_m"": 10, ""temporal_resolution_h"": null, ""processing_level"": ""L2A"", ""surface_model"": null, ""vertical_datum"": null, ""acquisition_time"": null, ""available_time"": null, ""provenance"": ""authoritative-product"", ""band_role"": ""rededge"", ""nodata_semantics"": null, ""uncertainty"": null, ""allowed_values"": null, ""observed_min"": null, ""observed_max"": null, ""attrs"": {}}]","[{""op"": ""spectral_index"", ""params"": {""red_artifact"": 0, ""other_artifact"": 1, ""expected_other_role"": ""nir"", ""explicit_alignment"": true}}]",UNPROVEN,"The workflow operation requires a specific band role ('nir') for the 'other' reflectance, which is not provided in the artifacts.",5,UNPARSED,,,REFUTED,"The workflow operation expects the 'other' artifact to have a NIR spectral role, but its role is'rededge'.",5.0,UNRESOLVED,FEWER_THAN_TWO_ELIGIBLE_JUDGES,0,REFUTED,REFUTED
155,SGX3_BLIND_flood_remote_sensing_022,"{""goal"": ""flood_remote_sensing"", ""required_quantity"": null, ""required_unit"": null, ""decision_time"": null, ""max_resolution_m"": null, ""requires_bare_earth"": false, ""requires_cloud_mask"": false, ""max_uncertainty"": null, ""temporal_tolerance_h"": null, ""required_value_range"": null}","[{""name"": ""flood-mask-30"", ""quantity"": ""flood_extent"", ""unit"": null, ""scale"": ""binary"", ""crs"": ""EPSG:6933"", ""resolution_m"": 30, ""temporal_resolution_h"": null, ""processing_level"": null, ""surface_model"": null, ""vertical_datum"": null, ""acquisition_time"": null, ""available_time"": null, ""provenance"": ""authoritative-product"", ""band_role"": null, ""nodata_semantics"": null, ""uncertainty"": null, ""allowed_values"": null, ""observed_min"": null, ""observed_max"": null, ""attrs"": {""cloud_mask_applied"": false}}, {""name"": ""S1"", ""quantity"": ""backscatter"", ""unit"": null, ""scale"": ""continuous"", ""crs"": ""EPSG:32643"", ""resolution_m"": 10, ""temporal_resolution_h"": null, ""processing_level"": null, ""surface_model"": null, ""vertical_datum"": null, ""acquisition_time"": ""2024-07-10T10:00:00+00:00"", ""available_time"": null, ""provenance"": ""authoritative-product"", ""band_role"": null, ""nodata_semantics"": null, ""uncertainty"": null, ""allowed_values"": null, ""observed_min"": null, ""observed_max"": null, ""attrs"": {}}, {""name"": ""S2"", ""quantity"": ""reflectance"", ""unit"": null, ""scale"": ""continuous"", ""crs"": ""EPSG:32643"", ""resolution_m"": 10, ""temporal_resolution_h"": null, ""processing_level"": null, ""surface_model"": null, ""vertical_datum"": null, ""acquisition_time"": ""2024-07-10T22:00:00+00:00"", ""available_time"": null, ""provenance"": ""authoritative-product"", ""band_role"": null, ""nodata_semantics"": null, ""uncertainty"": null, ""allowed_values"": null, ""observed_min"": null, ""observed_max"": null, ""attrs"": {}}]","[{""op"": ""require_cloud_mask"", ""params"": {""artifact"": 0}}, {""op"": ""compare_sensors"", ""params"": {""a"": 1, ""b"": 2, ""tolerance_h"": 12}}, {""op"": ""area"", ""params"": {""artifact"": 0, ""method"": ""geodesic"", ""output_unit"": ""km2""}}]",UNPROVEN,"The operations require cloud mask and sensor comparison, which are not provided in the artifacts.",5,UNPARSED,,,PROVEN,"The workflow requires a cloud mask, which is provided for artifact 0. The sensors are compared with a tolerance of 12 hours, and the area is calculated using geodesic method with no missing required evidence.",5.0,UNRESOLVED,FEWER_THAN_TWO_ELIGIBLE_JUDGES,0,REFUTED,REFUTED
156,SGX3_BLIND_landslide_forecast_034,"{""goal"": ""landslide forecast"", ""required_quantity"": null, ""required_unit"": null, ""decision_time"": ""2024-08-01T12:00:00+00:00"", ""max_resolution_m"": null, ""requires_bare_earth"": false, ""requires_cloud_mask"": false, ""max_uncertainty"": null, ""temporal_tolerance_h"": null, ""required_value_range"": null}","[{""name"": ""IMERG-feature"", ""quantity"": ""rainfall"", ""unit"": ""mm"", ""scale"": ""continuous"", ""crs"": ""EPSG:32643"", ""resolution_m"": 10.0, ""temporal_resolution_h"": null, ""processing_level"": null, ""surface_model"": null, ""vertical_datum"": null, ""acquisition_time"": null, ""available_time"": ""2024-08-01T09:00:00+00:00"", ""provenance"": ""NASA GPM IMERG"", ""band_role"": null, ""nodata_semantics"": null, ""uncertainty"": null, ""allowed_values"": null, ""observed_min"": null, ""observed_max"": null, ""attrs"": {}}, {""name"": ""terrain-90"", ""quantity"": ""elevation"", ""unit"": ""m"", ""scale"": ""continuous"", ""crs"": ""EPSG:32643"", ""resolution_m"": 90, ""temporal_resolution_h"": null, ""processing_level"": null, ""surface_model"": ""DSM"", ""vertical_datum"": ""EGM2008"", ""acquisition_time"": null, ""available_time"": null, ""provenance"": ""Copernicus DEM"", ""band_role"": null, ""nodata_semantics"": null, ""uncertainty"": null, ""allowed_values"": null, ""observed_min"": null, ""observed_max"": null, ""attrs"": {}}]","[{""op"": ""predict"", ""params"": {""features"": [0]}}, {""op"": ""require_bare_earth"", ""params"": {""artifact"": 1}}]",UNPROVEN,"The workflow requires 'requires_bare_earth' to be true, which is not provided in the artifacts.",5,REFUTED,"The 'terrain-90' artifact is a DSM, not a bare-earth surface, which is required for the 'require_bare_earth' operation.",5.0,REFUTED,"The workflow requires bare-earthen terrain but the artifact is a DSM, which is not bare-earthen.",5.0,UNRESOLVED,FEWER_THAN_TWO_ELIGIBLE_JUDGES,0,REFUTED,REFUTED
157,SGX3_BLIND_landslide_forecast_030,"{""goal"": ""landslide forecast"", ""required_quantity"": null, ""required_unit"": null, ""decision_time"": ""2024-08-15T12:00:00+00:00"", ""max_resolution_m"": null, ""requires_bare_earth"": false, ""requires_cloud_mask"": false, ""max_uncertainty"": null, ""temporal_tolerance_h"": null, ""required_value_range"": null}","[{""name"": ""IMERG-feature"", ""quantity"": ""rainfall"", ""unit"": ""mm"", ""scale"": ""continuous"", ""crs"": ""EPSG:32643"", ""resolution_m"": 10.0, ""temporal_resolution_h"": null, ""processing_level"": null, ""surface_model"": null, ""vertical_datum"": null, ""acquisition_time"": null, ""available_time"": ""2024-08-14T12:00:00+00:00"", ""provenance"": null, ""band_role"": null, ""nodata_semantics"": null, ""uncertainty"": null, ""allowed_values"": null, ""observed_min"": null, ""observed_max"": null, ""attrs"": {}}, {""name"": ""terrain-60"", ""quantity"": ""elevation"", ""unit"": ""m"", ""scale"": ""continuous"", ""crs"": ""EPSG:32643"", ""resolution_m"": 60, ""temporal_resolution_h"": null, ""processing_level"": null, ""surface_model"": ""DSM"", ""vertical_datum"": ""EGM2008"", ""acquisition_time"": null, ""available_time"": null, ""provenance"": ""Copernicus DEM"", ""band_role"": null, ""nodata_semantics"": null, ""uncertainty"": null, ""allowed_values"": null, ""observed_min"": null, ""observed_max"": null, ""attrs"": {}}]","[{""op"": ""predict"", ""params"": {""features"": [0]}}, {""op"": ""require_bare_earth"", ""params"": {""artifact"": 1}}]",UNPROVEN,"The workflow requires 'requires_bare_earth' to be true, which is not provided in the artifacts.",5,UNPARSED,,,REFUTED,"The workflow requires bare-earthen terrain but the artifact is a DSM, which is not bare-earthen.",5.0,UNRESOLVED,FEWER_THAN_TWO_ELIGIBLE_JUDGES,0,REFUTED,REFUTED
158,SGX3_BLIND_landcover_change_017,"{""goal"": ""landcover_change"", ""required_quantity"": null, ""required_unit"": null, ""decision_time"": null, ""max_resolution_m"": null, ""requires_bare_earth"": false, ""requires_cloud_mask"": false, ""max_uncertainty"": null, ""temporal_tolerance_h"": null, ""required_value_range"": null}","[{""name"": ""WorldCover-10"", ""quantity"": ""land_cover"", ""unit"": null, ""scale"": ""categorical"", ""crs"": ""EPSG:4326"", ""resolution_m"": 10, ""temporal_resolution_h"": null, ""processing_level"": null, ""surface_model"": null, ""vertical_datum"": null, ""acquisition_time"": null, ""available_time"": null, ""provenance"": null, ""band_role"": null, ""nodata_semantics"": null, ""uncertainty"": null, ""allowed_values"": [10, 20, 30, 40, 50, 60, 70, 80, 90, 95, 100], ""observed_min"": null, ""observed_max"": null, ""attrs"": {}}]","[{""op"": ""resample"", ""params"": {""artifact"": 0, ""method"": ""bilinear"", ""target_resolution_m"": 60, ""evidence_of_new_information"": true}}]",UNPROVEN,"The workflow requires resampling with a target resolution of 60 meters, which is not possible with the current 10-meter resolution due to missing provenance.",5,PROVEN,The resampling operation is valid and does not violate any scientific constraints.,5.0,PROVEN,"The resampling method is bilinear, which is compatible with categorical land cover resampling.",5.0,UNRESOLVED,FEWER_THAN_TWO_ELIGIBLE_JUDGES,0,REFUTED,REFUTED
159,SGX3_HELDOUT-FAMILY_temporal_split_overlap_015,"{""goal"": ""temporal_split_overlap"", ""required_quantity"": null, ""required_unit"": null, ""decision_time"": null, ""max_resolution_m"": null, ""requires_bare_earth"": false, ""requires_cloud_mask"": false, ""max_uncertainty"": null, ""temporal_tolerance_h"": null, ""required_value_range"": null}","[{""name"": ""records"", ""quantity"": ""time_series"", ""unit"": null, ""scale"": ""continuous"", ""crs"": ""EPSG:32643"", ""resolution_m"": 10.0, ""temporal_resolution_h"": null, ""processing_level"": null, ""surface_model"": null, ""vertical_datum"": null, ""acquisition_time"": null, ""available_time"": null, ""provenance"": ""authoritative-product"", ""band_role"": null, ""nodata_semantics"": null, ""uncertainty"": null, ""allowed_values"": null, ""observed_min"": null, ""observed_max"": null, ""attrs"": {}}]","[{""op"": ""split"", ""params"": {""mode"": ""temporal"", ""train_end"": ""2024-06-24T00:00:00+00:00"", ""test_start"": ""2024-07-01T00:00:00+00:00""}}]",UNPROVEN,"The workflow requires temporal splitting, but the artifacts do not specify temporal resolution or acquisition times, which are necessary for temporal splitting.",5,PROVEN,"No supplied scientific constraint is violated, and the supplied evidence is sufficient for the declared goal/workflow.",5.0,PROVEN,"The workflow operation is a temporal split, which is a valid operation for time series data with a defined temporal resolution.",5.0,UNRESOLVED,FEWER_THAN_TWO_ELIGIBLE_JUDGES,0,PROVEN,PROVEN
160,SGX3_BLIND_flood_depth_021,"{""goal"": ""flood_depth"", ""required_quantity"": null, ""required_unit"": null, ""decision_time"": null, ""max_resolution_m"": null, ""requires_bare_earth"": false, ""requires_cloud_mask"": false, ""max_uncertainty"": null, ""temporal_tolerance_h"": null, ""required_value_range"": null}","[{""name"": ""terrain-90"", ""quantity"": ""elevation"", ""unit"": ""m"", ""scale"": ""continuous"", ""crs"": ""EPSG:32643"", ""resolution_m"": 90, ""temporal_resolution_h"": null, ""processing_level"": null, ""surface_model"": ""DSM"", ""vertical_datum"": ""EGM2008"", ""acquisition_time"": null, ""available_time"": null, ""provenance"": ""Copernicus DEM"", ""band_role"": null, ""nodata_semantics"": null, ""uncertainty"": null, ""allowed_values"": null, ""observed_min"": null, ""observed_max"": null, ""attrs"": {}}, {""name"": ""water-surface"", ""quantity"": ""water_level"", ""unit"": ""m"", ""scale"": ""continuous"", ""crs"": ""EPSG:32643"", ""resolution_m"": 10.0, ""temporal_resolution_h"": null, ""processing_level"": null, ""surface_model"": null, ""vertical_datum"": ""EGM96"", ""acquisition_time"": null, ""available_time"": null, ""provenance"": ""hydraulic model"", ""band_role"": null, ""nodata_semantics"": null, ""uncertainty"": null, ""allowed_values"": null, ""observed_min"": null, ""observed_max"": null, ""attrs"": {}}]","[{""op"": ""combine_vertical"", ""params"": {""a"": 0, ""b"": 1}}, {""op"": ""convert_unit"", ""params"": {""artifact"": 1, ""to"": ""km""}}]",UNPROVEN,"The workflow requires vertical datum compatibility and unit conversion, which are not provided in the artifacts.",5,UNPARSED,,,PROVEN,"The workflow combines DSM and DTM with vertical datum compatibility, converts units, and no required evidence is missing.",5.0,UNRESOLVED,FEWER_THAN_TWO_ELIGIBLE_JUDGES,0,REFUTED,REFUTED
161,SGX3_BLIND_flood_depth_014,"{""goal"": ""flood_depth"", ""required_quantity"": null, ""required_unit"": null, ""decision_time"": null, ""max_resolution_m"": null, ""requires_bare_earth"": false, ""requires_cloud_mask"": false, ""max_uncertainty"": null, ""temporal_tolerance_h"": null, ""required_value_range"": null}","[{""name"": ""terrain-90"", ""quantity"": ""elevation"", ""unit"": ""m"", ""scale"": ""continuous"", ""crs"": ""EPSG:32643"", ""resolution_m"": 90, ""temporal_resolution_h"": null, ""processing_level"": null, ""surface_model"": ""DTM"", ""vertical_datum"": ""EGM2008"", ""acquisition_time"": null, ""available_time"": null, ""provenance"": ""Copernicus DEM"", ""band_role"": null, ""nodata_semantics"": null, ""uncertainty"": null, ""allowed_values"": null, ""observed_min"": null, ""observed_max"": null, ""attrs"": {}}, {""name"": ""water-surface"", ""quantity"": ""water_level"", ""unit"": ""km"", ""scale"": ""continuous"", ""crs"": ""EPSG:32643"", ""resolution_m"": 10.0, ""temporal_resolution_h"": null, ""processing_level"": null, ""surface_model"": null, ""vertical_datum"": ""EGM96"", ""acquisition_time"": null, ""available_time"": null, ""provenance"": ""hydraulic model"", ""band_role"": null, ""nodata_semantics"": null, ""uncertainty"": null, ""allowed_values"": null, ""observed_min"": null, ""observed_max"": null, ""attrs"": {}}]","[{""op"": ""combine_vertical"", ""params"": {""a"": 0, ""b"": 1}}, {""op"": ""convert_unit"", ""params"": {""artifact"": 1, ""to"": ""K""}}]",UNPROVEN,"The workflow requires unit conversion from 'km' to 'K', which is not a valid unit for elevation data.",5,UNPARSED,,,UNPROVEN,"The water-level quantity is in kilometers, but the output unit is Kelvin.",5.0,UNRESOLVED,FEWER_THAN_TWO_ELIGIBLE_JUDGES,0,REFUTED,REFUTED
162,SGX3_DEVELOPMENT_spatial_split_leakage_002,"{""goal"": ""spatial_split_leakage"", ""required_quantity"": null, ""required_unit"": null, ""decision_time"": null, ""max_resolution_m"": null, ""requires_bare_earth"": false, ""requires_cloud_mask"": false, ""max_uncertainty"": null, ""temporal_tolerance_h"": null, ""required_value_range"": null}","[{""name"": ""samples"", ""quantity"": ""training_samples"", ""unit"": null, ""scale"": ""continuous"", ""crs"": ""EPSG:32643"", ""resolution_m"": 10.0, ""temporal_resolution_h"": null, ""processing_level"": null, ""surface_model"": null, ""vertical_datum"": null, ""acquisition_time"": null, ""available_time"": null, ""provenance"": ""authoritative-product"", ""band_role"": null, ""nodata_semantics"": null, ""uncertainty"": null, ""allowed_values"": null, ""observed_min"": null, ""observed_max"": null, ""attrs"": {}}]","[{""op"": ""split"", ""params"": {""mode"": ""spatial"", ""separation_m"": 1827, ""dependence_range_m"": 3641}}]",UNPROVEN,"The workflow operation 'split' requires spatial separation and does not inherently violate any scientific principles. However, the artifacts provided do not contain specific metadata (like nodata_semantics, allowed_values) that are necessary for the operation to proceed without contradictions.",5,UNPARSED,,,UNPROVEN,"No contradiction is established, and the required evidence for the split operation is not explicitly stated, but the operation itself does not require it.",5.0,UNRESOLVED,FEWER_THAN_TWO_ELIGIBLE_JUDGES,0,REFUTED,REFUTED
163,SGX3_HELDOUT-FAMILY_rate_sum_without_duration_002,"{""goal"": ""rate_sum_without_duration"", ""required_quantity"": null, ""required_unit"": null, ""decision_time"": null, ""max_resolution_m"": null, ""requires_bare_earth"": false, ""requires_cloud_mask"": false, ""max_uncertainty"": null, ""temporal_tolerance_h"": null, ""required_value_range"": null}","[{""name"": ""precip-rate"", ""quantity"": ""precipitation_rate"", ""unit"": ""mm/h"", ""scale"": ""continuous"", ""crs"": ""EPSG:4326"", ""resolution_m"": 10000, ""temporal_resolution_h"": 0.5, ""processing_level"": null, ""surface_model"": null, ""vertical_datum"": null, ""acquisition_time"": null, ""available_time"": null, ""provenance"": ""authoritative-product"", ""band_role"": null, ""nodata_semantics"": null, ""uncertainty"": null, ""allowed_values"": null, ""observed_min"": null, ""observed_max"": null, ""attrs"": {}}]","[{""op"": ""temporal_aggregate"", ""params"": {""artifact"": 0, ""method"": ""sum"", ""sample_duration_h"": 0.5, ""declared_quantity"": ""accumulation""}}]",UNPROVEN,"The workflow requires temporal aggregation with a specified sample duration, but the artifact's temporal resolution does not match this requirement.",5,PROVEN,The workflow operation and artifact are compatible and no additional constraints are violated.,5.0,REFUTED,The operation declares an accumulation but the input is a rate; duration-aware integration is required.,5.0,UNRESOLVED,FEWER_THAN_TWO_ELIGIBLE_JUDGES,0,REFUTED,REFUTED
164,SGX3_BLIND_eo_ml_validation_039,"{""goal"": ""eo_ml_validation"", ""required_quantity"": null, ""required_unit"": null, ""decision_time"": null, ""max_resolution_m"": null, ""requires_bare_earth"": false, ""requires_cloud_mask"": false, ""max_uncertainty"": null, ""temporal_tolerance_h"": null, ""required_value_range"": null}","[{""name"": ""EO-samples-7375"", ""quantity"": ""training_samples"", ""unit"": null, ""scale"": ""continuous"", ""crs"": ""EPSG:32643"", ""resolution_m"": 10.0, ""temporal_resolution_h"": null, ""processing_level"": null, ""surface_model"": null, ""vertical_datum"": null, ""acquisition_time"": null, ""available_time"": null, ""provenance"": ""authoritative-product"", ""band_role"": null, ""nodata_semantics"": null, ""uncertainty"": null, ""allowed_values"": null, ""observed_min"": null, ""observed_max"": null, ""attrs"": {}}]","[{""op"": ""split"", ""params"": {""mode"": ""scene"", ""scene_overlap_fraction"": 0.55}}]",UNPROVEN,"The workflow operation 'split' does not require any specific unit or resolution, and the provided artifact metadata does not contain all necessary details (e.g., scene overlap fraction) to fully validate the operation.",5,PROVEN,No contradictions or missing required evidence for the 'split' operation are present.,5.0,PROVEN,"No scientific contradiction is present, and the operation does not require additional constraints.",5.0,UNRESOLVED,FEWER_THAN_TWO_ELIGIBLE_JUDGES,0,REFUTED,REFUTED
165,SGX3_HELDOUT-FAMILY_multisensor_time_mismatch_014,"{""goal"": ""multisensor_time_mismatch"", ""required_quantity"": null, ""required_unit"": null, ""decision_time"": null, ""max_resolution_m"": null, ""requires_bare_earth"": false, ""requires_cloud_mask"": false, ""max_uncertainty"": null, ""temporal_tolerance_h"": null, ""required_value_range"": null}","[{""name"": ""S1"", ""quantity"": ""backscatter"", ""unit"": null, ""scale"": ""continuous"", ""crs"": ""EPSG:32643"", ""resolution_m"": 10.0, ""temporal_resolution_h"": null, ""processing_level"": null, ""surface_model"": null, ""vertical_datum"": null, ""acquisition_time"": ""2024-07-01T10:00:00+00:00"", ""available_time"": null, ""provenance"": ""authoritative-product"", ""band_role"": null, ""nodata_semantics"": null, ""uncertainty"": null, ""allowed_values"": null, ""observed_min"": null, ""observed_max"": null, ""attrs"": {}}, {""name"": ""S2"", ""quantity"": ""reflectance"", ""unit"": null, ""scale"": ""continuous"", ""crs"": ""EPSG:32643"", ""resolution_m"": 10.0, ""temporal_resolution_h"": null, ""processing_level"": null, ""surface_model"": null, ""vertical_datum"": null, ""acquisition_time"": ""2024-07-02T22:00:00+00:00"", ""available_time"": null, ""provenance"": ""authoritative-product"", ""band_role"": null, ""nodata_semantics"": null, ""uncertainty"": null, ""allowed_values"": null, ""observed_min"": null, ""observed_max"": null, ""attrs"": {}}]","[{""op"": ""compare_sensors"", ""params"": {""a"": 0, ""b"": 1, ""tolerance_h"": 24}}]",UNPROVEN,"The workflow requires comparison between two sensors with matching acquisition times, but the artifacts' acquisition times are different.",5,PROVEN,"No supplied scientific constraint is violated, and the supplied evidence is sufficient for the declared goal/workflow.",5.0,UNPROVEN,"The multisensor comparison operation does not require a stated goal or specific constraints, and the required evidence for this operation is not explicitly stated in the provided metadata.",5.0,UNRESOLVED,FEWER_THAN_TWO_ELIGIBLE_JUDGES,0,REFUTED,REFUTED
166,SGX3_DEVELOPMENT_unsupported_resolution_gain_010,"{""goal"": ""unsupported_resolution_gain"", ""required_quantity"": null, ""required_unit"": null, ""decision_time"": null, ""max_resolution_m"": null, ""requires_bare_earth"": false, ""requires_cloud_mask"": false, ""max_uncertainty"": null, ""temporal_tolerance_h"": null, ""required_value_range"": null}","[{""name"": ""raster"", ""quantity"": ""surface_property"", ""unit"": null, ""scale"": ""continuous"", ""crs"": ""EPSG:32643"", ""resolution_m"": 100, ""temporal_resolution_h"": null, ""processing_level"": null, ""surface_model"": null, ""vertical_datum"": null, ""acquisition_time"": null, ""available_time"": null, ""provenance"": ""authoritative-product"", ""band_role"": null, ""nodata_semantics"": null, ""uncertainty"": null, ""allowed_values"": null, ""observed_min"": null, ""observed_max"": null, ""attrs"": {}}]","[{""op"": ""resample"", ""params"": {""artifact"": 0, ""method"": ""bilinear"", ""target_resolution_m"": 50.0, ""evidence_of_new_information"": false}}]",UNPROVEN,"The workflow operation resamples the raster without any explicit requirement for a specific unit or quantity, and the provided metadata does not contain a required_value_range constraint.",5,PROVEN,"No supplied scientific constraint is violated, and the supplied evidence is sufficient for every operation that is actually required by the declared goal/workflow.",5.0,UNPROVEN,"The operation requires a bare-earthen surface model, but it is not explicitly required by the workflow.",5.0,UNRESOLVED,FEWER_THAN_TWO_ELIGIBLE_JUDGES,0,REFUTED,REFUTED
167,SGX3_BLIND_flood_remote_sensing_041,"{""goal"": ""flood_remote_sensing"", ""required_quantity"": null, ""required_unit"": null, ""decision_time"": null, ""max_resolution_m"": null, ""requires_bare_earth"": false, ""requires_cloud_mask"": false, ""max_uncertainty"": null, ""temporal_tolerance_h"": null, ""required_value_range"": null}","[{""name"": ""flood-mask-10"", ""quantity"": ""flood_extent"", ""unit"": null, ""scale"": ""binary"", ""crs"": ""EPSG:32643"", ""resolution_m"": 10, ""temporal_resolution_h"": null, ""processing_level"": null, ""surface_model"": null, ""vertical_datum"": null, ""acquisition_time"": null, ""available_time"": null, ""provenance"": ""authoritative-product"", ""band_role"": null, ""nodata_semantics"": null, ""uncertainty"": null, ""allowed_values"": null, ""observed_min"": null, ""observed_max"": null, ""attrs"": {""cloud_mask_applied"": true}}, {""name"": ""S1"", ""quantity"": ""backscatter"", ""unit"": null, ""scale"": ""continuous"", ""crs"": ""EPSG:32643"", ""resolution_m"": 10, ""temporal_resolution_h"": null, ""processing_level"": null, ""surface_model"": null, ""vertical_datum"": null, ""acquisition_time"": ""2024-07-01T10:00:00+00:00"", ""available_time"": null, ""provenance"": ""authoritative-product"", ""band_role"": null, ""nodata_semantics"": null, ""uncertainty"": null, ""allowed_values"": null, ""observed_min"": null, ""observed_max"": null, ""attrs"": {}}, {""name"": ""S2"", ""quantity"": ""reflectance"", ""unit"": null, ""scale"": ""continuous"", ""crs"": ""EPSG:32643"", ""resolution_m"": 10, ""temporal_resolution_h"": null, ""processing_level"": null, ""surface_model"": null, ""vertical_datum"": null, ""acquisition_time"": ""2024-07-03T10:00:00+00:00"", ""available_time"": null, ""provenance"": ""authoritative-product"", ""band_role"": null, ""nodata_semantics"": null, ""uncertainty"": null, ""allowed_values"": null, ""observed_min"": null, ""observed_max"": null, ""attrs"": {}}]","[{""op"": ""require_cloud_mask"", ""params"": {""artifact"": 0}}, {""op"": ""compare_sensors"", ""params"": {""a"": 1, ""b"": 2, ""tolerance_h"": 3}}, {""op"": ""area"", ""params"": {""artifact"": 0, ""method"": ""geodesic"", ""output_unit"": ""km2""}}]",UNPROVEN,"The operations require cloud mask application and sensor comparison, which are not provided in the artifacts.",5,UNPARSED,,,PROVEN,The workflow operations are compatible with the declared goal and no required evidence is missing.,5.0,UNRESOLVED,FEWER_THAN_TWO_ELIGIBLE_JUDGES,0,REFUTED,REFUTED
168,SGX3_BLIND_flood_depth_007,"{""goal"": ""flood_depth"", ""required_quantity"": null, ""required_unit"": null, ""decision_time"": null, ""max_resolution_m"": null, ""requires_bare_earth"": false, ""requires_cloud_mask"": false, ""max_uncertainty"": null, ""temporal_tolerance_h"": null, ""required_value_range"": null}","[{""name"": ""terrain-10"", ""quantity"": ""elevation"", ""unit"": ""m"", ""scale"": ""continuous"", ""crs"": ""EPSG:32643"", ""resolution_m"": 10, ""temporal_resolution_h"": null, ""processing_level"": null, ""surface_model"": ""DTM"", ""vertical_datum"": ""EGM2008"", ""acquisition_time"": null, ""available_time"": null, ""provenance"": ""Copernicus DEM"", ""band_role"": null, ""nodata_semantics"": null, ""uncertainty"": null, ""allowed_values"": null, ""observed_min"": null, ""observed_max"": null, ""attrs"": {}}, {""name"": ""water-surface"", ""quantity"": ""water_level"", ""unit"": ""km"", ""scale"": ""continuous"", ""crs"": ""EPSG:32643"", ""resolution_m"": 10.0, ""temporal_resolution_h"": null, ""processing_level"": null, ""surface_model"": null, ""vertical_datum"": ""EGM2008"", ""acquisition_time"": null, ""available_time"": null, ""provenance"": ""hydraulic model"", ""band_role"": null, ""nodata_semantics"": null, ""uncertainty"": null, ""allowed_values"": null, ""observed_min"": null, ""observed_max"": null, ""attrs"": {}}]","[{""op"": ""combine_vertical"", ""params"": {""a"": 0, ""b"": 1}}, {""op"": ""convert_unit"", ""params"": {""artifact"": 1, ""to"": ""m""}}]",UNPROVEN,"The workflow requires unit conversion from 'km' to 'm', which is not provided in the artifacts.",5,PROVEN,"No supplied scientific constraint is violated, and the supplied evidence is sufficient for every operation that is actually required by the declared goal/workflow.",5.0,PROVEN,"The workflow combines two vertical surfaces and converts the water-level artifact to meters, with no stated contradictions or missing required evidence.",5.0,UNRESOLVED,FEWER_THAN_TWO_ELIGIBLE_JUDGES,0,PROVEN,PROVEN
169,SGX3_BLIND_landcover_change_044,"{""goal"": ""landcover_change"", ""required_quantity"": null, ""required_unit"": null, ""decision_time"": null, ""max_resolution_m"": null, ""requires_bare_earth"": false, ""requires_cloud_mask"": false, ""max_uncertainty"": null, ""temporal_tolerance_h"": null, ""required_value_range"": null}","[{""name"": ""WorldCover-10"", ""quantity"": ""land_cover"", ""unit"": null, ""scale"": ""categorical"", ""crs"": ""EPSG:4326"", ""resolution_m"": 10, ""temporal_resolution_h"": null, ""processing_level"": null, ""surface_model"": null, ""vertical_datum"": null, ""acquisition_time"": null, ""available_time"": null, ""provenance"": ""ESA WorldCover"", ""band_role"": null, ""nodata_semantics"": null, ""uncertainty"": null, ""allowed_values"": [10, 20, 30, 40, 50, 60, 70, 80, 90, 95, 100], ""observed_min"": null, ""observed_max"": null, ""attrs"": {}}]","[{""op"": ""resample"", ""params"": {""artifact"": 0, ""method"": ""mode"", ""target_resolution_m"": 20, ""evidence_of_new_information"": true}}]",UNPROVEN,"The resampling operation requires a target resolution of 20 meters, which is not provided in the artifact metadata.",5,UNPARSED,,,PROVEN,"The resampling operation is valid for categorical land cover data with mode method, and no required evidence is missing.",5.0,UNRESOLVED,FEWER_THAN_TWO_ELIGIBLE_JUDGES,0,PROVEN,PROVEN
170,SGX3_BLIND_eo_ml_validation_014,"{""goal"": ""eo_ml_validation"", ""required_quantity"": null, ""required_unit"": null, ""decision_time"": null, ""max_resolution_m"": null, ""requires_bare_earth"": false, ""requires_cloud_mask"": false, ""max_uncertainty"": null, ""temporal_tolerance_h"": null, ""required_value_range"": null}","[{""name"": ""EO-samples-5324"", ""quantity"": ""training_samples"", ""unit"": null, ""scale"": ""continuous"", ""crs"": ""EPSG:32643"", ""resolution_m"": 10.0, ""temporal_resolution_h"": null, ""processing_level"": null, ""surface_model"": null, ""vertical_datum"": null, ""acquisition_time"": null, ""available_time"": null, ""provenance"": ""authoritative-product"", ""band_role"": null, ""nodata_semantics"": null, ""uncertainty"": null, ""allowed_values"": null, ""observed_min"": null, ""observed_max"": null, ""attrs"": {}}]","[{""op"": ""split"", ""params"": {""mode"": ""spatial"", ""separation_m"": 6846, ""dependence_range_m"": 1869}}]",UNPROVEN,"The workflow operation 'split' requires spatial separation and dependence range, which are not provided in the artifact metadata.",5,PROVEN,"No supplied scientific constraint is violated, and the supplied evidence is sufficient for the declared goal/workflow.",5.0,PROVEN,No contradictions or missing required evidence are present.,5.0,UNRESOLVED,FEWER_THAN_TWO_ELIGIBLE_JUDGES,0,PROVEN,PROVEN
171,SGX3_HELDOUT-FAMILY_uncertainty_missing_011,"{""goal"": ""operational decision"", ""required_quantity"": null, ""required_unit"": null, ""decision_time"": null, ""max_resolution_m"": null, ""requires_bare_earth"": false, ""requires_cloud_mask"": false, ""max_uncertainty"": 0.05, ""temporal_tolerance_h"": null, ""required_value_range"": null}","[{""name"": ""hazard"", ""quantity"": ""hazard_probability"", ""unit"": ""dimensionless"", ""scale"": ""continuous"", ""crs"": ""EPSG:32643"", ""resolution_m"": 10.0, ""temporal_resolution_h"": null, ""processing_level"": null, ""surface_model"": null, ""vertical_datum"": null, ""acquisition_time"": null, ""available_time"": null, ""provenance"": ""authoritative-product"", ""band_role"": null, ""nodata_semantics"": null, ""uncertainty"": 0.0354, ""allowed_values"": null, ""observed_min"": null, ""observed_max"": null, ""attrs"": {}}]",[],UNPROVEN,"The workflow contains no operations, and thus no evidence can be established.",5,PROVEN,"No supplied scientific constraint is violated, and the supplied evidence is sufficient for every operation that is actually required by the declared goal/workflow.",5.0,PROVEN,"No scientific constraints are violated, and the required evidence for operations is sufficient.",5.0,UNRESOLVED,FEWER_THAN_TWO_ELIGIBLE_JUDGES,0,PROVEN,PROVEN
172,SGX3_BLIND_flood_depth_026,"{""goal"": ""flood_depth"", ""required_quantity"": null, ""required_unit"": null, ""decision_time"": null, ""max_resolution_m"": null, ""requires_bare_earth"": false, ""requires_cloud_mask"": false, ""max_uncertainty"": null, ""temporal_tolerance_h"": null, ""required_value_range"": null}","[{""name"": ""terrain-90"", ""quantity"": ""elevation"", ""unit"": ""m"", ""scale"": ""continuous"", ""crs"": ""EPSG:32643"", ""resolution_m"": 90, ""temporal_resolution_h"": null, ""processing_level"": null, ""surface_model"": ""DTM"", ""vertical_datum"": ""EGM2008"", ""acquisition_time"": null, ""available_time"": null, ""provenance"": ""Copernicus DEM"", ""band_role"": null, ""nodata_semantics"": null, ""uncertainty"": null, ""allowed_values"": null, ""observed_min"": null, ""observed_max"": null, ""attrs"": {}}, {""name"": ""water-surface"", ""quantity"": ""water_level"", ""unit"": ""km"", ""scale"": ""continuous"", ""crs"": ""EPSG:32643"", ""resolution_m"": 10.0, ""temporal_resolution_h"": null, ""processing_level"": null, ""surface_model"": null, ""vertical_datum"": ""EGM96"", ""acquisition_time"": null, ""available_time"": null, ""provenance"": ""hydraulic model"", ""band_role"": null, ""nodata_semantics"": null, ""uncertainty"": null, ""allowed_values"": null, ""observed_min"": null, ""observed_max"": null, ""attrs"": {}}]","[{""op"": ""combine_vertical"", ""params"": {""a"": 0, ""b"": 1}}, {""op"": ""convert_unit"", ""params"": {""artifact"": 1, ""to"": ""km2""}}]",UNPROVEN,"The workflow requires unit conversion from 'km' to 'km2', which is not supported by the provided artifacts.",5,UNPARSED,,,UNPROVEN,"The water-level quantity is in kilometers, but the output unit is km2 (square kilometers).",5.0,UNRESOLVED,FEWER_THAN_TWO_ELIGIBLE_JUDGES,0,REFUTED,REFUTED
173,SGX3_BLIND_landcover_change_001,"{""goal"": ""landcover_change"", ""required_quantity"": null, ""required_unit"": null, ""decision_time"": null, ""max_resolution_m"": null, ""requires_bare_earth"": false, ""requires_cloud_mask"": false, ""max_uncertainty"": null, ""temporal_tolerance_h"": null, ""required_value_range"": null}","[{""name"": ""WorldCover-20"", ""quantity"": ""land_cover"", ""unit"": null, ""scale"": ""categorical"", ""crs"": ""EPSG:4326"", ""resolution_m"": 20, ""temporal_resolution_h"": null, ""processing_level"": null, ""surface_model"": null, ""vertical_datum"": null, ""acquisition_time"": null, ""available_time"": null, ""provenance"": ""ESA WorldCover"", ""band_role"": null, ""nodata_semantics"": null, ""uncertainty"": null, ""allowed_values"": [10, 20, 30, 40, 50, 60, 70, 80, 90, 95, 100], ""observed_min"": null, ""observed_max"": null, ""attrs"": {}}]","[{""op"": ""resample"", ""params"": {""artifact"": 0, ""method"": ""nearest"", ""target_resolution_m"": 60, ""evidence_of_new_information"": true}}]",UNPROVEN,"The workflow requires resampling with a target resolution of 60 meters, which is not provided in the artifacts.",5,PROVEN,The resampling operation is consistent with the provided land cover map and does not violate any scientific constraints.,5.0,PROVEN,The resampling operation is compatible with the resampled artifact's scale and the original artifact's scale is compatible with the new scale.,5.0,UNRESOLVED,FEWER_THAN_TWO_ELIGIBLE_JUDGES,0,PROVEN,PROVEN
174,SGX3_BLIND_flood_remote_sensing_035,"{""goal"": ""flood_remote_sensing"", ""required_quantity"": null, ""required_unit"": null, ""decision_time"": null, ""max_resolution_m"": null, ""requires_bare_earth"": false, ""requires_cloud_mask"": false, ""max_uncertainty"": null, ""temporal_tolerance_h"": null, ""required_value_range"": null}","[{""name"": ""flood-mask-20"", ""quantity"": ""flood_extent"", ""unit"": null, ""scale"": ""binary"", ""crs"": ""EPSG:6933"", ""resolution_m"": 20, ""temporal_resolution_h"": null, ""processing_level"": null, ""surface_model"": null, ""vertical_datum"": null, ""acquisition_time"": null, ""available_time"": null, ""provenance"": ""authoritative-product"", ""band_role"": null, ""nodata_semantics"": null, ""uncertainty"": null, ""allowed_values"": null, ""observed_min"": null, ""observed_max"": null, ""attrs"": {""cloud_mask_applied"": false}}, {""name"": ""S1"", ""quantity"": ""backscatter"", ""unit"": null, ""scale"": ""continuous"", ""crs"": ""EPSG:32643"", ""resolution_m"": 10, ""temporal_resolution_h"": null, ""processing_level"": null, ""surface_model"": null, ""vertical_datum"": null, ""acquisition_time"": ""2024-07-10T10:00:00+00:00"", ""available_time"": null, ""provenance"": ""authoritative-product"", ""band_role"": null, ""nodata_semantics"": null, ""uncertainty"": null, ""allowed_values"": null, ""observed_min"": null, ""observed_max"": null, ""attrs"": {}}, {""name"": ""S2"", ""quantity"": ""reflectance"", ""unit"": null, ""scale"": ""continuous"", ""crs"": ""EPSG:32643"", ""resolution_m"": 10, ""temporal_resolution_h"": null, ""processing_level"": null, ""surface_model"": null, ""vertical_datum"": null, ""acquisition_time"": ""2024-07-10T22:00:00+00:00"", ""available_time"": null, ""provenance"": ""authoritative-product"", ""band_role"": null, ""nodata_semantics"": null, ""uncertainty"": null, ""allowed_values"": null, ""observed_min"": null, ""observed_max"": null, ""attrs"": {}}]","[{""op"": ""require_cloud_mask"", ""params"": {""artifact"": 0}}, {""op"": ""compare_sensors"", ""params"": {""a"": 1, ""b"": 2, ""tolerance_h"": 3}}, {""op"": ""area"", ""params"": {""artifact"": 0, ""method"": ""geodesic"", ""output_unit"": ""km2""}}]",UNPROVEN,"The operations require cloud mask information and sensor comparison, which are not provided in the artifacts.",5,UNPARSED,,,PROVEN,The workflow operations are compatible with the scientific intent and artifacts provided.,5.0,UNRESOLVED,FEWER_THAN_TWO_ELIGIBLE_JUDGES,0,REFUTED,REFUTED
175,SGX3_DEVELOPMENT_angular_area_009,"{""goal"": ""angular_area"", ""required_quantity"": null, ""required_unit"": null, ""decision_time"": null, ""max_resolution_m"": null, ""requires_bare_earth"": false, ""requires_cloud_mask"": false, ""max_uncertainty"": null, ""temporal_tolerance_h"": null, ""required_value_range"": null}","[{""name"": ""flood-polygon"", ""quantity"": ""flood_extent"", ""unit"": null, ""scale"": ""binary"", ""crs"": ""EPSG:32643"", ""resolution_m"": 30, ""temporal_resolution_h"": null, ""processing_level"": null, ""surface_model"": null, ""vertical_datum"": null, ""acquisition_time"": null, ""available_time"": null, ""provenance"": ""authoritative-product"", ""band_role"": null, ""nodata_semantics"": null, ""uncertainty"": null, ""allowed_values"": null, ""observed_min"": null, ""observed_max"": null, ""attrs"": {}}]","[{""op"": ""area"", ""params"": {""artifact"": 0, ""method"": ""planar"", ""output_unit"": ""km2""}}]",UNPROVEN,"The workflow requires a unit for the quantity 'flood_extent', which is not provided in the artifact metadata.",5,UNPARSED,,,PROVEN,"The operation is planar area calculation with a projected CRS, which is sufficient for angular area calculation.",5.0,UNRESOLVED,FEWER_THAN_TWO_ELIGIBLE_JUDGES,0,PROVEN,PROVEN
176,SGX3_BLIND_eo_ml_validation_004,"{""goal"": ""eo_ml_validation"", ""required_quantity"": null, ""required_unit"": null, ""decision_time"": null, ""max_resolution_m"": null, ""requires_bare_earth"": false, ""requires_cloud_mask"": false, ""max_uncertainty"": null, ""temporal_tolerance_h"": null, ""required_value_range"": null}","[{""name"": ""EO-samples-8553"", ""quantity"": ""training_samples"", ""unit"": null, ""scale"": ""continuous"", ""crs"": ""EPSG:32643"", ""resolution_m"": 10.0, ""temporal_resolution_h"": null, ""processing_level"": null, ""surface_model"": null, ""vertical_datum"": null, ""acquisition_time"": null, ""available_time"": null, ""provenance"": ""authoritative-product"", ""band_role"": null, ""nodata_semantics"": null, ""uncertainty"": null, ""allowed_values"": null, ""observed_min"": null, ""observed_max"": null, ""attrs"": {}}]","[{""op"": ""split"", ""params"": {""mode"": ""temporal"", ""train_end"": ""2024-04-13T00:00:00+00:00"", ""test_start"": ""2024-05-01T00:00:00+00:00""}}]",UNPROVEN,"The workflow operation 'split' requires temporal boundaries, which are not provided in the artifacts.",5,PROVEN,"No supplied scientific constraint is violated, and the supplied evidence is sufficient for the declared goal/workflow.",5.0,PROVEN,No contradictions are present and the workflow operations do not require additional evidence.,5.0,UNRESOLVED,FEWER_THAN_TWO_ELIGIBLE_JUDGES,0,PROVEN,PROVEN
177,SGX3_HELDOUT-FAMILY_quality_metadata_loss_001,"{""goal"": ""quality_metadata_loss"", ""required_quantity"": null, ""required_unit"": null, ""decision_time"": null, ""max_resolution_m"": null, ""requires_bare_earth"": false, ""requires_cloud_mask"": false, ""max_uncertainty"": null, ""temporal_tolerance_h"": null, ""required_value_range"": null}","[{""name"": ""reflectance"", ""quantity"": ""surface_reflectance"", ""unit"": null, ""scale"": ""continuous"", ""crs"": ""EPSG:32643"", ""resolution_m"": 10.0, ""temporal_resolution_h"": null, ""processing_level"": null, ""surface_model"": null, ""vertical_datum"": null, ""acquisition_time"": null, ""available_time"": null, ""provenance"": ""authoritative-product"", ""band_role"": null, ""nodata_semantics"": null, ""uncertainty"": null, ""allowed_values"": null, ""observed_min"": null, ""observed_max"": null, ""attrs"": {""quality_layer"": ""SCL""}}]","[{""op"": ""drop_quality_metadata"", ""params"": {""artifact"": 0, ""required_downstream"": false}}]",PROVEN,"The workflow operation drops quality metadata without requiring it, and no other required evidence is missing.",5,PROVEN,The workflow operation aligns with the scientific intent and no required evidence is missing.,5.0,PROVEN,"The operation explicitly requests dropping quality metadata, and the artifact's metadata does not contradict this.",5.0,UNRESOLVED,FEWER_THAN_TWO_ELIGIBLE_JUDGES,0,PROVEN,PROVEN
178,SGX3_HELDOUT-FAMILY_multisensor_time_mismatch_013,"{""goal"": ""multisensor_time_mismatch"", ""required_quantity"": null, ""required_unit"": null, ""decision_time"": null, ""max_resolution_m"": null, ""requires_bare_earth"": false, ""requires_cloud_mask"": false, ""max_uncertainty"": null, ""temporal_tolerance_h"": null, ""required_value_range"": null}","[{""name"": ""S1"", ""quantity"": ""backscatter"", ""unit"": null, ""scale"": ""continuous"", ""crs"": ""EPSG:32643"", ""resolution_m"": 10.0, ""temporal_resolution_h"": null, ""processing_level"": null, ""surface_model"": null, ""vertical_datum"": null, ""acquisition_time"": ""2024-07-01T10:00:00+00:00"", ""available_time"": null, ""provenance"": ""authoritative-product"", ""band_role"": null, ""nodata_semantics"": null, ""uncertainty"": null, ""allowed_values"": null, ""observed_min"": null, ""observed_max"": null, ""attrs"": {}}, {""name"": ""S2"", ""quantity"": ""reflectance"", ""unit"": null, ""scale"": ""continuous"", ""crs"": ""EPSG:32643"", ""resolution_m"": 10.0, ""temporal_resolution_h"": null, ""processing_level"": null, ""surface_model"": null, ""vertical_datum"": null, ""acquisition_time"": ""2024-07-01T13:00:00+00:00"", ""available_time"": null, ""provenance"": ""authoritative-product"", ""band_role"": null, ""nodata_semantics"": null, ""uncertainty"": null, ""allowed_values"": null, ""observed_min"": null, ""observed_max"": null, ""attrs"": {}}]","[{""op"": ""compare_sensors"", ""params"": {""a"": 0, ""b"": 1, ""tolerance_h"": 3}}]",UNPROVEN,"The workflow requires comparison between two sensors with specific temporal resolution, but the temporal resolution of both artifacts is not provided.",5,PROVEN,"No supplied scientific constraint is violated, and the supplied evidence is sufficient for the declared goal/workflow.",5.0,UNPROVEN,"The multisensor comparison operation does not require specific sensor data semantics or values, so no contradiction is established.",5.0,UNRESOLVED,FEWER_THAN_TWO_ELIGIBLE_JUDGES,0,PROVEN,PROVEN
179,SGX3_HELDOUT-FAMILY_scene_overlap_leakage_011,"{""goal"": ""scene_overlap_leakage"", ""required_quantity"": null, ""required_unit"": null, ""decision_time"": null, ""max_resolution_m"": null, ""requires_bare_earth"": false, ""requires_cloud_mask"": false, ""max_uncertainty"": null, ""temporal_tolerance_h"": null, ""required_value_range"": null}","[{""name"": ""chips"", ""quantity"": ""image_samples"", ""unit"": null, ""scale"": ""continuous"", ""crs"": ""EPSG:32643"", ""resolution_m"": 10.0, ""temporal_resolution_h"": null, ""processing_level"": null, ""surface_model"": null, ""vertical_datum"": null, ""acquisition_time"": null, ""available_time"": null, ""provenance"": ""authoritative-product"", ""band_role"": null, ""nodata_semantics"": null, ""uncertainty"": null, ""allowed_values"": null, ""observed_min"": null, ""observed_max"": null, ""attrs"": {}}]","[{""op"": ""split"", ""params"": {""mode"": ""scene"", ""scene_overlap_fraction"": 0.316}}]",UNPROVEN,The workflow operation 'split' requires scene overlap fraction but no specific unit or value range is provided.,5,UNPARSED,,,UNPROVEN,"The operation'split' does not require any stated constraints, so no contradiction or missing evidence is found.",5.0,UNRESOLVED,FEWER_THAN_TWO_ELIGIBLE_JUDGES,0,REFUTED,REFUTED
180,SGX3_BLIND_landslide_forecast_006,"{""goal"": ""landslide forecast"", ""required_quantity"": null, ""required_unit"": null, ""decision_time"": ""2024-08-15T12:00:00+00:00"", ""max_resolution_m"": null, ""requires_bare_earth"": false, ""requires_cloud_mask"": false, ""max_uncertainty"": null, ""temporal_tolerance_h"": null, ""required_value_range"": null}","[{""name"": ""IMERG-feature"", ""quantity"": ""rainfall"", ""unit"": ""mm"", ""scale"": ""continuous"", ""crs"": ""EPSG:32643"", ""resolution_m"": 10.0, ""temporal_resolution_h"": null, ""processing_level"": null, ""surface_model"": null, ""vertical_datum"": null, ""acquisition_time"": null, ""available_time"": ""2024-08-16T00:00:00+00:00"", ""provenance"": ""NASA GPM IMERG"", ""band_role"": null, ""nodata_semantics"": null, ""uncertainty"": null, ""allowed_values"": null, ""observed_min"": null, ""observed_max"": null, ""attrs"": {}}, {""name"": ""terrain-30"", ""quantity"": ""elevation"", ""unit"": ""m"", ""scale"": ""continuous"", ""crs"": ""EPSG:32643"", ""resolution_m"": 30, ""temporal_resolution_h"": null, ""processing_level"": null, ""surface_model"": ""DTM"", ""vertical_datum"": ""EGM2008"", ""acquisition_time"": null, ""available_time"": null, ""provenance"": ""Copernicus DEM"", ""band_role"": null, ""nodata_semantics"": null, ""uncertainty"": null, ""allowed_values"": null, ""observed_min"": null, ""observed_max"": null, ""attrs"": {}}]","[{""op"": ""predict"", ""params"": {""features"": [0]}}, {""op"": ""require_bare_earth"", ""params"": {""artifact"": 1}}]",UNPROVEN,"The workflow requires 'requires_bare_earth' to be true, which is not provided in the artifacts.",5,UNPARSED,,,REFUTED,"The workflow requires bare_earth but the terrain artifact is a DTM with a vertical datum, not a bare-terrain model.",5.0,UNRESOLVED,FEWER_THAN_TWO_ELIGIBLE_JUDGES,0,REFUTED,REFUTED
