case_id,obligation,A_status,B_status,agree
SGX3_BLIND_flood_depth_011,provenance,PASS,PASS,True
SGX3_BLIND_flood_depth_011,categorical_semantics,NOT_APPLICABLE,NOT_APPLICABLE,True
SGX3_BLIND_flood_depth_011,spatial_support_resolution,PASS,NOT_APPLICABLE,False
SGX3_BLIND_flood_depth_011,units_quantity,PASS,PASS,True
SGX3_BLIND_flood_depth_011,crs_geometry_area,PASS,NOT_APPLICABLE,False
SGX3_BLIND_flood_depth_011,spectral_semantics,NOT_APPLICABLE,NOT_APPLICABLE,True
SGX3_BLIND_flood_depth_011,processing_quality,NOT_APPLICABLE,NOT_APPLICABLE,True
SGX3_BLIND_flood_depth_011,vertical_semantics,PASS,PASS,True
SGX3_BLIND_flood_depth_011,temporal_causality,NOT_APPLICABLE,NOT_APPLICABLE,True
SGX3_BLIND_flood_depth_011,evaluation_independence,NOT_APPLICABLE,NOT_APPLICABLE,True
SGX3_BLIND_flood_depth_011,nodata_physical_domain,NOT_APPLICABLE,NOT_APPLICABLE,True
SGX3_BLIND_flood_depth_011,uncertainty_fitness,NOT_APPLICABLE,NOT_APPLICABLE,True
SGX3_BLIND_flood_depth_034,provenance,PASS,PASS,True
SGX3_BLIND_flood_depth_034,categorical_semantics,NOT_APPLICABLE,NOT_APPLICABLE,True
SGX3_BLIND_flood_depth_034,spatial_support_resolution,PASS,PASS,True
SGX3_BLIND_flood_depth_034,units_quantity,PASS,PASS,True
SGX3_BLIND_flood_depth_034,crs_geometry_area,PASS,NOT_APPLICABLE,False
SGX3_BLIND_flood_depth_034,spectral_semantics,NOT_APPLICABLE,NOT_APPLICABLE,True
SGX3_BLIND_flood_depth_034,processing_quality,NOT_APPLICABLE,NOT_APPLICABLE,True
SGX3_BLIND_flood_depth_034,vertical_semantics,PASS,MISSING_EVIDENCE,False
SGX3_BLIND_flood_depth_034,temporal_causality,NOT_APPLICABLE,NOT_APPLICABLE,True
SGX3_BLIND_flood_depth_034,evaluation_independence,NOT_APPLICABLE,NOT_APPLICABLE,True
SGX3_BLIND_flood_depth_034,nodata_physical_domain,NOT_APPLICABLE,NOT_APPLICABLE,True
SGX3_BLIND_flood_depth_034,uncertainty_fitness,NOT_APPLICABLE,NOT_APPLICABLE,True
SGX3_BLIND_eo_ml_validation_049,provenance,PASS,PASS,True
SGX3_BLIND_eo_ml_validation_049,categorical_semantics,NOT_APPLICABLE,NOT_APPLICABLE,True
SGX3_BLIND_eo_ml_validation_049,spatial_support_resolution,PASS,PASS,True
SGX3_BLIND_eo_ml_validation_049,units_quantity,NOT_APPLICABLE,NOT_APPLICABLE,True
SGX3_BLIND_eo_ml_validation_049,crs_geometry_area,PASS,NOT_APPLICABLE,False
SGX3_BLIND_eo_ml_validation_049,spectral_semantics,NOT_APPLICABLE,NOT_APPLICABLE,True
SGX3_BLIND_eo_ml_validation_049,processing_quality,NOT_APPLICABLE,NOT_APPLICABLE,True
SGX3_BLIND_eo_ml_validation_049,vertical_semantics,NOT_APPLICABLE,NOT_APPLICABLE,True
SGX3_BLIND_eo_ml_validation_049,temporal_causality,FAIL,PASS,False
SGX3_BLIND_eo_ml_validation_049,evaluation_independence,PASS,PASS,True
SGX3_BLIND_eo_ml_validation_049,nodata_physical_domain,NOT_APPLICABLE,NOT_APPLICABLE,True
SGX3_BLIND_eo_ml_validation_049,uncertainty_fitness,NOT_APPLICABLE,NOT_APPLICABLE,True
SGX3_HELDOUT-FAMILY_unit_dimension_mismatch_002,provenance,PASS,PASS,True
SGX3_HELDOUT-FAMILY_unit_dimension_mismatch_002,categorical_semantics,NOT_APPLICABLE,NOT_APPLICABLE,True
SGX3_HELDOUT-FAMILY_unit_dimension_mismatch_002,spatial_support_resolution,NOT_APPLICABLE,PASS,False
SGX3_HELDOUT-FAMILY_unit_dimension_mismatch_002,units_quantity,FAIL,PASS,False
SGX3_HELDOUT-FAMILY_unit_dimension_mismatch_002,crs_geometry_area,NOT_APPLICABLE,NOT_APPLICABLE,True
SGX3_HELDOUT-FAMILY_unit_dimension_mismatch_002,spectral_semantics,NOT_APPLICABLE,NOT_APPLICABLE,True
SGX3_HELDOUT-FAMILY_unit_dimension_mismatch_002,processing_quality,NOT_APPLICABLE,NOT_APPLICABLE,True
SGX3_HELDOUT-FAMILY_unit_dimension_mismatch_002,vertical_semantics,NOT_APPLICABLE,NOT_APPLICABLE,True
SGX3_HELDOUT-FAMILY_unit_dimension_mismatch_002,temporal_causality,NOT_APPLICABLE,NOT_APPLICABLE,True
SGX3_HELDOUT-FAMILY_unit_dimension_mismatch_002,evaluation_independence,NOT_APPLICABLE,NOT_APPLICABLE,True
SGX3_HELDOUT-FAMILY_unit_dimension_mismatch_002,nodata_physical_domain,NOT_APPLICABLE,NOT_APPLICABLE,True
SGX3_HELDOUT-FAMILY_unit_dimension_mismatch_002,uncertainty_fitness,NOT_APPLICABLE,NOT_APPLICABLE,True
SGX3_BLIND_flood_remote_sensing_017,provenance,PASS,PASS,True
SGX3_BLIND_flood_remote_sensing_017,categorical_semantics,NOT_APPLICABLE,NOT_APPLICABLE,True
SGX3_BLIND_flood_remote_sensing_017,spatial_support_resolution,PASS,NOT_APPLICABLE,False
SGX3_BLIND_flood_remote_sensing_017,units_quantity,NOT_APPLICABLE,NOT_APPLICABLE,True
SGX3_BLIND_flood_remote_sensing_017,crs_geometry_area,PASS,NOT_APPLICABLE,False
SGX3_BLIND_flood_remote_sensing_017,spectral_semantics,NOT_APPLICABLE,NOT_APPLICABLE,True
SGX3_BLIND_flood_remote_sensing_017,processing_quality,NOT_APPLICABLE,NOT_APPLICABLE,True
SGX3_BLIND_flood_remote_sensing_017,vertical_semantics,NOT_APPLICABLE,NOT_APPLICABLE,True
SGX3_BLIND_flood_remote_sensing_017,temporal_causality,PASS,NOT_APPLICABLE,False
SGX3_BLIND_flood_remote_sensing_017,evaluation_independence,NOT_APPLICABLE,NOT_APPLICABLE,True
SGX3_BLIND_flood_remote_sensing_017,nodata_physical_domain,NOT_APPLICABLE,NOT_APPLICABLE,True
SGX3_BLIND_flood_remote_sensing_017,uncertainty_fitness,NOT_APPLICABLE,NOT_APPLICABLE,True
SGX3_BLIND_landcover_change_013,provenance,PASS,PASS,True
SGX3_BLIND_landcover_change_013,categorical_semantics,PASS,PASS,True
SGX3_BLIND_landcover_change_013,spatial_support_resolution,PASS,PASS,True
SGX3_BLIND_landcover_change_013,units_quantity,PASS,NOT_APPLICABLE,False
SGX3_BLIND_landcover_change_013,crs_geometry_area,PASS,NOT_APPLICABLE,False
SGX3_BLIND_landcover_change_013,spectral_semantics,NOT_APPLICABLE,NOT_APPLICABLE,True
SGX3_BLIND_landcover_change_013,processing_quality,NOT_APPLICABLE,NOT_APPLICABLE,True
SGX3_BLIND_landcover_change_013,vertical_semantics,NOT_APPLICABLE,NOT_APPLICABLE,True
SGX3_BLIND_landcover_change_013,temporal_causality,NOT_APPLICABLE,NOT_APPLICABLE,True
SGX3_BLIND_landcover_change_013,evaluation_independence,NOT_APPLICABLE,NOT_APPLICABLE,True
SGX3_BLIND_landcover_change_013,nodata_physical_domain,NOT_APPLICABLE,NOT_APPLICABLE,True
SGX3_BLIND_landcover_change_013,uncertainty_fitness,NOT_APPLICABLE,NOT_APPLICABLE,True
SGX3_BLIND_flood_remote_sensing_005,provenance,PASS,PASS,True
SGX3_BLIND_flood_remote_sensing_005,categorical_semantics,NOT_APPLICABLE,NOT_APPLICABLE,True
SGX3_BLIND_flood_remote_sensing_005,spatial_support_resolution,PASS,PASS,True
SGX3_BLIND_flood_remote_sensing_005,units_quantity,NOT_APPLICABLE,NOT_APPLICABLE,True
SGX3_BLIND_flood_remote_sensing_005,crs_geometry_area,PASS,NOT_APPLICABLE,False
SGX3_BLIND_flood_remote_sensing_005,spectral_semantics,NOT_APPLICABLE,NOT_APPLICABLE,True
SGX3_BLIND_flood_remote_sensing_005,processing_quality,NOT_APPLICABLE,NOT_APPLICABLE,True
SGX3_BLIND_flood_remote_sensing_005,vertical_semantics,NOT_APPLICABLE,NOT_APPLICABLE,True
SGX3_BLIND_flood_remote_sensing_005,temporal_causality,PASS,NOT_APPLICABLE,False
SGX3_BLIND_flood_remote_sensing_005,evaluation_independence,NOT_APPLICABLE,NOT_APPLICABLE,True
SGX3_BLIND_flood_remote_sensing_005,nodata_physical_domain,NOT_APPLICABLE,NOT_APPLICABLE,True
SGX3_BLIND_flood_remote_sensing_005,uncertainty_fitness,NOT_APPLICABLE,NOT_APPLICABLE,True
SGX3_HELDOUT-FAMILY_scene_overlap_leakage_009,provenance,PASS,PASS,True
SGX3_HELDOUT-FAMILY_scene_overlap_leakage_009,categorical_semantics,NOT_APPLICABLE,NOT_APPLICABLE,True
SGX3_HELDOUT-FAMILY_scene_overlap_leakage_009,spatial_support_resolution,PASS,PASS,True
SGX3_HELDOUT-FAMILY_scene_overlap_leakage_009,units_quantity,NOT_APPLICABLE,NOT_APPLICABLE,True
SGX3_HELDOUT-FAMILY_scene_overlap_leakage_009,crs_geometry_area,PASS,NOT_APPLICABLE,False
SGX3_HELDOUT-FAMILY_scene_overlap_leakage_009,spectral_semantics,NOT_APPLICABLE,NOT_APPLICABLE,True
SGX3_HELDOUT-FAMILY_scene_overlap_leakage_009,processing_quality,NOT_APPLICABLE,NOT_APPLICABLE,True
SGX3_HELDOUT-FAMILY_scene_overlap_leakage_009,vertical_semantics,NOT_APPLICABLE,NOT_APPLICABLE,True
SGX3_HELDOUT-FAMILY_scene_overlap_leakage_009,temporal_causality,NOT_APPLICABLE,NOT_APPLICABLE,True
SGX3_HELDOUT-FAMILY_scene_overlap_leakage_009,evaluation_independence,PASS,NOT_APPLICABLE,False
SGX3_HELDOUT-FAMILY_scene_overlap_leakage_009,nodata_physical_domain,NOT_APPLICABLE,NOT_APPLICABLE,True
SGX3_HELDOUT-FAMILY_scene_overlap_leakage_009,uncertainty_fitness,NOT_APPLICABLE,NOT_APPLICABLE,True
SGX3_BLIND_landcover_change_011,provenance,PASS,PASS,True
SGX3_BLIND_landcover_change_011,categorical_semantics,PASS,PASS,True
SGX3_BLIND_landcover_change_011,spatial_support_resolution,PASS,PASS,True
SGX3_BLIND_landcover_change_011,units_quantity,PASS,NOT_APPLICABLE,False
SGX3_BLIND_landcover_change_011,crs_geometry_area,PASS,NOT_APPLICABLE,False
SGX3_BLIND_landcover_change_011,spectral_semantics,NOT_APPLICABLE,NOT_APPLICABLE,True
SGX3_BLIND_landcover_change_011,processing_quality,NOT_APPLICABLE,NOT_APPLICABLE,True
SGX3_BLIND_landcover_change_011,vertical_semantics,NOT_APPLICABLE,NOT_APPLICABLE,True
SGX3_BLIND_landcover_change_011,temporal_causality,NOT_APPLICABLE,NOT_APPLICABLE,True
SGX3_BLIND_landcover_change_011,evaluation_independence,NOT_APPLICABLE,NOT_APPLICABLE,True
SGX3_BLIND_landcover_change_011,nodata_physical_domain,NOT_APPLICABLE,NOT_APPLICABLE,True
SGX3_BLIND_landcover_change_011,uncertainty_fitness,NOT_APPLICABLE,NOT_APPLICABLE,True
SGX3_BLIND_landslide_forecast_003,provenance,PASS,PASS,True
SGX3_BLIND_landslide_forecast_003,categorical_semantics,NOT_APPLICABLE,NOT_APPLICABLE,True
SGX3_BLIND_landslide_forecast_003,spatial_support_resolution,PASS,NOT_APPLICABLE,False
SGX3_BLIND_landslide_forecast_003,units_quantity,NOT_APPLICABLE,NOT_APPLICABLE,True
SGX3_BLIND_landslide_forecast_003,crs_geometry_area,PASS,NOT_APPLICABLE,False
SGX3_BLIND_landslide_forecast_003,spectral_semantics,NOT_APPLICABLE,NOT_APPLICABLE,True
SGX3_BLIND_landslide_forecast_003,processing_quality,NOT_APPLICABLE,NOT_APPLICABLE,True
SGX3_BLIND_landslide_forecast_003,vertical_semantics,PASS,PASS,True
SGX3_BLIND_landslide_forecast_003,temporal_causality,FAIL,FAIL,True
SGX3_BLIND_landslide_forecast_003,evaluation_independence,NOT_APPLICABLE,NOT_APPLICABLE,True
SGX3_BLIND_landslide_forecast_003,nodata_physical_domain,NOT_APPLICABLE,NOT_APPLICABLE,True
SGX3_BLIND_landslide_forecast_003,uncertainty_fitness,NOT_APPLICABLE,NOT_APPLICABLE,True
SGX3_DEVELOPMENT_future_information_002,provenance,PASS,PASS,True
SGX3_DEVELOPMENT_future_information_002,categorical_semantics,NOT_APPLICABLE,NOT_APPLICABLE,True
SGX3_DEVELOPMENT_future_information_002,spatial_support_resolution,NOT_APPLICABLE,NOT_APPLICABLE,True
SGX3_DEVELOPMENT_future_information_002,units_quantity,NOT_APPLICABLE,NOT_APPLICABLE,True
SGX3_DEVELOPMENT_future_information_002,crs_geometry_area,NOT_APPLICABLE,NOT_APPLICABLE,True
SGX3_DEVELOPMENT_future_information_002,spectral_semantics,NOT_APPLICABLE,NOT_APPLICABLE,True
SGX3_DEVELOPMENT_future_information_002,processing_quality,NOT_APPLICABLE,NOT_APPLICABLE,True
SGX3_DEVELOPMENT_future_information_002,vertical_semantics,NOT_APPLICABLE,MISSING_EVIDENCE,False
SGX3_DEVELOPMENT_future_information_002,temporal_causality,FAIL,FAIL,True
SGX3_DEVELOPMENT_future_information_002,evaluation_independence,NOT_APPLICABLE,NOT_APPLICABLE,True
SGX3_DEVELOPMENT_future_information_002,nodata_physical_domain,NOT_APPLICABLE,NOT_APPLICABLE,True
SGX3_DEVELOPMENT_future_information_002,uncertainty_fitness,NOT_APPLICABLE,NOT_APPLICABLE,True
SGX3_DEVELOPMENT_categorical_interpolation_003,provenance,PASS,PASS,True
SGX3_DEVELOPMENT_categorical_interpolation_003,categorical_semantics,PASS,PASS,True
SGX3_DEVELOPMENT_categorical_interpolation_003,spatial_support_resolution,PASS,PASS,True
SGX3_DEVELOPMENT_categorical_interpolation_003,units_quantity,NOT_APPLICABLE,NOT_APPLICABLE,True
SGX3_DEVELOPMENT_categorical_interpolation_003,crs_geometry_area,PASS,NOT_APPLICABLE,False
SGX3_DEVELOPMENT_categorical_interpolation_003,spectral_semantics,NOT_APPLICABLE,NOT_APPLICABLE,True
SGX3_DEVELOPMENT_categorical_interpolation_003,processing_quality,NOT_APPLICABLE,NOT_APPLICABLE,True
SGX3_DEVELOPMENT_categorical_interpolation_003,vertical_semantics,NOT_APPLICABLE,NOT_APPLICABLE,True
SGX3_DEVELOPMENT_categorical_interpolation_003,temporal_causality,NOT_APPLICABLE,NOT_APPLICABLE,True
SGX3_DEVELOPMENT_categorical_interpolation_003,evaluation_independence,NOT_APPLICABLE,NOT_APPLICABLE,True
SGX3_DEVELOPMENT_categorical_interpolation_003,nodata_physical_domain,NOT_APPLICABLE,NOT_APPLICABLE,True
SGX3_DEVELOPMENT_categorical_interpolation_003,uncertainty_fitness,NOT_APPLICABLE,NOT_APPLICABLE,True
SGX3_DEVELOPMENT_unsupported_resolution_gain_000,provenance,PASS,PASS,True
SGX3_DEVELOPMENT_unsupported_resolution_gain_000,categorical_semantics,NOT_APPLICABLE,NOT_APPLICABLE,True
SGX3_DEVELOPMENT_unsupported_resolution_gain_000,spatial_support_resolution,PASS,PASS,True
SGX3_DEVELOPMENT_unsupported_resolution_gain_000,units_quantity,NOT_APPLICABLE,NOT_APPLICABLE,True
SGX3_DEVELOPMENT_unsupported_resolution_gain_000,crs_geometry_area,NOT_APPLICABLE,NOT_APPLICABLE,True
SGX3_DEVELOPMENT_unsupported_resolution_gain_000,spectral_semantics,NOT_APPLICABLE,NOT_APPLICABLE,True
SGX3_DEVELOPMENT_unsupported_resolution_gain_000,processing_quality,NOT_APPLICABLE,NOT_APPLICABLE,True
SGX3_DEVELOPMENT_unsupported_resolution_gain_000,vertical_semantics,NOT_APPLICABLE,NOT_APPLICABLE,True
SGX3_DEVELOPMENT_unsupported_resolution_gain_000,temporal_causality,NOT_APPLICABLE,NOT_APPLICABLE,True
SGX3_DEVELOPMENT_unsupported_resolution_gain_000,evaluation_independence,NOT_APPLICABLE,NOT_APPLICABLE,True
SGX3_DEVELOPMENT_unsupported_resolution_gain_000,nodata_physical_domain,NOT_APPLICABLE,NOT_APPLICABLE,True
SGX3_DEVELOPMENT_unsupported_resolution_gain_000,uncertainty_fitness,NOT_APPLICABLE,NOT_APPLICABLE,True
SGX3_BLIND_flood_depth_043,provenance,PASS,PASS,True
SGX3_BLIND_flood_depth_043,categorical_semantics,NOT_APPLICABLE,NOT_APPLICABLE,True
SGX3_BLIND_flood_depth_043,spatial_support_resolution,PASS,PASS,True
SGX3_BLIND_flood_depth_043,units_quantity,PASS,PASS,True
SGX3_BLIND_flood_depth_043,crs_geometry_area,PASS,NOT_APPLICABLE,False
SGX3_BLIND_flood_depth_043,spectral_semantics,NOT_APPLICABLE,NOT_APPLICABLE,True
SGX3_BLIND_flood_depth_043,processing_quality,NOT_APPLICABLE,NOT_APPLICABLE,True
SGX3_BLIND_flood_depth_043,vertical_semantics,PASS,PASS,True
SGX3_BLIND_flood_depth_043,temporal_causality,NOT_APPLICABLE,NOT_APPLICABLE,True
SGX3_BLIND_flood_depth_043,evaluation_independence,NOT_APPLICABLE,NOT_APPLICABLE,True
SGX3_BLIND_flood_depth_043,nodata_physical_domain,NOT_APPLICABLE,NOT_APPLICABLE,True
SGX3_BLIND_flood_depth_043,uncertainty_fitness,NOT_APPLICABLE,NOT_APPLICABLE,True
SGX3_BLIND_flood_remote_sensing_018,provenance,PASS,PASS,True
SGX3_BLIND_flood_remote_sensing_018,categorical_semantics,NOT_APPLICABLE,NOT_APPLICABLE,True
SGX3_BLIND_flood_remote_sensing_018,spatial_support_resolution,PASS,PASS,True
SGX3_BLIND_flood_remote_sensing_018,units_quantity,NOT_APPLICABLE,NOT_APPLICABLE,True
SGX3_BLIND_flood_remote_sensing_018,crs_geometry_area,PASS,NOT_APPLICABLE,False
SGX3_BLIND_flood_remote_sensing_018,spectral_semantics,NOT_APPLICABLE,NOT_APPLICABLE,True
SGX3_BLIND_flood_remote_sensing_018,processing_quality,NOT_APPLICABLE,NOT_APPLICABLE,True
SGX3_BLIND_flood_remote_sensing_018,vertical_semantics,NOT_APPLICABLE,NOT_APPLICABLE,True
SGX3_BLIND_flood_remote_sensing_018,temporal_causality,PASS,NOT_APPLICABLE,False
SGX3_BLIND_flood_remote_sensing_018,evaluation_independence,NOT_APPLICABLE,NOT_APPLICABLE,True
SGX3_BLIND_flood_remote_sensing_018,nodata_physical_domain,NOT_APPLICABLE,NOT_APPLICABLE,True
SGX3_BLIND_flood_remote_sensing_018,uncertainty_fitness,NOT_APPLICABLE,NOT_APPLICABLE,True
SGX3_BLIND_eo_ml_validation_015,provenance,PASS,PASS,True
SGX3_BLIND_eo_ml_validation_015,categorical_semantics,NOT_APPLICABLE,NOT_APPLICABLE,True
SGX3_BLIND_eo_ml_validation_015,spatial_support_resolution,PASS,PASS,True
SGX3_BLIND_eo_ml_validation_015,units_quantity,NOT_APPLICABLE,NOT_APPLICABLE,True
SGX3_BLIND_eo_ml_validation_015,crs_geometry_area,PASS,NOT_APPLICABLE,False
SGX3_BLIND_eo_ml_validation_015,spectral_semantics,NOT_APPLICABLE,NOT_APPLICABLE,True
SGX3_BLIND_eo_ml_validation_015,processing_quality,NOT_APPLICABLE,NOT_APPLICABLE,True
SGX3_BLIND_eo_ml_validation_015,vertical_semantics,NOT_APPLICABLE,NOT_APPLICABLE,True
SGX3_BLIND_eo_ml_validation_015,temporal_causality,NOT_APPLICABLE,NOT_APPLICABLE,True
SGX3_BLIND_eo_ml_validation_015,evaluation_independence,PASS,PASS,True
SGX3_BLIND_eo_ml_validation_015,nodata_physical_domain,NOT_APPLICABLE,NOT_APPLICABLE,True
SGX3_BLIND_eo_ml_validation_015,uncertainty_fitness,NOT_APPLICABLE,NOT_APPLICABLE,True
SGX3_BLIND_landcover_change_042,provenance,NOT_APPLICABLE,MISSING_EVIDENCE,False
SGX3_BLIND_landcover_change_042,categorical_semantics,PASS,PASS,True
SGX3_BLIND_landcover_change_042,spatial_support_resolution,PASS,PASS,True
SGX3_BLIND_landcover_change_042,units_quantity,NOT_APPLICABLE,NOT_APPLICABLE,True
SGX3_BLIND_landcover_change_042,crs_geometry_area,NOT_APPLICABLE,NOT_APPLICABLE,True
SGX3_BLIND_landcover_change_042,spectral_semantics,NOT_APPLICABLE,NOT_APPLICABLE,True
SGX3_BLIND_landcover_change_042,processing_quality,NOT_APPLICABLE,NOT_APPLICABLE,True
SGX3_BLIND_landcover_change_042,vertical_semantics,NOT_APPLICABLE,NOT_APPLICABLE,True
SGX3_BLIND_landcover_change_042,temporal_causality,NOT_APPLICABLE,NOT_APPLICABLE,True
SGX3_BLIND_landcover_change_042,evaluation_independence,NOT_APPLICABLE,NOT_APPLICABLE,True
SGX3_BLIND_landcover_change_042,nodata_physical_domain,NOT_APPLICABLE,NOT_APPLICABLE,True
SGX3_BLIND_landcover_change_042,uncertainty_fitness,NOT_APPLICABLE,NOT_APPLICABLE,True
SGX3_DEVELOPMENT_spatial_split_leakage_000,provenance,PASS,PASS,True
SGX3_DEVELOPMENT_spatial_split_leakage_000,categorical_semantics,NOT_APPLICABLE,NOT_APPLICABLE,True
SGX3_DEVELOPMENT_spatial_split_leakage_000,spatial_support_resolution,PASS,PASS,True
SGX3_DEVELOPMENT_spatial_split_leakage_000,units_quantity,NOT_APPLICABLE,NOT_APPLICABLE,True
SGX3_DEVELOPMENT_spatial_split_leakage_000,crs_geometry_area,PASS,PASS,True
SGX3_DEVELOPMENT_spatial_split_leakage_000,spectral_semantics,NOT_APPLICABLE,NOT_APPLICABLE,True
SGX3_DEVELOPMENT_spatial_split_leakage_000,processing_quality,NOT_APPLICABLE,NOT_APPLICABLE,True
SGX3_DEVELOPMENT_spatial_split_leakage_000,vertical_semantics,NOT_APPLICABLE,NOT_APPLICABLE,True
SGX3_DEVELOPMENT_spatial_split_leakage_000,temporal_causality,NOT_APPLICABLE,NOT_APPLICABLE,True
SGX3_DEVELOPMENT_spatial_split_leakage_000,evaluation_independence,NOT_APPLICABLE,NOT_APPLICABLE,True
SGX3_DEVELOPMENT_spatial_split_leakage_000,nodata_physical_domain,NOT_APPLICABLE,NOT_APPLICABLE,True
SGX3_DEVELOPMENT_spatial_split_leakage_000,uncertainty_fitness,NOT_APPLICABLE,NOT_APPLICABLE,True
SGX3_BLIND_eo_ml_validation_013,provenance,PASS,PASS,True
SGX3_BLIND_eo_ml_validation_013,categorical_semantics,NOT_APPLICABLE,NOT_APPLICABLE,True
SGX3_BLIND_eo_ml_validation_013,spatial_support_resolution,PASS,PASS,True
SGX3_BLIND_eo_ml_validation_013,units_quantity,NOT_APPLICABLE,NOT_APPLICABLE,True
SGX3_BLIND_eo_ml_validation_013,crs_geometry_area,PASS,NOT_APPLICABLE,False
SGX3_BLIND_eo_ml_validation_013,spectral_semantics,NOT_APPLICABLE,NOT_APPLICABLE,True
SGX3_BLIND_eo_ml_validation_013,processing_quality,NOT_APPLICABLE,NOT_APPLICABLE,True
SGX3_BLIND_eo_ml_validation_013,vertical_semantics,NOT_APPLICABLE,NOT_APPLICABLE,True
SGX3_BLIND_eo_ml_validation_013,temporal_causality,NOT_APPLICABLE,NOT_APPLICABLE,True
SGX3_BLIND_eo_ml_validation_013,evaluation_independence,PASS,PASS,True
SGX3_BLIND_eo_ml_validation_013,nodata_physical_domain,NOT_APPLICABLE,NOT_APPLICABLE,True
SGX3_BLIND_eo_ml_validation_013,uncertainty_fitness,NOT_APPLICABLE,NOT_APPLICABLE,True
SGX3_HELDOUT-FAMILY_missing_provenance_001,provenance,PASS,PASS,True
SGX3_HELDOUT-FAMILY_missing_provenance_001,categorical_semantics,NOT_APPLICABLE,NOT_APPLICABLE,True
SGX3_HELDOUT-FAMILY_missing_provenance_001,spatial_support_resolution,PASS,NOT_APPLICABLE,False
SGX3_HELDOUT-FAMILY_missing_provenance_001,units_quantity,FAIL,NOT_APPLICABLE,False
SGX3_HELDOUT-FAMILY_missing_provenance_001,crs_geometry_area,PASS,NOT_APPLICABLE,False
SGX3_HELDOUT-FAMILY_missing_provenance_001,spectral_semantics,NOT_APPLICABLE,NOT_APPLICABLE,True
SGX3_HELDOUT-FAMILY_missing_provenance_001,processing_quality,NOT_APPLICABLE,NOT_APPLICABLE,True
SGX3_HELDOUT-FAMILY_missing_provenance_001,vertical_semantics,NOT_APPLICABLE,MISSING_EVIDENCE,False
SGX3_HELDOUT-FAMILY_missing_provenance_001,temporal_causality,NOT_APPLICABLE,NOT_APPLICABLE,True
SGX3_HELDOUT-FAMILY_missing_provenance_001,evaluation_independence,NOT_APPLICABLE,NOT_APPLICABLE,True
SGX3_HELDOUT-FAMILY_missing_provenance_001,nodata_physical_domain,NOT_APPLICABLE,NOT_APPLICABLE,True
SGX3_HELDOUT-FAMILY_missing_provenance_001,uncertainty_fitness,NOT_APPLICABLE,NOT_APPLICABLE,True
SGX3_HELDOUT-FAMILY_categorical_mean_aggregation_002,provenance,PASS,PASS,True
SGX3_HELDOUT-FAMILY_categorical_mean_aggregation_002,categorical_semantics,PASS,PASS,True
SGX3_HELDOUT-FAMILY_categorical_mean_aggregation_002,spatial_support_resolution,PASS,PASS,True
SGX3_HELDOUT-FAMILY_categorical_mean_aggregation_002,units_quantity,PASS,NOT_APPLICABLE,False
SGX3_HELDOUT-FAMILY_categorical_mean_aggregation_002,crs_geometry_area,PASS,NOT_APPLICABLE,False
SGX3_HELDOUT-FAMILY_categorical_mean_aggregation_002,spectral_semantics,NOT_APPLICABLE,NOT_APPLICABLE,True
SGX3_HELDOUT-FAMILY_categorical_mean_aggregation_002,processing_quality,NOT_APPLICABLE,NOT_APPLICABLE,True
SGX3_HELDOUT-FAMILY_categorical_mean_aggregation_002,vertical_semantics,NOT_APPLICABLE,NOT_APPLICABLE,True
SGX3_HELDOUT-FAMILY_categorical_mean_aggregation_002,temporal_causality,NOT_APPLICABLE,NOT_APPLICABLE,True
SGX3_HELDOUT-FAMILY_categorical_mean_aggregation_002,evaluation_independence,NOT_APPLICABLE,NOT_APPLICABLE,True
SGX3_HELDOUT-FAMILY_categorical_mean_aggregation_002,nodata_physical_domain,NOT_APPLICABLE,NOT_APPLICABLE,True
SGX3_HELDOUT-FAMILY_categorical_mean_aggregation_002,uncertainty_fitness,NOT_APPLICABLE,NOT_APPLICABLE,True
SGX3_DEVELOPMENT_future_information_006,provenance,PASS,PASS,True
SGX3_DEVELOPMENT_future_information_006,categorical_semantics,NOT_APPLICABLE,NOT_APPLICABLE,True
SGX3_DEVELOPMENT_future_information_006,spatial_support_resolution,NOT_APPLICABLE,NOT_APPLICABLE,True
SGX3_DEVELOPMENT_future_information_006,units_quantity,NOT_APPLICABLE,NOT_APPLICABLE,True
SGX3_DEVELOPMENT_future_information_006,crs_geometry_area,NOT_APPLICABLE,NOT_APPLICABLE,True
SGX3_DEVELOPMENT_future_information_006,spectral_semantics,NOT_APPLICABLE,NOT_APPLICABLE,True
SGX3_DEVELOPMENT_future_information_006,processing_quality,NOT_APPLICABLE,NOT_APPLICABLE,True
SGX3_DEVELOPMENT_future_information_006,vertical_semantics,NOT_APPLICABLE,MISSING_EVIDENCE,False
SGX3_DEVELOPMENT_future_information_006,temporal_causality,FAIL,FAIL,True
SGX3_DEVELOPMENT_future_information_006,evaluation_independence,NOT_APPLICABLE,NOT_APPLICABLE,True
SGX3_DEVELOPMENT_future_information_006,nodata_physical_domain,NOT_APPLICABLE,NOT_APPLICABLE,True
SGX3_DEVELOPMENT_future_information_006,uncertainty_fitness,NOT_APPLICABLE,NOT_APPLICABLE,True
SGX3_BLIND_landcover_change_025,provenance,NOT_APPLICABLE,MISSING_EVIDENCE,False
SGX3_BLIND_landcover_change_025,categorical_semantics,PASS,PASS,True
SGX3_BLIND_landcover_change_025,spatial_support_resolution,PASS,PASS,True
SGX3_BLIND_landcover_change_025,units_quantity,NOT_APPLICABLE,NOT_APPLICABLE,True
SGX3_BLIND_landcover_change_025,crs_geometry_area,NOT_APPLICABLE,NOT_APPLICABLE,True
SGX3_BLIND_landcover_change_025,spectral_semantics,NOT_APPLICABLE,NOT_APPLICABLE,True
SGX3_BLIND_landcover_change_025,processing_quality,NOT_APPLICABLE,NOT_APPLICABLE,True
SGX3_BLIND_landcover_change_025,vertical_semantics,NOT_APPLICABLE,NOT_APPLICABLE,True
SGX3_BLIND_landcover_change_025,temporal_causality,NOT_APPLICABLE,NOT_APPLICABLE,True
SGX3_BLIND_landcover_change_025,evaluation_independence,NOT_APPLICABLE,NOT_APPLICABLE,True
SGX3_BLIND_landcover_change_025,nodata_physical_domain,NOT_APPLICABLE,NOT_APPLICABLE,True
SGX3_BLIND_landcover_change_025,uncertainty_fitness,NOT_APPLICABLE,NOT_APPLICABLE,True
SGX3_BLIND_landslide_forecast_022,provenance,PASS,PASS,True
SGX3_BLIND_landslide_forecast_022,categorical_semantics,NOT_APPLICABLE,NOT_APPLICABLE,True
SGX3_BLIND_landslide_forecast_022,spatial_support_resolution,PASS,NOT_APPLICABLE,False
SGX3_BLIND_landslide_forecast_022,units_quantity,NOT_APPLICABLE,NOT_APPLICABLE,True
SGX3_BLIND_landslide_forecast_022,crs_geometry_area,PASS,NOT_APPLICABLE,False
SGX3_BLIND_landslide_forecast_022,spectral_semantics,NOT_APPLICABLE,NOT_APPLICABLE,True
SGX3_BLIND_landslide_forecast_022,processing_quality,NOT_APPLICABLE,NOT_APPLICABLE,True
SGX3_BLIND_landslide_forecast_022,vertical_semantics,PASS,PASS,True
SGX3_BLIND_landslide_forecast_022,temporal_causality,FAIL,FAIL,True
SGX3_BLIND_landslide_forecast_022,evaluation_independence,NOT_APPLICABLE,NOT_APPLICABLE,True
SGX3_BLIND_landslide_forecast_022,nodata_physical_domain,NOT_APPLICABLE,NOT_APPLICABLE,True
SGX3_BLIND_landslide_forecast_022,uncertainty_fitness,NOT_APPLICABLE,NOT_APPLICABLE,True
SGX3_BLIND_flood_depth_039,provenance,PASS,PASS,True
SGX3_BLIND_flood_depth_039,categorical_semantics,NOT_APPLICABLE,NOT_APPLICABLE,True
SGX3_BLIND_flood_depth_039,spatial_support_resolution,PASS,PASS,True
SGX3_BLIND_flood_depth_039,units_quantity,FAIL,PASS,False
SGX3_BLIND_flood_depth_039,crs_geometry_area,PASS,NOT_APPLICABLE,False
SGX3_BLIND_flood_depth_039,spectral_semantics,NOT_APPLICABLE,NOT_APPLICABLE,True
SGX3_BLIND_flood_depth_039,processing_quality,NOT_APPLICABLE,NOT_APPLICABLE,True
SGX3_BLIND_flood_depth_039,vertical_semantics,PASS,PASS,True
SGX3_BLIND_flood_depth_039,temporal_causality,NOT_APPLICABLE,NOT_APPLICABLE,True
SGX3_BLIND_flood_depth_039,evaluation_independence,NOT_APPLICABLE,NOT_APPLICABLE,True
SGX3_BLIND_flood_depth_039,nodata_physical_domain,NOT_APPLICABLE,NOT_APPLICABLE,True
SGX3_BLIND_flood_depth_039,uncertainty_fitness,NOT_APPLICABLE,NOT_APPLICABLE,True
SGX3_HELDOUT-FAMILY_uncertainty_missing_009,provenance,PASS,PASS,True
SGX3_HELDOUT-FAMILY_uncertainty_missing_009,categorical_semantics,NOT_APPLICABLE,NOT_APPLICABLE,True
SGX3_HELDOUT-FAMILY_uncertainty_missing_009,spatial_support_resolution,PASS,PASS,True
SGX3_HELDOUT-FAMILY_uncertainty_missing_009,units_quantity,PASS,PASS,True
SGX3_HELDOUT-FAMILY_uncertainty_missing_009,crs_geometry_area,PASS,PASS,True
SGX3_HELDOUT-FAMILY_uncertainty_missing_009,spectral_semantics,NOT_APPLICABLE,NOT_APPLICABLE,True
SGX3_HELDOUT-FAMILY_uncertainty_missing_009,processing_quality,NOT_APPLICABLE,NOT_APPLICABLE,True
SGX3_HELDOUT-FAMILY_uncertainty_missing_009,vertical_semantics,NOT_APPLICABLE,MISSING_EVIDENCE,False
SGX3_HELDOUT-FAMILY_uncertainty_missing_009,temporal_causality,NOT_APPLICABLE,NOT_APPLICABLE,True
SGX3_HELDOUT-FAMILY_uncertainty_missing_009,evaluation_independence,NOT_APPLICABLE,NOT_APPLICABLE,True
SGX3_HELDOUT-FAMILY_uncertainty_missing_009,nodata_physical_domain,PASS,NOT_APPLICABLE,False
SGX3_HELDOUT-FAMILY_uncertainty_missing_009,uncertainty_fitness,PASS,PASS,True
SGX3_BLIND_eo_ml_validation_032,provenance,PASS,PASS,True
SGX3_BLIND_eo_ml_validation_032,categorical_semantics,NOT_APPLICABLE,NOT_APPLICABLE,True
SGX3_BLIND_eo_ml_validation_032,spatial_support_resolution,PASS,PASS,True
SGX3_BLIND_eo_ml_validation_032,units_quantity,NOT_APPLICABLE,NOT_APPLICABLE,True
SGX3_BLIND_eo_ml_validation_032,crs_geometry_area,PASS,NOT_APPLICABLE,False
SGX3_BLIND_eo_ml_validation_032,spectral_semantics,NOT_APPLICABLE,NOT_APPLICABLE,True
SGX3_BLIND_eo_ml_validation_032,processing_quality,NOT_APPLICABLE,NOT_APPLICABLE,True
SGX3_BLIND_eo_ml_validation_032,vertical_semantics,NOT_APPLICABLE,NOT_APPLICABLE,True
SGX3_BLIND_eo_ml_validation_032,temporal_causality,NOT_APPLICABLE,NOT_APPLICABLE,True
SGX3_BLIND_eo_ml_validation_032,evaluation_independence,PASS,NOT_APPLICABLE,False
SGX3_BLIND_eo_ml_validation_032,nodata_physical_domain,NOT_APPLICABLE,NOT_APPLICABLE,True
SGX3_BLIND_eo_ml_validation_032,uncertainty_fitness,NOT_APPLICABLE,NOT_APPLICABLE,True
SGX3_BLIND_eo_ml_validation_030,provenance,PASS,PASS,True
SGX3_BLIND_eo_ml_validation_030,categorical_semantics,NOT_APPLICABLE,NOT_APPLICABLE,True
SGX3_BLIND_eo_ml_validation_030,spatial_support_resolution,PASS,PASS,True
SGX3_BLIND_eo_ml_validation_030,units_quantity,NOT_APPLICABLE,NOT_APPLICABLE,True
SGX3_BLIND_eo_ml_validation_030,crs_geometry_area,PASS,NOT_APPLICABLE,False
SGX3_BLIND_eo_ml_validation_030,spectral_semantics,NOT_APPLICABLE,NOT_APPLICABLE,True
SGX3_BLIND_eo_ml_validation_030,processing_quality,NOT_APPLICABLE,NOT_APPLICABLE,True
SGX3_BLIND_eo_ml_validation_030,vertical_semantics,NOT_APPLICABLE,NOT_APPLICABLE,True
SGX3_BLIND_eo_ml_validation_030,temporal_causality,NOT_APPLICABLE,NOT_APPLICABLE,True
SGX3_BLIND_eo_ml_validation_030,evaluation_independence,PASS,PASS,True
SGX3_BLIND_eo_ml_validation_030,nodata_physical_domain,NOT_APPLICABLE,NOT_APPLICABLE,True
SGX3_BLIND_eo_ml_validation_030,uncertainty_fitness,NOT_APPLICABLE,NOT_APPLICABLE,True
SGX3_BLIND_eo_ml_validation_021,provenance,PASS,PASS,True
SGX3_BLIND_eo_ml_validation_021,categorical_semantics,NOT_APPLICABLE,NOT_APPLICABLE,True
SGX3_BLIND_eo_ml_validation_021,spatial_support_resolution,PASS,PASS,True
SGX3_BLIND_eo_ml_validation_021,units_quantity,NOT_APPLICABLE,NOT_APPLICABLE,True
SGX3_BLIND_eo_ml_validation_021,crs_geometry_area,PASS,NOT_APPLICABLE,False
SGX3_BLIND_eo_ml_validation_021,spectral_semantics,NOT_APPLICABLE,NOT_APPLICABLE,True
SGX3_BLIND_eo_ml_validation_021,processing_quality,NOT_APPLICABLE,NOT_APPLICABLE,True
SGX3_BLIND_eo_ml_validation_021,vertical_semantics,NOT_APPLICABLE,NOT_APPLICABLE,True
SGX3_BLIND_eo_ml_validation_021,temporal_causality,PASS,PASS,True
SGX3_BLIND_eo_ml_validation_021,evaluation_independence,PASS,PASS,True
SGX3_BLIND_eo_ml_validation_021,nodata_physical_domain,NOT_APPLICABLE,NOT_APPLICABLE,True
SGX3_BLIND_eo_ml_validation_021,uncertainty_fitness,NOT_APPLICABLE,NOT_APPLICABLE,True
SGX3_BLIND_landcover_change_018,provenance,NOT_APPLICABLE,MISSING_EVIDENCE,False
SGX3_BLIND_landcover_change_018,categorical_semantics,PASS,PASS,True
SGX3_BLIND_landcover_change_018,spatial_support_resolution,PASS,PASS,True
SGX3_BLIND_landcover_change_018,units_quantity,PASS,NOT_APPLICABLE,False
SGX3_BLIND_landcover_change_018,crs_geometry_area,PASS,NOT_APPLICABLE,False
SGX3_BLIND_landcover_change_018,spectral_semantics,NOT_APPLICABLE,NOT_APPLICABLE,True
SGX3_BLIND_landcover_change_018,processing_quality,NOT_APPLICABLE,NOT_APPLICABLE,True
SGX3_BLIND_landcover_change_018,vertical_semantics,NOT_APPLICABLE,NOT_APPLICABLE,True
SGX3_BLIND_landcover_change_018,temporal_causality,NOT_APPLICABLE,NOT_APPLICABLE,True
SGX3_BLIND_landcover_change_018,evaluation_independence,NOT_APPLICABLE,NOT_APPLICABLE,True
SGX3_BLIND_landcover_change_018,nodata_physical_domain,NOT_APPLICABLE,NOT_APPLICABLE,True
SGX3_BLIND_landcover_change_018,uncertainty_fitness,NOT_APPLICABLE,NOT_APPLICABLE,True
SGX3_DEVELOPMENT_unsupported_resolution_gain_008,provenance,PASS,PASS,True
SGX3_DEVELOPMENT_unsupported_resolution_gain_008,categorical_semantics,NOT_APPLICABLE,NOT_APPLICABLE,True
SGX3_DEVELOPMENT_unsupported_resolution_gain_008,spatial_support_resolution,PASS,PASS,True
SGX3_DEVELOPMENT_unsupported_resolution_gain_008,units_quantity,NOT_APPLICABLE,NOT_APPLICABLE,True
SGX3_DEVELOPMENT_unsupported_resolution_gain_008,crs_geometry_area,NOT_APPLICABLE,NOT_APPLICABLE,True
SGX3_DEVELOPMENT_unsupported_resolution_gain_008,spectral_semantics,NOT_APPLICABLE,NOT_APPLICABLE,True
SGX3_DEVELOPMENT_unsupported_resolution_gain_008,processing_quality,NOT_APPLICABLE,NOT_APPLICABLE,True
SGX3_DEVELOPMENT_unsupported_resolution_gain_008,vertical_semantics,NOT_APPLICABLE,NOT_APPLICABLE,True
SGX3_DEVELOPMENT_unsupported_resolution_gain_008,temporal_causality,NOT_APPLICABLE,NOT_APPLICABLE,True
SGX3_DEVELOPMENT_unsupported_resolution_gain_008,evaluation_independence,NOT_APPLICABLE,NOT_APPLICABLE,True
SGX3_DEVELOPMENT_unsupported_resolution_gain_008,nodata_physical_domain,NOT_APPLICABLE,NOT_APPLICABLE,True
SGX3_DEVELOPMENT_unsupported_resolution_gain_008,uncertainty_fitness,NOT_APPLICABLE,NOT_APPLICABLE,True
SGX3_HELDOUT-FAMILY_physical_range_violation_009,provenance,PASS,PASS,True
SGX3_HELDOUT-FAMILY_physical_range_violation_009,categorical_semantics,NOT_APPLICABLE,NOT_APPLICABLE,True
SGX3_HELDOUT-FAMILY_physical_range_violation_009,spatial_support_resolution,PASS,NOT_APPLICABLE,False
SGX3_HELDOUT-FAMILY_physical_range_violation_009,units_quantity,PASS,NOT_APPLICABLE,False
SGX3_HELDOUT-FAMILY_physical_range_violation_009,crs_geometry_area,PASS,NOT_APPLICABLE,False
SGX3_HELDOUT-FAMILY_physical_range_violation_009,spectral_semantics,NOT_APPLICABLE,NOT_APPLICABLE,True
SGX3_HELDOUT-FAMILY_physical_range_violation_009,processing_quality,NOT_APPLICABLE,NOT_APPLICABLE,True
SGX3_HELDOUT-FAMILY_physical_range_violation_009,vertical_semantics,NOT_APPLICABLE,NOT_APPLICABLE,True
SGX3_HELDOUT-FAMILY_physical_range_violation_009,temporal_causality,NOT_APPLICABLE,NOT_APPLICABLE,True
SGX3_HELDOUT-FAMILY_physical_range_violation_009,evaluation_independence,NOT_APPLICABLE,NOT_APPLICABLE,True
SGX3_HELDOUT-FAMILY_physical_range_violation_009,nodata_physical_domain,NOT_APPLICABLE,NOT_APPLICABLE,True
SGX3_HELDOUT-FAMILY_physical_range_violation_009,uncertainty_fitness,NOT_APPLICABLE,NOT_APPLICABLE,True
SGX3_DEVELOPMENT_spatial_split_leakage_006,provenance,PASS,PASS,True
SGX3_DEVELOPMENT_spatial_split_leakage_006,categorical_semantics,NOT_APPLICABLE,NOT_APPLICABLE,True
SGX3_DEVELOPMENT_spatial_split_leakage_006,spatial_support_resolution,PASS,PASS,True
SGX3_DEVELOPMENT_spatial_split_leakage_006,units_quantity,NOT_APPLICABLE,NOT_APPLICABLE,True
SGX3_DEVELOPMENT_spatial_split_leakage_006,crs_geometry_area,PASS,PASS,True
SGX3_DEVELOPMENT_spatial_split_leakage_006,spectral_semantics,NOT_APPLICABLE,NOT_APPLICABLE,True
SGX3_DEVELOPMENT_spatial_split_leakage_006,processing_quality,NOT_APPLICABLE,NOT_APPLICABLE,True
SGX3_DEVELOPMENT_spatial_split_leakage_006,vertical_semantics,NOT_APPLICABLE,NOT_APPLICABLE,True
SGX3_DEVELOPMENT_spatial_split_leakage_006,temporal_causality,NOT_APPLICABLE,NOT_APPLICABLE,True
SGX3_DEVELOPMENT_spatial_split_leakage_006,evaluation_independence,PASS,NOT_APPLICABLE,False
SGX3_DEVELOPMENT_spatial_split_leakage_006,nodata_physical_domain,NOT_APPLICABLE,NOT_APPLICABLE,True
SGX3_DEVELOPMENT_spatial_split_leakage_006,uncertainty_fitness,NOT_APPLICABLE,NOT_APPLICABLE,True
SGX3_BLIND_landslide_forecast_021,provenance,NOT_APPLICABLE,MISSING_EVIDENCE,False
SGX3_BLIND_landslide_forecast_021,categorical_semantics,NOT_APPLICABLE,NOT_APPLICABLE,True
SGX3_BLIND_landslide_forecast_021,spatial_support_resolution,PASS,NOT_APPLICABLE,False
SGX3_BLIND_landslide_forecast_021,units_quantity,NOT_APPLICABLE,NOT_APPLICABLE,True
SGX3_BLIND_landslide_forecast_021,crs_geometry_area,PASS,NOT_APPLICABLE,False
SGX3_BLIND_landslide_forecast_021,spectral_semantics,NOT_APPLICABLE,NOT_APPLICABLE,True
SGX3_BLIND_landslide_forecast_021,processing_quality,NOT_APPLICABLE,NOT_APPLICABLE,True
SGX3_BLIND_landslide_forecast_021,vertical_semantics,PASS,PASS,True
SGX3_BLIND_landslide_forecast_021,temporal_causality,FAIL,FAIL,True
SGX3_BLIND_landslide_forecast_021,evaluation_independence,NOT_APPLICABLE,NOT_APPLICABLE,True
SGX3_BLIND_landslide_forecast_021,nodata_physical_domain,NOT_APPLICABLE,NOT_APPLICABLE,True
SGX3_BLIND_landslide_forecast_021,uncertainty_fitness,NOT_APPLICABLE,NOT_APPLICABLE,True
SGX3_BLIND_flood_remote_sensing_003,provenance,PASS,PASS,True
SGX3_BLIND_flood_remote_sensing_003,categorical_semantics,NOT_APPLICABLE,NOT_APPLICABLE,True
SGX3_BLIND_flood_remote_sensing_003,spatial_support_resolution,PASS,PASS,True
SGX3_BLIND_flood_remote_sensing_003,units_quantity,NOT_APPLICABLE,NOT_APPLICABLE,True
SGX3_BLIND_flood_remote_sensing_003,crs_geometry_area,PASS,NOT_APPLICABLE,False
SGX3_BLIND_flood_remote_sensing_003,spectral_semantics,NOT_APPLICABLE,NOT_APPLICABLE,True
SGX3_BLIND_flood_remote_sensing_003,processing_quality,NOT_APPLICABLE,NOT_APPLICABLE,True
SGX3_BLIND_flood_remote_sensing_003,vertical_semantics,NOT_APPLICABLE,NOT_APPLICABLE,True
SGX3_BLIND_flood_remote_sensing_003,temporal_causality,PASS,NOT_APPLICABLE,False
SGX3_BLIND_flood_remote_sensing_003,evaluation_independence,NOT_APPLICABLE,NOT_APPLICABLE,True
SGX3_BLIND_flood_remote_sensing_003,nodata_physical_domain,NOT_APPLICABLE,NOT_APPLICABLE,True
SGX3_BLIND_flood_remote_sensing_003,uncertainty_fitness,NOT_APPLICABLE,NOT_APPLICABLE,True
SGX3_DEVELOPMENT_band_grid_mismatch_002,provenance,PASS,PASS,True
SGX3_DEVELOPMENT_band_grid_mismatch_002,categorical_semantics,NOT_APPLICABLE,NOT_APPLICABLE,True
SGX3_DEVELOPMENT_band_grid_mismatch_002,spatial_support_resolution,FAIL,NOT_APPLICABLE,False
SGX3_DEVELOPMENT_band_grid_mismatch_002,units_quantity,NOT_APPLICABLE,NOT_APPLICABLE,True
SGX3_DEVELOPMENT_band_grid_mismatch_002,crs_geometry_area,PASS,NOT_APPLICABLE,False
SGX3_DEVELOPMENT_band_grid_mismatch_002,spectral_semantics,PASS,PASS,True
SGX3_DEVELOPMENT_band_grid_mismatch_002,processing_quality,NOT_APPLICABLE,NOT_APPLICABLE,True
SGX3_DEVELOPMENT_band_grid_mismatch_002,vertical_semantics,NOT_APPLICABLE,NOT_APPLICABLE,True
SGX3_DEVELOPMENT_band_grid_mismatch_002,temporal_causality,NOT_APPLICABLE,NOT_APPLICABLE,True
SGX3_DEVELOPMENT_band_grid_mismatch_002,evaluation_independence,NOT_APPLICABLE,NOT_APPLICABLE,True
SGX3_DEVELOPMENT_band_grid_mismatch_002,nodata_physical_domain,NOT_APPLICABLE,NOT_APPLICABLE,True
SGX3_DEVELOPMENT_band_grid_mismatch_002,uncertainty_fitness,NOT_APPLICABLE,NOT_APPLICABLE,True
SGX3_HELDOUT-FAMILY_scene_overlap_leakage_005,provenance,PASS,PASS,True
SGX3_HELDOUT-FAMILY_scene_overlap_leakage_005,categorical_semantics,NOT_APPLICABLE,NOT_APPLICABLE,True
SGX3_HELDOUT-FAMILY_scene_overlap_leakage_005,spatial_support_resolution,PASS,PASS,True
SGX3_HELDOUT-FAMILY_scene_overlap_leakage_005,units_quantity,NOT_APPLICABLE,NOT_APPLICABLE,True
SGX3_HELDOUT-FAMILY_scene_overlap_leakage_005,crs_geometry_area,PASS,NOT_APPLICABLE,False
SGX3_HELDOUT-FAMILY_scene_overlap_leakage_005,spectral_semantics,NOT_APPLICABLE,NOT_APPLICABLE,True
SGX3_HELDOUT-FAMILY_scene_overlap_leakage_005,processing_quality,NOT_APPLICABLE,NOT_APPLICABLE,True
SGX3_HELDOUT-FAMILY_scene_overlap_leakage_005,vertical_semantics,NOT_APPLICABLE,NOT_APPLICABLE,True
SGX3_HELDOUT-FAMILY_scene_overlap_leakage_005,temporal_causality,NOT_APPLICABLE,NOT_APPLICABLE,True
SGX3_HELDOUT-FAMILY_scene_overlap_leakage_005,evaluation_independence,PASS,NOT_APPLICABLE,False
SGX3_HELDOUT-FAMILY_scene_overlap_leakage_005,nodata_physical_domain,NOT_APPLICABLE,NOT_APPLICABLE,True
SGX3_HELDOUT-FAMILY_scene_overlap_leakage_005,uncertainty_fitness,NOT_APPLICABLE,NOT_APPLICABLE,True
SGX3_BLIND_eo_ml_validation_022,provenance,PASS,PASS,True
SGX3_BLIND_eo_ml_validation_022,categorical_semantics,NOT_APPLICABLE,NOT_APPLICABLE,True
SGX3_BLIND_eo_ml_validation_022,spatial_support_resolution,PASS,PASS,True
SGX3_BLIND_eo_ml_validation_022,units_quantity,NOT_APPLICABLE,NOT_APPLICABLE,True
SGX3_BLIND_eo_ml_validation_022,crs_geometry_area,PASS,NOT_APPLICABLE,False
SGX3_BLIND_eo_ml_validation_022,spectral_semantics,NOT_APPLICABLE,NOT_APPLICABLE,True
SGX3_BLIND_eo_ml_validation_022,processing_quality,NOT_APPLICABLE,NOT_APPLICABLE,True
SGX3_BLIND_eo_ml_validation_022,vertical_semantics,NOT_APPLICABLE,NOT_APPLICABLE,True
SGX3_BLIND_eo_ml_validation_022,temporal_causality,NOT_APPLICABLE,NOT_APPLICABLE,True
SGX3_BLIND_eo_ml_validation_022,evaluation_independence,PASS,NOT_APPLICABLE,False
SGX3_BLIND_eo_ml_validation_022,nodata_physical_domain,NOT_APPLICABLE,NOT_APPLICABLE,True
SGX3_BLIND_eo_ml_validation_022,uncertainty_fitness,NOT_APPLICABLE,NOT_APPLICABLE,True
SGX3_HELDOUT-FAMILY_physical_range_violation_002,provenance,PASS,PASS,True
SGX3_HELDOUT-FAMILY_physical_range_violation_002,categorical_semantics,NOT_APPLICABLE,NOT_APPLICABLE,True
SGX3_HELDOUT-FAMILY_physical_range_violation_002,spatial_support_resolution,NOT_APPLICABLE,NOT_APPLICABLE,True
SGX3_HELDOUT-FAMILY_physical_range_violation_002,units_quantity,PASS,NOT_APPLICABLE,False
SGX3_HELDOUT-FAMILY_physical_range_violation_002,crs_geometry_area,NOT_APPLICABLE,NOT_APPLICABLE,True
SGX3_HELDOUT-FAMILY_physical_range_violation_002,spectral_semantics,NOT_APPLICABLE,NOT_APPLICABLE,True
SGX3_HELDOUT-FAMILY_physical_range_violation_002,processing_quality,NOT_APPLICABLE,NOT_APPLICABLE,True
SGX3_HELDOUT-FAMILY_physical_range_violation_002,vertical_semantics,NOT_APPLICABLE,NOT_APPLICABLE,True
SGX3_HELDOUT-FAMILY_physical_range_violation_002,temporal_causality,NOT_APPLICABLE,NOT_APPLICABLE,True
SGX3_HELDOUT-FAMILY_physical_range_violation_002,evaluation_independence,NOT_APPLICABLE,NOT_APPLICABLE,True
SGX3_HELDOUT-FAMILY_physical_range_violation_002,nodata_physical_domain,NOT_APPLICABLE,NOT_APPLICABLE,True
SGX3_HELDOUT-FAMILY_physical_range_violation_002,uncertainty_fitness,NOT_APPLICABLE,NOT_APPLICABLE,True
SGX3_DEVELOPMENT_angular_area_002,provenance,PASS,PASS,True
SGX3_DEVELOPMENT_angular_area_002,categorical_semantics,NOT_APPLICABLE,NOT_APPLICABLE,True
SGX3_DEVELOPMENT_angular_area_002,spatial_support_resolution,PASS,PASS,True
SGX3_DEVELOPMENT_angular_area_002,units_quantity,PASS,PASS,True
SGX3_DEVELOPMENT_angular_area_002,crs_geometry_area,FAIL,PASS,False
SGX3_DEVELOPMENT_angular_area_002,spectral_semantics,NOT_APPLICABLE,NOT_APPLICABLE,True
SGX3_DEVELOPMENT_angular_area_002,processing_quality,NOT_APPLICABLE,NOT_APPLICABLE,True
SGX3_DEVELOPMENT_angular_area_002,vertical_semantics,NOT_APPLICABLE,NOT_APPLICABLE,True
SGX3_DEVELOPMENT_angular_area_002,temporal_causality,NOT_APPLICABLE,NOT_APPLICABLE,True
SGX3_DEVELOPMENT_angular_area_002,evaluation_independence,NOT_APPLICABLE,NOT_APPLICABLE,True
SGX3_DEVELOPMENT_angular_area_002,nodata_physical_domain,NOT_APPLICABLE,NOT_APPLICABLE,True
SGX3_DEVELOPMENT_angular_area_002,uncertainty_fitness,NOT_APPLICABLE,NOT_APPLICABLE,True
SGX3_HELDOUT-FAMILY_physical_range_violation_010,provenance,PASS,PASS,True
SGX3_HELDOUT-FAMILY_physical_range_violation_010,categorical_semantics,NOT_APPLICABLE,NOT_APPLICABLE,True
SGX3_HELDOUT-FAMILY_physical_range_violation_010,spatial_support_resolution,PASS,NOT_APPLICABLE,False
SGX3_HELDOUT-FAMILY_physical_range_violation_010,units_quantity,PASS,NOT_APPLICABLE,False
SGX3_HELDOUT-FAMILY_physical_range_violation_010,crs_geometry_area,PASS,NOT_APPLICABLE,False
SGX3_HELDOUT-FAMILY_physical_range_violation_010,spectral_semantics,NOT_APPLICABLE,NOT_APPLICABLE,True
SGX3_HELDOUT-FAMILY_physical_range_violation_010,processing_quality,NOT_APPLICABLE,NOT_APPLICABLE,True
SGX3_HELDOUT-FAMILY_physical_range_violation_010,vertical_semantics,NOT_APPLICABLE,NOT_APPLICABLE,True
SGX3_HELDOUT-FAMILY_physical_range_violation_010,temporal_causality,NOT_APPLICABLE,NOT_APPLICABLE,True
SGX3_HELDOUT-FAMILY_physical_range_violation_010,evaluation_independence,NOT_APPLICABLE,NOT_APPLICABLE,True
SGX3_HELDOUT-FAMILY_physical_range_violation_010,nodata_physical_domain,NOT_APPLICABLE,NOT_APPLICABLE,True
SGX3_HELDOUT-FAMILY_physical_range_violation_010,uncertainty_fitness,NOT_APPLICABLE,NOT_APPLICABLE,True
SGX3_DEVELOPMENT_band_grid_mismatch_000,provenance,PASS,PASS,True
SGX3_DEVELOPMENT_band_grid_mismatch_000,categorical_semantics,NOT_APPLICABLE,NOT_APPLICABLE,True
SGX3_DEVELOPMENT_band_grid_mismatch_000,spatial_support_resolution,FAIL,NOT_APPLICABLE,False
SGX3_DEVELOPMENT_band_grid_mismatch_000,units_quantity,NOT_APPLICABLE,NOT_APPLICABLE,True
SGX3_DEVELOPMENT_band_grid_mismatch_000,crs_geometry_area,PASS,NOT_APPLICABLE,False
SGX3_DEVELOPMENT_band_grid_mismatch_000,spectral_semantics,PASS,PASS,True
SGX3_DEVELOPMENT_band_grid_mismatch_000,processing_quality,NOT_APPLICABLE,NOT_APPLICABLE,True
SGX3_DEVELOPMENT_band_grid_mismatch_000,vertical_semantics,NOT_APPLICABLE,NOT_APPLICABLE,True
SGX3_DEVELOPMENT_band_grid_mismatch_000,temporal_causality,NOT_APPLICABLE,NOT_APPLICABLE,True
SGX3_DEVELOPMENT_band_grid_mismatch_000,evaluation_independence,NOT_APPLICABLE,NOT_APPLICABLE,True
SGX3_DEVELOPMENT_band_grid_mismatch_000,nodata_physical_domain,NOT_APPLICABLE,NOT_APPLICABLE,True
SGX3_DEVELOPMENT_band_grid_mismatch_000,uncertainty_fitness,NOT_APPLICABLE,NOT_APPLICABLE,True
SGX3_BLIND_flood_remote_sensing_011,provenance,PASS,PASS,True
SGX3_BLIND_flood_remote_sensing_011,categorical_semantics,NOT_APPLICABLE,NOT_APPLICABLE,True
SGX3_BLIND_flood_remote_sensing_011,spatial_support_resolution,PASS,NOT_APPLICABLE,False
SGX3_BLIND_flood_remote_sensing_011,units_quantity,NOT_APPLICABLE,NOT_APPLICABLE,True
SGX3_BLIND_flood_remote_sensing_011,crs_geometry_area,PASS,NOT_APPLICABLE,False
SGX3_BLIND_flood_remote_sensing_011,spectral_semantics,NOT_APPLICABLE,NOT_APPLICABLE,True
SGX3_BLIND_flood_remote_sensing_011,processing_quality,NOT_APPLICABLE,NOT_APPLICABLE,True
SGX3_BLIND_flood_remote_sensing_011,vertical_semantics,NOT_APPLICABLE,NOT_APPLICABLE,True
SGX3_BLIND_flood_remote_sensing_011,temporal_causality,PASS,NOT_APPLICABLE,False
SGX3_BLIND_flood_remote_sensing_011,evaluation_independence,NOT_APPLICABLE,NOT_APPLICABLE,True
SGX3_BLIND_flood_remote_sensing_011,nodata_physical_domain,NOT_APPLICABLE,NOT_APPLICABLE,True
SGX3_BLIND_flood_remote_sensing_011,uncertainty_fitness,NOT_APPLICABLE,NOT_APPLICABLE,True
SGX3_DEVELOPMENT_processing_level_003,provenance,PASS,PASS,True
SGX3_DEVELOPMENT_processing_level_003,categorical_semantics,NOT_APPLICABLE,NOT_APPLICABLE,True
SGX3_DEVELOPMENT_processing_level_003,spatial_support_resolution,PASS,PASS,True
SGX3_DEVELOPMENT_processing_level_003,units_quantity,PASS,NOT_APPLICABLE,False
SGX3_DEVELOPMENT_processing_level_003,crs_geometry_area,PASS,NOT_APPLICABLE,False
SGX3_DEVELOPMENT_processing_level_003,spectral_semantics,NOT_APPLICABLE,NOT_APPLICABLE,True
SGX3_DEVELOPMENT_processing_level_003,processing_quality,PASS,NOT_APPLICABLE,False
SGX3_DEVELOPMENT_processing_level_003,vertical_semantics,NOT_APPLICABLE,NOT_APPLICABLE,True
SGX3_DEVELOPMENT_processing_level_003,temporal_causality,NOT_APPLICABLE,NOT_APPLICABLE,True
SGX3_DEVELOPMENT_processing_level_003,evaluation_independence,NOT_APPLICABLE,NOT_APPLICABLE,True
SGX3_DEVELOPMENT_processing_level_003,nodata_physical_domain,NOT_APPLICABLE,NOT_APPLICABLE,True
SGX3_DEVELOPMENT_processing_level_003,uncertainty_fitness,NOT_APPLICABLE,NOT_APPLICABLE,True
SGX3_BLIND_landcover_change_022,provenance,PASS,PASS,True
SGX3_BLIND_landcover_change_022,categorical_semantics,PASS,PASS,True
SGX3_BLIND_landcover_change_022,spatial_support_resolution,PASS,PASS,True
SGX3_BLIND_landcover_change_022,units_quantity,PASS,NOT_APPLICABLE,False
SGX3_BLIND_landcover_change_022,crs_geometry_area,PASS,NOT_APPLICABLE,False
SGX3_BLIND_landcover_change_022,spectral_semantics,NOT_APPLICABLE,NOT_APPLICABLE,True
SGX3_BLIND_landcover_change_022,processing_quality,NOT_APPLICABLE,NOT_APPLICABLE,True
SGX3_BLIND_landcover_change_022,vertical_semantics,NOT_APPLICABLE,NOT_APPLICABLE,True
SGX3_BLIND_landcover_change_022,temporal_causality,NOT_APPLICABLE,NOT_APPLICABLE,True
SGX3_BLIND_landcover_change_022,evaluation_independence,NOT_APPLICABLE,NOT_APPLICABLE,True
SGX3_BLIND_landcover_change_022,nodata_physical_domain,NOT_APPLICABLE,NOT_APPLICABLE,True
SGX3_BLIND_landcover_change_022,uncertainty_fitness,NOT_APPLICABLE,NOT_APPLICABLE,True
SGX3_DEVELOPMENT_nodata_zero_000,provenance,PASS,PASS,True
SGX3_DEVELOPMENT_nodata_zero_000,categorical_semantics,NOT_APPLICABLE,NOT_APPLICABLE,True
SGX3_DEVELOPMENT_nodata_zero_000,spatial_support_resolution,PASS,NOT_APPLICABLE,False
SGX3_DEVELOPMENT_nodata_zero_000,units_quantity,NOT_APPLICABLE,NOT_APPLICABLE,True
SGX3_DEVELOPMENT_nodata_zero_000,crs_geometry_area,PASS,NOT_APPLICABLE,False
SGX3_DEVELOPMENT_nodata_zero_000,spectral_semantics,NOT_APPLICABLE,NOT_APPLICABLE,True
SGX3_DEVELOPMENT_nodata_zero_000,processing_quality,NOT_APPLICABLE,NOT_APPLICABLE,True
SGX3_DEVELOPMENT_nodata_zero_000,vertical_semantics,NOT_APPLICABLE,NOT_APPLICABLE,True
SGX3_DEVELOPMENT_nodata_zero_000,temporal_causality,NOT_APPLICABLE,NOT_APPLICABLE,True
SGX3_DEVELOPMENT_nodata_zero_000,evaluation_independence,NOT_APPLICABLE,NOT_APPLICABLE,True
SGX3_DEVELOPMENT_nodata_zero_000,nodata_physical_domain,PASS,PASS,True
SGX3_DEVELOPMENT_nodata_zero_000,uncertainty_fitness,NOT_APPLICABLE,NOT_APPLICABLE,True
SGX3_DEVELOPMENT_processing_level_001,provenance,PASS,PASS,True
SGX3_DEVELOPMENT_processing_level_001,categorical_semantics,NOT_APPLICABLE,NOT_APPLICABLE,True
SGX3_DEVELOPMENT_processing_level_001,spatial_support_resolution,PASS,PASS,True
SGX3_DEVELOPMENT_processing_level_001,units_quantity,PASS,NOT_APPLICABLE,False
SGX3_DEVELOPMENT_processing_level_001,crs_geometry_area,PASS,NOT_APPLICABLE,False
SGX3_DEVELOPMENT_processing_level_001,spectral_semantics,NOT_APPLICABLE,NOT_APPLICABLE,True
SGX3_DEVELOPMENT_processing_level_001,processing_quality,PASS,NOT_APPLICABLE,False
SGX3_DEVELOPMENT_processing_level_001,vertical_semantics,NOT_APPLICABLE,NOT_APPLICABLE,True
SGX3_DEVELOPMENT_processing_level_001,temporal_causality,NOT_APPLICABLE,NOT_APPLICABLE,True
SGX3_DEVELOPMENT_processing_level_001,evaluation_independence,NOT_APPLICABLE,NOT_APPLICABLE,True
SGX3_DEVELOPMENT_processing_level_001,nodata_physical_domain,NOT_APPLICABLE,NOT_APPLICABLE,True
SGX3_DEVELOPMENT_processing_level_001,uncertainty_fitness,NOT_APPLICABLE,NOT_APPLICABLE,True
SGX3_BLIND_flood_depth_006,provenance,PASS,PASS,True
SGX3_BLIND_flood_depth_006,categorical_semantics,NOT_APPLICABLE,NOT_APPLICABLE,True
SGX3_BLIND_flood_depth_006,spatial_support_resolution,PASS,PASS,True
SGX3_BLIND_flood_depth_006,units_quantity,PASS,PASS,True
SGX3_BLIND_flood_depth_006,crs_geometry_area,PASS,NOT_APPLICABLE,False
SGX3_BLIND_flood_depth_006,spectral_semantics,NOT_APPLICABLE,NOT_APPLICABLE,True
SGX3_BLIND_flood_depth_006,processing_quality,NOT_APPLICABLE,NOT_APPLICABLE,True
SGX3_BLIND_flood_depth_006,vertical_semantics,PASS,PASS,True
SGX3_BLIND_flood_depth_006,temporal_causality,NOT_APPLICABLE,NOT_APPLICABLE,True
SGX3_BLIND_flood_depth_006,evaluation_independence,NOT_APPLICABLE,NOT_APPLICABLE,True
SGX3_BLIND_flood_depth_006,nodata_physical_domain,NOT_APPLICABLE,NOT_APPLICABLE,True
SGX3_BLIND_flood_depth_006,uncertainty_fitness,NOT_APPLICABLE,NOT_APPLICABLE,True
SGX3_BLIND_flood_remote_sensing_031,provenance,PASS,PASS,True
SGX3_BLIND_flood_remote_sensing_031,categorical_semantics,NOT_APPLICABLE,NOT_APPLICABLE,True
SGX3_BLIND_flood_remote_sensing_031,spatial_support_resolution,PASS,PASS,True
SGX3_BLIND_flood_remote_sensing_031,units_quantity,NOT_APPLICABLE,NOT_APPLICABLE,True
SGX3_BLIND_flood_remote_sensing_031,crs_geometry_area,PASS,NOT_APPLICABLE,False
SGX3_BLIND_flood_remote_sensing_031,spectral_semantics,NOT_APPLICABLE,NOT_APPLICABLE,True
SGX3_BLIND_flood_remote_sensing_031,processing_quality,NOT_APPLICABLE,NOT_APPLICABLE,True
SGX3_BLIND_flood_remote_sensing_031,vertical_semantics,NOT_APPLICABLE,NOT_APPLICABLE,True
SGX3_BLIND_flood_remote_sensing_031,temporal_causality,PASS,NOT_APPLICABLE,False
SGX3_BLIND_flood_remote_sensing_031,evaluation_independence,NOT_APPLICABLE,NOT_APPLICABLE,True
SGX3_BLIND_flood_remote_sensing_031,nodata_physical_domain,NOT_APPLICABLE,NOT_APPLICABLE,True
SGX3_BLIND_flood_remote_sensing_031,uncertainty_fitness,NOT_APPLICABLE,NOT_APPLICABLE,True
SGX3_DEVELOPMENT_future_information_007,provenance,PASS,PASS,True
SGX3_DEVELOPMENT_future_information_007,categorical_semantics,NOT_APPLICABLE,NOT_APPLICABLE,True
SGX3_DEVELOPMENT_future_information_007,spatial_support_resolution,NOT_APPLICABLE,NOT_APPLICABLE,True
SGX3_DEVELOPMENT_future_information_007,units_quantity,NOT_APPLICABLE,NOT_APPLICABLE,True
SGX3_DEVELOPMENT_future_information_007,crs_geometry_area,NOT_APPLICABLE,NOT_APPLICABLE,True
SGX3_DEVELOPMENT_future_information_007,spectral_semantics,NOT_APPLICABLE,NOT_APPLICABLE,True
SGX3_DEVELOPMENT_future_information_007,processing_quality,NOT_APPLICABLE,NOT_APPLICABLE,True
SGX3_DEVELOPMENT_future_information_007,vertical_semantics,NOT_APPLICABLE,MISSING_EVIDENCE,False
SGX3_DEVELOPMENT_future_information_007,temporal_causality,FAIL,FAIL,True
SGX3_DEVELOPMENT_future_information_007,evaluation_independence,NOT_APPLICABLE,NOT_APPLICABLE,True
SGX3_DEVELOPMENT_future_information_007,nodata_physical_domain,NOT_APPLICABLE,NOT_APPLICABLE,True
SGX3_DEVELOPMENT_future_information_007,uncertainty_fitness,NOT_APPLICABLE,NOT_APPLICABLE,True
SGX3_BLIND_flood_remote_sensing_000,provenance,PASS,PASS,True
SGX3_BLIND_flood_remote_sensing_000,categorical_semantics,NOT_APPLICABLE,NOT_APPLICABLE,True
SGX3_BLIND_flood_remote_sensing_000,spatial_support_resolution,PASS,PASS,True
SGX3_BLIND_flood_remote_sensing_000,units_quantity,NOT_APPLICABLE,NOT_APPLICABLE,True
SGX3_BLIND_flood_remote_sensing_000,crs_geometry_area,PASS,NOT_APPLICABLE,False
SGX3_BLIND_flood_remote_sensing_000,spectral_semantics,NOT_APPLICABLE,NOT_APPLICABLE,True
SGX3_BLIND_flood_remote_sensing_000,processing_quality,NOT_APPLICABLE,NOT_APPLICABLE,True
SGX3_BLIND_flood_remote_sensing_000,vertical_semantics,NOT_APPLICABLE,NOT_APPLICABLE,True
SGX3_BLIND_flood_remote_sensing_000,temporal_causality,PASS,NOT_APPLICABLE,False
SGX3_BLIND_flood_remote_sensing_000,evaluation_independence,NOT_APPLICABLE,NOT_APPLICABLE,True
SGX3_BLIND_flood_remote_sensing_000,nodata_physical_domain,NOT_APPLICABLE,NOT_APPLICABLE,True
SGX3_BLIND_flood_remote_sensing_000,uncertainty_fitness,NOT_APPLICABLE,NOT_APPLICABLE,True
SGX3_BLIND_eo_ml_validation_043,provenance,PASS,PASS,True
SGX3_BLIND_eo_ml_validation_043,categorical_semantics,NOT_APPLICABLE,NOT_APPLICABLE,True
SGX3_BLIND_eo_ml_validation_043,spatial_support_resolution,PASS,PASS,True
SGX3_BLIND_eo_ml_validation_043,units_quantity,NOT_APPLICABLE,NOT_APPLICABLE,True
SGX3_BLIND_eo_ml_validation_043,crs_geometry_area,PASS,NOT_APPLICABLE,False
SGX3_BLIND_eo_ml_validation_043,spectral_semantics,NOT_APPLICABLE,NOT_APPLICABLE,True
SGX3_BLIND_eo_ml_validation_043,processing_quality,NOT_APPLICABLE,NOT_APPLICABLE,True
SGX3_BLIND_eo_ml_validation_043,vertical_semantics,NOT_APPLICABLE,NOT_APPLICABLE,True
SGX3_BLIND_eo_ml_validation_043,temporal_causality,PASS,PASS,True
SGX3_BLIND_eo_ml_validation_043,evaluation_independence,PASS,PASS,True
SGX3_BLIND_eo_ml_validation_043,nodata_physical_domain,NOT_APPLICABLE,NOT_APPLICABLE,True
SGX3_BLIND_eo_ml_validation_043,uncertainty_fitness,NOT_APPLICABLE,NOT_APPLICABLE,True
SGX3_BLIND_flood_remote_sensing_046,provenance,PASS,PASS,True
SGX3_BLIND_flood_remote_sensing_046,categorical_semantics,NOT_APPLICABLE,NOT_APPLICABLE,True
SGX3_BLIND_flood_remote_sensing_046,spatial_support_resolution,PASS,PASS,True
SGX3_BLIND_flood_remote_sensing_046,units_quantity,NOT_APPLICABLE,NOT_APPLICABLE,True
SGX3_BLIND_flood_remote_sensing_046,crs_geometry_area,PASS,NOT_APPLICABLE,False
SGX3_BLIND_flood_remote_sensing_046,spectral_semantics,NOT_APPLICABLE,NOT_APPLICABLE,True
SGX3_BLIND_flood_remote_sensing_046,processing_quality,NOT_APPLICABLE,NOT_APPLICABLE,True
SGX3_BLIND_flood_remote_sensing_046,vertical_semantics,NOT_APPLICABLE,NOT_APPLICABLE,True
SGX3_BLIND_flood_remote_sensing_046,temporal_causality,PASS,NOT_APPLICABLE,False
SGX3_BLIND_flood_remote_sensing_046,evaluation_independence,NOT_APPLICABLE,NOT_APPLICABLE,True
SGX3_BLIND_flood_remote_sensing_046,nodata_physical_domain,NOT_APPLICABLE,NOT_APPLICABLE,True
SGX3_BLIND_flood_remote_sensing_046,uncertainty_fitness,NOT_APPLICABLE,NOT_APPLICABLE,True
SGX3_BLIND_eo_ml_validation_036,provenance,PASS,PASS,True
SGX3_BLIND_eo_ml_validation_036,categorical_semantics,NOT_APPLICABLE,NOT_APPLICABLE,True
SGX3_BLIND_eo_ml_validation_036,spatial_support_resolution,PASS,PASS,True
SGX3_BLIND_eo_ml_validation_036,units_quantity,NOT_APPLICABLE,NOT_APPLICABLE,True
SGX3_BLIND_eo_ml_validation_036,crs_geometry_area,PASS,NOT_APPLICABLE,False
SGX3_BLIND_eo_ml_validation_036,spectral_semantics,NOT_APPLICABLE,NOT_APPLICABLE,True
SGX3_BLIND_eo_ml_validation_036,processing_quality,NOT_APPLICABLE,NOT_APPLICABLE,True
SGX3_BLIND_eo_ml_validation_036,vertical_semantics,NOT_APPLICABLE,NOT_APPLICABLE,True
SGX3_BLIND_eo_ml_validation_036,temporal_causality,NOT_APPLICABLE,NOT_APPLICABLE,True
SGX3_BLIND_eo_ml_validation_036,evaluation_independence,PASS,PASS,True
SGX3_BLIND_eo_ml_validation_036,nodata_physical_domain,NOT_APPLICABLE,NOT_APPLICABLE,True
SGX3_BLIND_eo_ml_validation_036,uncertainty_fitness,NOT_APPLICABLE,NOT_APPLICABLE,True
SGX3_HELDOUT-FAMILY_uncertainty_missing_003,provenance,PASS,PASS,True
SGX3_HELDOUT-FAMILY_uncertainty_missing_003,categorical_semantics,NOT_APPLICABLE,NOT_APPLICABLE,True
SGX3_HELDOUT-FAMILY_uncertainty_missing_003,spatial_support_resolution,PASS,PASS,True
SGX3_HELDOUT-FAMILY_uncertainty_missing_003,units_quantity,PASS,PASS,True
SGX3_HELDOUT-FAMILY_uncertainty_missing_003,crs_geometry_area,PASS,PASS,True
SGX3_HELDOUT-FAMILY_uncertainty_missing_003,spectral_semantics,NOT_APPLICABLE,NOT_APPLICABLE,True
SGX3_HELDOUT-FAMILY_uncertainty_missing_003,processing_quality,NOT_APPLICABLE,NOT_APPLICABLE,True
SGX3_HELDOUT-FAMILY_uncertainty_missing_003,vertical_semantics,NOT_APPLICABLE,MISSING_EVIDENCE,False
SGX3_HELDOUT-FAMILY_uncertainty_missing_003,temporal_causality,NOT_APPLICABLE,NOT_APPLICABLE,True
SGX3_HELDOUT-FAMILY_uncertainty_missing_003,evaluation_independence,NOT_APPLICABLE,NOT_APPLICABLE,True
SGX3_HELDOUT-FAMILY_uncertainty_missing_003,nodata_physical_domain,PASS,NOT_APPLICABLE,False
SGX3_HELDOUT-FAMILY_uncertainty_missing_003,uncertainty_fitness,PASS,PASS,True
SGX3_BLIND_flood_depth_002,provenance,PASS,PASS,True
SGX3_BLIND_flood_depth_002,categorical_semantics,NOT_APPLICABLE,NOT_APPLICABLE,True
SGX3_BLIND_flood_depth_002,spatial_support_resolution,PASS,PASS,True
SGX3_BLIND_flood_depth_002,units_quantity,FAIL,PASS,False
SGX3_BLIND_flood_depth_002,crs_geometry_area,PASS,NOT_APPLICABLE,False
SGX3_BLIND_flood_depth_002,spectral_semantics,NOT_APPLICABLE,NOT_APPLICABLE,True
SGX3_BLIND_flood_depth_002,processing_quality,NOT_APPLICABLE,NOT_APPLICABLE,True
SGX3_BLIND_flood_depth_002,vertical_semantics,PASS,MISSING_EVIDENCE,False
SGX3_BLIND_flood_depth_002,temporal_causality,NOT_APPLICABLE,NOT_APPLICABLE,True
SGX3_BLIND_flood_depth_002,evaluation_independence,NOT_APPLICABLE,NOT_APPLICABLE,True
SGX3_BLIND_flood_depth_002,nodata_physical_domain,NOT_APPLICABLE,NOT_APPLICABLE,True
SGX3_BLIND_flood_depth_002,uncertainty_fitness,NOT_APPLICABLE,NOT_APPLICABLE,True
SGX3_BLIND_flood_remote_sensing_014,provenance,PASS,PASS,True
SGX3_BLIND_flood_remote_sensing_014,categorical_semantics,NOT_APPLICABLE,NOT_APPLICABLE,True
SGX3_BLIND_flood_remote_sensing_014,spatial_support_resolution,PASS,PASS,True
SGX3_BLIND_flood_remote_sensing_014,units_quantity,NOT_APPLICABLE,NOT_APPLICABLE,True
SGX3_BLIND_flood_remote_sensing_014,crs_geometry_area,PASS,NOT_APPLICABLE,False
SGX3_BLIND_flood_remote_sensing_014,spectral_semantics,NOT_APPLICABLE,NOT_APPLICABLE,True
SGX3_BLIND_flood_remote_sensing_014,processing_quality,NOT_APPLICABLE,NOT_APPLICABLE,True
SGX3_BLIND_flood_remote_sensing_014,vertical_semantics,NOT_APPLICABLE,NOT_APPLICABLE,True
SGX3_BLIND_flood_remote_sensing_014,temporal_causality,PASS,NOT_APPLICABLE,False
SGX3_BLIND_flood_remote_sensing_014,evaluation_independence,NOT_APPLICABLE,NOT_APPLICABLE,True
SGX3_BLIND_flood_remote_sensing_014,nodata_physical_domain,NOT_APPLICABLE,NOT_APPLICABLE,True
SGX3_BLIND_flood_remote_sensing_014,uncertainty_fitness,NOT_APPLICABLE,NOT_APPLICABLE,True
SGX3_HELDOUT-FAMILY_uncertainty_missing_014,provenance,PASS,PASS,True
SGX3_HELDOUT-FAMILY_uncertainty_missing_014,categorical_semantics,NOT_APPLICABLE,NOT_APPLICABLE,True
SGX3_HELDOUT-FAMILY_uncertainty_missing_014,spatial_support_resolution,PASS,PASS,True
SGX3_HELDOUT-FAMILY_uncertainty_missing_014,units_quantity,PASS,PASS,True
SGX3_HELDOUT-FAMILY_uncertainty_missing_014,crs_geometry_area,PASS,PASS,True
SGX3_HELDOUT-FAMILY_uncertainty_missing_014,spectral_semantics,NOT_APPLICABLE,NOT_APPLICABLE,True
SGX3_HELDOUT-FAMILY_uncertainty_missing_014,processing_quality,NOT_APPLICABLE,NOT_APPLICABLE,True
SGX3_HELDOUT-FAMILY_uncertainty_missing_014,vertical_semantics,NOT_APPLICABLE,MISSING_EVIDENCE,False
SGX3_HELDOUT-FAMILY_uncertainty_missing_014,temporal_causality,NOT_APPLICABLE,NOT_APPLICABLE,True
SGX3_HELDOUT-FAMILY_uncertainty_missing_014,evaluation_independence,NOT_APPLICABLE,NOT_APPLICABLE,True
SGX3_HELDOUT-FAMILY_uncertainty_missing_014,nodata_physical_domain,PASS,NOT_APPLICABLE,False
SGX3_HELDOUT-FAMILY_uncertainty_missing_014,uncertainty_fitness,PASS,PASS,True
SGX3_DEVELOPMENT_unsupported_resolution_gain_004,provenance,PASS,PASS,True
SGX3_DEVELOPMENT_unsupported_resolution_gain_004,categorical_semantics,NOT_APPLICABLE,NOT_APPLICABLE,True
SGX3_DEVELOPMENT_unsupported_resolution_gain_004,spatial_support_resolution,PASS,PASS,True
SGX3_DEVELOPMENT_unsupported_resolution_gain_004,units_quantity,NOT_APPLICABLE,NOT_APPLICABLE,True
SGX3_DEVELOPMENT_unsupported_resolution_gain_004,crs_geometry_area,NOT_APPLICABLE,NOT_APPLICABLE,True
SGX3_DEVELOPMENT_unsupported_resolution_gain_004,spectral_semantics,NOT_APPLICABLE,NOT_APPLICABLE,True
SGX3_DEVELOPMENT_unsupported_resolution_gain_004,processing_quality,NOT_APPLICABLE,NOT_APPLICABLE,True
SGX3_DEVELOPMENT_unsupported_resolution_gain_004,vertical_semantics,NOT_APPLICABLE,NOT_APPLICABLE,True
SGX3_DEVELOPMENT_unsupported_resolution_gain_004,temporal_causality,NOT_APPLICABLE,NOT_APPLICABLE,True
SGX3_DEVELOPMENT_unsupported_resolution_gain_004,evaluation_independence,NOT_APPLICABLE,NOT_APPLICABLE,True
SGX3_DEVELOPMENT_unsupported_resolution_gain_004,nodata_physical_domain,NOT_APPLICABLE,NOT_APPLICABLE,True
SGX3_DEVELOPMENT_unsupported_resolution_gain_004,uncertainty_fitness,NOT_APPLICABLE,NOT_APPLICABLE,True
SGX3_DEVELOPMENT_categorical_interpolation_004,provenance,PASS,PASS,True
SGX3_DEVELOPMENT_categorical_interpolation_004,categorical_semantics,PASS,PASS,True
SGX3_DEVELOPMENT_categorical_interpolation_004,spatial_support_resolution,PASS,PASS,True
SGX3_DEVELOPMENT_categorical_interpolation_004,units_quantity,NOT_APPLICABLE,NOT_APPLICABLE,True
SGX3_DEVELOPMENT_categorical_interpolation_004,crs_geometry_area,PASS,NOT_APPLICABLE,False
SGX3_DEVELOPMENT_categorical_interpolation_004,spectral_semantics,NOT_APPLICABLE,NOT_APPLICABLE,True
SGX3_DEVELOPMENT_categorical_interpolation_004,processing_quality,NOT_APPLICABLE,NOT_APPLICABLE,True
SGX3_DEVELOPMENT_categorical_interpolation_004,vertical_semantics,NOT_APPLICABLE,NOT_APPLICABLE,True
SGX3_DEVELOPMENT_categorical_interpolation_004,temporal_causality,NOT_APPLICABLE,NOT_APPLICABLE,True
SGX3_DEVELOPMENT_categorical_interpolation_004,evaluation_independence,NOT_APPLICABLE,NOT_APPLICABLE,True
SGX3_DEVELOPMENT_categorical_interpolation_004,nodata_physical_domain,NOT_APPLICABLE,NOT_APPLICABLE,True
SGX3_DEVELOPMENT_categorical_interpolation_004,uncertainty_fitness,NOT_APPLICABLE,NOT_APPLICABLE,True
SGX3_BLIND_flood_remote_sensing_025,provenance,PASS,PASS,True
SGX3_BLIND_flood_remote_sensing_025,categorical_semantics,NOT_APPLICABLE,NOT_APPLICABLE,True
SGX3_BLIND_flood_remote_sensing_025,spatial_support_resolution,PASS,PASS,True
SGX3_BLIND_flood_remote_sensing_025,units_quantity,NOT_APPLICABLE,NOT_APPLICABLE,True
SGX3_BLIND_flood_remote_sensing_025,crs_geometry_area,PASS,NOT_APPLICABLE,False
SGX3_BLIND_flood_remote_sensing_025,spectral_semantics,NOT_APPLICABLE,NOT_APPLICABLE,True
SGX3_BLIND_flood_remote_sensing_025,processing_quality,NOT_APPLICABLE,NOT_APPLICABLE,True
SGX3_BLIND_flood_remote_sensing_025,vertical_semantics,NOT_APPLICABLE,NOT_APPLICABLE,True
SGX3_BLIND_flood_remote_sensing_025,temporal_causality,PASS,NOT_APPLICABLE,False
SGX3_BLIND_flood_remote_sensing_025,evaluation_independence,NOT_APPLICABLE,NOT_APPLICABLE,True
SGX3_BLIND_flood_remote_sensing_025,nodata_physical_domain,NOT_APPLICABLE,NOT_APPLICABLE,True
SGX3_BLIND_flood_remote_sensing_025,uncertainty_fitness,NOT_APPLICABLE,NOT_APPLICABLE,True
SGX3_BLIND_landslide_forecast_025,provenance,NOT_APPLICABLE,MISSING_EVIDENCE,False
SGX3_BLIND_landslide_forecast_025,categorical_semantics,NOT_APPLICABLE,NOT_APPLICABLE,True
SGX3_BLIND_landslide_forecast_025,spatial_support_resolution,PASS,NOT_APPLICABLE,False
SGX3_BLIND_landslide_forecast_025,units_quantity,NOT_APPLICABLE,NOT_APPLICABLE,True
SGX3_BLIND_landslide_forecast_025,crs_geometry_area,PASS,NOT_APPLICABLE,False
SGX3_BLIND_landslide_forecast_025,spectral_semantics,NOT_APPLICABLE,NOT_APPLICABLE,True
SGX3_BLIND_landslide_forecast_025,processing_quality,NOT_APPLICABLE,NOT_APPLICABLE,True
SGX3_BLIND_landslide_forecast_025,vertical_semantics,PASS,PASS,True
SGX3_BLIND_landslide_forecast_025,temporal_causality,PASS,FAIL,False
SGX3_BLIND_landslide_forecast_025,evaluation_independence,NOT_APPLICABLE,NOT_APPLICABLE,True
SGX3_BLIND_landslide_forecast_025,nodata_physical_domain,NOT_APPLICABLE,NOT_APPLICABLE,True
SGX3_BLIND_landslide_forecast_025,uncertainty_fitness,NOT_APPLICABLE,NOT_APPLICABLE,True
SGX3_BLIND_eo_ml_validation_018,provenance,PASS,PASS,True
SGX3_BLIND_eo_ml_validation_018,categorical_semantics,NOT_APPLICABLE,NOT_APPLICABLE,True
SGX3_BLIND_eo_ml_validation_018,spatial_support_resolution,PASS,PASS,True
SGX3_BLIND_eo_ml_validation_018,units_quantity,NOT_APPLICABLE,NOT_APPLICABLE,True
SGX3_BLIND_eo_ml_validation_018,crs_geometry_area,PASS,NOT_APPLICABLE,False
SGX3_BLIND_eo_ml_validation_018,spectral_semantics,NOT_APPLICABLE,NOT_APPLICABLE,True
SGX3_BLIND_eo_ml_validation_018,processing_quality,NOT_APPLICABLE,NOT_APPLICABLE,True
SGX3_BLIND_eo_ml_validation_018,vertical_semantics,NOT_APPLICABLE,NOT_APPLICABLE,True
SGX3_BLIND_eo_ml_validation_018,temporal_causality,PASS,PASS,True
SGX3_BLIND_eo_ml_validation_018,evaluation_independence,PASS,PASS,True
SGX3_BLIND_eo_ml_validation_018,nodata_physical_domain,NOT_APPLICABLE,NOT_APPLICABLE,True
SGX3_BLIND_eo_ml_validation_018,uncertainty_fitness,NOT_APPLICABLE,NOT_APPLICABLE,True
SGX3_HELDOUT-FAMILY_unit_dimension_mismatch_003,provenance,PASS,PASS,True
SGX3_HELDOUT-FAMILY_unit_dimension_mismatch_003,categorical_semantics,NOT_APPLICABLE,NOT_APPLICABLE,True
SGX3_HELDOUT-FAMILY_unit_dimension_mismatch_003,spatial_support_resolution,PASS,NOT_APPLICABLE,False
SGX3_HELDOUT-FAMILY_unit_dimension_mismatch_003,units_quantity,PASS,PASS,True
SGX3_HELDOUT-FAMILY_unit_dimension_mismatch_003,crs_geometry_area,PASS,NOT_APPLICABLE,False
SGX3_HELDOUT-FAMILY_unit_dimension_mismatch_003,spectral_semantics,NOT_APPLICABLE,NOT_APPLICABLE,True
SGX3_HELDOUT-FAMILY_unit_dimension_mismatch_003,processing_quality,NOT_APPLICABLE,NOT_APPLICABLE,True
SGX3_HELDOUT-FAMILY_unit_dimension_mismatch_003,vertical_semantics,NOT_APPLICABLE,NOT_APPLICABLE,True
SGX3_HELDOUT-FAMILY_unit_dimension_mismatch_003,temporal_causality,NOT_APPLICABLE,NOT_APPLICABLE,True
SGX3_HELDOUT-FAMILY_unit_dimension_mismatch_003,evaluation_independence,NOT_APPLICABLE,NOT_APPLICABLE,True
SGX3_HELDOUT-FAMILY_unit_dimension_mismatch_003,nodata_physical_domain,NOT_APPLICABLE,NOT_APPLICABLE,True
SGX3_HELDOUT-FAMILY_unit_dimension_mismatch_003,uncertainty_fitness,NOT_APPLICABLE,NOT_APPLICABLE,True
SGX3_DEVELOPMENT_processing_level_002,provenance,PASS,PASS,True
SGX3_DEVELOPMENT_processing_level_002,categorical_semantics,NOT_APPLICABLE,NOT_APPLICABLE,True
SGX3_DEVELOPMENT_processing_level_002,spatial_support_resolution,PASS,PASS,True
SGX3_DEVELOPMENT_processing_level_002,units_quantity,PASS,NOT_APPLICABLE,False
SGX3_DEVELOPMENT_processing_level_002,crs_geometry_area,PASS,NOT_APPLICABLE,False
SGX3_DEVELOPMENT_processing_level_002,spectral_semantics,NOT_APPLICABLE,NOT_APPLICABLE,True
SGX3_DEVELOPMENT_processing_level_002,processing_quality,PASS,NOT_APPLICABLE,False
SGX3_DEVELOPMENT_processing_level_002,vertical_semantics,NOT_APPLICABLE,NOT_APPLICABLE,True
SGX3_DEVELOPMENT_processing_level_002,temporal_causality,NOT_APPLICABLE,NOT_APPLICABLE,True
SGX3_DEVELOPMENT_processing_level_002,evaluation_independence,NOT_APPLICABLE,NOT_APPLICABLE,True
SGX3_DEVELOPMENT_processing_level_002,nodata_physical_domain,NOT_APPLICABLE,NOT_APPLICABLE,True
SGX3_DEVELOPMENT_processing_level_002,uncertainty_fitness,NOT_APPLICABLE,NOT_APPLICABLE,True
SGX3_BLIND_eo_ml_validation_040,provenance,PASS,PASS,True
SGX3_BLIND_eo_ml_validation_040,categorical_semantics,NOT_APPLICABLE,NOT_APPLICABLE,True
SGX3_BLIND_eo_ml_validation_040,spatial_support_resolution,PASS,PASS,True
SGX3_BLIND_eo_ml_validation_040,units_quantity,NOT_APPLICABLE,NOT_APPLICABLE,True
SGX3_BLIND_eo_ml_validation_040,crs_geometry_area,PASS,NOT_APPLICABLE,False
SGX3_BLIND_eo_ml_validation_040,spectral_semantics,NOT_APPLICABLE,NOT_APPLICABLE,True
SGX3_BLIND_eo_ml_validation_040,processing_quality,NOT_APPLICABLE,NOT_APPLICABLE,True
SGX3_BLIND_eo_ml_validation_040,vertical_semantics,NOT_APPLICABLE,NOT_APPLICABLE,True
SGX3_BLIND_eo_ml_validation_040,temporal_causality,NOT_APPLICABLE,NOT_APPLICABLE,True
SGX3_BLIND_eo_ml_validation_040,evaluation_independence,PASS,NOT_APPLICABLE,False
SGX3_BLIND_eo_ml_validation_040,nodata_physical_domain,NOT_APPLICABLE,NOT_APPLICABLE,True
SGX3_BLIND_eo_ml_validation_040,uncertainty_fitness,NOT_APPLICABLE,NOT_APPLICABLE,True
SGX3_BLIND_landcover_change_007,provenance,PASS,PASS,True
SGX3_BLIND_landcover_change_007,categorical_semantics,PASS,PASS,True
SGX3_BLIND_landcover_change_007,spatial_support_resolution,PASS,PASS,True
SGX3_BLIND_landcover_change_007,units_quantity,PASS,NOT_APPLICABLE,False
SGX3_BLIND_landcover_change_007,crs_geometry_area,PASS,NOT_APPLICABLE,False
SGX3_BLIND_landcover_change_007,spectral_semantics,NOT_APPLICABLE,NOT_APPLICABLE,True
SGX3_BLIND_landcover_change_007,processing_quality,NOT_APPLICABLE,NOT_APPLICABLE,True
SGX3_BLIND_landcover_change_007,vertical_semantics,NOT_APPLICABLE,NOT_APPLICABLE,True
SGX3_BLIND_landcover_change_007,temporal_causality,NOT_APPLICABLE,NOT_APPLICABLE,True
SGX3_BLIND_landcover_change_007,evaluation_independence,NOT_APPLICABLE,NOT_APPLICABLE,True
SGX3_BLIND_landcover_change_007,nodata_physical_domain,NOT_APPLICABLE,NOT_APPLICABLE,True
SGX3_BLIND_landcover_change_007,uncertainty_fitness,NOT_APPLICABLE,NOT_APPLICABLE,True
SGX3_BLIND_flood_remote_sensing_020,provenance,PASS,PASS,True
SGX3_BLIND_flood_remote_sensing_020,categorical_semantics,NOT_APPLICABLE,NOT_APPLICABLE,True
SGX3_BLIND_flood_remote_sensing_020,spatial_support_resolution,PASS,PASS,True
SGX3_BLIND_flood_remote_sensing_020,units_quantity,NOT_APPLICABLE,NOT_APPLICABLE,True
SGX3_BLIND_flood_remote_sensing_020,crs_geometry_area,PASS,NOT_APPLICABLE,False
SGX3_BLIND_flood_remote_sensing_020,spectral_semantics,NOT_APPLICABLE,NOT_APPLICABLE,True
SGX3_BLIND_flood_remote_sensing_020,processing_quality,NOT_APPLICABLE,NOT_APPLICABLE,True
SGX3_BLIND_flood_remote_sensing_020,vertical_semantics,NOT_APPLICABLE,NOT_APPLICABLE,True
SGX3_BLIND_flood_remote_sensing_020,temporal_causality,PASS,NOT_APPLICABLE,False
SGX3_BLIND_flood_remote_sensing_020,evaluation_independence,NOT_APPLICABLE,NOT_APPLICABLE,True
SGX3_BLIND_flood_remote_sensing_020,nodata_physical_domain,NOT_APPLICABLE,NOT_APPLICABLE,True
SGX3_BLIND_flood_remote_sensing_020,uncertainty_fitness,NOT_APPLICABLE,NOT_APPLICABLE,True
SGX3_BLIND_eo_ml_validation_031,provenance,PASS,PASS,True
SGX3_BLIND_eo_ml_validation_031,categorical_semantics,NOT_APPLICABLE,NOT_APPLICABLE,True
SGX3_BLIND_eo_ml_validation_031,spatial_support_resolution,PASS,PASS,True
SGX3_BLIND_eo_ml_validation_031,units_quantity,NOT_APPLICABLE,NOT_APPLICABLE,True
SGX3_BLIND_eo_ml_validation_031,crs_geometry_area,PASS,NOT_APPLICABLE,False
SGX3_BLIND_eo_ml_validation_031,spectral_semantics,NOT_APPLICABLE,NOT_APPLICABLE,True
SGX3_BLIND_eo_ml_validation_031,processing_quality,NOT_APPLICABLE,NOT_APPLICABLE,True
SGX3_BLIND_eo_ml_validation_031,vertical_semantics,NOT_APPLICABLE,NOT_APPLICABLE,True
SGX3_BLIND_eo_ml_validation_031,temporal_causality,NOT_APPLICABLE,NOT_APPLICABLE,True
SGX3_BLIND_eo_ml_validation_031,evaluation_independence,PASS,PASS,True
SGX3_BLIND_eo_ml_validation_031,nodata_physical_domain,NOT_APPLICABLE,NOT_APPLICABLE,True
SGX3_BLIND_eo_ml_validation_031,uncertainty_fitness,NOT_APPLICABLE,NOT_APPLICABLE,True
SGX3_DEVELOPMENT_angular_area_007,provenance,PASS,PASS,True
SGX3_DEVELOPMENT_angular_area_007,categorical_semantics,NOT_APPLICABLE,NOT_APPLICABLE,True
SGX3_DEVELOPMENT_angular_area_007,spatial_support_resolution,PASS,PASS,True
SGX3_DEVELOPMENT_angular_area_007,units_quantity,PASS,PASS,True
SGX3_DEVELOPMENT_angular_area_007,crs_geometry_area,FAIL,PASS,False
SGX3_DEVELOPMENT_angular_area_007,spectral_semantics,NOT_APPLICABLE,NOT_APPLICABLE,True
SGX3_DEVELOPMENT_angular_area_007,processing_quality,NOT_APPLICABLE,NOT_APPLICABLE,True
SGX3_DEVELOPMENT_angular_area_007,vertical_semantics,NOT_APPLICABLE,NOT_APPLICABLE,True
SGX3_DEVELOPMENT_angular_area_007,temporal_causality,NOT_APPLICABLE,NOT_APPLICABLE,True
SGX3_DEVELOPMENT_angular_area_007,evaluation_independence,NOT_APPLICABLE,NOT_APPLICABLE,True
SGX3_DEVELOPMENT_angular_area_007,nodata_physical_domain,NOT_APPLICABLE,NOT_APPLICABLE,True
SGX3_DEVELOPMENT_angular_area_007,uncertainty_fitness,NOT_APPLICABLE,NOT_APPLICABLE,True
SGX3_BLIND_landslide_forecast_036,provenance,NOT_APPLICABLE,MISSING_EVIDENCE,False
SGX3_BLIND_landslide_forecast_036,categorical_semantics,NOT_APPLICABLE,NOT_APPLICABLE,True
SGX3_BLIND_landslide_forecast_036,spatial_support_resolution,PASS,NOT_APPLICABLE,False
SGX3_BLIND_landslide_forecast_036,units_quantity,NOT_APPLICABLE,NOT_APPLICABLE,True
SGX3_BLIND_landslide_forecast_036,crs_geometry_area,PASS,NOT_APPLICABLE,False
SGX3_BLIND_landslide_forecast_036,spectral_semantics,NOT_APPLICABLE,NOT_APPLICABLE,True
SGX3_BLIND_landslide_forecast_036,processing_quality,NOT_APPLICABLE,NOT_APPLICABLE,True
SGX3_BLIND_landslide_forecast_036,vertical_semantics,PASS,PASS,True
SGX3_BLIND_landslide_forecast_036,temporal_causality,FAIL,FAIL,True
SGX3_BLIND_landslide_forecast_036,evaluation_independence,NOT_APPLICABLE,NOT_APPLICABLE,True
SGX3_BLIND_landslide_forecast_036,nodata_physical_domain,NOT_APPLICABLE,NOT_APPLICABLE,True
SGX3_BLIND_landslide_forecast_036,uncertainty_fitness,NOT_APPLICABLE,NOT_APPLICABLE,True
SGX3_HELDOUT-FAMILY_uncertainty_missing_001,provenance,PASS,PASS,True
SGX3_HELDOUT-FAMILY_uncertainty_missing_001,categorical_semantics,NOT_APPLICABLE,NOT_APPLICABLE,True
SGX3_HELDOUT-FAMILY_uncertainty_missing_001,spatial_support_resolution,PASS,PASS,True
SGX3_HELDOUT-FAMILY_uncertainty_missing_001,units_quantity,PASS,PASS,True
SGX3_HELDOUT-FAMILY_uncertainty_missing_001,crs_geometry_area,PASS,PASS,True
SGX3_HELDOUT-FAMILY_uncertainty_missing_001,spectral_semantics,NOT_APPLICABLE,NOT_APPLICABLE,True
SGX3_HELDOUT-FAMILY_uncertainty_missing_001,processing_quality,NOT_APPLICABLE,NOT_APPLICABLE,True
SGX3_HELDOUT-FAMILY_uncertainty_missing_001,vertical_semantics,NOT_APPLICABLE,MISSING_EVIDENCE,False
SGX3_HELDOUT-FAMILY_uncertainty_missing_001,temporal_causality,NOT_APPLICABLE,NOT_APPLICABLE,True
SGX3_HELDOUT-FAMILY_uncertainty_missing_001,evaluation_independence,NOT_APPLICABLE,NOT_APPLICABLE,True
SGX3_HELDOUT-FAMILY_uncertainty_missing_001,nodata_physical_domain,PASS,NOT_APPLICABLE,False
SGX3_HELDOUT-FAMILY_uncertainty_missing_001,uncertainty_fitness,PASS,PASS,True
SGX3_DEVELOPMENT_cloud_mask_missing_001,provenance,PASS,PASS,True
SGX3_DEVELOPMENT_cloud_mask_missing_001,categorical_semantics,NOT_APPLICABLE,NOT_APPLICABLE,True
SGX3_DEVELOPMENT_cloud_mask_missing_001,spatial_support_resolution,PASS,NOT_APPLICABLE,False
SGX3_DEVELOPMENT_cloud_mask_missing_001,units_quantity,NOT_APPLICABLE,NOT_APPLICABLE,True
SGX3_DEVELOPMENT_cloud_mask_missing_001,crs_geometry_area,PASS,NOT_APPLICABLE,False
SGX3_DEVELOPMENT_cloud_mask_missing_001,spectral_semantics,NOT_APPLICABLE,NOT_APPLICABLE,True
SGX3_DEVELOPMENT_cloud_mask_missing_001,processing_quality,PASS,NOT_APPLICABLE,False
SGX3_DEVELOPMENT_cloud_mask_missing_001,vertical_semantics,NOT_APPLICABLE,NOT_APPLICABLE,True
SGX3_DEVELOPMENT_cloud_mask_missing_001,temporal_causality,NOT_APPLICABLE,NOT_APPLICABLE,True
SGX3_DEVELOPMENT_cloud_mask_missing_001,evaluation_independence,NOT_APPLICABLE,NOT_APPLICABLE,True
SGX3_DEVELOPMENT_cloud_mask_missing_001,nodata_physical_domain,NOT_APPLICABLE,NOT_APPLICABLE,True
SGX3_DEVELOPMENT_cloud_mask_missing_001,uncertainty_fitness,NOT_APPLICABLE,NOT_APPLICABLE,True
SGX3_BLIND_landslide_forecast_028,provenance,NOT_APPLICABLE,MISSING_EVIDENCE,False
SGX3_BLIND_landslide_forecast_028,categorical_semantics,NOT_APPLICABLE,NOT_APPLICABLE,True
SGX3_BLIND_landslide_forecast_028,spatial_support_resolution,PASS,NOT_APPLICABLE,False
SGX3_BLIND_landslide_forecast_028,units_quantity,NOT_APPLICABLE,NOT_APPLICABLE,True
SGX3_BLIND_landslide_forecast_028,crs_geometry_area,PASS,NOT_APPLICABLE,False
SGX3_BLIND_landslide_forecast_028,spectral_semantics,NOT_APPLICABLE,NOT_APPLICABLE,True
SGX3_BLIND_landslide_forecast_028,processing_quality,NOT_APPLICABLE,NOT_APPLICABLE,True
SGX3_BLIND_landslide_forecast_028,vertical_semantics,PASS,PASS,True
SGX3_BLIND_landslide_forecast_028,temporal_causality,FAIL,FAIL,True
SGX3_BLIND_landslide_forecast_028,evaluation_independence,NOT_APPLICABLE,NOT_APPLICABLE,True
SGX3_BLIND_landslide_forecast_028,nodata_physical_domain,NOT_APPLICABLE,NOT_APPLICABLE,True
SGX3_BLIND_landslide_forecast_028,uncertainty_fitness,NOT_APPLICABLE,NOT_APPLICABLE,True
SGX3_BLIND_landslide_forecast_010,provenance,PASS,PASS,True
SGX3_BLIND_landslide_forecast_010,categorical_semantics,NOT_APPLICABLE,NOT_APPLICABLE,True
SGX3_BLIND_landslide_forecast_010,spatial_support_resolution,PASS,NOT_APPLICABLE,False
SGX3_BLIND_landslide_forecast_010,units_quantity,NOT_APPLICABLE,NOT_APPLICABLE,True
SGX3_BLIND_landslide_forecast_010,crs_geometry_area,PASS,NOT_APPLICABLE,False
SGX3_BLIND_landslide_forecast_010,spectral_semantics,NOT_APPLICABLE,NOT_APPLICABLE,True
SGX3_BLIND_landslide_forecast_010,processing_quality,NOT_APPLICABLE,NOT_APPLICABLE,True
SGX3_BLIND_landslide_forecast_010,vertical_semantics,PASS,PASS,True
SGX3_BLIND_landslide_forecast_010,temporal_causality,FAIL,FAIL,True
SGX3_BLIND_landslide_forecast_010,evaluation_independence,NOT_APPLICABLE,NOT_APPLICABLE,True
SGX3_BLIND_landslide_forecast_010,nodata_physical_domain,NOT_APPLICABLE,NOT_APPLICABLE,True
SGX3_BLIND_landslide_forecast_010,uncertainty_fitness,NOT_APPLICABLE,NOT_APPLICABLE,True
SGX3_BLIND_landslide_forecast_045,provenance,NOT_APPLICABLE,MISSING_EVIDENCE,False
SGX3_BLIND_landslide_forecast_045,categorical_semantics,NOT_APPLICABLE,NOT_APPLICABLE,True
SGX3_BLIND_landslide_forecast_045,spatial_support_resolution,PASS,NOT_APPLICABLE,False
SGX3_BLIND_landslide_forecast_045,units_quantity,NOT_APPLICABLE,NOT_APPLICABLE,True
SGX3_BLIND_landslide_forecast_045,crs_geometry_area,PASS,NOT_APPLICABLE,False
SGX3_BLIND_landslide_forecast_045,spectral_semantics,NOT_APPLICABLE,NOT_APPLICABLE,True
SGX3_BLIND_landslide_forecast_045,processing_quality,NOT_APPLICABLE,NOT_APPLICABLE,True
SGX3_BLIND_landslide_forecast_045,vertical_semantics,PASS,PASS,True
SGX3_BLIND_landslide_forecast_045,temporal_causality,FAIL,FAIL,True
SGX3_BLIND_landslide_forecast_045,evaluation_independence,NOT_APPLICABLE,NOT_APPLICABLE,True
SGX3_BLIND_landslide_forecast_045,nodata_physical_domain,NOT_APPLICABLE,NOT_APPLICABLE,True
SGX3_BLIND_landslide_forecast_045,uncertainty_fitness,NOT_APPLICABLE,NOT_APPLICABLE,True
SGX3_BLIND_landcover_change_037,provenance,PASS,PASS,True
SGX3_BLIND_landcover_change_037,categorical_semantics,PASS,PASS,True
SGX3_BLIND_landcover_change_037,spatial_support_resolution,PASS,PASS,True
SGX3_BLIND_landcover_change_037,units_quantity,PASS,NOT_APPLICABLE,False
SGX3_BLIND_landcover_change_037,crs_geometry_area,PASS,NOT_APPLICABLE,False
SGX3_BLIND_landcover_change_037,spectral_semantics,NOT_APPLICABLE,NOT_APPLICABLE,True
SGX3_BLIND_landcover_change_037,processing_quality,NOT_APPLICABLE,NOT_APPLICABLE,True
SGX3_BLIND_landcover_change_037,vertical_semantics,NOT_APPLICABLE,NOT_APPLICABLE,True
SGX3_BLIND_landcover_change_037,temporal_causality,NOT_APPLICABLE,NOT_APPLICABLE,True
SGX3_BLIND_landcover_change_037,evaluation_independence,NOT_APPLICABLE,NOT_APPLICABLE,True
SGX3_BLIND_landcover_change_037,nodata_physical_domain,NOT_APPLICABLE,NOT_APPLICABLE,True
SGX3_BLIND_landcover_change_037,uncertainty_fitness,NOT_APPLICABLE,NOT_APPLICABLE,True
SGX3_BLIND_landslide_forecast_000,provenance,NOT_APPLICABLE,MISSING_EVIDENCE,False
SGX3_BLIND_landslide_forecast_000,categorical_semantics,NOT_APPLICABLE,NOT_APPLICABLE,True
SGX3_BLIND_landslide_forecast_000,spatial_support_resolution,PASS,NOT_APPLICABLE,False
SGX3_BLIND_landslide_forecast_000,units_quantity,NOT_APPLICABLE,NOT_APPLICABLE,True
SGX3_BLIND_landslide_forecast_000,crs_geometry_area,PASS,NOT_APPLICABLE,False
SGX3_BLIND_landslide_forecast_000,spectral_semantics,NOT_APPLICABLE,NOT_APPLICABLE,True
SGX3_BLIND_landslide_forecast_000,processing_quality,NOT_APPLICABLE,NOT_APPLICABLE,True
SGX3_BLIND_landslide_forecast_000,vertical_semantics,PASS,PASS,True
SGX3_BLIND_landslide_forecast_000,temporal_causality,FAIL,FAIL,True
SGX3_BLIND_landslide_forecast_000,evaluation_independence,NOT_APPLICABLE,NOT_APPLICABLE,True
SGX3_BLIND_landslide_forecast_000,nodata_physical_domain,NOT_APPLICABLE,NOT_APPLICABLE,True
SGX3_BLIND_landslide_forecast_000,uncertainty_fitness,NOT_APPLICABLE,NOT_APPLICABLE,True
SGX3_BLIND_landcover_change_041,provenance,NOT_APPLICABLE,MISSING_EVIDENCE,False
SGX3_BLIND_landcover_change_041,categorical_semantics,PASS,PASS,True
SGX3_BLIND_landcover_change_041,spatial_support_resolution,PASS,PASS,True
SGX3_BLIND_landcover_change_041,units_quantity,PASS,NOT_APPLICABLE,False
SGX3_BLIND_landcover_change_041,crs_geometry_area,PASS,NOT_APPLICABLE,False
SGX3_BLIND_landcover_change_041,spectral_semantics,NOT_APPLICABLE,NOT_APPLICABLE,True
SGX3_BLIND_landcover_change_041,processing_quality,NOT_APPLICABLE,NOT_APPLICABLE,True
SGX3_BLIND_landcover_change_041,vertical_semantics,NOT_APPLICABLE,NOT_APPLICABLE,True
SGX3_BLIND_landcover_change_041,temporal_causality,NOT_APPLICABLE,NOT_APPLICABLE,True
SGX3_BLIND_landcover_change_041,evaluation_independence,NOT_APPLICABLE,NOT_APPLICABLE,True
SGX3_BLIND_landcover_change_041,nodata_physical_domain,NOT_APPLICABLE,NOT_APPLICABLE,True
SGX3_BLIND_landcover_change_041,uncertainty_fitness,NOT_APPLICABLE,NOT_APPLICABLE,True
SGX3_BLIND_landcover_change_043,provenance,PASS,PASS,True
SGX3_BLIND_landcover_change_043,categorical_semantics,PASS,PASS,True
SGX3_BLIND_landcover_change_043,spatial_support_resolution,PASS,PASS,True
SGX3_BLIND_landcover_change_043,units_quantity,PASS,NOT_APPLICABLE,False
SGX3_BLIND_landcover_change_043,crs_geometry_area,PASS,NOT_APPLICABLE,False
SGX3_BLIND_landcover_change_043,spectral_semantics,NOT_APPLICABLE,NOT_APPLICABLE,True
SGX3_BLIND_landcover_change_043,processing_quality,NOT_APPLICABLE,NOT_APPLICABLE,True
SGX3_BLIND_landcover_change_043,vertical_semantics,NOT_APPLICABLE,NOT_APPLICABLE,True
SGX3_BLIND_landcover_change_043,temporal_causality,NOT_APPLICABLE,NOT_APPLICABLE,True
SGX3_BLIND_landcover_change_043,evaluation_independence,NOT_APPLICABLE,NOT_APPLICABLE,True
SGX3_BLIND_landcover_change_043,nodata_physical_domain,NOT_APPLICABLE,NOT_APPLICABLE,True
SGX3_BLIND_landcover_change_043,uncertainty_fitness,NOT_APPLICABLE,NOT_APPLICABLE,True
SGX3_HELDOUT-FAMILY_multisensor_time_mismatch_004,provenance,PASS,PASS,True
SGX3_HELDOUT-FAMILY_multisensor_time_mismatch_004,categorical_semantics,NOT_APPLICABLE,NOT_APPLICABLE,True
SGX3_HELDOUT-FAMILY_multisensor_time_mismatch_004,spatial_support_resolution,PASS,PASS,True
SGX3_HELDOUT-FAMILY_multisensor_time_mismatch_004,units_quantity,NOT_APPLICABLE,NOT_APPLICABLE,True
SGX3_HELDOUT-FAMILY_multisensor_time_mismatch_004,crs_geometry_area,PASS,NOT_APPLICABLE,False
SGX3_HELDOUT-FAMILY_multisensor_time_mismatch_004,spectral_semantics,NOT_APPLICABLE,NOT_APPLICABLE,True
SGX3_HELDOUT-FAMILY_multisensor_time_mismatch_004,processing_quality,NOT_APPLICABLE,NOT_APPLICABLE,True
SGX3_HELDOUT-FAMILY_multisensor_time_mismatch_004,vertical_semantics,NOT_APPLICABLE,NOT_APPLICABLE,True
SGX3_HELDOUT-FAMILY_multisensor_time_mismatch_004,temporal_causality,PASS,MISSING_EVIDENCE,False
SGX3_HELDOUT-FAMILY_multisensor_time_mismatch_004,evaluation_independence,NOT_APPLICABLE,NOT_APPLICABLE,True
SGX3_HELDOUT-FAMILY_multisensor_time_mismatch_004,nodata_physical_domain,NOT_APPLICABLE,NOT_APPLICABLE,True
SGX3_HELDOUT-FAMILY_multisensor_time_mismatch_004,uncertainty_fitness,NOT_APPLICABLE,NOT_APPLICABLE,True
SGX3_BLIND_eo_ml_validation_027,provenance,PASS,PASS,True
SGX3_BLIND_eo_ml_validation_027,categorical_semantics,NOT_APPLICABLE,NOT_APPLICABLE,True
SGX3_BLIND_eo_ml_validation_027,spatial_support_resolution,PASS,PASS,True
SGX3_BLIND_eo_ml_validation_027,units_quantity,NOT_APPLICABLE,NOT_APPLICABLE,True
SGX3_BLIND_eo_ml_validation_027,crs_geometry_area,PASS,NOT_APPLICABLE,False
SGX3_BLIND_eo_ml_validation_027,spectral_semantics,NOT_APPLICABLE,NOT_APPLICABLE,True
SGX3_BLIND_eo_ml_validation_027,processing_quality,NOT_APPLICABLE,NOT_APPLICABLE,True
SGX3_BLIND_eo_ml_validation_027,vertical_semantics,NOT_APPLICABLE,NOT_APPLICABLE,True
SGX3_BLIND_eo_ml_validation_027,temporal_causality,NOT_APPLICABLE,NOT_APPLICABLE,True
SGX3_BLIND_eo_ml_validation_027,evaluation_independence,PASS,NOT_APPLICABLE,False
SGX3_BLIND_eo_ml_validation_027,nodata_physical_domain,NOT_APPLICABLE,NOT_APPLICABLE,True
SGX3_BLIND_eo_ml_validation_027,uncertainty_fitness,NOT_APPLICABLE,NOT_APPLICABLE,True
SGX3_DEVELOPMENT_spatial_split_leakage_009,provenance,PASS,PASS,True
SGX3_DEVELOPMENT_spatial_split_leakage_009,categorical_semantics,NOT_APPLICABLE,NOT_APPLICABLE,True
SGX3_DEVELOPMENT_spatial_split_leakage_009,spatial_support_resolution,PASS,PASS,True
SGX3_DEVELOPMENT_spatial_split_leakage_009,units_quantity,NOT_APPLICABLE,NOT_APPLICABLE,True
SGX3_DEVELOPMENT_spatial_split_leakage_009,crs_geometry_area,PASS,PASS,True
SGX3_DEVELOPMENT_spatial_split_leakage_009,spectral_semantics,NOT_APPLICABLE,NOT_APPLICABLE,True
SGX3_DEVELOPMENT_spatial_split_leakage_009,processing_quality,NOT_APPLICABLE,NOT_APPLICABLE,True
SGX3_DEVELOPMENT_spatial_split_leakage_009,vertical_semantics,NOT_APPLICABLE,NOT_APPLICABLE,True
SGX3_DEVELOPMENT_spatial_split_leakage_009,temporal_causality,NOT_APPLICABLE,NOT_APPLICABLE,True
SGX3_DEVELOPMENT_spatial_split_leakage_009,evaluation_independence,PASS,NOT_APPLICABLE,False
SGX3_DEVELOPMENT_spatial_split_leakage_009,nodata_physical_domain,NOT_APPLICABLE,NOT_APPLICABLE,True
SGX3_DEVELOPMENT_spatial_split_leakage_009,uncertainty_fitness,NOT_APPLICABLE,NOT_APPLICABLE,True
SGX3_DEVELOPMENT_rate_mean_as_accumulation_003,provenance,PASS,PASS,True
SGX3_DEVELOPMENT_rate_mean_as_accumulation_003,categorical_semantics,NOT_APPLICABLE,NOT_APPLICABLE,True
SGX3_DEVELOPMENT_rate_mean_as_accumulation_003,spatial_support_resolution,NOT_APPLICABLE,NOT_APPLICABLE,True
SGX3_DEVELOPMENT_rate_mean_as_accumulation_003,units_quantity,PASS,FAIL,False
SGX3_DEVELOPMENT_rate_mean_as_accumulation_003,crs_geometry_area,NOT_APPLICABLE,NOT_APPLICABLE,True
SGX3_DEVELOPMENT_rate_mean_as_accumulation_003,spectral_semantics,NOT_APPLICABLE,NOT_APPLICABLE,True
SGX3_DEVELOPMENT_rate_mean_as_accumulation_003,processing_quality,NOT_APPLICABLE,NOT_APPLICABLE,True
SGX3_DEVELOPMENT_rate_mean_as_accumulation_003,vertical_semantics,NOT_APPLICABLE,NOT_APPLICABLE,True
SGX3_DEVELOPMENT_rate_mean_as_accumulation_003,temporal_causality,NOT_APPLICABLE,NOT_APPLICABLE,True
SGX3_DEVELOPMENT_rate_mean_as_accumulation_003,evaluation_independence,NOT_APPLICABLE,NOT_APPLICABLE,True
SGX3_DEVELOPMENT_rate_mean_as_accumulation_003,nodata_physical_domain,NOT_APPLICABLE,NOT_APPLICABLE,True
SGX3_DEVELOPMENT_rate_mean_as_accumulation_003,uncertainty_fitness,NOT_APPLICABLE,NOT_APPLICABLE,True
SGX3_BLIND_eo_ml_validation_010,provenance,PASS,PASS,True
SGX3_BLIND_eo_ml_validation_010,categorical_semantics,NOT_APPLICABLE,NOT_APPLICABLE,True
SGX3_BLIND_eo_ml_validation_010,spatial_support_resolution,PASS,PASS,True
SGX3_BLIND_eo_ml_validation_010,units_quantity,NOT_APPLICABLE,NOT_APPLICABLE,True
SGX3_BLIND_eo_ml_validation_010,crs_geometry_area,PASS,NOT_APPLICABLE,False
SGX3_BLIND_eo_ml_validation_010,spectral_semantics,NOT_APPLICABLE,NOT_APPLICABLE,True
SGX3_BLIND_eo_ml_validation_010,processing_quality,NOT_APPLICABLE,NOT_APPLICABLE,True
SGX3_BLIND_eo_ml_validation_010,vertical_semantics,NOT_APPLICABLE,NOT_APPLICABLE,True
SGX3_BLIND_eo_ml_validation_010,temporal_causality,NOT_APPLICABLE,NOT_APPLICABLE,True
SGX3_BLIND_eo_ml_validation_010,evaluation_independence,PASS,PASS,True
SGX3_BLIND_eo_ml_validation_010,nodata_physical_domain,NOT_APPLICABLE,NOT_APPLICABLE,True
SGX3_BLIND_eo_ml_validation_010,uncertainty_fitness,NOT_APPLICABLE,NOT_APPLICABLE,True
SGX3_DEVELOPMENT_future_information_009,provenance,PASS,PASS,True
SGX3_DEVELOPMENT_future_information_009,categorical_semantics,NOT_APPLICABLE,NOT_APPLICABLE,True
SGX3_DEVELOPMENT_future_information_009,spatial_support_resolution,NOT_APPLICABLE,NOT_APPLICABLE,True
SGX3_DEVELOPMENT_future_information_009,units_quantity,NOT_APPLICABLE,NOT_APPLICABLE,True
SGX3_DEVELOPMENT_future_information_009,crs_geometry_area,NOT_APPLICABLE,NOT_APPLICABLE,True
SGX3_DEVELOPMENT_future_information_009,spectral_semantics,NOT_APPLICABLE,NOT_APPLICABLE,True
SGX3_DEVELOPMENT_future_information_009,processing_quality,NOT_APPLICABLE,NOT_APPLICABLE,True
SGX3_DEVELOPMENT_future_information_009,vertical_semantics,NOT_APPLICABLE,MISSING_EVIDENCE,False
SGX3_DEVELOPMENT_future_information_009,temporal_causality,FAIL,FAIL,True
SGX3_DEVELOPMENT_future_information_009,evaluation_independence,NOT_APPLICABLE,NOT_APPLICABLE,True
SGX3_DEVELOPMENT_future_information_009,nodata_physical_domain,NOT_APPLICABLE,NOT_APPLICABLE,True
SGX3_DEVELOPMENT_future_information_009,uncertainty_fitness,NOT_APPLICABLE,NOT_APPLICABLE,True
SGX3_HELDOUT-FAMILY_physical_range_violation_013,provenance,PASS,PASS,True
SGX3_HELDOUT-FAMILY_physical_range_violation_013,categorical_semantics,NOT_APPLICABLE,NOT_APPLICABLE,True
SGX3_HELDOUT-FAMILY_physical_range_violation_013,spatial_support_resolution,NOT_APPLICABLE,NOT_APPLICABLE,True
SGX3_HELDOUT-FAMILY_physical_range_violation_013,units_quantity,PASS,NOT_APPLICABLE,False
SGX3_HELDOUT-FAMILY_physical_range_violation_013,crs_geometry_area,NOT_APPLICABLE,NOT_APPLICABLE,True
SGX3_HELDOUT-FAMILY_physical_range_violation_013,spectral_semantics,NOT_APPLICABLE,NOT_APPLICABLE,True
SGX3_HELDOUT-FAMILY_physical_range_violation_013,processing_quality,NOT_APPLICABLE,NOT_APPLICABLE,True
SGX3_HELDOUT-FAMILY_physical_range_violation_013,vertical_semantics,NOT_APPLICABLE,NOT_APPLICABLE,True
SGX3_HELDOUT-FAMILY_physical_range_violation_013,temporal_causality,NOT_APPLICABLE,NOT_APPLICABLE,True
SGX3_HELDOUT-FAMILY_physical_range_violation_013,evaluation_independence,NOT_APPLICABLE,NOT_APPLICABLE,True
SGX3_HELDOUT-FAMILY_physical_range_violation_013,nodata_physical_domain,NOT_APPLICABLE,NOT_APPLICABLE,True
SGX3_HELDOUT-FAMILY_physical_range_violation_013,uncertainty_fitness,NOT_APPLICABLE,NOT_APPLICABLE,True
SGX3_BLIND_flood_remote_sensing_045,provenance,PASS,PASS,True
SGX3_BLIND_flood_remote_sensing_045,categorical_semantics,NOT_APPLICABLE,NOT_APPLICABLE,True
SGX3_BLIND_flood_remote_sensing_045,spatial_support_resolution,PASS,PASS,True
SGX3_BLIND_flood_remote_sensing_045,units_quantity,NOT_APPLICABLE,NOT_APPLICABLE,True
SGX3_BLIND_flood_remote_sensing_045,crs_geometry_area,PASS,NOT_APPLICABLE,False
SGX3_BLIND_flood_remote_sensing_045,spectral_semantics,NOT_APPLICABLE,NOT_APPLICABLE,True
SGX3_BLIND_flood_remote_sensing_045,processing_quality,NOT_APPLICABLE,NOT_APPLICABLE,True
SGX3_BLIND_flood_remote_sensing_045,vertical_semantics,NOT_APPLICABLE,NOT_APPLICABLE,True
SGX3_BLIND_flood_remote_sensing_045,temporal_causality,PASS,NOT_APPLICABLE,False
SGX3_BLIND_flood_remote_sensing_045,evaluation_independence,NOT_APPLICABLE,NOT_APPLICABLE,True
SGX3_BLIND_flood_remote_sensing_045,nodata_physical_domain,NOT_APPLICABLE,NOT_APPLICABLE,True
SGX3_BLIND_flood_remote_sensing_045,uncertainty_fitness,NOT_APPLICABLE,NOT_APPLICABLE,True
SGX3_DEVELOPMENT_future_information_004,provenance,PASS,PASS,True
SGX3_DEVELOPMENT_future_information_004,categorical_semantics,NOT_APPLICABLE,NOT_APPLICABLE,True
SGX3_DEVELOPMENT_future_information_004,spatial_support_resolution,NOT_APPLICABLE,NOT_APPLICABLE,True
SGX3_DEVELOPMENT_future_information_004,units_quantity,NOT_APPLICABLE,NOT_APPLICABLE,True
SGX3_DEVELOPMENT_future_information_004,crs_geometry_area,NOT_APPLICABLE,NOT_APPLICABLE,True
SGX3_DEVELOPMENT_future_information_004,spectral_semantics,NOT_APPLICABLE,NOT_APPLICABLE,True
SGX3_DEVELOPMENT_future_information_004,processing_quality,NOT_APPLICABLE,NOT_APPLICABLE,True
SGX3_DEVELOPMENT_future_information_004,vertical_semantics,NOT_APPLICABLE,MISSING_EVIDENCE,False
SGX3_DEVELOPMENT_future_information_004,temporal_causality,FAIL,FAIL,True
SGX3_DEVELOPMENT_future_information_004,evaluation_independence,NOT_APPLICABLE,NOT_APPLICABLE,True
SGX3_DEVELOPMENT_future_information_004,nodata_physical_domain,NOT_APPLICABLE,NOT_APPLICABLE,True
SGX3_DEVELOPMENT_future_information_004,uncertainty_fitness,NOT_APPLICABLE,NOT_APPLICABLE,True
SGX3_DEVELOPMENT_unsupported_resolution_gain_001,provenance,PASS,PASS,True
SGX3_DEVELOPMENT_unsupported_resolution_gain_001,categorical_semantics,NOT_APPLICABLE,NOT_APPLICABLE,True
SGX3_DEVELOPMENT_unsupported_resolution_gain_001,spatial_support_resolution,PASS,PASS,True
SGX3_DEVELOPMENT_unsupported_resolution_gain_001,units_quantity,NOT_APPLICABLE,NOT_APPLICABLE,True
SGX3_DEVELOPMENT_unsupported_resolution_gain_001,crs_geometry_area,NOT_APPLICABLE,NOT_APPLICABLE,True
SGX3_DEVELOPMENT_unsupported_resolution_gain_001,spectral_semantics,NOT_APPLICABLE,NOT_APPLICABLE,True
SGX3_DEVELOPMENT_unsupported_resolution_gain_001,processing_quality,NOT_APPLICABLE,NOT_APPLICABLE,True
SGX3_DEVELOPMENT_unsupported_resolution_gain_001,vertical_semantics,NOT_APPLICABLE,NOT_APPLICABLE,True
SGX3_DEVELOPMENT_unsupported_resolution_gain_001,temporal_causality,NOT_APPLICABLE,NOT_APPLICABLE,True
SGX3_DEVELOPMENT_unsupported_resolution_gain_001,evaluation_independence,NOT_APPLICABLE,NOT_APPLICABLE,True
SGX3_DEVELOPMENT_unsupported_resolution_gain_001,nodata_physical_domain,NOT_APPLICABLE,NOT_APPLICABLE,True
SGX3_DEVELOPMENT_unsupported_resolution_gain_001,uncertainty_fitness,NOT_APPLICABLE,NOT_APPLICABLE,True
SGX3_DEVELOPMENT_categorical_interpolation_012,provenance,PASS,PASS,True
SGX3_DEVELOPMENT_categorical_interpolation_012,categorical_semantics,PASS,PASS,True
SGX3_DEVELOPMENT_categorical_interpolation_012,spatial_support_resolution,PASS,PASS,True
SGX3_DEVELOPMENT_categorical_interpolation_012,units_quantity,NOT_APPLICABLE,NOT_APPLICABLE,True
SGX3_DEVELOPMENT_categorical_interpolation_012,crs_geometry_area,PASS,NOT_APPLICABLE,False
SGX3_DEVELOPMENT_categorical_interpolation_012,spectral_semantics,NOT_APPLICABLE,NOT_APPLICABLE,True
SGX3_DEVELOPMENT_categorical_interpolation_012,processing_quality,NOT_APPLICABLE,NOT_APPLICABLE,True
SGX3_DEVELOPMENT_categorical_interpolation_012,vertical_semantics,NOT_APPLICABLE,NOT_APPLICABLE,True
SGX3_DEVELOPMENT_categorical_interpolation_012,temporal_causality,NOT_APPLICABLE,NOT_APPLICABLE,True
SGX3_DEVELOPMENT_categorical_interpolation_012,evaluation_independence,NOT_APPLICABLE,NOT_APPLICABLE,True
SGX3_DEVELOPMENT_categorical_interpolation_012,nodata_physical_domain,NOT_APPLICABLE,NOT_APPLICABLE,True
SGX3_DEVELOPMENT_categorical_interpolation_012,uncertainty_fitness,NOT_APPLICABLE,NOT_APPLICABLE,True
SGX3_HELDOUT-FAMILY_temporal_split_overlap_011,provenance,PASS,PASS,True
SGX3_HELDOUT-FAMILY_temporal_split_overlap_011,categorical_semantics,NOT_APPLICABLE,NOT_APPLICABLE,True
SGX3_HELDOUT-FAMILY_temporal_split_overlap_011,spatial_support_resolution,NOT_APPLICABLE,NOT_APPLICABLE,True
SGX3_HELDOUT-FAMILY_temporal_split_overlap_011,units_quantity,NOT_APPLICABLE,NOT_APPLICABLE,True
SGX3_HELDOUT-FAMILY_temporal_split_overlap_011,crs_geometry_area,NOT_APPLICABLE,NOT_APPLICABLE,True
SGX3_HELDOUT-FAMILY_temporal_split_overlap_011,spectral_semantics,NOT_APPLICABLE,NOT_APPLICABLE,True
SGX3_HELDOUT-FAMILY_temporal_split_overlap_011,processing_quality,NOT_APPLICABLE,NOT_APPLICABLE,True
SGX3_HELDOUT-FAMILY_temporal_split_overlap_011,vertical_semantics,NOT_APPLICABLE,NOT_APPLICABLE,True
SGX3_HELDOUT-FAMILY_temporal_split_overlap_011,temporal_causality,FAIL,PASS,False
SGX3_HELDOUT-FAMILY_temporal_split_overlap_011,evaluation_independence,PASS,NOT_APPLICABLE,False
SGX3_HELDOUT-FAMILY_temporal_split_overlap_011,nodata_physical_domain,NOT_APPLICABLE,NOT_APPLICABLE,True
SGX3_HELDOUT-FAMILY_temporal_split_overlap_011,uncertainty_fitness,NOT_APPLICABLE,NOT_APPLICABLE,True
SGX3_DEVELOPMENT_categorical_interpolation_006,provenance,PASS,PASS,True
SGX3_DEVELOPMENT_categorical_interpolation_006,categorical_semantics,PASS,PASS,True
SGX3_DEVELOPMENT_categorical_interpolation_006,spatial_support_resolution,PASS,PASS,True
SGX3_DEVELOPMENT_categorical_interpolation_006,units_quantity,NOT_APPLICABLE,NOT_APPLICABLE,True
SGX3_DEVELOPMENT_categorical_interpolation_006,crs_geometry_area,PASS,NOT_APPLICABLE,False
SGX3_DEVELOPMENT_categorical_interpolation_006,spectral_semantics,NOT_APPLICABLE,NOT_APPLICABLE,True
SGX3_DEVELOPMENT_categorical_interpolation_006,processing_quality,NOT_APPLICABLE,NOT_APPLICABLE,True
SGX3_DEVELOPMENT_categorical_interpolation_006,vertical_semantics,NOT_APPLICABLE,NOT_APPLICABLE,True
SGX3_DEVELOPMENT_categorical_interpolation_006,temporal_causality,NOT_APPLICABLE,NOT_APPLICABLE,True
SGX3_DEVELOPMENT_categorical_interpolation_006,evaluation_independence,NOT_APPLICABLE,NOT_APPLICABLE,True
SGX3_DEVELOPMENT_categorical_interpolation_006,nodata_physical_domain,NOT_APPLICABLE,NOT_APPLICABLE,True
SGX3_DEVELOPMENT_categorical_interpolation_006,uncertainty_fitness,NOT_APPLICABLE,NOT_APPLICABLE,True
SGX3_BLIND_flood_remote_sensing_040,provenance,PASS,PASS,True
SGX3_BLIND_flood_remote_sensing_040,categorical_semantics,NOT_APPLICABLE,NOT_APPLICABLE,True
SGX3_BLIND_flood_remote_sensing_040,spatial_support_resolution,PASS,PASS,True
SGX3_BLIND_flood_remote_sensing_040,units_quantity,NOT_APPLICABLE,NOT_APPLICABLE,True
SGX3_BLIND_flood_remote_sensing_040,crs_geometry_area,PASS,NOT_APPLICABLE,False
SGX3_BLIND_flood_remote_sensing_040,spectral_semantics,NOT_APPLICABLE,NOT_APPLICABLE,True
SGX3_BLIND_flood_remote_sensing_040,processing_quality,NOT_APPLICABLE,NOT_APPLICABLE,True
SGX3_BLIND_flood_remote_sensing_040,vertical_semantics,NOT_APPLICABLE,NOT_APPLICABLE,True
SGX3_BLIND_flood_remote_sensing_040,temporal_causality,PASS,NOT_APPLICABLE,False
SGX3_BLIND_flood_remote_sensing_040,evaluation_independence,NOT_APPLICABLE,NOT_APPLICABLE,True
SGX3_BLIND_flood_remote_sensing_040,nodata_physical_domain,NOT_APPLICABLE,NOT_APPLICABLE,True
SGX3_BLIND_flood_remote_sensing_040,uncertainty_fitness,NOT_APPLICABLE,NOT_APPLICABLE,True
SGX3_DEVELOPMENT_unsupported_resolution_gain_013,provenance,PASS,PASS,True
SGX3_DEVELOPMENT_unsupported_resolution_gain_013,categorical_semantics,NOT_APPLICABLE,NOT_APPLICABLE,True
SGX3_DEVELOPMENT_unsupported_resolution_gain_013,spatial_support_resolution,PASS,PASS,True
SGX3_DEVELOPMENT_unsupported_resolution_gain_013,units_quantity,NOT_APPLICABLE,NOT_APPLICABLE,True
SGX3_DEVELOPMENT_unsupported_resolution_gain_013,crs_geometry_area,NOT_APPLICABLE,NOT_APPLICABLE,True
SGX3_DEVELOPMENT_unsupported_resolution_gain_013,spectral_semantics,NOT_APPLICABLE,NOT_APPLICABLE,True
SGX3_DEVELOPMENT_unsupported_resolution_gain_013,processing_quality,NOT_APPLICABLE,NOT_APPLICABLE,True
SGX3_DEVELOPMENT_unsupported_resolution_gain_013,vertical_semantics,NOT_APPLICABLE,NOT_APPLICABLE,True
SGX3_DEVELOPMENT_unsupported_resolution_gain_013,temporal_causality,NOT_APPLICABLE,NOT_APPLICABLE,True
SGX3_DEVELOPMENT_unsupported_resolution_gain_013,evaluation_independence,NOT_APPLICABLE,NOT_APPLICABLE,True
SGX3_DEVELOPMENT_unsupported_resolution_gain_013,nodata_physical_domain,NOT_APPLICABLE,NOT_APPLICABLE,True
SGX3_DEVELOPMENT_unsupported_resolution_gain_013,uncertainty_fitness,NOT_APPLICABLE,NOT_APPLICABLE,True
SGX3_HELDOUT-FAMILY_uncertainty_missing_000,provenance,PASS,PASS,True
SGX3_HELDOUT-FAMILY_uncertainty_missing_000,categorical_semantics,NOT_APPLICABLE,NOT_APPLICABLE,True
SGX3_HELDOUT-FAMILY_uncertainty_missing_000,spatial_support_resolution,PASS,PASS,True
SGX3_HELDOUT-FAMILY_uncertainty_missing_000,units_quantity,PASS,PASS,True
SGX3_HELDOUT-FAMILY_uncertainty_missing_000,crs_geometry_area,PASS,NOT_APPLICABLE,False
SGX3_HELDOUT-FAMILY_uncertainty_missing_000,spectral_semantics,NOT_APPLICABLE,NOT_APPLICABLE,True
SGX3_HELDOUT-FAMILY_uncertainty_missing_000,processing_quality,NOT_APPLICABLE,NOT_APPLICABLE,True
SGX3_HELDOUT-FAMILY_uncertainty_missing_000,vertical_semantics,NOT_APPLICABLE,MISSING_EVIDENCE,False
SGX3_HELDOUT-FAMILY_uncertainty_missing_000,temporal_causality,NOT_APPLICABLE,NOT_APPLICABLE,True
SGX3_HELDOUT-FAMILY_uncertainty_missing_000,evaluation_independence,NOT_APPLICABLE,NOT_APPLICABLE,True
SGX3_HELDOUT-FAMILY_uncertainty_missing_000,nodata_physical_domain,NOT_APPLICABLE,NOT_APPLICABLE,True
SGX3_HELDOUT-FAMILY_uncertainty_missing_000,uncertainty_fitness,PASS,NOT_APPLICABLE,False
SGX3_HELDOUT-FAMILY_physical_range_violation_007,provenance,PASS,PASS,True
SGX3_HELDOUT-FAMILY_physical_range_violation_007,categorical_semantics,NOT_APPLICABLE,NOT_APPLICABLE,True
SGX3_HELDOUT-FAMILY_physical_range_violation_007,spatial_support_resolution,PASS,NOT_APPLICABLE,False
SGX3_HELDOUT-FAMILY_physical_range_violation_007,units_quantity,PASS,NOT_APPLICABLE,False
SGX3_HELDOUT-FAMILY_physical_range_violation_007,crs_geometry_area,PASS,NOT_APPLICABLE,False
SGX3_HELDOUT-FAMILY_physical_range_violation_007,spectral_semantics,NOT_APPLICABLE,NOT_APPLICABLE,True
SGX3_HELDOUT-FAMILY_physical_range_violation_007,processing_quality,NOT_APPLICABLE,NOT_APPLICABLE,True
SGX3_HELDOUT-FAMILY_physical_range_violation_007,vertical_semantics,NOT_APPLICABLE,NOT_APPLICABLE,True
SGX3_HELDOUT-FAMILY_physical_range_violation_007,temporal_causality,NOT_APPLICABLE,NOT_APPLICABLE,True
SGX3_HELDOUT-FAMILY_physical_range_violation_007,evaluation_independence,NOT_APPLICABLE,NOT_APPLICABLE,True
SGX3_HELDOUT-FAMILY_physical_range_violation_007,nodata_physical_domain,NOT_APPLICABLE,NOT_APPLICABLE,True
SGX3_HELDOUT-FAMILY_physical_range_violation_007,uncertainty_fitness,NOT_APPLICABLE,NOT_APPLICABLE,True
SGX3_HELDOUT-FAMILY_temporal_split_overlap_003,provenance,PASS,PASS,True
SGX3_HELDOUT-FAMILY_temporal_split_overlap_003,categorical_semantics,NOT_APPLICABLE,NOT_APPLICABLE,True
SGX3_HELDOUT-FAMILY_temporal_split_overlap_003,spatial_support_resolution,NOT_APPLICABLE,NOT_APPLICABLE,True
SGX3_HELDOUT-FAMILY_temporal_split_overlap_003,units_quantity,NOT_APPLICABLE,NOT_APPLICABLE,True
SGX3_HELDOUT-FAMILY_temporal_split_overlap_003,crs_geometry_area,NOT_APPLICABLE,NOT_APPLICABLE,True
SGX3_HELDOUT-FAMILY_temporal_split_overlap_003,spectral_semantics,NOT_APPLICABLE,NOT_APPLICABLE,True
SGX3_HELDOUT-FAMILY_temporal_split_overlap_003,processing_quality,NOT_APPLICABLE,NOT_APPLICABLE,True
SGX3_HELDOUT-FAMILY_temporal_split_overlap_003,vertical_semantics,NOT_APPLICABLE,NOT_APPLICABLE,True
SGX3_HELDOUT-FAMILY_temporal_split_overlap_003,temporal_causality,FAIL,PASS,False
SGX3_HELDOUT-FAMILY_temporal_split_overlap_003,evaluation_independence,PASS,PASS,True
SGX3_HELDOUT-FAMILY_temporal_split_overlap_003,nodata_physical_domain,NOT_APPLICABLE,NOT_APPLICABLE,True
SGX3_HELDOUT-FAMILY_temporal_split_overlap_003,uncertainty_fitness,NOT_APPLICABLE,NOT_APPLICABLE,True
SGX3_DEVELOPMENT_DSM_as_DTM_000,provenance,PASS,PASS,True
SGX3_DEVELOPMENT_DSM_as_DTM_000,categorical_semantics,NOT_APPLICABLE,NOT_APPLICABLE,True
SGX3_DEVELOPMENT_DSM_as_DTM_000,spatial_support_resolution,PASS,PASS,True
SGX3_DEVELOPMENT_DSM_as_DTM_000,units_quantity,NOT_APPLICABLE,PASS,False
SGX3_DEVELOPMENT_DSM_as_DTM_000,crs_geometry_area,PASS,NOT_APPLICABLE,False
SGX3_DEVELOPMENT_DSM_as_DTM_000,spectral_semantics,NOT_APPLICABLE,NOT_APPLICABLE,True
SGX3_DEVELOPMENT_DSM_as_DTM_000,processing_quality,NOT_APPLICABLE,NOT_APPLICABLE,True
SGX3_DEVELOPMENT_DSM_as_DTM_000,vertical_semantics,PASS,NOT_APPLICABLE,False
SGX3_DEVELOPMENT_DSM_as_DTM_000,temporal_causality,NOT_APPLICABLE,NOT_APPLICABLE,True
SGX3_DEVELOPMENT_DSM_as_DTM_000,evaluation_independence,NOT_APPLICABLE,NOT_APPLICABLE,True
SGX3_DEVELOPMENT_DSM_as_DTM_000,nodata_physical_domain,NOT_APPLICABLE,NOT_APPLICABLE,True
SGX3_DEVELOPMENT_DSM_as_DTM_000,uncertainty_fitness,NOT_APPLICABLE,NOT_APPLICABLE,True
SGX3_HELDOUT-FAMILY_uncertainty_missing_012,provenance,PASS,PASS,True
SGX3_HELDOUT-FAMILY_uncertainty_missing_012,categorical_semantics,NOT_APPLICABLE,NOT_APPLICABLE,True
SGX3_HELDOUT-FAMILY_uncertainty_missing_012,spatial_support_resolution,PASS,PASS,True
SGX3_HELDOUT-FAMILY_uncertainty_missing_012,units_quantity,PASS,PASS,True
SGX3_HELDOUT-FAMILY_uncertainty_missing_012,crs_geometry_area,PASS,PASS,True
SGX3_HELDOUT-FAMILY_uncertainty_missing_012,spectral_semantics,NOT_APPLICABLE,NOT_APPLICABLE,True
SGX3_HELDOUT-FAMILY_uncertainty_missing_012,processing_quality,NOT_APPLICABLE,NOT_APPLICABLE,True
SGX3_HELDOUT-FAMILY_uncertainty_missing_012,vertical_semantics,NOT_APPLICABLE,MISSING_EVIDENCE,False
SGX3_HELDOUT-FAMILY_uncertainty_missing_012,temporal_causality,NOT_APPLICABLE,NOT_APPLICABLE,True
SGX3_HELDOUT-FAMILY_uncertainty_missing_012,evaluation_independence,NOT_APPLICABLE,NOT_APPLICABLE,True
SGX3_HELDOUT-FAMILY_uncertainty_missing_012,nodata_physical_domain,PASS,NOT_APPLICABLE,False
SGX3_HELDOUT-FAMILY_uncertainty_missing_012,uncertainty_fitness,PASS,PASS,True
SGX3_HELDOUT-FAMILY_temporal_split_overlap_000,provenance,PASS,PASS,True
SGX3_HELDOUT-FAMILY_temporal_split_overlap_000,categorical_semantics,NOT_APPLICABLE,NOT_APPLICABLE,True
SGX3_HELDOUT-FAMILY_temporal_split_overlap_000,spatial_support_resolution,NOT_APPLICABLE,NOT_APPLICABLE,True
SGX3_HELDOUT-FAMILY_temporal_split_overlap_000,units_quantity,NOT_APPLICABLE,NOT_APPLICABLE,True
SGX3_HELDOUT-FAMILY_temporal_split_overlap_000,crs_geometry_area,NOT_APPLICABLE,NOT_APPLICABLE,True
SGX3_HELDOUT-FAMILY_temporal_split_overlap_000,spectral_semantics,NOT_APPLICABLE,NOT_APPLICABLE,True
SGX3_HELDOUT-FAMILY_temporal_split_overlap_000,processing_quality,NOT_APPLICABLE,NOT_APPLICABLE,True
SGX3_HELDOUT-FAMILY_temporal_split_overlap_000,vertical_semantics,NOT_APPLICABLE,NOT_APPLICABLE,True
SGX3_HELDOUT-FAMILY_temporal_split_overlap_000,temporal_causality,FAIL,PASS,False
SGX3_HELDOUT-FAMILY_temporal_split_overlap_000,evaluation_independence,PASS,NOT_APPLICABLE,False
SGX3_HELDOUT-FAMILY_temporal_split_overlap_000,nodata_physical_domain,NOT_APPLICABLE,NOT_APPLICABLE,True
SGX3_HELDOUT-FAMILY_temporal_split_overlap_000,uncertainty_fitness,NOT_APPLICABLE,NOT_APPLICABLE,True
SGX3_DEVELOPMENT_future_information_000,provenance,PASS,PASS,True
SGX3_DEVELOPMENT_future_information_000,categorical_semantics,NOT_APPLICABLE,NOT_APPLICABLE,True
SGX3_DEVELOPMENT_future_information_000,spatial_support_resolution,NOT_APPLICABLE,NOT_APPLICABLE,True
SGX3_DEVELOPMENT_future_information_000,units_quantity,NOT_APPLICABLE,NOT_APPLICABLE,True
SGX3_DEVELOPMENT_future_information_000,crs_geometry_area,NOT_APPLICABLE,NOT_APPLICABLE,True
SGX3_DEVELOPMENT_future_information_000,spectral_semantics,NOT_APPLICABLE,NOT_APPLICABLE,True
SGX3_DEVELOPMENT_future_information_000,processing_quality,NOT_APPLICABLE,NOT_APPLICABLE,True
SGX3_DEVELOPMENT_future_information_000,vertical_semantics,NOT_APPLICABLE,MISSING_EVIDENCE,False
SGX3_DEVELOPMENT_future_information_000,temporal_causality,FAIL,FAIL,True
SGX3_DEVELOPMENT_future_information_000,evaluation_independence,NOT_APPLICABLE,NOT_APPLICABLE,True
SGX3_DEVELOPMENT_future_information_000,nodata_physical_domain,NOT_APPLICABLE,NOT_APPLICABLE,True
SGX3_DEVELOPMENT_future_information_000,uncertainty_fitness,NOT_APPLICABLE,NOT_APPLICABLE,True
SGX3_BLIND_landcover_change_028,provenance,NOT_APPLICABLE,MISSING_EVIDENCE,False
SGX3_BLIND_landcover_change_028,categorical_semantics,PASS,PASS,True
SGX3_BLIND_landcover_change_028,spatial_support_resolution,PASS,PASS,True
SGX3_BLIND_landcover_change_028,units_quantity,PASS,NOT_APPLICABLE,False
SGX3_BLIND_landcover_change_028,crs_geometry_area,PASS,NOT_APPLICABLE,False
SGX3_BLIND_landcover_change_028,spectral_semantics,NOT_APPLICABLE,NOT_APPLICABLE,True
SGX3_BLIND_landcover_change_028,processing_quality,NOT_APPLICABLE,NOT_APPLICABLE,True
SGX3_BLIND_landcover_change_028,vertical_semantics,NOT_APPLICABLE,NOT_APPLICABLE,True
SGX3_BLIND_landcover_change_028,temporal_causality,NOT_APPLICABLE,NOT_APPLICABLE,True
SGX3_BLIND_landcover_change_028,evaluation_independence,NOT_APPLICABLE,NOT_APPLICABLE,True
SGX3_BLIND_landcover_change_028,nodata_physical_domain,NOT_APPLICABLE,NOT_APPLICABLE,True
SGX3_BLIND_landcover_change_028,uncertainty_fitness,NOT_APPLICABLE,NOT_APPLICABLE,True
SGX3_DEVELOPMENT_future_information_008,provenance,PASS,PASS,True
SGX3_DEVELOPMENT_future_information_008,categorical_semantics,NOT_APPLICABLE,NOT_APPLICABLE,True
SGX3_DEVELOPMENT_future_information_008,spatial_support_resolution,NOT_APPLICABLE,NOT_APPLICABLE,True
SGX3_DEVELOPMENT_future_information_008,units_quantity,NOT_APPLICABLE,NOT_APPLICABLE,True
SGX3_DEVELOPMENT_future_information_008,crs_geometry_area,NOT_APPLICABLE,NOT_APPLICABLE,True
SGX3_DEVELOPMENT_future_information_008,spectral_semantics,NOT_APPLICABLE,NOT_APPLICABLE,True
SGX3_DEVELOPMENT_future_information_008,processing_quality,NOT_APPLICABLE,NOT_APPLICABLE,True
SGX3_DEVELOPMENT_future_information_008,vertical_semantics,NOT_APPLICABLE,MISSING_EVIDENCE,False
SGX3_DEVELOPMENT_future_information_008,temporal_causality,FAIL,FAIL,True
SGX3_DEVELOPMENT_future_information_008,evaluation_independence,NOT_APPLICABLE,NOT_APPLICABLE,True
SGX3_DEVELOPMENT_future_information_008,nodata_physical_domain,NOT_APPLICABLE,NOT_APPLICABLE,True
SGX3_DEVELOPMENT_future_information_008,uncertainty_fitness,NOT_APPLICABLE,NOT_APPLICABLE,True
SGX3_BLIND_landslide_forecast_016,provenance,NOT_APPLICABLE,MISSING_EVIDENCE,False
SGX3_BLIND_landslide_forecast_016,categorical_semantics,NOT_APPLICABLE,NOT_APPLICABLE,True
SGX3_BLIND_landslide_forecast_016,spatial_support_resolution,PASS,NOT_APPLICABLE,False
SGX3_BLIND_landslide_forecast_016,units_quantity,NOT_APPLICABLE,NOT_APPLICABLE,True
SGX3_BLIND_landslide_forecast_016,crs_geometry_area,PASS,NOT_APPLICABLE,False
SGX3_BLIND_landslide_forecast_016,spectral_semantics,NOT_APPLICABLE,NOT_APPLICABLE,True
SGX3_BLIND_landslide_forecast_016,processing_quality,NOT_APPLICABLE,NOT_APPLICABLE,True
SGX3_BLIND_landslide_forecast_016,vertical_semantics,PASS,PASS,True
SGX3_BLIND_landslide_forecast_016,temporal_causality,FAIL,FAIL,True
SGX3_BLIND_landslide_forecast_016,evaluation_independence,NOT_APPLICABLE,NOT_APPLICABLE,True
SGX3_BLIND_landslide_forecast_016,nodata_physical_domain,NOT_APPLICABLE,NOT_APPLICABLE,True
SGX3_BLIND_landslide_forecast_016,uncertainty_fitness,NOT_APPLICABLE,NOT_APPLICABLE,True
SGX3_HELDOUT-FAMILY_rate_sum_without_duration_005,provenance,PASS,PASS,True
SGX3_HELDOUT-FAMILY_rate_sum_without_duration_005,categorical_semantics,NOT_APPLICABLE,NOT_APPLICABLE,True
SGX3_HELDOUT-FAMILY_rate_sum_without_duration_005,spatial_support_resolution,PASS,NOT_APPLICABLE,False
SGX3_HELDOUT-FAMILY_rate_sum_without_duration_005,units_quantity,PASS,NOT_APPLICABLE,False
SGX3_HELDOUT-FAMILY_rate_sum_without_duration_005,crs_geometry_area,PASS,NOT_APPLICABLE,False
SGX3_HELDOUT-FAMILY_rate_sum_without_duration_005,spectral_semantics,NOT_APPLICABLE,NOT_APPLICABLE,True
SGX3_HELDOUT-FAMILY_rate_sum_without_duration_005,processing_quality,NOT_APPLICABLE,NOT_APPLICABLE,True
SGX3_HELDOUT-FAMILY_rate_sum_without_duration_005,vertical_semantics,NOT_APPLICABLE,NOT_APPLICABLE,True
SGX3_HELDOUT-FAMILY_rate_sum_without_duration_005,temporal_causality,PASS,NOT_APPLICABLE,False
SGX3_HELDOUT-FAMILY_rate_sum_without_duration_005,evaluation_independence,NOT_APPLICABLE,NOT_APPLICABLE,True
SGX3_HELDOUT-FAMILY_rate_sum_without_duration_005,nodata_physical_domain,NOT_APPLICABLE,NOT_APPLICABLE,True
SGX3_HELDOUT-FAMILY_rate_sum_without_duration_005,uncertainty_fitness,NOT_APPLICABLE,NOT_APPLICABLE,True
SGX3_HELDOUT-FAMILY_multisensor_time_mismatch_008,provenance,PASS,PASS,True
SGX3_HELDOUT-FAMILY_multisensor_time_mismatch_008,categorical_semantics,NOT_APPLICABLE,NOT_APPLICABLE,True
SGX3_HELDOUT-FAMILY_multisensor_time_mismatch_008,spatial_support_resolution,PASS,PASS,True
SGX3_HELDOUT-FAMILY_multisensor_time_mismatch_008,units_quantity,NOT_APPLICABLE,NOT_APPLICABLE,True
SGX3_HELDOUT-FAMILY_multisensor_time_mismatch_008,crs_geometry_area,PASS,PASS,True
SGX3_HELDOUT-FAMILY_multisensor_time_mismatch_008,spectral_semantics,NOT_APPLICABLE,NOT_APPLICABLE,True
SGX3_HELDOUT-FAMILY_multisensor_time_mismatch_008,processing_quality,NOT_APPLICABLE,NOT_APPLICABLE,True
SGX3_HELDOUT-FAMILY_multisensor_time_mismatch_008,vertical_semantics,NOT_APPLICABLE,NOT_APPLICABLE,True
SGX3_HELDOUT-FAMILY_multisensor_time_mismatch_008,temporal_causality,FAIL,MISSING_EVIDENCE,False
SGX3_HELDOUT-FAMILY_multisensor_time_mismatch_008,evaluation_independence,NOT_APPLICABLE,NOT_APPLICABLE,True
SGX3_HELDOUT-FAMILY_multisensor_time_mismatch_008,nodata_physical_domain,NOT_APPLICABLE,NOT_APPLICABLE,True
SGX3_HELDOUT-FAMILY_multisensor_time_mismatch_008,uncertainty_fitness,NOT_APPLICABLE,NOT_APPLICABLE,True
SGX3_BLIND_flood_depth_027,provenance,PASS,PASS,True
SGX3_BLIND_flood_depth_027,categorical_semantics,NOT_APPLICABLE,NOT_APPLICABLE,True
SGX3_BLIND_flood_depth_027,spatial_support_resolution,PASS,NOT_APPLICABLE,False
SGX3_BLIND_flood_depth_027,units_quantity,PASS,PASS,True
SGX3_BLIND_flood_depth_027,crs_geometry_area,PASS,NOT_APPLICABLE,False
SGX3_BLIND_flood_depth_027,spectral_semantics,NOT_APPLICABLE,NOT_APPLICABLE,True
SGX3_BLIND_flood_depth_027,processing_quality,NOT_APPLICABLE,NOT_APPLICABLE,True
SGX3_BLIND_flood_depth_027,vertical_semantics,PASS,PASS,True
SGX3_BLIND_flood_depth_027,temporal_causality,NOT_APPLICABLE,NOT_APPLICABLE,True
SGX3_BLIND_flood_depth_027,evaluation_independence,NOT_APPLICABLE,NOT_APPLICABLE,True
SGX3_BLIND_flood_depth_027,nodata_physical_domain,NOT_APPLICABLE,NOT_APPLICABLE,True
SGX3_BLIND_flood_depth_027,uncertainty_fitness,NOT_APPLICABLE,NOT_APPLICABLE,True
SGX3_BLIND_flood_depth_024,provenance,PASS,PASS,True
SGX3_BLIND_flood_depth_024,categorical_semantics,NOT_APPLICABLE,NOT_APPLICABLE,True
SGX3_BLIND_flood_depth_024,spatial_support_resolution,PASS,PASS,True
SGX3_BLIND_flood_depth_024,units_quantity,FAIL,PASS,False
SGX3_BLIND_flood_depth_024,crs_geometry_area,PASS,PASS,True
SGX3_BLIND_flood_depth_024,spectral_semantics,NOT_APPLICABLE,NOT_APPLICABLE,True
SGX3_BLIND_flood_depth_024,processing_quality,NOT_APPLICABLE,NOT_APPLICABLE,True
SGX3_BLIND_flood_depth_024,vertical_semantics,PASS,PASS,True
SGX3_BLIND_flood_depth_024,temporal_causality,NOT_APPLICABLE,NOT_APPLICABLE,True
SGX3_BLIND_flood_depth_024,evaluation_independence,NOT_APPLICABLE,NOT_APPLICABLE,True
SGX3_BLIND_flood_depth_024,nodata_physical_domain,NOT_APPLICABLE,NOT_APPLICABLE,True
SGX3_BLIND_flood_depth_024,uncertainty_fitness,NOT_APPLICABLE,NOT_APPLICABLE,True
SGX3_HELDOUT-FAMILY_scene_overlap_leakage_012,provenance,PASS,PASS,True
SGX3_HELDOUT-FAMILY_scene_overlap_leakage_012,categorical_semantics,NOT_APPLICABLE,NOT_APPLICABLE,True
SGX3_HELDOUT-FAMILY_scene_overlap_leakage_012,spatial_support_resolution,PASS,PASS,True
SGX3_HELDOUT-FAMILY_scene_overlap_leakage_012,units_quantity,NOT_APPLICABLE,NOT_APPLICABLE,True
SGX3_HELDOUT-FAMILY_scene_overlap_leakage_012,crs_geometry_area,PASS,NOT_APPLICABLE,False
SGX3_HELDOUT-FAMILY_scene_overlap_leakage_012,spectral_semantics,NOT_APPLICABLE,NOT_APPLICABLE,True
SGX3_HELDOUT-FAMILY_scene_overlap_leakage_012,processing_quality,NOT_APPLICABLE,NOT_APPLICABLE,True
SGX3_HELDOUT-FAMILY_scene_overlap_leakage_012,vertical_semantics,NOT_APPLICABLE,NOT_APPLICABLE,True
SGX3_HELDOUT-FAMILY_scene_overlap_leakage_012,temporal_causality,NOT_APPLICABLE,NOT_APPLICABLE,True
SGX3_HELDOUT-FAMILY_scene_overlap_leakage_012,evaluation_independence,PASS,NOT_APPLICABLE,False
SGX3_HELDOUT-FAMILY_scene_overlap_leakage_012,nodata_physical_domain,NOT_APPLICABLE,NOT_APPLICABLE,True
SGX3_HELDOUT-FAMILY_scene_overlap_leakage_012,uncertainty_fitness,NOT_APPLICABLE,NOT_APPLICABLE,True
SGX3_BLIND_eo_ml_validation_017,provenance,PASS,PASS,True
SGX3_BLIND_eo_ml_validation_017,categorical_semantics,NOT_APPLICABLE,NOT_APPLICABLE,True
SGX3_BLIND_eo_ml_validation_017,spatial_support_resolution,PASS,PASS,True
SGX3_BLIND_eo_ml_validation_017,units_quantity,NOT_APPLICABLE,NOT_APPLICABLE,True
SGX3_BLIND_eo_ml_validation_017,crs_geometry_area,PASS,NOT_APPLICABLE,False
SGX3_BLIND_eo_ml_validation_017,spectral_semantics,NOT_APPLICABLE,NOT_APPLICABLE,True
SGX3_BLIND_eo_ml_validation_017,processing_quality,NOT_APPLICABLE,NOT_APPLICABLE,True
SGX3_BLIND_eo_ml_validation_017,vertical_semantics,NOT_APPLICABLE,NOT_APPLICABLE,True
SGX3_BLIND_eo_ml_validation_017,temporal_causality,NOT_APPLICABLE,NOT_APPLICABLE,True
SGX3_BLIND_eo_ml_validation_017,evaluation_independence,PASS,PASS,True
SGX3_BLIND_eo_ml_validation_017,nodata_physical_domain,NOT_APPLICABLE,NOT_APPLICABLE,True
SGX3_BLIND_eo_ml_validation_017,uncertainty_fitness,NOT_APPLICABLE,NOT_APPLICABLE,True
SGX3_HELDOUT-FAMILY_vertical_datum_mismatch_002,provenance,PASS,PASS,True
SGX3_HELDOUT-FAMILY_vertical_datum_mismatch_002,categorical_semantics,NOT_APPLICABLE,NOT_APPLICABLE,True
SGX3_HELDOUT-FAMILY_vertical_datum_mismatch_002,spatial_support_resolution,PASS,PASS,True
SGX3_HELDOUT-FAMILY_vertical_datum_mismatch_002,units_quantity,NOT_APPLICABLE,PASS,False
SGX3_HELDOUT-FAMILY_vertical_datum_mismatch_002,crs_geometry_area,PASS,NOT_APPLICABLE,False
SGX3_HELDOUT-FAMILY_vertical_datum_mismatch_002,spectral_semantics,NOT_APPLICABLE,NOT_APPLICABLE,True
SGX3_HELDOUT-FAMILY_vertical_datum_mismatch_002,processing_quality,NOT_APPLICABLE,NOT_APPLICABLE,True
SGX3_HELDOUT-FAMILY_vertical_datum_mismatch_002,vertical_semantics,FAIL,FAIL,True
SGX3_HELDOUT-FAMILY_vertical_datum_mismatch_002,temporal_causality,NOT_APPLICABLE,NOT_APPLICABLE,True
SGX3_HELDOUT-FAMILY_vertical_datum_mismatch_002,evaluation_independence,NOT_APPLICABLE,NOT_APPLICABLE,True
SGX3_HELDOUT-FAMILY_vertical_datum_mismatch_002,nodata_physical_domain,NOT_APPLICABLE,NOT_APPLICABLE,True
SGX3_HELDOUT-FAMILY_vertical_datum_mismatch_002,uncertainty_fitness,NOT_APPLICABLE,NOT_APPLICABLE,True
SGX3_HELDOUT-FAMILY_missing_provenance_000,provenance,FAIL,MISSING_EVIDENCE,False
SGX3_HELDOUT-FAMILY_missing_provenance_000,categorical_semantics,NOT_APPLICABLE,NOT_APPLICABLE,True
SGX3_HELDOUT-FAMILY_missing_provenance_000,spatial_support_resolution,PASS,NOT_APPLICABLE,False
SGX3_HELDOUT-FAMILY_missing_provenance_000,units_quantity,FAIL,NOT_APPLICABLE,False
SGX3_HELDOUT-FAMILY_missing_provenance_000,crs_geometry_area,PASS,NOT_APPLICABLE,False
SGX3_HELDOUT-FAMILY_missing_provenance_000,spectral_semantics,NOT_APPLICABLE,NOT_APPLICABLE,True
SGX3_HELDOUT-FAMILY_missing_provenance_000,processing_quality,NOT_APPLICABLE,NOT_APPLICABLE,True
SGX3_HELDOUT-FAMILY_missing_provenance_000,vertical_semantics,NOT_APPLICABLE,NOT_APPLICABLE,True
SGX3_HELDOUT-FAMILY_missing_provenance_000,temporal_causality,NOT_APPLICABLE,NOT_APPLICABLE,True
SGX3_HELDOUT-FAMILY_missing_provenance_000,evaluation_independence,NOT_APPLICABLE,NOT_APPLICABLE,True
SGX3_HELDOUT-FAMILY_missing_provenance_000,nodata_physical_domain,NOT_APPLICABLE,NOT_APPLICABLE,True
SGX3_HELDOUT-FAMILY_missing_provenance_000,uncertainty_fitness,NOT_APPLICABLE,NOT_APPLICABLE,True
SGX3_DEVELOPMENT_spectral_role_001,provenance,PASS,PASS,True
SGX3_DEVELOPMENT_spectral_role_001,categorical_semantics,NOT_APPLICABLE,NOT_APPLICABLE,True
SGX3_DEVELOPMENT_spectral_role_001,spatial_support_resolution,PASS,PASS,True
SGX3_DEVELOPMENT_spectral_role_001,units_quantity,NOT_APPLICABLE,NOT_APPLICABLE,True
SGX3_DEVELOPMENT_spectral_role_001,crs_geometry_area,PASS,NOT_APPLICABLE,False
SGX3_DEVELOPMENT_spectral_role_001,spectral_semantics,FAIL,PASS,False
SGX3_DEVELOPMENT_spectral_role_001,processing_quality,NOT_APPLICABLE,NOT_APPLICABLE,True
SGX3_DEVELOPMENT_spectral_role_001,vertical_semantics,NOT_APPLICABLE,NOT_APPLICABLE,True
SGX3_DEVELOPMENT_spectral_role_001,temporal_causality,NOT_APPLICABLE,NOT_APPLICABLE,True
SGX3_DEVELOPMENT_spectral_role_001,evaluation_independence,NOT_APPLICABLE,NOT_APPLICABLE,True
SGX3_DEVELOPMENT_spectral_role_001,nodata_physical_domain,NOT_APPLICABLE,NOT_APPLICABLE,True
SGX3_DEVELOPMENT_spectral_role_001,uncertainty_fitness,NOT_APPLICABLE,NOT_APPLICABLE,True
SGX3_HELDOUT-FAMILY_uncertainty_missing_008,provenance,PASS,PASS,True
SGX3_HELDOUT-FAMILY_uncertainty_missing_008,categorical_semantics,NOT_APPLICABLE,NOT_APPLICABLE,True
SGX3_HELDOUT-FAMILY_uncertainty_missing_008,spatial_support_resolution,PASS,PASS,True
SGX3_HELDOUT-FAMILY_uncertainty_missing_008,units_quantity,PASS,PASS,True
SGX3_HELDOUT-FAMILY_uncertainty_missing_008,crs_geometry_area,PASS,PASS,True
SGX3_HELDOUT-FAMILY_uncertainty_missing_008,spectral_semantics,NOT_APPLICABLE,NOT_APPLICABLE,True
SGX3_HELDOUT-FAMILY_uncertainty_missing_008,processing_quality,NOT_APPLICABLE,NOT_APPLICABLE,True
SGX3_HELDOUT-FAMILY_uncertainty_missing_008,vertical_semantics,NOT_APPLICABLE,MISSING_EVIDENCE,False
SGX3_HELDOUT-FAMILY_uncertainty_missing_008,temporal_causality,NOT_APPLICABLE,NOT_APPLICABLE,True
SGX3_HELDOUT-FAMILY_uncertainty_missing_008,evaluation_independence,NOT_APPLICABLE,NOT_APPLICABLE,True
SGX3_HELDOUT-FAMILY_uncertainty_missing_008,nodata_physical_domain,PASS,NOT_APPLICABLE,False
SGX3_HELDOUT-FAMILY_uncertainty_missing_008,uncertainty_fitness,PASS,PASS,True
SGX3_BLIND_landcover_change_047,provenance,NOT_APPLICABLE,MISSING_EVIDENCE,False
SGX3_BLIND_landcover_change_047,categorical_semantics,PASS,PASS,True
SGX3_BLIND_landcover_change_047,spatial_support_resolution,PASS,PASS,True
SGX3_BLIND_landcover_change_047,units_quantity,PASS,NOT_APPLICABLE,False
SGX3_BLIND_landcover_change_047,crs_geometry_area,PASS,NOT_APPLICABLE,False
SGX3_BLIND_landcover_change_047,spectral_semantics,NOT_APPLICABLE,NOT_APPLICABLE,True
SGX3_BLIND_landcover_change_047,processing_quality,NOT_APPLICABLE,NOT_APPLICABLE,True
SGX3_BLIND_landcover_change_047,vertical_semantics,NOT_APPLICABLE,NOT_APPLICABLE,True
SGX3_BLIND_landcover_change_047,temporal_causality,NOT_APPLICABLE,NOT_APPLICABLE,True
SGX3_BLIND_landcover_change_047,evaluation_independence,NOT_APPLICABLE,NOT_APPLICABLE,True
SGX3_BLIND_landcover_change_047,nodata_physical_domain,NOT_APPLICABLE,NOT_APPLICABLE,True
SGX3_BLIND_landcover_change_047,uncertainty_fitness,NOT_APPLICABLE,NOT_APPLICABLE,True
SGX3_BLIND_flood_depth_032,provenance,PASS,PASS,True
SGX3_BLIND_flood_depth_032,categorical_semantics,NOT_APPLICABLE,NOT_APPLICABLE,True
SGX3_BLIND_flood_depth_032,spatial_support_resolution,PASS,PASS,True
SGX3_BLIND_flood_depth_032,units_quantity,PASS,PASS,True
SGX3_BLIND_flood_depth_032,crs_geometry_area,PASS,PASS,True
SGX3_BLIND_flood_depth_032,spectral_semantics,NOT_APPLICABLE,NOT_APPLICABLE,True
SGX3_BLIND_flood_depth_032,processing_quality,NOT_APPLICABLE,NOT_APPLICABLE,True
SGX3_BLIND_flood_depth_032,vertical_semantics,PASS,PASS,True
SGX3_BLIND_flood_depth_032,temporal_causality,NOT_APPLICABLE,NOT_APPLICABLE,True
SGX3_BLIND_flood_depth_032,evaluation_independence,NOT_APPLICABLE,NOT_APPLICABLE,True
SGX3_BLIND_flood_depth_032,nodata_physical_domain,NOT_APPLICABLE,NOT_APPLICABLE,True
SGX3_BLIND_flood_depth_032,uncertainty_fitness,NOT_APPLICABLE,NOT_APPLICABLE,True
SGX3_BLIND_eo_ml_validation_047,provenance,PASS,PASS,True
SGX3_BLIND_eo_ml_validation_047,categorical_semantics,NOT_APPLICABLE,NOT_APPLICABLE,True
SGX3_BLIND_eo_ml_validation_047,spatial_support_resolution,PASS,PASS,True
SGX3_BLIND_eo_ml_validation_047,units_quantity,NOT_APPLICABLE,NOT_APPLICABLE,True
SGX3_BLIND_eo_ml_validation_047,crs_geometry_area,PASS,NOT_APPLICABLE,False
SGX3_BLIND_eo_ml_validation_047,spectral_semantics,NOT_APPLICABLE,NOT_APPLICABLE,True
SGX3_BLIND_eo_ml_validation_047,processing_quality,NOT_APPLICABLE,NOT_APPLICABLE,True
SGX3_BLIND_eo_ml_validation_047,vertical_semantics,NOT_APPLICABLE,NOT_APPLICABLE,True
SGX3_BLIND_eo_ml_validation_047,temporal_causality,PASS,PASS,True
SGX3_BLIND_eo_ml_validation_047,evaluation_independence,PASS,PASS,True
SGX3_BLIND_eo_ml_validation_047,nodata_physical_domain,NOT_APPLICABLE,NOT_APPLICABLE,True
SGX3_BLIND_eo_ml_validation_047,uncertainty_fitness,NOT_APPLICABLE,NOT_APPLICABLE,True
SGX3_DEVELOPMENT_unsupported_resolution_gain_015,provenance,PASS,PASS,True
SGX3_DEVELOPMENT_unsupported_resolution_gain_015,categorical_semantics,NOT_APPLICABLE,NOT_APPLICABLE,True
SGX3_DEVELOPMENT_unsupported_resolution_gain_015,spatial_support_resolution,FAIL,PASS,False
SGX3_DEVELOPMENT_unsupported_resolution_gain_015,units_quantity,NOT_APPLICABLE,NOT_APPLICABLE,True
SGX3_DEVELOPMENT_unsupported_resolution_gain_015,crs_geometry_area,NOT_APPLICABLE,NOT_APPLICABLE,True
SGX3_DEVELOPMENT_unsupported_resolution_gain_015,spectral_semantics,NOT_APPLICABLE,NOT_APPLICABLE,True
SGX3_DEVELOPMENT_unsupported_resolution_gain_015,processing_quality,NOT_APPLICABLE,NOT_APPLICABLE,True
SGX3_DEVELOPMENT_unsupported_resolution_gain_015,vertical_semantics,NOT_APPLICABLE,NOT_APPLICABLE,True
SGX3_DEVELOPMENT_unsupported_resolution_gain_015,temporal_causality,NOT_APPLICABLE,NOT_APPLICABLE,True
SGX3_DEVELOPMENT_unsupported_resolution_gain_015,evaluation_independence,NOT_APPLICABLE,NOT_APPLICABLE,True
SGX3_DEVELOPMENT_unsupported_resolution_gain_015,nodata_physical_domain,NOT_APPLICABLE,NOT_APPLICABLE,True
SGX3_DEVELOPMENT_unsupported_resolution_gain_015,uncertainty_fitness,NOT_APPLICABLE,NOT_APPLICABLE,True
SGX3_HELDOUT-FAMILY_multisensor_time_mismatch_010,provenance,PASS,PASS,True
SGX3_HELDOUT-FAMILY_multisensor_time_mismatch_010,categorical_semantics,NOT_APPLICABLE,NOT_APPLICABLE,True
SGX3_HELDOUT-FAMILY_multisensor_time_mismatch_010,spatial_support_resolution,PASS,PASS,True
SGX3_HELDOUT-FAMILY_multisensor_time_mismatch_010,units_quantity,NOT_APPLICABLE,NOT_APPLICABLE,True
SGX3_HELDOUT-FAMILY_multisensor_time_mismatch_010,crs_geometry_area,PASS,NOT_APPLICABLE,False
SGX3_HELDOUT-FAMILY_multisensor_time_mismatch_010,spectral_semantics,NOT_APPLICABLE,NOT_APPLICABLE,True
SGX3_HELDOUT-FAMILY_multisensor_time_mismatch_010,processing_quality,NOT_APPLICABLE,NOT_APPLICABLE,True
SGX3_HELDOUT-FAMILY_multisensor_time_mismatch_010,vertical_semantics,NOT_APPLICABLE,NOT_APPLICABLE,True
SGX3_HELDOUT-FAMILY_multisensor_time_mismatch_010,temporal_causality,FAIL,MISSING_EVIDENCE,False
SGX3_HELDOUT-FAMILY_multisensor_time_mismatch_010,evaluation_independence,NOT_APPLICABLE,NOT_APPLICABLE,True
SGX3_HELDOUT-FAMILY_multisensor_time_mismatch_010,nodata_physical_domain,NOT_APPLICABLE,NOT_APPLICABLE,True
SGX3_HELDOUT-FAMILY_multisensor_time_mismatch_010,uncertainty_fitness,NOT_APPLICABLE,NOT_APPLICABLE,True
SGX3_DEVELOPMENT_angular_area_005,provenance,PASS,PASS,True
SGX3_DEVELOPMENT_angular_area_005,categorical_semantics,NOT_APPLICABLE,NOT_APPLICABLE,True
SGX3_DEVELOPMENT_angular_area_005,spatial_support_resolution,PASS,PASS,True
SGX3_DEVELOPMENT_angular_area_005,units_quantity,PASS,PASS,True
SGX3_DEVELOPMENT_angular_area_005,crs_geometry_area,FAIL,PASS,False
SGX3_DEVELOPMENT_angular_area_005,spectral_semantics,NOT_APPLICABLE,NOT_APPLICABLE,True
SGX3_DEVELOPMENT_angular_area_005,processing_quality,NOT_APPLICABLE,NOT_APPLICABLE,True
SGX3_DEVELOPMENT_angular_area_005,vertical_semantics,NOT_APPLICABLE,NOT_APPLICABLE,True
SGX3_DEVELOPMENT_angular_area_005,temporal_causality,NOT_APPLICABLE,NOT_APPLICABLE,True
SGX3_DEVELOPMENT_angular_area_005,evaluation_independence,NOT_APPLICABLE,NOT_APPLICABLE,True
SGX3_DEVELOPMENT_angular_area_005,nodata_physical_domain,NOT_APPLICABLE,NOT_APPLICABLE,True
SGX3_DEVELOPMENT_angular_area_005,uncertainty_fitness,NOT_APPLICABLE,NOT_APPLICABLE,True
SGX3_BLIND_flood_depth_012,provenance,PASS,PASS,True
SGX3_BLIND_flood_depth_012,categorical_semantics,NOT_APPLICABLE,NOT_APPLICABLE,True
SGX3_BLIND_flood_depth_012,spatial_support_resolution,PASS,PASS,True
SGX3_BLIND_flood_depth_012,units_quantity,NOT_APPLICABLE,PASS,False
SGX3_BLIND_flood_depth_012,crs_geometry_area,PASS,NOT_APPLICABLE,False
SGX3_BLIND_flood_depth_012,spectral_semantics,NOT_APPLICABLE,NOT_APPLICABLE,True
SGX3_BLIND_flood_depth_012,processing_quality,NOT_APPLICABLE,NOT_APPLICABLE,True
SGX3_BLIND_flood_depth_012,vertical_semantics,PASS,PASS,True
SGX3_BLIND_flood_depth_012,temporal_causality,NOT_APPLICABLE,NOT_APPLICABLE,True
SGX3_BLIND_flood_depth_012,evaluation_independence,NOT_APPLICABLE,NOT_APPLICABLE,True
SGX3_BLIND_flood_depth_012,nodata_physical_domain,NOT_APPLICABLE,NOT_APPLICABLE,True
SGX3_BLIND_flood_depth_012,uncertainty_fitness,NOT_APPLICABLE,NOT_APPLICABLE,True
SGX3_HELDOUT-FAMILY_scene_overlap_leakage_010,provenance,PASS,PASS,True
SGX3_HELDOUT-FAMILY_scene_overlap_leakage_010,categorical_semantics,NOT_APPLICABLE,NOT_APPLICABLE,True
SGX3_HELDOUT-FAMILY_scene_overlap_leakage_010,spatial_support_resolution,PASS,PASS,True
SGX3_HELDOUT-FAMILY_scene_overlap_leakage_010,units_quantity,NOT_APPLICABLE,NOT_APPLICABLE,True
SGX3_HELDOUT-FAMILY_scene_overlap_leakage_010,crs_geometry_area,PASS,NOT_APPLICABLE,False
SGX3_HELDOUT-FAMILY_scene_overlap_leakage_010,spectral_semantics,NOT_APPLICABLE,NOT_APPLICABLE,True
SGX3_HELDOUT-FAMILY_scene_overlap_leakage_010,processing_quality,NOT_APPLICABLE,NOT_APPLICABLE,True
SGX3_HELDOUT-FAMILY_scene_overlap_leakage_010,vertical_semantics,NOT_APPLICABLE,NOT_APPLICABLE,True
SGX3_HELDOUT-FAMILY_scene_overlap_leakage_010,temporal_causality,NOT_APPLICABLE,NOT_APPLICABLE,True
SGX3_HELDOUT-FAMILY_scene_overlap_leakage_010,evaluation_independence,PASS,NOT_APPLICABLE,False
SGX3_HELDOUT-FAMILY_scene_overlap_leakage_010,nodata_physical_domain,NOT_APPLICABLE,NOT_APPLICABLE,True
SGX3_HELDOUT-FAMILY_scene_overlap_leakage_010,uncertainty_fitness,NOT_APPLICABLE,NOT_APPLICABLE,True
SGX3_BLIND_flood_remote_sensing_049,provenance,PASS,PASS,True
SGX3_BLIND_flood_remote_sensing_049,categorical_semantics,NOT_APPLICABLE,NOT_APPLICABLE,True
SGX3_BLIND_flood_remote_sensing_049,spatial_support_resolution,PASS,NOT_APPLICABLE,False
SGX3_BLIND_flood_remote_sensing_049,units_quantity,NOT_APPLICABLE,NOT_APPLICABLE,True
SGX3_BLIND_flood_remote_sensing_049,crs_geometry_area,PASS,NOT_APPLICABLE,False
SGX3_BLIND_flood_remote_sensing_049,spectral_semantics,NOT_APPLICABLE,NOT_APPLICABLE,True
SGX3_BLIND_flood_remote_sensing_049,processing_quality,NOT_APPLICABLE,NOT_APPLICABLE,True
SGX3_BLIND_flood_remote_sensing_049,vertical_semantics,NOT_APPLICABLE,NOT_APPLICABLE,True
SGX3_BLIND_flood_remote_sensing_049,temporal_causality,PASS,NOT_APPLICABLE,False
SGX3_BLIND_flood_remote_sensing_049,evaluation_independence,NOT_APPLICABLE,NOT_APPLICABLE,True
SGX3_BLIND_flood_remote_sensing_049,nodata_physical_domain,NOT_APPLICABLE,NOT_APPLICABLE,True
SGX3_BLIND_flood_remote_sensing_049,uncertainty_fitness,NOT_APPLICABLE,NOT_APPLICABLE,True
SGX3_BLIND_flood_depth_029,provenance,PASS,PASS,True
SGX3_BLIND_flood_depth_029,categorical_semantics,NOT_APPLICABLE,NOT_APPLICABLE,True
SGX3_BLIND_flood_depth_029,spatial_support_resolution,PASS,PASS,True
SGX3_BLIND_flood_depth_029,units_quantity,FAIL,PASS,False
SGX3_BLIND_flood_depth_029,crs_geometry_area,PASS,PASS,True
SGX3_BLIND_flood_depth_029,spectral_semantics,NOT_APPLICABLE,NOT_APPLICABLE,True
SGX3_BLIND_flood_depth_029,processing_quality,NOT_APPLICABLE,NOT_APPLICABLE,True
SGX3_BLIND_flood_depth_029,vertical_semantics,PASS,PASS,True
SGX3_BLIND_flood_depth_029,temporal_causality,NOT_APPLICABLE,NOT_APPLICABLE,True
SGX3_BLIND_flood_depth_029,evaluation_independence,NOT_APPLICABLE,NOT_APPLICABLE,True
SGX3_BLIND_flood_depth_029,nodata_physical_domain,NOT_APPLICABLE,NOT_APPLICABLE,True
SGX3_BLIND_flood_depth_029,uncertainty_fitness,NOT_APPLICABLE,NOT_APPLICABLE,True
SGX3_HELDOUT-FAMILY_temporal_split_overlap_006,provenance,PASS,PASS,True
SGX3_HELDOUT-FAMILY_temporal_split_overlap_006,categorical_semantics,NOT_APPLICABLE,NOT_APPLICABLE,True
SGX3_HELDOUT-FAMILY_temporal_split_overlap_006,spatial_support_resolution,NOT_APPLICABLE,NOT_APPLICABLE,True
SGX3_HELDOUT-FAMILY_temporal_split_overlap_006,units_quantity,NOT_APPLICABLE,NOT_APPLICABLE,True
SGX3_HELDOUT-FAMILY_temporal_split_overlap_006,crs_geometry_area,NOT_APPLICABLE,NOT_APPLICABLE,True
SGX3_HELDOUT-FAMILY_temporal_split_overlap_006,spectral_semantics,NOT_APPLICABLE,NOT_APPLICABLE,True
SGX3_HELDOUT-FAMILY_temporal_split_overlap_006,processing_quality,NOT_APPLICABLE,NOT_APPLICABLE,True
SGX3_HELDOUT-FAMILY_temporal_split_overlap_006,vertical_semantics,NOT_APPLICABLE,NOT_APPLICABLE,True
SGX3_HELDOUT-FAMILY_temporal_split_overlap_006,temporal_causality,FAIL,PASS,False
SGX3_HELDOUT-FAMILY_temporal_split_overlap_006,evaluation_independence,PASS,NOT_APPLICABLE,False
SGX3_HELDOUT-FAMILY_temporal_split_overlap_006,nodata_physical_domain,NOT_APPLICABLE,NOT_APPLICABLE,True
SGX3_HELDOUT-FAMILY_temporal_split_overlap_006,uncertainty_fitness,NOT_APPLICABLE,NOT_APPLICABLE,True
SGX3_HELDOUT-FAMILY_physical_range_violation_000,provenance,PASS,PASS,True
SGX3_HELDOUT-FAMILY_physical_range_violation_000,categorical_semantics,NOT_APPLICABLE,NOT_APPLICABLE,True
SGX3_HELDOUT-FAMILY_physical_range_violation_000,spatial_support_resolution,NOT_APPLICABLE,NOT_APPLICABLE,True
SGX3_HELDOUT-FAMILY_physical_range_violation_000,units_quantity,PASS,NOT_APPLICABLE,False
SGX3_HELDOUT-FAMILY_physical_range_violation_000,crs_geometry_area,NOT_APPLICABLE,NOT_APPLICABLE,True
SGX3_HELDOUT-FAMILY_physical_range_violation_000,spectral_semantics,NOT_APPLICABLE,NOT_APPLICABLE,True
SGX3_HELDOUT-FAMILY_physical_range_violation_000,processing_quality,NOT_APPLICABLE,NOT_APPLICABLE,True
SGX3_HELDOUT-FAMILY_physical_range_violation_000,vertical_semantics,NOT_APPLICABLE,NOT_APPLICABLE,True
SGX3_HELDOUT-FAMILY_physical_range_violation_000,temporal_causality,NOT_APPLICABLE,NOT_APPLICABLE,True
SGX3_HELDOUT-FAMILY_physical_range_violation_000,evaluation_independence,NOT_APPLICABLE,NOT_APPLICABLE,True
SGX3_HELDOUT-FAMILY_physical_range_violation_000,nodata_physical_domain,NOT_APPLICABLE,NOT_APPLICABLE,True
SGX3_HELDOUT-FAMILY_physical_range_violation_000,uncertainty_fitness,NOT_APPLICABLE,NOT_APPLICABLE,True
SGX3_BLIND_flood_depth_041,provenance,PASS,PASS,True
SGX3_BLIND_flood_depth_041,categorical_semantics,NOT_APPLICABLE,NOT_APPLICABLE,True
SGX3_BLIND_flood_depth_041,spatial_support_resolution,PASS,PASS,True
SGX3_BLIND_flood_depth_041,units_quantity,FAIL,PASS,False
SGX3_BLIND_flood_depth_041,crs_geometry_area,PASS,PASS,True
SGX3_BLIND_flood_depth_041,spectral_semantics,NOT_APPLICABLE,NOT_APPLICABLE,True
SGX3_BLIND_flood_depth_041,processing_quality,NOT_APPLICABLE,NOT_APPLICABLE,True
SGX3_BLIND_flood_depth_041,vertical_semantics,PASS,PASS,True
SGX3_BLIND_flood_depth_041,temporal_causality,NOT_APPLICABLE,NOT_APPLICABLE,True
SGX3_BLIND_flood_depth_041,evaluation_independence,NOT_APPLICABLE,NOT_APPLICABLE,True
SGX3_BLIND_flood_depth_041,nodata_physical_domain,NOT_APPLICABLE,NOT_APPLICABLE,True
SGX3_BLIND_flood_depth_041,uncertainty_fitness,NOT_APPLICABLE,NOT_APPLICABLE,True
SGX3_HELDOUT-FAMILY_vertical_datum_mismatch_000,provenance,PASS,PASS,True
SGX3_HELDOUT-FAMILY_vertical_datum_mismatch_000,categorical_semantics,NOT_APPLICABLE,NOT_APPLICABLE,True
SGX3_HELDOUT-FAMILY_vertical_datum_mismatch_000,spatial_support_resolution,PASS,PASS,True
SGX3_HELDOUT-FAMILY_vertical_datum_mismatch_000,units_quantity,NOT_APPLICABLE,PASS,False
SGX3_HELDOUT-FAMILY_vertical_datum_mismatch_000,crs_geometry_area,PASS,NOT_APPLICABLE,False
SGX3_HELDOUT-FAMILY_vertical_datum_mismatch_000,spectral_semantics,NOT_APPLICABLE,NOT_APPLICABLE,True
SGX3_HELDOUT-FAMILY_vertical_datum_mismatch_000,processing_quality,NOT_APPLICABLE,NOT_APPLICABLE,True
SGX3_HELDOUT-FAMILY_vertical_datum_mismatch_000,vertical_semantics,FAIL,FAIL,True
SGX3_HELDOUT-FAMILY_vertical_datum_mismatch_000,temporal_causality,NOT_APPLICABLE,NOT_APPLICABLE,True
SGX3_HELDOUT-FAMILY_vertical_datum_mismatch_000,evaluation_independence,NOT_APPLICABLE,NOT_APPLICABLE,True
SGX3_HELDOUT-FAMILY_vertical_datum_mismatch_000,nodata_physical_domain,NOT_APPLICABLE,NOT_APPLICABLE,True
SGX3_HELDOUT-FAMILY_vertical_datum_mismatch_000,uncertainty_fitness,NOT_APPLICABLE,NOT_APPLICABLE,True
SGX3_DEVELOPMENT_categorical_interpolation_010,provenance,PASS,PASS,True
SGX3_DEVELOPMENT_categorical_interpolation_010,categorical_semantics,PASS,PASS,True
SGX3_DEVELOPMENT_categorical_interpolation_010,spatial_support_resolution,PASS,PASS,True
SGX3_DEVELOPMENT_categorical_interpolation_010,units_quantity,NOT_APPLICABLE,NOT_APPLICABLE,True
SGX3_DEVELOPMENT_categorical_interpolation_010,crs_geometry_area,PASS,NOT_APPLICABLE,False
SGX3_DEVELOPMENT_categorical_interpolation_010,spectral_semantics,NOT_APPLICABLE,NOT_APPLICABLE,True
SGX3_DEVELOPMENT_categorical_interpolation_010,processing_quality,NOT_APPLICABLE,NOT_APPLICABLE,True
SGX3_DEVELOPMENT_categorical_interpolation_010,vertical_semantics,NOT_APPLICABLE,NOT_APPLICABLE,True
SGX3_DEVELOPMENT_categorical_interpolation_010,temporal_causality,NOT_APPLICABLE,NOT_APPLICABLE,True
SGX3_DEVELOPMENT_categorical_interpolation_010,evaluation_independence,NOT_APPLICABLE,NOT_APPLICABLE,True
SGX3_DEVELOPMENT_categorical_interpolation_010,nodata_physical_domain,NOT_APPLICABLE,NOT_APPLICABLE,True
SGX3_DEVELOPMENT_categorical_interpolation_010,uncertainty_fitness,NOT_APPLICABLE,NOT_APPLICABLE,True
SGX3_HELDOUT-FAMILY_scene_overlap_leakage_004,provenance,PASS,PASS,True
SGX3_HELDOUT-FAMILY_scene_overlap_leakage_004,categorical_semantics,NOT_APPLICABLE,NOT_APPLICABLE,True
SGX3_HELDOUT-FAMILY_scene_overlap_leakage_004,spatial_support_resolution,PASS,PASS,True
SGX3_HELDOUT-FAMILY_scene_overlap_leakage_004,units_quantity,NOT_APPLICABLE,NOT_APPLICABLE,True
SGX3_HELDOUT-FAMILY_scene_overlap_leakage_004,crs_geometry_area,PASS,NOT_APPLICABLE,False
SGX3_HELDOUT-FAMILY_scene_overlap_leakage_004,spectral_semantics,NOT_APPLICABLE,NOT_APPLICABLE,True
SGX3_HELDOUT-FAMILY_scene_overlap_leakage_004,processing_quality,NOT_APPLICABLE,NOT_APPLICABLE,True
SGX3_HELDOUT-FAMILY_scene_overlap_leakage_004,vertical_semantics,NOT_APPLICABLE,NOT_APPLICABLE,True
SGX3_HELDOUT-FAMILY_scene_overlap_leakage_004,temporal_causality,NOT_APPLICABLE,NOT_APPLICABLE,True
SGX3_HELDOUT-FAMILY_scene_overlap_leakage_004,evaluation_independence,PASS,NOT_APPLICABLE,False
SGX3_HELDOUT-FAMILY_scene_overlap_leakage_004,nodata_physical_domain,NOT_APPLICABLE,NOT_APPLICABLE,True
SGX3_HELDOUT-FAMILY_scene_overlap_leakage_004,uncertainty_fitness,NOT_APPLICABLE,NOT_APPLICABLE,True
SGX3_BLIND_flood_remote_sensing_007,provenance,PASS,PASS,True
SGX3_BLIND_flood_remote_sensing_007,categorical_semantics,NOT_APPLICABLE,NOT_APPLICABLE,True
SGX3_BLIND_flood_remote_sensing_007,spatial_support_resolution,PASS,PASS,True
SGX3_BLIND_flood_remote_sensing_007,units_quantity,NOT_APPLICABLE,NOT_APPLICABLE,True
SGX3_BLIND_flood_remote_sensing_007,crs_geometry_area,PASS,NOT_APPLICABLE,False
SGX3_BLIND_flood_remote_sensing_007,spectral_semantics,NOT_APPLICABLE,NOT_APPLICABLE,True
SGX3_BLIND_flood_remote_sensing_007,processing_quality,NOT_APPLICABLE,NOT_APPLICABLE,True
SGX3_BLIND_flood_remote_sensing_007,vertical_semantics,NOT_APPLICABLE,NOT_APPLICABLE,True
SGX3_BLIND_flood_remote_sensing_007,temporal_causality,PASS,NOT_APPLICABLE,False
SGX3_BLIND_flood_remote_sensing_007,evaluation_independence,NOT_APPLICABLE,NOT_APPLICABLE,True
SGX3_BLIND_flood_remote_sensing_007,nodata_physical_domain,NOT_APPLICABLE,NOT_APPLICABLE,True
SGX3_BLIND_flood_remote_sensing_007,uncertainty_fitness,NOT_APPLICABLE,NOT_APPLICABLE,True
SGX3_HELDOUT-FAMILY_temporal_split_overlap_005,provenance,PASS,PASS,True
SGX3_HELDOUT-FAMILY_temporal_split_overlap_005,categorical_semantics,NOT_APPLICABLE,NOT_APPLICABLE,True
SGX3_HELDOUT-FAMILY_temporal_split_overlap_005,spatial_support_resolution,NOT_APPLICABLE,NOT_APPLICABLE,True
SGX3_HELDOUT-FAMILY_temporal_split_overlap_005,units_quantity,NOT_APPLICABLE,NOT_APPLICABLE,True
SGX3_HELDOUT-FAMILY_temporal_split_overlap_005,crs_geometry_area,NOT_APPLICABLE,NOT_APPLICABLE,True
SGX3_HELDOUT-FAMILY_temporal_split_overlap_005,spectral_semantics,NOT_APPLICABLE,NOT_APPLICABLE,True
SGX3_HELDOUT-FAMILY_temporal_split_overlap_005,processing_quality,NOT_APPLICABLE,NOT_APPLICABLE,True
SGX3_HELDOUT-FAMILY_temporal_split_overlap_005,vertical_semantics,NOT_APPLICABLE,NOT_APPLICABLE,True
SGX3_HELDOUT-FAMILY_temporal_split_overlap_005,temporal_causality,FAIL,PASS,False
SGX3_HELDOUT-FAMILY_temporal_split_overlap_005,evaluation_independence,PASS,PASS,True
SGX3_HELDOUT-FAMILY_temporal_split_overlap_005,nodata_physical_domain,NOT_APPLICABLE,NOT_APPLICABLE,True
SGX3_HELDOUT-FAMILY_temporal_split_overlap_005,uncertainty_fitness,NOT_APPLICABLE,NOT_APPLICABLE,True
SGX3_BLIND_landcover_change_012,provenance,NOT_APPLICABLE,MISSING_EVIDENCE,False
SGX3_BLIND_landcover_change_012,categorical_semantics,PASS,PASS,True
SGX3_BLIND_landcover_change_012,spatial_support_resolution,FAIL,PASS,False
SGX3_BLIND_landcover_change_012,units_quantity,NOT_APPLICABLE,NOT_APPLICABLE,True
SGX3_BLIND_landcover_change_012,crs_geometry_area,NOT_APPLICABLE,NOT_APPLICABLE,True
SGX3_BLIND_landcover_change_012,spectral_semantics,NOT_APPLICABLE,NOT_APPLICABLE,True
SGX3_BLIND_landcover_change_012,processing_quality,NOT_APPLICABLE,NOT_APPLICABLE,True
SGX3_BLIND_landcover_change_012,vertical_semantics,NOT_APPLICABLE,NOT_APPLICABLE,True
SGX3_BLIND_landcover_change_012,temporal_causality,NOT_APPLICABLE,NOT_APPLICABLE,True
SGX3_BLIND_landcover_change_012,evaluation_independence,NOT_APPLICABLE,NOT_APPLICABLE,True
SGX3_BLIND_landcover_change_012,nodata_physical_domain,NOT_APPLICABLE,NOT_APPLICABLE,True
SGX3_BLIND_landcover_change_012,uncertainty_fitness,NOT_APPLICABLE,NOT_APPLICABLE,True
SGX3_DEVELOPMENT_unsupported_resolution_gain_014,provenance,PASS,PASS,True
SGX3_DEVELOPMENT_unsupported_resolution_gain_014,categorical_semantics,NOT_APPLICABLE,NOT_APPLICABLE,True
SGX3_DEVELOPMENT_unsupported_resolution_gain_014,spatial_support_resolution,PASS,PASS,True
SGX3_DEVELOPMENT_unsupported_resolution_gain_014,units_quantity,NOT_APPLICABLE,NOT_APPLICABLE,True
SGX3_DEVELOPMENT_unsupported_resolution_gain_014,crs_geometry_area,NOT_APPLICABLE,NOT_APPLICABLE,True
SGX3_DEVELOPMENT_unsupported_resolution_gain_014,spectral_semantics,NOT_APPLICABLE,NOT_APPLICABLE,True
SGX3_DEVELOPMENT_unsupported_resolution_gain_014,processing_quality,NOT_APPLICABLE,NOT_APPLICABLE,True
SGX3_DEVELOPMENT_unsupported_resolution_gain_014,vertical_semantics,NOT_APPLICABLE,NOT_APPLICABLE,True
SGX3_DEVELOPMENT_unsupported_resolution_gain_014,temporal_causality,NOT_APPLICABLE,NOT_APPLICABLE,True
SGX3_DEVELOPMENT_unsupported_resolution_gain_014,evaluation_independence,NOT_APPLICABLE,NOT_APPLICABLE,True
SGX3_DEVELOPMENT_unsupported_resolution_gain_014,nodata_physical_domain,NOT_APPLICABLE,NOT_APPLICABLE,True
SGX3_DEVELOPMENT_unsupported_resolution_gain_014,uncertainty_fitness,NOT_APPLICABLE,NOT_APPLICABLE,True
SGX3_HELDOUT-FAMILY_scene_overlap_leakage_006,provenance,PASS,PASS,True
SGX3_HELDOUT-FAMILY_scene_overlap_leakage_006,categorical_semantics,NOT_APPLICABLE,NOT_APPLICABLE,True
SGX3_HELDOUT-FAMILY_scene_overlap_leakage_006,spatial_support_resolution,PASS,PASS,True
SGX3_HELDOUT-FAMILY_scene_overlap_leakage_006,units_quantity,NOT_APPLICABLE,NOT_APPLICABLE,True
SGX3_HELDOUT-FAMILY_scene_overlap_leakage_006,crs_geometry_area,PASS,NOT_APPLICABLE,False
SGX3_HELDOUT-FAMILY_scene_overlap_leakage_006,spectral_semantics,NOT_APPLICABLE,NOT_APPLICABLE,True
SGX3_HELDOUT-FAMILY_scene_overlap_leakage_006,processing_quality,NOT_APPLICABLE,NOT_APPLICABLE,True
SGX3_HELDOUT-FAMILY_scene_overlap_leakage_006,vertical_semantics,NOT_APPLICABLE,NOT_APPLICABLE,True
SGX3_HELDOUT-FAMILY_scene_overlap_leakage_006,temporal_causality,NOT_APPLICABLE,NOT_APPLICABLE,True
SGX3_HELDOUT-FAMILY_scene_overlap_leakage_006,evaluation_independence,PASS,NOT_APPLICABLE,False
SGX3_HELDOUT-FAMILY_scene_overlap_leakage_006,nodata_physical_domain,NOT_APPLICABLE,NOT_APPLICABLE,True
SGX3_HELDOUT-FAMILY_scene_overlap_leakage_006,uncertainty_fitness,NOT_APPLICABLE,NOT_APPLICABLE,True
SGX3_BLIND_flood_remote_sensing_002,provenance,PASS,PASS,True
SGX3_BLIND_flood_remote_sensing_002,categorical_semantics,NOT_APPLICABLE,NOT_APPLICABLE,True
SGX3_BLIND_flood_remote_sensing_002,spatial_support_resolution,PASS,PASS,True
SGX3_BLIND_flood_remote_sensing_002,units_quantity,NOT_APPLICABLE,NOT_APPLICABLE,True
SGX3_BLIND_flood_remote_sensing_002,crs_geometry_area,PASS,NOT_APPLICABLE,False
SGX3_BLIND_flood_remote_sensing_002,spectral_semantics,NOT_APPLICABLE,NOT_APPLICABLE,True
SGX3_BLIND_flood_remote_sensing_002,processing_quality,NOT_APPLICABLE,NOT_APPLICABLE,True
SGX3_BLIND_flood_remote_sensing_002,vertical_semantics,NOT_APPLICABLE,NOT_APPLICABLE,True
SGX3_BLIND_flood_remote_sensing_002,temporal_causality,PASS,NOT_APPLICABLE,False
SGX3_BLIND_flood_remote_sensing_002,evaluation_independence,NOT_APPLICABLE,NOT_APPLICABLE,True
SGX3_BLIND_flood_remote_sensing_002,nodata_physical_domain,NOT_APPLICABLE,NOT_APPLICABLE,True
SGX3_BLIND_flood_remote_sensing_002,uncertainty_fitness,NOT_APPLICABLE,NOT_APPLICABLE,True
SGX3_DEVELOPMENT_nodata_zero_001,provenance,PASS,PASS,True
SGX3_DEVELOPMENT_nodata_zero_001,categorical_semantics,NOT_APPLICABLE,NOT_APPLICABLE,True
SGX3_DEVELOPMENT_nodata_zero_001,spatial_support_resolution,PASS,NOT_APPLICABLE,False
SGX3_DEVELOPMENT_nodata_zero_001,units_quantity,NOT_APPLICABLE,NOT_APPLICABLE,True
SGX3_DEVELOPMENT_nodata_zero_001,crs_geometry_area,PASS,NOT_APPLICABLE,False
SGX3_DEVELOPMENT_nodata_zero_001,spectral_semantics,NOT_APPLICABLE,NOT_APPLICABLE,True
SGX3_DEVELOPMENT_nodata_zero_001,processing_quality,NOT_APPLICABLE,NOT_APPLICABLE,True
SGX3_DEVELOPMENT_nodata_zero_001,vertical_semantics,NOT_APPLICABLE,NOT_APPLICABLE,True
SGX3_DEVELOPMENT_nodata_zero_001,temporal_causality,NOT_APPLICABLE,NOT_APPLICABLE,True
SGX3_DEVELOPMENT_nodata_zero_001,evaluation_independence,NOT_APPLICABLE,NOT_APPLICABLE,True
SGX3_DEVELOPMENT_nodata_zero_001,nodata_physical_domain,PASS,NOT_APPLICABLE,False
SGX3_DEVELOPMENT_nodata_zero_001,uncertainty_fitness,NOT_APPLICABLE,NOT_APPLICABLE,True
SGX3_BLIND_landcover_change_032,provenance,PASS,PASS,True
SGX3_BLIND_landcover_change_032,categorical_semantics,PASS,PASS,True
SGX3_BLIND_landcover_change_032,spatial_support_resolution,PASS,PASS,True
SGX3_BLIND_landcover_change_032,units_quantity,PASS,NOT_APPLICABLE,False
SGX3_BLIND_landcover_change_032,crs_geometry_area,PASS,NOT_APPLICABLE,False
SGX3_BLIND_landcover_change_032,spectral_semantics,NOT_APPLICABLE,NOT_APPLICABLE,True
SGX3_BLIND_landcover_change_032,processing_quality,NOT_APPLICABLE,NOT_APPLICABLE,True
SGX3_BLIND_landcover_change_032,vertical_semantics,NOT_APPLICABLE,NOT_APPLICABLE,True
SGX3_BLIND_landcover_change_032,temporal_causality,NOT_APPLICABLE,NOT_APPLICABLE,True
SGX3_BLIND_landcover_change_032,evaluation_independence,NOT_APPLICABLE,NOT_APPLICABLE,True
SGX3_BLIND_landcover_change_032,nodata_physical_domain,NOT_APPLICABLE,NOT_APPLICABLE,True
SGX3_BLIND_landcover_change_032,uncertainty_fitness,NOT_APPLICABLE,NOT_APPLICABLE,True
SGX3_DEVELOPMENT_rate_mean_as_accumulation_004,provenance,PASS,PASS,True
SGX3_DEVELOPMENT_rate_mean_as_accumulation_004,categorical_semantics,NOT_APPLICABLE,NOT_APPLICABLE,True
SGX3_DEVELOPMENT_rate_mean_as_accumulation_004,spatial_support_resolution,NOT_APPLICABLE,NOT_APPLICABLE,True
SGX3_DEVELOPMENT_rate_mean_as_accumulation_004,units_quantity,PASS,FAIL,False
SGX3_DEVELOPMENT_rate_mean_as_accumulation_004,crs_geometry_area,NOT_APPLICABLE,NOT_APPLICABLE,True
SGX3_DEVELOPMENT_rate_mean_as_accumulation_004,spectral_semantics,NOT_APPLICABLE,NOT_APPLICABLE,True
SGX3_DEVELOPMENT_rate_mean_as_accumulation_004,processing_quality,NOT_APPLICABLE,NOT_APPLICABLE,True
SGX3_DEVELOPMENT_rate_mean_as_accumulation_004,vertical_semantics,NOT_APPLICABLE,NOT_APPLICABLE,True
SGX3_DEVELOPMENT_rate_mean_as_accumulation_004,temporal_causality,NOT_APPLICABLE,NOT_APPLICABLE,True
SGX3_DEVELOPMENT_rate_mean_as_accumulation_004,evaluation_independence,NOT_APPLICABLE,NOT_APPLICABLE,True
SGX3_DEVELOPMENT_rate_mean_as_accumulation_004,nodata_physical_domain,NOT_APPLICABLE,NOT_APPLICABLE,True
SGX3_DEVELOPMENT_rate_mean_as_accumulation_004,uncertainty_fitness,NOT_APPLICABLE,NOT_APPLICABLE,True
SGX3_BLIND_flood_remote_sensing_012,provenance,PASS,PASS,True
SGX3_BLIND_flood_remote_sensing_012,categorical_semantics,NOT_APPLICABLE,NOT_APPLICABLE,True
SGX3_BLIND_flood_remote_sensing_012,spatial_support_resolution,PASS,PASS,True
SGX3_BLIND_flood_remote_sensing_012,units_quantity,NOT_APPLICABLE,NOT_APPLICABLE,True
SGX3_BLIND_flood_remote_sensing_012,crs_geometry_area,PASS,NOT_APPLICABLE,False
SGX3_BLIND_flood_remote_sensing_012,spectral_semantics,NOT_APPLICABLE,NOT_APPLICABLE,True
SGX3_BLIND_flood_remote_sensing_012,processing_quality,NOT_APPLICABLE,NOT_APPLICABLE,True
SGX3_BLIND_flood_remote_sensing_012,vertical_semantics,NOT_APPLICABLE,NOT_APPLICABLE,True
SGX3_BLIND_flood_remote_sensing_012,temporal_causality,PASS,NOT_APPLICABLE,False
SGX3_BLIND_flood_remote_sensing_012,evaluation_independence,NOT_APPLICABLE,NOT_APPLICABLE,True
SGX3_BLIND_flood_remote_sensing_012,nodata_physical_domain,NOT_APPLICABLE,NOT_APPLICABLE,True
SGX3_BLIND_flood_remote_sensing_012,uncertainty_fitness,NOT_APPLICABLE,NOT_APPLICABLE,True
SGX3_BLIND_landcover_change_005,provenance,PASS,PASS,True
SGX3_BLIND_landcover_change_005,categorical_semantics,PASS,PASS,True
SGX3_BLIND_landcover_change_005,spatial_support_resolution,PASS,PASS,True
SGX3_BLIND_landcover_change_005,units_quantity,PASS,NOT_APPLICABLE,False
SGX3_BLIND_landcover_change_005,crs_geometry_area,PASS,NOT_APPLICABLE,False
SGX3_BLIND_landcover_change_005,spectral_semantics,NOT_APPLICABLE,NOT_APPLICABLE,True
SGX3_BLIND_landcover_change_005,processing_quality,NOT_APPLICABLE,NOT_APPLICABLE,True
SGX3_BLIND_landcover_change_005,vertical_semantics,NOT_APPLICABLE,NOT_APPLICABLE,True
SGX3_BLIND_landcover_change_005,temporal_causality,NOT_APPLICABLE,NOT_APPLICABLE,True
SGX3_BLIND_landcover_change_005,evaluation_independence,NOT_APPLICABLE,NOT_APPLICABLE,True
SGX3_BLIND_landcover_change_005,nodata_physical_domain,NOT_APPLICABLE,NOT_APPLICABLE,True
SGX3_BLIND_landcover_change_005,uncertainty_fitness,NOT_APPLICABLE,NOT_APPLICABLE,True
SGX3_DEVELOPMENT_band_grid_mismatch_001,provenance,PASS,PASS,True
SGX3_DEVELOPMENT_band_grid_mismatch_001,categorical_semantics,NOT_APPLICABLE,NOT_APPLICABLE,True
SGX3_DEVELOPMENT_band_grid_mismatch_001,spatial_support_resolution,PASS,PASS,True
SGX3_DEVELOPMENT_band_grid_mismatch_001,units_quantity,NOT_APPLICABLE,NOT_APPLICABLE,True
SGX3_DEVELOPMENT_band_grid_mismatch_001,crs_geometry_area,PASS,NOT_APPLICABLE,False
SGX3_DEVELOPMENT_band_grid_mismatch_001,spectral_semantics,PASS,PASS,True
SGX3_DEVELOPMENT_band_grid_mismatch_001,processing_quality,NOT_APPLICABLE,NOT_APPLICABLE,True
SGX3_DEVELOPMENT_band_grid_mismatch_001,vertical_semantics,NOT_APPLICABLE,NOT_APPLICABLE,True
SGX3_DEVELOPMENT_band_grid_mismatch_001,temporal_causality,NOT_APPLICABLE,NOT_APPLICABLE,True
SGX3_DEVELOPMENT_band_grid_mismatch_001,evaluation_independence,NOT_APPLICABLE,NOT_APPLICABLE,True
SGX3_DEVELOPMENT_band_grid_mismatch_001,nodata_physical_domain,NOT_APPLICABLE,NOT_APPLICABLE,True
SGX3_DEVELOPMENT_band_grid_mismatch_001,uncertainty_fitness,NOT_APPLICABLE,NOT_APPLICABLE,True
SGX3_BLIND_flood_depth_033,provenance,PASS,PASS,True
SGX3_BLIND_flood_depth_033,categorical_semantics,NOT_APPLICABLE,NOT_APPLICABLE,True
SGX3_BLIND_flood_depth_033,spatial_support_resolution,PASS,PASS,True
SGX3_BLIND_flood_depth_033,units_quantity,PASS,PASS,True
SGX3_BLIND_flood_depth_033,crs_geometry_area,PASS,PASS,True
SGX3_BLIND_flood_depth_033,spectral_semantics,NOT_APPLICABLE,NOT_APPLICABLE,True
SGX3_BLIND_flood_depth_033,processing_quality,NOT_APPLICABLE,NOT_APPLICABLE,True
SGX3_BLIND_flood_depth_033,vertical_semantics,PASS,PASS,True
SGX3_BLIND_flood_depth_033,temporal_causality,NOT_APPLICABLE,NOT_APPLICABLE,True
SGX3_BLIND_flood_depth_033,evaluation_independence,NOT_APPLICABLE,NOT_APPLICABLE,True
SGX3_BLIND_flood_depth_033,nodata_physical_domain,NOT_APPLICABLE,NOT_APPLICABLE,True
SGX3_BLIND_flood_depth_033,uncertainty_fitness,NOT_APPLICABLE,NOT_APPLICABLE,True
SGX3_BLIND_flood_depth_045,provenance,PASS,PASS,True
SGX3_BLIND_flood_depth_045,categorical_semantics,NOT_APPLICABLE,NOT_APPLICABLE,True
SGX3_BLIND_flood_depth_045,spatial_support_resolution,PASS,PASS,True
SGX3_BLIND_flood_depth_045,units_quantity,PASS,PASS,True
SGX3_BLIND_flood_depth_045,crs_geometry_area,PASS,PASS,True
SGX3_BLIND_flood_depth_045,spectral_semantics,NOT_APPLICABLE,NOT_APPLICABLE,True
SGX3_BLIND_flood_depth_045,processing_quality,NOT_APPLICABLE,NOT_APPLICABLE,True
SGX3_BLIND_flood_depth_045,vertical_semantics,PASS,PASS,True
SGX3_BLIND_flood_depth_045,temporal_causality,NOT_APPLICABLE,NOT_APPLICABLE,True
SGX3_BLIND_flood_depth_045,evaluation_independence,NOT_APPLICABLE,NOT_APPLICABLE,True
SGX3_BLIND_flood_depth_045,nodata_physical_domain,NOT_APPLICABLE,NOT_APPLICABLE,True
SGX3_BLIND_flood_depth_045,uncertainty_fitness,NOT_APPLICABLE,NOT_APPLICABLE,True
SGX3_DEVELOPMENT_categorical_interpolation_002,provenance,PASS,PASS,True
SGX3_DEVELOPMENT_categorical_interpolation_002,categorical_semantics,PASS,PASS,True
SGX3_DEVELOPMENT_categorical_interpolation_002,spatial_support_resolution,PASS,PASS,True
SGX3_DEVELOPMENT_categorical_interpolation_002,units_quantity,NOT_APPLICABLE,NOT_APPLICABLE,True
SGX3_DEVELOPMENT_categorical_interpolation_002,crs_geometry_area,PASS,NOT_APPLICABLE,False
SGX3_DEVELOPMENT_categorical_interpolation_002,spectral_semantics,NOT_APPLICABLE,NOT_APPLICABLE,True
SGX3_DEVELOPMENT_categorical_interpolation_002,processing_quality,NOT_APPLICABLE,NOT_APPLICABLE,True
SGX3_DEVELOPMENT_categorical_interpolation_002,vertical_semantics,NOT_APPLICABLE,NOT_APPLICABLE,True
SGX3_DEVELOPMENT_categorical_interpolation_002,temporal_causality,NOT_APPLICABLE,NOT_APPLICABLE,True
SGX3_DEVELOPMENT_categorical_interpolation_002,evaluation_independence,NOT_APPLICABLE,NOT_APPLICABLE,True
SGX3_DEVELOPMENT_categorical_interpolation_002,nodata_physical_domain,NOT_APPLICABLE,NOT_APPLICABLE,True
SGX3_DEVELOPMENT_categorical_interpolation_002,uncertainty_fitness,NOT_APPLICABLE,NOT_APPLICABLE,True
SGX3_HELDOUT-FAMILY_vertical_datum_unknown_001,provenance,PASS,PASS,True
SGX3_HELDOUT-FAMILY_vertical_datum_unknown_001,categorical_semantics,NOT_APPLICABLE,NOT_APPLICABLE,True
SGX3_HELDOUT-FAMILY_vertical_datum_unknown_001,spatial_support_resolution,PASS,PASS,True
SGX3_HELDOUT-FAMILY_vertical_datum_unknown_001,units_quantity,PASS,PASS,True
SGX3_HELDOUT-FAMILY_vertical_datum_unknown_001,crs_geometry_area,PASS,NOT_APPLICABLE,False
SGX3_HELDOUT-FAMILY_vertical_datum_unknown_001,spectral_semantics,NOT_APPLICABLE,NOT_APPLICABLE,True
SGX3_HELDOUT-FAMILY_vertical_datum_unknown_001,processing_quality,NOT_APPLICABLE,NOT_APPLICABLE,True
SGX3_HELDOUT-FAMILY_vertical_datum_unknown_001,vertical_semantics,PASS,PASS,True
SGX3_HELDOUT-FAMILY_vertical_datum_unknown_001,temporal_causality,NOT_APPLICABLE,NOT_APPLICABLE,True
SGX3_HELDOUT-FAMILY_vertical_datum_unknown_001,evaluation_independence,NOT_APPLICABLE,NOT_APPLICABLE,True
SGX3_HELDOUT-FAMILY_vertical_datum_unknown_001,nodata_physical_domain,NOT_APPLICABLE,NOT_APPLICABLE,True
SGX3_HELDOUT-FAMILY_vertical_datum_unknown_001,uncertainty_fitness,NOT_APPLICABLE,NOT_APPLICABLE,True
SGX3_DEVELOPMENT_unsupported_resolution_gain_009,provenance,PASS,PASS,True
SGX3_DEVELOPMENT_unsupported_resolution_gain_009,categorical_semantics,NOT_APPLICABLE,NOT_APPLICABLE,True
SGX3_DEVELOPMENT_unsupported_resolution_gain_009,spatial_support_resolution,PASS,PASS,True
SGX3_DEVELOPMENT_unsupported_resolution_gain_009,units_quantity,NOT_APPLICABLE,NOT_APPLICABLE,True
SGX3_DEVELOPMENT_unsupported_resolution_gain_009,crs_geometry_area,NOT_APPLICABLE,NOT_APPLICABLE,True
SGX3_DEVELOPMENT_unsupported_resolution_gain_009,spectral_semantics,NOT_APPLICABLE,NOT_APPLICABLE,True
SGX3_DEVELOPMENT_unsupported_resolution_gain_009,processing_quality,NOT_APPLICABLE,NOT_APPLICABLE,True
SGX3_DEVELOPMENT_unsupported_resolution_gain_009,vertical_semantics,NOT_APPLICABLE,NOT_APPLICABLE,True
SGX3_DEVELOPMENT_unsupported_resolution_gain_009,temporal_causality,NOT_APPLICABLE,NOT_APPLICABLE,True
SGX3_DEVELOPMENT_unsupported_resolution_gain_009,evaluation_independence,NOT_APPLICABLE,NOT_APPLICABLE,True
SGX3_DEVELOPMENT_unsupported_resolution_gain_009,nodata_physical_domain,NOT_APPLICABLE,NOT_APPLICABLE,True
SGX3_DEVELOPMENT_unsupported_resolution_gain_009,uncertainty_fitness,NOT_APPLICABLE,NOT_APPLICABLE,True
SGX3_HELDOUT-FAMILY_temporal_split_overlap_002,provenance,PASS,PASS,True
SGX3_HELDOUT-FAMILY_temporal_split_overlap_002,categorical_semantics,NOT_APPLICABLE,NOT_APPLICABLE,True
SGX3_HELDOUT-FAMILY_temporal_split_overlap_002,spatial_support_resolution,NOT_APPLICABLE,NOT_APPLICABLE,True
SGX3_HELDOUT-FAMILY_temporal_split_overlap_002,units_quantity,NOT_APPLICABLE,NOT_APPLICABLE,True
SGX3_HELDOUT-FAMILY_temporal_split_overlap_002,crs_geometry_area,NOT_APPLICABLE,NOT_APPLICABLE,True
SGX3_HELDOUT-FAMILY_temporal_split_overlap_002,spectral_semantics,NOT_APPLICABLE,NOT_APPLICABLE,True
SGX3_HELDOUT-FAMILY_temporal_split_overlap_002,processing_quality,NOT_APPLICABLE,NOT_APPLICABLE,True
SGX3_HELDOUT-FAMILY_temporal_split_overlap_002,vertical_semantics,NOT_APPLICABLE,NOT_APPLICABLE,True
SGX3_HELDOUT-FAMILY_temporal_split_overlap_002,temporal_causality,FAIL,PASS,False
SGX3_HELDOUT-FAMILY_temporal_split_overlap_002,evaluation_independence,PASS,PASS,True
SGX3_HELDOUT-FAMILY_temporal_split_overlap_002,nodata_physical_domain,NOT_APPLICABLE,NOT_APPLICABLE,True
SGX3_HELDOUT-FAMILY_temporal_split_overlap_002,uncertainty_fitness,NOT_APPLICABLE,NOT_APPLICABLE,True
SGX3_DEVELOPMENT_unsupported_resolution_gain_012,provenance,PASS,PASS,True
SGX3_DEVELOPMENT_unsupported_resolution_gain_012,categorical_semantics,NOT_APPLICABLE,NOT_APPLICABLE,True
SGX3_DEVELOPMENT_unsupported_resolution_gain_012,spatial_support_resolution,FAIL,PASS,False
SGX3_DEVELOPMENT_unsupported_resolution_gain_012,units_quantity,NOT_APPLICABLE,NOT_APPLICABLE,True
SGX3_DEVELOPMENT_unsupported_resolution_gain_012,crs_geometry_area,NOT_APPLICABLE,NOT_APPLICABLE,True
SGX3_DEVELOPMENT_unsupported_resolution_gain_012,spectral_semantics,NOT_APPLICABLE,NOT_APPLICABLE,True
SGX3_DEVELOPMENT_unsupported_resolution_gain_012,processing_quality,NOT_APPLICABLE,NOT_APPLICABLE,True
SGX3_DEVELOPMENT_unsupported_resolution_gain_012,vertical_semantics,NOT_APPLICABLE,NOT_APPLICABLE,True
SGX3_DEVELOPMENT_unsupported_resolution_gain_012,temporal_causality,NOT_APPLICABLE,NOT_APPLICABLE,True
SGX3_DEVELOPMENT_unsupported_resolution_gain_012,evaluation_independence,NOT_APPLICABLE,NOT_APPLICABLE,True
SGX3_DEVELOPMENT_unsupported_resolution_gain_012,nodata_physical_domain,NOT_APPLICABLE,NOT_APPLICABLE,True
SGX3_DEVELOPMENT_unsupported_resolution_gain_012,uncertainty_fitness,NOT_APPLICABLE,NOT_APPLICABLE,True
SGX3_DEVELOPMENT_spectral_role_002,provenance,PASS,PASS,True
SGX3_DEVELOPMENT_spectral_role_002,categorical_semantics,NOT_APPLICABLE,NOT_APPLICABLE,True
SGX3_DEVELOPMENT_spectral_role_002,spatial_support_resolution,PASS,PASS,True
SGX3_DEVELOPMENT_spectral_role_002,units_quantity,PASS,NOT_APPLICABLE,False
SGX3_DEVELOPMENT_spectral_role_002,crs_geometry_area,PASS,NOT_APPLICABLE,False
SGX3_DEVELOPMENT_spectral_role_002,spectral_semantics,PASS,PASS,True
SGX3_DEVELOPMENT_spectral_role_002,processing_quality,PASS,NOT_APPLICABLE,False
SGX3_DEVELOPMENT_spectral_role_002,vertical_semantics,NOT_APPLICABLE,NOT_APPLICABLE,True
SGX3_DEVELOPMENT_spectral_role_002,temporal_causality,NOT_APPLICABLE,NOT_APPLICABLE,True
SGX3_DEVELOPMENT_spectral_role_002,evaluation_independence,NOT_APPLICABLE,NOT_APPLICABLE,True
SGX3_DEVELOPMENT_spectral_role_002,nodata_physical_domain,NOT_APPLICABLE,NOT_APPLICABLE,True
SGX3_DEVELOPMENT_spectral_role_002,uncertainty_fitness,NOT_APPLICABLE,NOT_APPLICABLE,True
SGX3_BLIND_flood_depth_020,provenance,PASS,PASS,True
SGX3_BLIND_flood_depth_020,categorical_semantics,NOT_APPLICABLE,NOT_APPLICABLE,True
SGX3_BLIND_flood_depth_020,spatial_support_resolution,PASS,PASS,True
SGX3_BLIND_flood_depth_020,units_quantity,PASS,FAIL,False
SGX3_BLIND_flood_depth_020,crs_geometry_area,PASS,PASS,True
SGX3_BLIND_flood_depth_020,spectral_semantics,NOT_APPLICABLE,NOT_APPLICABLE,True
SGX3_BLIND_flood_depth_020,processing_quality,NOT_APPLICABLE,NOT_APPLICABLE,True
SGX3_BLIND_flood_depth_020,vertical_semantics,PASS,MISSING_EVIDENCE,False
SGX3_BLIND_flood_depth_020,temporal_causality,NOT_APPLICABLE,NOT_APPLICABLE,True
SGX3_BLIND_flood_depth_020,evaluation_independence,NOT_APPLICABLE,NOT_APPLICABLE,True
SGX3_BLIND_flood_depth_020,nodata_physical_domain,NOT_APPLICABLE,NOT_APPLICABLE,True
SGX3_BLIND_flood_depth_020,uncertainty_fitness,NOT_APPLICABLE,NOT_APPLICABLE,True
SGX3_HELDOUT-FAMILY_scene_overlap_leakage_001,provenance,PASS,PASS,True
SGX3_HELDOUT-FAMILY_scene_overlap_leakage_001,categorical_semantics,NOT_APPLICABLE,NOT_APPLICABLE,True
SGX3_HELDOUT-FAMILY_scene_overlap_leakage_001,spatial_support_resolution,PASS,PASS,True
SGX3_HELDOUT-FAMILY_scene_overlap_leakage_001,units_quantity,NOT_APPLICABLE,NOT_APPLICABLE,True
SGX3_HELDOUT-FAMILY_scene_overlap_leakage_001,crs_geometry_area,PASS,NOT_APPLICABLE,False
SGX3_HELDOUT-FAMILY_scene_overlap_leakage_001,spectral_semantics,NOT_APPLICABLE,NOT_APPLICABLE,True
SGX3_HELDOUT-FAMILY_scene_overlap_leakage_001,processing_quality,NOT_APPLICABLE,NOT_APPLICABLE,True
SGX3_HELDOUT-FAMILY_scene_overlap_leakage_001,vertical_semantics,NOT_APPLICABLE,NOT_APPLICABLE,True
SGX3_HELDOUT-FAMILY_scene_overlap_leakage_001,temporal_causality,NOT_APPLICABLE,NOT_APPLICABLE,True
SGX3_HELDOUT-FAMILY_scene_overlap_leakage_001,evaluation_independence,PASS,NOT_APPLICABLE,False
SGX3_HELDOUT-FAMILY_scene_overlap_leakage_001,nodata_physical_domain,NOT_APPLICABLE,NOT_APPLICABLE,True
SGX3_HELDOUT-FAMILY_scene_overlap_leakage_001,uncertainty_fitness,NOT_APPLICABLE,NOT_APPLICABLE,True
SGX3_DEVELOPMENT_spectral_role_000,provenance,PASS,PASS,True
SGX3_DEVELOPMENT_spectral_role_000,categorical_semantics,NOT_APPLICABLE,NOT_APPLICABLE,True
SGX3_DEVELOPMENT_spectral_role_000,spatial_support_resolution,PASS,PASS,True
SGX3_DEVELOPMENT_spectral_role_000,units_quantity,NOT_APPLICABLE,NOT_APPLICABLE,True
SGX3_DEVELOPMENT_spectral_role_000,crs_geometry_area,PASS,NOT_APPLICABLE,False
SGX3_DEVELOPMENT_spectral_role_000,spectral_semantics,FAIL,PASS,False
SGX3_DEVELOPMENT_spectral_role_000,processing_quality,NOT_APPLICABLE,NOT_APPLICABLE,True
SGX3_DEVELOPMENT_spectral_role_000,vertical_semantics,NOT_APPLICABLE,NOT_APPLICABLE,True
SGX3_DEVELOPMENT_spectral_role_000,temporal_causality,NOT_APPLICABLE,NOT_APPLICABLE,True
SGX3_DEVELOPMENT_spectral_role_000,evaluation_independence,NOT_APPLICABLE,NOT_APPLICABLE,True
SGX3_DEVELOPMENT_spectral_role_000,nodata_physical_domain,NOT_APPLICABLE,NOT_APPLICABLE,True
SGX3_DEVELOPMENT_spectral_role_000,uncertainty_fitness,NOT_APPLICABLE,NOT_APPLICABLE,True
SGX3_BLIND_flood_remote_sensing_022,provenance,PASS,PASS,True
SGX3_BLIND_flood_remote_sensing_022,categorical_semantics,NOT_APPLICABLE,NOT_APPLICABLE,True
SGX3_BLIND_flood_remote_sensing_022,spatial_support_resolution,PASS,PASS,True
SGX3_BLIND_flood_remote_sensing_022,units_quantity,NOT_APPLICABLE,NOT_APPLICABLE,True
SGX3_BLIND_flood_remote_sensing_022,crs_geometry_area,PASS,NOT_APPLICABLE,False
SGX3_BLIND_flood_remote_sensing_022,spectral_semantics,NOT_APPLICABLE,NOT_APPLICABLE,True
SGX3_BLIND_flood_remote_sensing_022,processing_quality,NOT_APPLICABLE,NOT_APPLICABLE,True
SGX3_BLIND_flood_remote_sensing_022,vertical_semantics,NOT_APPLICABLE,MISSING_EVIDENCE,False
SGX3_BLIND_flood_remote_sensing_022,temporal_causality,PASS,PASS,True
SGX3_BLIND_flood_remote_sensing_022,evaluation_independence,NOT_APPLICABLE,NOT_APPLICABLE,True
SGX3_BLIND_flood_remote_sensing_022,nodata_physical_domain,NOT_APPLICABLE,NOT_APPLICABLE,True
SGX3_BLIND_flood_remote_sensing_022,uncertainty_fitness,NOT_APPLICABLE,NOT_APPLICABLE,True
SGX3_BLIND_landslide_forecast_034,provenance,PASS,PASS,True
SGX3_BLIND_landslide_forecast_034,categorical_semantics,NOT_APPLICABLE,NOT_APPLICABLE,True
SGX3_BLIND_landslide_forecast_034,spatial_support_resolution,PASS,NOT_APPLICABLE,False
SGX3_BLIND_landslide_forecast_034,units_quantity,NOT_APPLICABLE,NOT_APPLICABLE,True
SGX3_BLIND_landslide_forecast_034,crs_geometry_area,PASS,NOT_APPLICABLE,False
SGX3_BLIND_landslide_forecast_034,spectral_semantics,NOT_APPLICABLE,NOT_APPLICABLE,True
SGX3_BLIND_landslide_forecast_034,processing_quality,NOT_APPLICABLE,NOT_APPLICABLE,True
SGX3_BLIND_landslide_forecast_034,vertical_semantics,PASS,PASS,True
SGX3_BLIND_landslide_forecast_034,temporal_causality,FAIL,FAIL,True
SGX3_BLIND_landslide_forecast_034,evaluation_independence,NOT_APPLICABLE,NOT_APPLICABLE,True
SGX3_BLIND_landslide_forecast_034,nodata_physical_domain,NOT_APPLICABLE,NOT_APPLICABLE,True
SGX3_BLIND_landslide_forecast_034,uncertainty_fitness,NOT_APPLICABLE,NOT_APPLICABLE,True
SGX3_BLIND_landslide_forecast_030,provenance,NOT_APPLICABLE,MISSING_EVIDENCE,False
SGX3_BLIND_landslide_forecast_030,categorical_semantics,NOT_APPLICABLE,NOT_APPLICABLE,True
SGX3_BLIND_landslide_forecast_030,spatial_support_resolution,PASS,NOT_APPLICABLE,False
SGX3_BLIND_landslide_forecast_030,units_quantity,NOT_APPLICABLE,NOT_APPLICABLE,True
SGX3_BLIND_landslide_forecast_030,crs_geometry_area,PASS,NOT_APPLICABLE,False
SGX3_BLIND_landslide_forecast_030,spectral_semantics,NOT_APPLICABLE,NOT_APPLICABLE,True
SGX3_BLIND_landslide_forecast_030,processing_quality,NOT_APPLICABLE,NOT_APPLICABLE,True
SGX3_BLIND_landslide_forecast_030,vertical_semantics,PASS,PASS,True
SGX3_BLIND_landslide_forecast_030,temporal_causality,FAIL,FAIL,True
SGX3_BLIND_landslide_forecast_030,evaluation_independence,NOT_APPLICABLE,NOT_APPLICABLE,True
SGX3_BLIND_landslide_forecast_030,nodata_physical_domain,NOT_APPLICABLE,NOT_APPLICABLE,True
SGX3_BLIND_landslide_forecast_030,uncertainty_fitness,NOT_APPLICABLE,NOT_APPLICABLE,True
SGX3_BLIND_landcover_change_017,provenance,NOT_APPLICABLE,MISSING_EVIDENCE,False
SGX3_BLIND_landcover_change_017,categorical_semantics,PASS,PASS,True
SGX3_BLIND_landcover_change_017,spatial_support_resolution,PASS,PASS,True
SGX3_BLIND_landcover_change_017,units_quantity,NOT_APPLICABLE,NOT_APPLICABLE,True
SGX3_BLIND_landcover_change_017,crs_geometry_area,PASS,NOT_APPLICABLE,False
SGX3_BLIND_landcover_change_017,spectral_semantics,NOT_APPLICABLE,NOT_APPLICABLE,True
SGX3_BLIND_landcover_change_017,processing_quality,NOT_APPLICABLE,NOT_APPLICABLE,True
SGX3_BLIND_landcover_change_017,vertical_semantics,NOT_APPLICABLE,NOT_APPLICABLE,True
SGX3_BLIND_landcover_change_017,temporal_causality,NOT_APPLICABLE,NOT_APPLICABLE,True
SGX3_BLIND_landcover_change_017,evaluation_independence,NOT_APPLICABLE,NOT_APPLICABLE,True
SGX3_BLIND_landcover_change_017,nodata_physical_domain,NOT_APPLICABLE,NOT_APPLICABLE,True
SGX3_BLIND_landcover_change_017,uncertainty_fitness,NOT_APPLICABLE,NOT_APPLICABLE,True
SGX3_HELDOUT-FAMILY_temporal_split_overlap_015,provenance,PASS,PASS,True
SGX3_HELDOUT-FAMILY_temporal_split_overlap_015,categorical_semantics,NOT_APPLICABLE,NOT_APPLICABLE,True
SGX3_HELDOUT-FAMILY_temporal_split_overlap_015,spatial_support_resolution,NOT_APPLICABLE,NOT_APPLICABLE,True
SGX3_HELDOUT-FAMILY_temporal_split_overlap_015,units_quantity,NOT_APPLICABLE,NOT_APPLICABLE,True
SGX3_HELDOUT-FAMILY_temporal_split_overlap_015,crs_geometry_area,NOT_APPLICABLE,NOT_APPLICABLE,True
SGX3_HELDOUT-FAMILY_temporal_split_overlap_015,spectral_semantics,NOT_APPLICABLE,NOT_APPLICABLE,True
SGX3_HELDOUT-FAMILY_temporal_split_overlap_015,processing_quality,NOT_APPLICABLE,NOT_APPLICABLE,True
SGX3_HELDOUT-FAMILY_temporal_split_overlap_015,vertical_semantics,NOT_APPLICABLE,NOT_APPLICABLE,True
SGX3_HELDOUT-FAMILY_temporal_split_overlap_015,temporal_causality,FAIL,PASS,False
SGX3_HELDOUT-FAMILY_temporal_split_overlap_015,evaluation_independence,NOT_APPLICABLE,PASS,False
SGX3_HELDOUT-FAMILY_temporal_split_overlap_015,nodata_physical_domain,NOT_APPLICABLE,NOT_APPLICABLE,True
SGX3_HELDOUT-FAMILY_temporal_split_overlap_015,uncertainty_fitness,NOT_APPLICABLE,NOT_APPLICABLE,True
SGX3_BLIND_flood_depth_021,provenance,PASS,PASS,True
SGX3_BLIND_flood_depth_021,categorical_semantics,NOT_APPLICABLE,NOT_APPLICABLE,True
SGX3_BLIND_flood_depth_021,spatial_support_resolution,PASS,PASS,True
SGX3_BLIND_flood_depth_021,units_quantity,PASS,PASS,True
SGX3_BLIND_flood_depth_021,crs_geometry_area,PASS,NOT_APPLICABLE,False
SGX3_BLIND_flood_depth_021,spectral_semantics,NOT_APPLICABLE,NOT_APPLICABLE,True
SGX3_BLIND_flood_depth_021,processing_quality,NOT_APPLICABLE,NOT_APPLICABLE,True
SGX3_BLIND_flood_depth_021,vertical_semantics,PASS,MISSING_EVIDENCE,False
SGX3_BLIND_flood_depth_021,temporal_causality,NOT_APPLICABLE,NOT_APPLICABLE,True
SGX3_BLIND_flood_depth_021,evaluation_independence,NOT_APPLICABLE,NOT_APPLICABLE,True
SGX3_BLIND_flood_depth_021,nodata_physical_domain,NOT_APPLICABLE,NOT_APPLICABLE,True
SGX3_BLIND_flood_depth_021,uncertainty_fitness,NOT_APPLICABLE,NOT_APPLICABLE,True
SGX3_BLIND_flood_depth_014,provenance,PASS,PASS,True
SGX3_BLIND_flood_depth_014,categorical_semantics,NOT_APPLICABLE,NOT_APPLICABLE,True
SGX3_BLIND_flood_depth_014,spatial_support_resolution,PASS,PASS,True
SGX3_BLIND_flood_depth_014,units_quantity,FAIL,FAIL,True
SGX3_BLIND_flood_depth_014,crs_geometry_area,PASS,NOT_APPLICABLE,False
SGX3_BLIND_flood_depth_014,spectral_semantics,NOT_APPLICABLE,NOT_APPLICABLE,True
SGX3_BLIND_flood_depth_014,processing_quality,NOT_APPLICABLE,NOT_APPLICABLE,True
SGX3_BLIND_flood_depth_014,vertical_semantics,PASS,MISSING_EVIDENCE,False
SGX3_BLIND_flood_depth_014,temporal_causality,NOT_APPLICABLE,NOT_APPLICABLE,True
SGX3_BLIND_flood_depth_014,evaluation_independence,NOT_APPLICABLE,NOT_APPLICABLE,True
SGX3_BLIND_flood_depth_014,nodata_physical_domain,NOT_APPLICABLE,NOT_APPLICABLE,True
SGX3_BLIND_flood_depth_014,uncertainty_fitness,NOT_APPLICABLE,NOT_APPLICABLE,True
SGX3_DEVELOPMENT_spatial_split_leakage_002,provenance,PASS,PASS,True
SGX3_DEVELOPMENT_spatial_split_leakage_002,categorical_semantics,NOT_APPLICABLE,NOT_APPLICABLE,True
SGX3_DEVELOPMENT_spatial_split_leakage_002,spatial_support_resolution,PASS,PASS,True
SGX3_DEVELOPMENT_spatial_split_leakage_002,units_quantity,NOT_APPLICABLE,NOT_APPLICABLE,True
SGX3_DEVELOPMENT_spatial_split_leakage_002,crs_geometry_area,PASS,PASS,True
SGX3_DEVELOPMENT_spatial_split_leakage_002,spectral_semantics,NOT_APPLICABLE,NOT_APPLICABLE,True
SGX3_DEVELOPMENT_spatial_split_leakage_002,processing_quality,NOT_APPLICABLE,NOT_APPLICABLE,True
SGX3_DEVELOPMENT_spatial_split_leakage_002,vertical_semantics,NOT_APPLICABLE,NOT_APPLICABLE,True
SGX3_DEVELOPMENT_spatial_split_leakage_002,temporal_causality,NOT_APPLICABLE,NOT_APPLICABLE,True
SGX3_DEVELOPMENT_spatial_split_leakage_002,evaluation_independence,PASS,NOT_APPLICABLE,False
SGX3_DEVELOPMENT_spatial_split_leakage_002,nodata_physical_domain,NOT_APPLICABLE,NOT_APPLICABLE,True
SGX3_DEVELOPMENT_spatial_split_leakage_002,uncertainty_fitness,NOT_APPLICABLE,NOT_APPLICABLE,True
SGX3_HELDOUT-FAMILY_rate_sum_without_duration_002,provenance,PASS,PASS,True
SGX3_HELDOUT-FAMILY_rate_sum_without_duration_002,categorical_semantics,NOT_APPLICABLE,NOT_APPLICABLE,True
SGX3_HELDOUT-FAMILY_rate_sum_without_duration_002,spatial_support_resolution,NOT_APPLICABLE,NOT_APPLICABLE,True
SGX3_HELDOUT-FAMILY_rate_sum_without_duration_002,units_quantity,FAIL,NOT_APPLICABLE,False
SGX3_HELDOUT-FAMILY_rate_sum_without_duration_002,crs_geometry_area,NOT_APPLICABLE,NOT_APPLICABLE,True
SGX3_HELDOUT-FAMILY_rate_sum_without_duration_002,spectral_semantics,NOT_APPLICABLE,NOT_APPLICABLE,True
SGX3_HELDOUT-FAMILY_rate_sum_without_duration_002,processing_quality,NOT_APPLICABLE,NOT_APPLICABLE,True
SGX3_HELDOUT-FAMILY_rate_sum_without_duration_002,vertical_semantics,NOT_APPLICABLE,NOT_APPLICABLE,True
SGX3_HELDOUT-FAMILY_rate_sum_without_duration_002,temporal_causality,NOT_APPLICABLE,NOT_APPLICABLE,True
SGX3_HELDOUT-FAMILY_rate_sum_without_duration_002,evaluation_independence,NOT_APPLICABLE,NOT_APPLICABLE,True
SGX3_HELDOUT-FAMILY_rate_sum_without_duration_002,nodata_physical_domain,NOT_APPLICABLE,NOT_APPLICABLE,True
SGX3_HELDOUT-FAMILY_rate_sum_without_duration_002,uncertainty_fitness,NOT_APPLICABLE,NOT_APPLICABLE,True
SGX3_BLIND_eo_ml_validation_039,provenance,PASS,PASS,True
SGX3_BLIND_eo_ml_validation_039,categorical_semantics,NOT_APPLICABLE,NOT_APPLICABLE,True
SGX3_BLIND_eo_ml_validation_039,spatial_support_resolution,PASS,PASS,True
SGX3_BLIND_eo_ml_validation_039,units_quantity,NOT_APPLICABLE,NOT_APPLICABLE,True
SGX3_BLIND_eo_ml_validation_039,crs_geometry_area,PASS,NOT_APPLICABLE,False
SGX3_BLIND_eo_ml_validation_039,spectral_semantics,NOT_APPLICABLE,NOT_APPLICABLE,True
SGX3_BLIND_eo_ml_validation_039,processing_quality,NOT_APPLICABLE,NOT_APPLICABLE,True
SGX3_BLIND_eo_ml_validation_039,vertical_semantics,NOT_APPLICABLE,NOT_APPLICABLE,True
SGX3_BLIND_eo_ml_validation_039,temporal_causality,NOT_APPLICABLE,NOT_APPLICABLE,True
SGX3_BLIND_eo_ml_validation_039,evaluation_independence,PASS,NOT_APPLICABLE,False
SGX3_BLIND_eo_ml_validation_039,nodata_physical_domain,NOT_APPLICABLE,NOT_APPLICABLE,True
SGX3_BLIND_eo_ml_validation_039,uncertainty_fitness,NOT_APPLICABLE,NOT_APPLICABLE,True
SGX3_HELDOUT-FAMILY_multisensor_time_mismatch_014,provenance,PASS,PASS,True
SGX3_HELDOUT-FAMILY_multisensor_time_mismatch_014,categorical_semantics,NOT_APPLICABLE,NOT_APPLICABLE,True
SGX3_HELDOUT-FAMILY_multisensor_time_mismatch_014,spatial_support_resolution,PASS,PASS,True
SGX3_HELDOUT-FAMILY_multisensor_time_mismatch_014,units_quantity,NOT_APPLICABLE,NOT_APPLICABLE,True
SGX3_HELDOUT-FAMILY_multisensor_time_mismatch_014,crs_geometry_area,PASS,PASS,True
SGX3_HELDOUT-FAMILY_multisensor_time_mismatch_014,spectral_semantics,NOT_APPLICABLE,NOT_APPLICABLE,True
SGX3_HELDOUT-FAMILY_multisensor_time_mismatch_014,processing_quality,NOT_APPLICABLE,NOT_APPLICABLE,True
SGX3_HELDOUT-FAMILY_multisensor_time_mismatch_014,vertical_semantics,NOT_APPLICABLE,NOT_APPLICABLE,True
SGX3_HELDOUT-FAMILY_multisensor_time_mismatch_014,temporal_causality,FAIL,MISSING_EVIDENCE,False
SGX3_HELDOUT-FAMILY_multisensor_time_mismatch_014,evaluation_independence,NOT_APPLICABLE,NOT_APPLICABLE,True
SGX3_HELDOUT-FAMILY_multisensor_time_mismatch_014,nodata_physical_domain,NOT_APPLICABLE,NOT_APPLICABLE,True
SGX3_HELDOUT-FAMILY_multisensor_time_mismatch_014,uncertainty_fitness,NOT_APPLICABLE,NOT_APPLICABLE,True
SGX3_DEVELOPMENT_unsupported_resolution_gain_010,provenance,PASS,PASS,True
SGX3_DEVELOPMENT_unsupported_resolution_gain_010,categorical_semantics,NOT_APPLICABLE,NOT_APPLICABLE,True
SGX3_DEVELOPMENT_unsupported_resolution_gain_010,spatial_support_resolution,PASS,PASS,True
SGX3_DEVELOPMENT_unsupported_resolution_gain_010,units_quantity,NOT_APPLICABLE,NOT_APPLICABLE,True
SGX3_DEVELOPMENT_unsupported_resolution_gain_010,crs_geometry_area,NOT_APPLICABLE,NOT_APPLICABLE,True
SGX3_DEVELOPMENT_unsupported_resolution_gain_010,spectral_semantics,NOT_APPLICABLE,NOT_APPLICABLE,True
SGX3_DEVELOPMENT_unsupported_resolution_gain_010,processing_quality,NOT_APPLICABLE,NOT_APPLICABLE,True
SGX3_DEVELOPMENT_unsupported_resolution_gain_010,vertical_semantics,NOT_APPLICABLE,NOT_APPLICABLE,True
SGX3_DEVELOPMENT_unsupported_resolution_gain_010,temporal_causality,NOT_APPLICABLE,NOT_APPLICABLE,True
SGX3_DEVELOPMENT_unsupported_resolution_gain_010,evaluation_independence,NOT_APPLICABLE,NOT_APPLICABLE,True
SGX3_DEVELOPMENT_unsupported_resolution_gain_010,nodata_physical_domain,NOT_APPLICABLE,NOT_APPLICABLE,True
SGX3_DEVELOPMENT_unsupported_resolution_gain_010,uncertainty_fitness,NOT_APPLICABLE,NOT_APPLICABLE,True
SGX3_BLIND_flood_remote_sensing_041,provenance,PASS,PASS,True
SGX3_BLIND_flood_remote_sensing_041,categorical_semantics,NOT_APPLICABLE,NOT_APPLICABLE,True
SGX3_BLIND_flood_remote_sensing_041,spatial_support_resolution,PASS,PASS,True
SGX3_BLIND_flood_remote_sensing_041,units_quantity,NOT_APPLICABLE,NOT_APPLICABLE,True
SGX3_BLIND_flood_remote_sensing_041,crs_geometry_area,PASS,NOT_APPLICABLE,False
SGX3_BLIND_flood_remote_sensing_041,spectral_semantics,NOT_APPLICABLE,NOT_APPLICABLE,True
SGX3_BLIND_flood_remote_sensing_041,processing_quality,NOT_APPLICABLE,NOT_APPLICABLE,True
SGX3_BLIND_flood_remote_sensing_041,vertical_semantics,NOT_APPLICABLE,NOT_APPLICABLE,True
SGX3_BLIND_flood_remote_sensing_041,temporal_causality,PASS,NOT_APPLICABLE,False
SGX3_BLIND_flood_remote_sensing_041,evaluation_independence,NOT_APPLICABLE,NOT_APPLICABLE,True
SGX3_BLIND_flood_remote_sensing_041,nodata_physical_domain,NOT_APPLICABLE,NOT_APPLICABLE,True
SGX3_BLIND_flood_remote_sensing_041,uncertainty_fitness,NOT_APPLICABLE,NOT_APPLICABLE,True
SGX3_BLIND_flood_depth_007,provenance,PASS,PASS,True
SGX3_BLIND_flood_depth_007,categorical_semantics,NOT_APPLICABLE,NOT_APPLICABLE,True
SGX3_BLIND_flood_depth_007,spatial_support_resolution,PASS,PASS,True
SGX3_BLIND_flood_depth_007,units_quantity,PASS,PASS,True
SGX3_BLIND_flood_depth_007,crs_geometry_area,PASS,NOT_APPLICABLE,False
SGX3_BLIND_flood_depth_007,spectral_semantics,NOT_APPLICABLE,NOT_APPLICABLE,True
SGX3_BLIND_flood_depth_007,processing_quality,NOT_APPLICABLE,NOT_APPLICABLE,True
SGX3_BLIND_flood_depth_007,vertical_semantics,PASS,PASS,True
SGX3_BLIND_flood_depth_007,temporal_causality,NOT_APPLICABLE,NOT_APPLICABLE,True
SGX3_BLIND_flood_depth_007,evaluation_independence,NOT_APPLICABLE,NOT_APPLICABLE,True
SGX3_BLIND_flood_depth_007,nodata_physical_domain,NOT_APPLICABLE,NOT_APPLICABLE,True
SGX3_BLIND_flood_depth_007,uncertainty_fitness,NOT_APPLICABLE,NOT_APPLICABLE,True
SGX3_BLIND_landcover_change_044,provenance,PASS,PASS,True
SGX3_BLIND_landcover_change_044,categorical_semantics,PASS,PASS,True
SGX3_BLIND_landcover_change_044,spatial_support_resolution,PASS,PASS,True
SGX3_BLIND_landcover_change_044,units_quantity,PASS,NOT_APPLICABLE,False
SGX3_BLIND_landcover_change_044,crs_geometry_area,PASS,NOT_APPLICABLE,False
SGX3_BLIND_landcover_change_044,spectral_semantics,NOT_APPLICABLE,NOT_APPLICABLE,True
SGX3_BLIND_landcover_change_044,processing_quality,NOT_APPLICABLE,NOT_APPLICABLE,True
SGX3_BLIND_landcover_change_044,vertical_semantics,NOT_APPLICABLE,NOT_APPLICABLE,True
SGX3_BLIND_landcover_change_044,temporal_causality,NOT_APPLICABLE,NOT_APPLICABLE,True
SGX3_BLIND_landcover_change_044,evaluation_independence,NOT_APPLICABLE,NOT_APPLICABLE,True
SGX3_BLIND_landcover_change_044,nodata_physical_domain,NOT_APPLICABLE,NOT_APPLICABLE,True
SGX3_BLIND_landcover_change_044,uncertainty_fitness,NOT_APPLICABLE,NOT_APPLICABLE,True
SGX3_BLIND_eo_ml_validation_014,provenance,PASS,PASS,True
SGX3_BLIND_eo_ml_validation_014,categorical_semantics,NOT_APPLICABLE,NOT_APPLICABLE,True
SGX3_BLIND_eo_ml_validation_014,spatial_support_resolution,PASS,PASS,True
SGX3_BLIND_eo_ml_validation_014,units_quantity,NOT_APPLICABLE,NOT_APPLICABLE,True
SGX3_BLIND_eo_ml_validation_014,crs_geometry_area,PASS,NOT_APPLICABLE,False
SGX3_BLIND_eo_ml_validation_014,spectral_semantics,NOT_APPLICABLE,NOT_APPLICABLE,True
SGX3_BLIND_eo_ml_validation_014,processing_quality,NOT_APPLICABLE,NOT_APPLICABLE,True
SGX3_BLIND_eo_ml_validation_014,vertical_semantics,NOT_APPLICABLE,NOT_APPLICABLE,True
SGX3_BLIND_eo_ml_validation_014,temporal_causality,NOT_APPLICABLE,NOT_APPLICABLE,True
SGX3_BLIND_eo_ml_validation_014,evaluation_independence,PASS,PASS,True
SGX3_BLIND_eo_ml_validation_014,nodata_physical_domain,NOT_APPLICABLE,NOT_APPLICABLE,True
SGX3_BLIND_eo_ml_validation_014,uncertainty_fitness,NOT_APPLICABLE,NOT_APPLICABLE,True
SGX3_HELDOUT-FAMILY_uncertainty_missing_011,provenance,PASS,PASS,True
SGX3_HELDOUT-FAMILY_uncertainty_missing_011,categorical_semantics,NOT_APPLICABLE,NOT_APPLICABLE,True
SGX3_HELDOUT-FAMILY_uncertainty_missing_011,spatial_support_resolution,PASS,PASS,True
SGX3_HELDOUT-FAMILY_uncertainty_missing_011,units_quantity,PASS,PASS,True
SGX3_HELDOUT-FAMILY_uncertainty_missing_011,crs_geometry_area,PASS,PASS,True
SGX3_HELDOUT-FAMILY_uncertainty_missing_011,spectral_semantics,NOT_APPLICABLE,NOT_APPLICABLE,True
SGX3_HELDOUT-FAMILY_uncertainty_missing_011,processing_quality,NOT_APPLICABLE,NOT_APPLICABLE,True
SGX3_HELDOUT-FAMILY_uncertainty_missing_011,vertical_semantics,NOT_APPLICABLE,MISSING_EVIDENCE,False
SGX3_HELDOUT-FAMILY_uncertainty_missing_011,temporal_causality,NOT_APPLICABLE,NOT_APPLICABLE,True
SGX3_HELDOUT-FAMILY_uncertainty_missing_011,evaluation_independence,NOT_APPLICABLE,NOT_APPLICABLE,True
SGX3_HELDOUT-FAMILY_uncertainty_missing_011,nodata_physical_domain,PASS,NOT_APPLICABLE,False
SGX3_HELDOUT-FAMILY_uncertainty_missing_011,uncertainty_fitness,PASS,PASS,True
SGX3_BLIND_flood_depth_026,provenance,PASS,PASS,True
SGX3_BLIND_flood_depth_026,categorical_semantics,NOT_APPLICABLE,NOT_APPLICABLE,True
SGX3_BLIND_flood_depth_026,spatial_support_resolution,PASS,PASS,True
SGX3_BLIND_flood_depth_026,units_quantity,PASS,FAIL,False
SGX3_BLIND_flood_depth_026,crs_geometry_area,PASS,PASS,True
SGX3_BLIND_flood_depth_026,spectral_semantics,NOT_APPLICABLE,NOT_APPLICABLE,True
SGX3_BLIND_flood_depth_026,processing_quality,NOT_APPLICABLE,NOT_APPLICABLE,True
SGX3_BLIND_flood_depth_026,vertical_semantics,PASS,MISSING_EVIDENCE,False
SGX3_BLIND_flood_depth_026,temporal_causality,NOT_APPLICABLE,NOT_APPLICABLE,True
SGX3_BLIND_flood_depth_026,evaluation_independence,NOT_APPLICABLE,NOT_APPLICABLE,True
SGX3_BLIND_flood_depth_026,nodata_physical_domain,NOT_APPLICABLE,NOT_APPLICABLE,True
SGX3_BLIND_flood_depth_026,uncertainty_fitness,NOT_APPLICABLE,NOT_APPLICABLE,True
SGX3_BLIND_landcover_change_001,provenance,PASS,PASS,True
SGX3_BLIND_landcover_change_001,categorical_semantics,PASS,PASS,True
SGX3_BLIND_landcover_change_001,spatial_support_resolution,PASS,PASS,True
SGX3_BLIND_landcover_change_001,units_quantity,NOT_APPLICABLE,NOT_APPLICABLE,True
SGX3_BLIND_landcover_change_001,crs_geometry_area,PASS,NOT_APPLICABLE,False
SGX3_BLIND_landcover_change_001,spectral_semantics,NOT_APPLICABLE,NOT_APPLICABLE,True
SGX3_BLIND_landcover_change_001,processing_quality,NOT_APPLICABLE,NOT_APPLICABLE,True
SGX3_BLIND_landcover_change_001,vertical_semantics,NOT_APPLICABLE,NOT_APPLICABLE,True
SGX3_BLIND_landcover_change_001,temporal_causality,NOT_APPLICABLE,NOT_APPLICABLE,True
SGX3_BLIND_landcover_change_001,evaluation_independence,NOT_APPLICABLE,NOT_APPLICABLE,True
SGX3_BLIND_landcover_change_001,nodata_physical_domain,NOT_APPLICABLE,NOT_APPLICABLE,True
SGX3_BLIND_landcover_change_001,uncertainty_fitness,NOT_APPLICABLE,NOT_APPLICABLE,True
SGX3_BLIND_flood_remote_sensing_035,provenance,PASS,PASS,True
SGX3_BLIND_flood_remote_sensing_035,categorical_semantics,NOT_APPLICABLE,NOT_APPLICABLE,True
SGX3_BLIND_flood_remote_sensing_035,spatial_support_resolution,PASS,PASS,True
SGX3_BLIND_flood_remote_sensing_035,units_quantity,NOT_APPLICABLE,NOT_APPLICABLE,True
SGX3_BLIND_flood_remote_sensing_035,crs_geometry_area,PASS,NOT_APPLICABLE,False
SGX3_BLIND_flood_remote_sensing_035,spectral_semantics,NOT_APPLICABLE,NOT_APPLICABLE,True
SGX3_BLIND_flood_remote_sensing_035,processing_quality,NOT_APPLICABLE,NOT_APPLICABLE,True
SGX3_BLIND_flood_remote_sensing_035,vertical_semantics,NOT_APPLICABLE,NOT_APPLICABLE,True
SGX3_BLIND_flood_remote_sensing_035,temporal_causality,PASS,NOT_APPLICABLE,False
SGX3_BLIND_flood_remote_sensing_035,evaluation_independence,NOT_APPLICABLE,NOT_APPLICABLE,True
SGX3_BLIND_flood_remote_sensing_035,nodata_physical_domain,NOT_APPLICABLE,NOT_APPLICABLE,True
SGX3_BLIND_flood_remote_sensing_035,uncertainty_fitness,NOT_APPLICABLE,NOT_APPLICABLE,True
SGX3_DEVELOPMENT_angular_area_009,provenance,PASS,PASS,True
SGX3_DEVELOPMENT_angular_area_009,categorical_semantics,NOT_APPLICABLE,NOT_APPLICABLE,True
SGX3_DEVELOPMENT_angular_area_009,spatial_support_resolution,PASS,PASS,True
SGX3_DEVELOPMENT_angular_area_009,units_quantity,PASS,PASS,True
SGX3_DEVELOPMENT_angular_area_009,crs_geometry_area,FAIL,PASS,False
SGX3_DEVELOPMENT_angular_area_009,spectral_semantics,NOT_APPLICABLE,NOT_APPLICABLE,True
SGX3_DEVELOPMENT_angular_area_009,processing_quality,NOT_APPLICABLE,NOT_APPLICABLE,True
SGX3_DEVELOPMENT_angular_area_009,vertical_semantics,NOT_APPLICABLE,NOT_APPLICABLE,True
SGX3_DEVELOPMENT_angular_area_009,temporal_causality,NOT_APPLICABLE,NOT_APPLICABLE,True
SGX3_DEVELOPMENT_angular_area_009,evaluation_independence,NOT_APPLICABLE,NOT_APPLICABLE,True
SGX3_DEVELOPMENT_angular_area_009,nodata_physical_domain,NOT_APPLICABLE,NOT_APPLICABLE,True
SGX3_DEVELOPMENT_angular_area_009,uncertainty_fitness,NOT_APPLICABLE,NOT_APPLICABLE,True
SGX3_BLIND_eo_ml_validation_004,provenance,PASS,PASS,True
SGX3_BLIND_eo_ml_validation_004,categorical_semantics,NOT_APPLICABLE,NOT_APPLICABLE,True
SGX3_BLIND_eo_ml_validation_004,spatial_support_resolution,PASS,PASS,True
SGX3_BLIND_eo_ml_validation_004,units_quantity,NOT_APPLICABLE,NOT_APPLICABLE,True
SGX3_BLIND_eo_ml_validation_004,crs_geometry_area,PASS,NOT_APPLICABLE,False
SGX3_BLIND_eo_ml_validation_004,spectral_semantics,NOT_APPLICABLE,NOT_APPLICABLE,True
SGX3_BLIND_eo_ml_validation_004,processing_quality,NOT_APPLICABLE,NOT_APPLICABLE,True
SGX3_BLIND_eo_ml_validation_004,vertical_semantics,NOT_APPLICABLE,NOT_APPLICABLE,True
SGX3_BLIND_eo_ml_validation_004,temporal_causality,PASS,NOT_APPLICABLE,False
SGX3_BLIND_eo_ml_validation_004,evaluation_independence,PASS,PASS,True
SGX3_BLIND_eo_ml_validation_004,nodata_physical_domain,NOT_APPLICABLE,NOT_APPLICABLE,True
SGX3_BLIND_eo_ml_validation_004,uncertainty_fitness,NOT_APPLICABLE,NOT_APPLICABLE,True
SGX3_HELDOUT-FAMILY_quality_metadata_loss_001,provenance,PASS,PASS,True
SGX3_HELDOUT-FAMILY_quality_metadata_loss_001,categorical_semantics,NOT_APPLICABLE,NOT_APPLICABLE,True
SGX3_HELDOUT-FAMILY_quality_metadata_loss_001,spatial_support_resolution,PASS,PASS,True
SGX3_HELDOUT-FAMILY_quality_metadata_loss_001,units_quantity,NOT_APPLICABLE,NOT_APPLICABLE,True
SGX3_HELDOUT-FAMILY_quality_metadata_loss_001,crs_geometry_area,PASS,NOT_APPLICABLE,False
SGX3_HELDOUT-FAMILY_quality_metadata_loss_001,spectral_semantics,NOT_APPLICABLE,NOT_APPLICABLE,True
SGX3_HELDOUT-FAMILY_quality_metadata_loss_001,processing_quality,NOT_APPLICABLE,NOT_APPLICABLE,True
SGX3_HELDOUT-FAMILY_quality_metadata_loss_001,vertical_semantics,NOT_APPLICABLE,NOT_APPLICABLE,True
SGX3_HELDOUT-FAMILY_quality_metadata_loss_001,temporal_causality,NOT_APPLICABLE,NOT_APPLICABLE,True
SGX3_HELDOUT-FAMILY_quality_metadata_loss_001,evaluation_independence,NOT_APPLICABLE,NOT_APPLICABLE,True
SGX3_HELDOUT-FAMILY_quality_metadata_loss_001,nodata_physical_domain,NOT_APPLICABLE,NOT_APPLICABLE,True
SGX3_HELDOUT-FAMILY_quality_metadata_loss_001,uncertainty_fitness,NOT_APPLICABLE,NOT_APPLICABLE,True
SGX3_HELDOUT-FAMILY_multisensor_time_mismatch_013,provenance,PASS,PASS,True
SGX3_HELDOUT-FAMILY_multisensor_time_mismatch_013,categorical_semantics,NOT_APPLICABLE,NOT_APPLICABLE,True
SGX3_HELDOUT-FAMILY_multisensor_time_mismatch_013,spatial_support_resolution,PASS,PASS,True
SGX3_HELDOUT-FAMILY_multisensor_time_mismatch_013,units_quantity,NOT_APPLICABLE,NOT_APPLICABLE,True
SGX3_HELDOUT-FAMILY_multisensor_time_mismatch_013,crs_geometry_area,PASS,PASS,True
SGX3_HELDOUT-FAMILY_multisensor_time_mismatch_013,spectral_semantics,NOT_APPLICABLE,NOT_APPLICABLE,True
SGX3_HELDOUT-FAMILY_multisensor_time_mismatch_013,processing_quality,NOT_APPLICABLE,NOT_APPLICABLE,True
SGX3_HELDOUT-FAMILY_multisensor_time_mismatch_013,vertical_semantics,NOT_APPLICABLE,NOT_APPLICABLE,True
SGX3_HELDOUT-FAMILY_multisensor_time_mismatch_013,temporal_causality,FAIL,NOT_APPLICABLE,False
SGX3_HELDOUT-FAMILY_multisensor_time_mismatch_013,evaluation_independence,NOT_APPLICABLE,NOT_APPLICABLE,True
SGX3_HELDOUT-FAMILY_multisensor_time_mismatch_013,nodata_physical_domain,NOT_APPLICABLE,NOT_APPLICABLE,True
SGX3_HELDOUT-FAMILY_multisensor_time_mismatch_013,uncertainty_fitness,NOT_APPLICABLE,NOT_APPLICABLE,True
SGX3_HELDOUT-FAMILY_scene_overlap_leakage_011,provenance,PASS,PASS,True
SGX3_HELDOUT-FAMILY_scene_overlap_leakage_011,categorical_semantics,NOT_APPLICABLE,NOT_APPLICABLE,True
SGX3_HELDOUT-FAMILY_scene_overlap_leakage_011,spatial_support_resolution,PASS,PASS,True
SGX3_HELDOUT-FAMILY_scene_overlap_leakage_011,units_quantity,NOT_APPLICABLE,NOT_APPLICABLE,True
SGX3_HELDOUT-FAMILY_scene_overlap_leakage_011,crs_geometry_area,PASS,NOT_APPLICABLE,False
SGX3_HELDOUT-FAMILY_scene_overlap_leakage_011,spectral_semantics,NOT_APPLICABLE,NOT_APPLICABLE,True
SGX3_HELDOUT-FAMILY_scene_overlap_leakage_011,processing_quality,NOT_APPLICABLE,NOT_APPLICABLE,True
SGX3_HELDOUT-FAMILY_scene_overlap_leakage_011,vertical_semantics,NOT_APPLICABLE,NOT_APPLICABLE,True
SGX3_HELDOUT-FAMILY_scene_overlap_leakage_011,temporal_causality,NOT_APPLICABLE,NOT_APPLICABLE,True
SGX3_HELDOUT-FAMILY_scene_overlap_leakage_011,evaluation_independence,PASS,NOT_APPLICABLE,False
SGX3_HELDOUT-FAMILY_scene_overlap_leakage_011,nodata_physical_domain,NOT_APPLICABLE,NOT_APPLICABLE,True
SGX3_HELDOUT-FAMILY_scene_overlap_leakage_011,uncertainty_fitness,NOT_APPLICABLE,NOT_APPLICABLE,True
SGX3_BLIND_landslide_forecast_006,provenance,PASS,PASS,True
SGX3_BLIND_landslide_forecast_006,categorical_semantics,NOT_APPLICABLE,NOT_APPLICABLE,True
SGX3_BLIND_landslide_forecast_006,spatial_support_resolution,PASS,NOT_APPLICABLE,False
SGX3_BLIND_landslide_forecast_006,units_quantity,NOT_APPLICABLE,NOT_APPLICABLE,True
SGX3_BLIND_landslide_forecast_006,crs_geometry_area,PASS,NOT_APPLICABLE,False
SGX3_BLIND_landslide_forecast_006,spectral_semantics,NOT_APPLICABLE,NOT_APPLICABLE,True
SGX3_BLIND_landslide_forecast_006,processing_quality,NOT_APPLICABLE,NOT_APPLICABLE,True
SGX3_BLIND_landslide_forecast_006,vertical_semantics,PASS,PASS,True
SGX3_BLIND_landslide_forecast_006,temporal_causality,FAIL,FAIL,True
SGX3_BLIND_landslide_forecast_006,evaluation_independence,NOT_APPLICABLE,NOT_APPLICABLE,True
SGX3_BLIND_landslide_forecast_006,nodata_physical_domain,NOT_APPLICABLE,NOT_APPLICABLE,True
SGX3_BLIND_landslide_forecast_006,uncertainty_fitness,NOT_APPLICABLE,NOT_APPLICABLE,True
