case_id,model_name,model_id,verdict,obligation_parse_rate,confidence,obligations_json,summary,raw_output
SGX3_DEVELOPMENT_future_information_007,strong_A,Qwen/Qwen2.5-7B-Instruct,REFUTED,1.0,5,"{""provenance"": {""status"": ""PASS"", ""reason"": ""authoritative source is supplied""}, ""categorical_semantics"": {""status"": ""NOT_APPLICABLE"", ""reason"": ""not required""}, ""spatial_support_resolution"": {""status"": ""NOT_APPLICABLE"", ""reason"": ""not required""}, ""units_quantity"": {""status"": ""NOT_APPLICABLE"", ""reason"": ""not required""}, ""crs_geometry_area"": {""status"": ""NOT_APPLICABLE"", ""reason"": ""not required""}, ""spectral_semantics"": {""status"": ""NOT_APPLICABLE"", ""reason"": ""not required""}, ""processing_quality"": {""status"": ""NOT_APPLICABLE"", ""reason"": ""not required""}, ""vertical_semantics"": {""status"": ""NOT_APPLICABLE"", ""reason"": ""not required""}, ""temporal_causality"": {""status"": ""FAIL"", ""reason"": ""feature is available after decision time""}, ""evaluation_independence"": {""status"": ""NOT_APPLICABLE"", ""reason"": ""not required""}, ""nodata_physical_domain"": {""status"": ""NOT_APPLICABLE"", ""reason"": ""not required""}, ""uncertainty_fitness"": {""status"": ""NOT_APPLICABLE"", ""reason"": ""not required""}}",future information leakage due to feature availability after decision time,"{
  ""obligations"": {
    ""provenance"": {""status"": ""PASS"", ""reason"": ""authoritative source is supplied""},
    ""categorical_semantics"": {""status"": ""NOT_APPLICABLE"", ""reason"": ""not required""},
    ""spatial_support_resolution"": {""status"": ""NOT_APPLICABLE"", ""reason"": ""not required""},
    ""units_quantity"": {""status"": ""NOT_APPLICABLE"", ""reason"": ""not required""},
    ""crs_geometry_area"": {""status"": ""NOT_APPLICABLE"", ""reason"": ""not required""},
    ""spectral_semantics"": {""status"": ""NOT_APPLICABLE"", ""reason"": ""not required""},
    ""processing_quality"": {""status"": ""NOT_APPLICABLE"", ""reason"": ""not required""},
    ""vertical_semantics"": {""status"": ""NOT_APPLICABLE"", ""reason"": ""not required""},
    ""temporal_causality"": {""status"": ""FAIL"", ""reason"": ""feature is available after decision time""},
    ""evaluation_independence"": {""status"": ""NOT_APPLICABLE"", ""reason"": ""not required""},
    ""nodata_physical_domain"": {""status"": ""NOT_APPLICABLE"", ""reason"": ""not required""},
    ""uncertainty_fitness"": {""status"": ""NOT_APPLICABLE"", ""reason"": ""not required""}
  },
  ""summary"": ""future information leakage due to feature availability after decision time"",
  ""confidence"": 5
}"
SGX3_BLIND_flood_depth_041,strong_A,Qwen/Qwen2.5-7B-Instruct,REFUTED,1.0,5,"{""provenance"": {""status"": ""PASS"", ""reason"": ""both sources are supplied""}, ""categorical_semantics"": {""status"": ""NOT_APPLICABLE"", ""reason"": ""no categorical operations involved""}, ""spatial_support_resolution"": {""status"": ""PASS"", ""reason"": ""resolutions match for vertical combination""}, ""units_quantity"": {""status"": ""FAIL"", ""reason"": ""water level is converted to Kelvin, which is invalid""}, ""crs_geometry_area"": {""status"": ""PASS"", ""reason"": ""same CRS used for both inputs""}, ""spectral_semantics"": {""status"": ""NOT_APPLICABLE"", ""reason"": ""no spectral operations involved""}, ""processing_quality"": {""status"": ""NOT_APPLICABLE"", ""reason"": ""no processing quality metadata provided""}, ""vertical_semantics"": {""status"": ""PASS"", ""reason"": ""vertical combination is valid for elevation and water level""}, ""temporal_causality"": {""status"": ""NOT_APPLICABLE"", ""reason"": ""no temporal operations involved""}, ""evaluation_independence"": {""status"": ""NOT_APPLICABLE"", ""reason"": ""no evaluation split involved""}, ""nodata_physical_domain"": {""status"": ""NOT_APPLICABLE"", ""reason"": ""no nodata semantics provided""}, ""uncertainty_fitness"": {""status"": ""NOT_APPLICABLE"", ""reason"": ""no uncertainty requirement specified""}}",Invalid unit conversion in the workflow,"{
  ""obligations"": {
    ""provenance"": {""status"": ""PASS"", ""reason"": ""both sources are supplied""},
    ""categorical_semantics"": {""status"": ""NOT_APPLICABLE"", ""reason"": ""no categorical operations involved""},
    ""spatial_support_resolution"": {""status"": ""PASS"", ""reason"": ""resolutions match for vertical combination""},
    ""units_quantity"": {""status"": ""FAIL"", ""reason"": ""water level is converted to Kelvin, which is invalid""},
    ""crs_geometry_area"": {""status"": ""PASS"", ""reason"": ""same CRS used for both inputs""},
    ""spectral_semantics"": {""status"": ""NOT_APPLICABLE"", ""reason"": ""no spectral operations involved""},
    ""processing_quality"": {""status"": ""NOT_APPLICABLE"", ""reason"": ""no processing quality metadata provided""},
    ""vertical_semantics"": {""status"": ""PASS"", ""reason"": ""vertical combination is valid for elevation and water level""},
    ""temporal_causality"": {""status"": ""NOT_APPLICABLE"", ""reason"": ""no temporal operations involved""},
    ""evaluation_independence"": {""status"": ""NOT_APPLICABLE"", ""reason"": ""no evaluation split involved""},
    ""nodata_physical_domain"": {""status"": ""NOT_APPLICABLE"", ""reason"": ""no nodata semantics provided""},
    ""uncertainty_fitness"": {""status"": ""NOT_APPLICABLE"", ""reason"": ""no uncertainty requirement specified""}
  },
  ""summary"": ""Invalid unit conversion in the workflow"",
  ""confidence"": 5
}"
SGX3_HELDOUT-FAMILY_physical_range_violation_013,strong_A,Qwen/Qwen2.5-7B-Instruct,PROVEN,1.0,5,"{""provenance"": {""status"": ""PASS"", ""reason"": ""authoritative source is supplied""}, ""categorical_semantics"": {""status"": ""NOT_APPLICABLE"", ""reason"": ""not required""}, ""spatial_support_resolution"": {""status"": ""NOT_APPLICABLE"", ""reason"": ""not required""}, ""units_quantity"": {""status"": ""PASS"", ""reason"": ""unit is dimensionless and within valid range""}, ""crs_geometry_area"": {""status"": ""NOT_APPLICABLE"", ""reason"": ""not required""}, ""spectral_semantics"": {""status"": ""NOT_APPLICABLE"", ""reason"": ""not required""}, ""processing_quality"": {""status"": ""NOT_APPLICABLE"", ""reason"": ""not required""}, ""vertical_semantics"": {""status"": ""NOT_APPLICABLE"", ""reason"": ""not required""}, ""temporal_causality"": {""status"": ""NOT_APPLICABLE"", ""reason"": ""not required""}, ""evaluation_independence"": {""status"": ""NOT_APPLICABLE"", ""reason"": ""not required""}, ""nodata_physical_domain"": {""status"": ""NOT_APPLICABLE"", ""reason"": ""not required""}, ""uncertainty_fitness"": {""status"": ""NOT_APPLICABLE"", ""reason"": ""not required""}}","NDVI values are within the expected range, and the workflow operation does not violate any known constraints.","{
  ""obligations"": {
    ""provenance"": {""status"": ""PASS"", ""reason"": ""authoritative source is supplied""},
    ""categorical_semantics"": {""status"": ""NOT_APPLICABLE"", ""reason"": ""not required""},
    ""spatial_support_resolution"": {""status"": ""NOT_APPLICABLE"", ""reason"": ""not required""},
    ""units_quantity"": {""status"": ""PASS"", ""reason"": ""unit is dimensionless and within valid range""},
    ""crs_geometry_area"": {""status"": ""NOT_APPLICABLE"", ""reason"": ""not required""},
    ""spectral_semantics"": {""status"": ""NOT_APPLICABLE"", ""reason"": ""not required""},
    ""processing_quality"": {""status"": ""NOT_APPLICABLE"", ""reason"": ""not required""},
    ""vertical_semantics"": {""status"": ""NOT_APPLICABLE"", ""reason"": ""not required""},
    ""temporal_causality"": {""status"": ""NOT_APPLICABLE"", ""reason"": ""not required""},
    ""evaluation_independence"": {""status"": ""NOT_APPLICABLE"", ""reason"": ""not required""},
    ""nodata_physical_domain"": {""status"": ""NOT_APPLICABLE"", ""reason"": ""not required""},
    ""uncertainty_fitness"": {""status"": ""NOT_APPLICABLE"", ""reason"": ""not required""}
  },
  ""summary"": ""NDVI values are within the expected range, and the workflow operation does not violate any known constraints."",
  ""confidence"": 5
}"
SGX3_DEVELOPMENT_future_information_002,strong_A,Qwen/Qwen2.5-7B-Instruct,REFUTED,1.0,5,"{""provenance"": {""status"": ""PASS"", ""reason"": ""authoritative source is supplied""}, ""categorical_semantics"": {""status"": ""NOT_APPLICABLE"", ""reason"": ""not required""}, ""spatial_support_resolution"": {""status"": ""NOT_APPLICABLE"", ""reason"": ""not required""}, ""units_quantity"": {""status"": ""NOT_APPLICABLE"", ""reason"": ""not required""}, ""crs_geometry_area"": {""status"": ""NOT_APPLICABLE"", ""reason"": ""not required""}, ""spectral_semantics"": {""status"": ""NOT_APPLICABLE"", ""reason"": ""not required""}, ""processing_quality"": {""status"": ""NOT_APPLICABLE"", ""reason"": ""not required""}, ""vertical_semantics"": {""status"": ""NOT_APPLICABLE"", ""reason"": ""not required""}, ""temporal_causality"": {""status"": ""FAIL"", ""reason"": ""feature is available before decision time""}, ""evaluation_independence"": {""status"": ""NOT_APPLICABLE"", ""reason"": ""not required""}, ""nodata_physical_domain"": {""status"": ""NOT_APPLICABLE"", ""reason"": ""not required""}, ""uncertainty_fitness"": {""status"": ""NOT_APPLICABLE"", ""reason"": ""not required""}}","workflow uses past data for future prediction, violating temporal causality","{
  ""obligations"": {
    ""provenance"": {""status"": ""PASS"", ""reason"": ""authoritative source is supplied""},
    ""categorical_semantics"": {""status"": ""NOT_APPLICABLE"", ""reason"": ""not required""},
    ""spatial_support_resolution"": {""status"": ""NOT_APPLICABLE"", ""reason"": ""not required""},
    ""units_quantity"": {""status"": ""NOT_APPLICABLE"", ""reason"": ""not required""},
    ""crs_geometry_area"": {""status"": ""NOT_APPLICABLE"", ""reason"": ""not required""},
    ""spectral_semantics"": {""status"": ""NOT_APPLICABLE"", ""reason"": ""not required""},
    ""processing_quality"": {""status"": ""NOT_APPLICABLE"", ""reason"": ""not required""},
    ""vertical_semantics"": {""status"": ""NOT_APPLICABLE"", ""reason"": ""not required""},
    ""temporal_causality"": {""status"": ""FAIL"", ""reason"": ""feature is available before decision time""},
    ""evaluation_independence"": {""status"": ""NOT_APPLICABLE"", ""reason"": ""not required""},
    ""nodata_physical_domain"": {""status"": ""NOT_APPLICABLE"", ""reason"": ""not required""},
    ""uncertainty_fitness"": {""status"": ""NOT_APPLICABLE"", ""reason"": ""not required""}
  },
  ""summary"": ""workflow uses past data for future prediction, violating temporal causality"",
  ""confidence"": 5
}"
SGX3_BLIND_eo_ml_validation_017,strong_A,Qwen/Qwen2.5-7B-Instruct,PROVEN,1.0,5,"{""provenance"": {""status"": ""PASS"", ""reason"": ""authoritative source is supplied""}, ""categorical_semantics"": {""status"": ""NOT_APPLICABLE"", ""reason"": ""not required""}, ""spatial_support_resolution"": {""status"": ""PASS"", ""reason"": ""resolution is within the max resolution constraint (if specified)""}, ""units_quantity"": {""status"": ""NOT_APPLICABLE"", ""reason"": ""not required""}, ""crs_geometry_area"": {""status"": ""PASS"", ""reason"": ""coordinate reference system is specified""}, ""spectral_semantics"": {""status"": ""NOT_APPLICABLE"", ""reason"": ""not required""}, ""processing_quality"": {""status"": ""NOT_APPLICABLE"", ""reason"": ""not required""}, ""vertical_semantics"": {""status"": ""NOT_APPLICABLE"", ""reason"": ""not required""}, ""temporal_causality"": {""status"": ""NOT_APPLICABLE"", ""reason"": ""not required""}, ""evaluation_independence"": {""status"": ""PASS"", ""reason"": ""split mode is scene, which is acceptable for validation""}, ""nodata_physical_domain"": {""status"": ""NOT_APPLICABLE"", ""reason"": ""not required""}, ""uncertainty_fitness"": {""status"": ""NOT_APPLICABLE"", ""reason"": ""not required""}}",Workflow passes all obligations given the provided information and the absence of specific constraints.,"{
  ""obligations"": {
    ""provenance"": {""status"": ""PASS"", ""reason"": ""authoritative source is supplied""},
    ""categorical_semantics"": {""status"": ""NOT_APPLICABLE"", ""reason"": ""not required""},
    ""spatial_support_resolution"": {""status"": ""PASS"", ""reason"": ""resolution is within the max resolution constraint (if specified)""},
    ""units_quantity"": {""status"": ""NOT_APPLICABLE"", ""reason"": ""not required""},
    ""crs_geometry_area"": {""status"": ""PASS"", ""reason"": ""coordinate reference system is specified""},
    ""spectral_semantics"": {""status"": ""NOT_APPLICABLE"", ""reason"": ""not required""},
    ""processing_quality"": {""status"": ""NOT_APPLICABLE"", ""reason"": ""not required""},
    ""vertical_semantics"": {""status"": ""NOT_APPLICABLE"", ""reason"": ""not required""},
    ""temporal_causality"": {""status"": ""NOT_APPLICABLE"", ""reason"": ""not required""},
    ""evaluation_independence"": {""status"": ""PASS"", ""reason"": ""split mode is scene, which is acceptable for validation""},
    ""nodata_physical_domain"": {""status"": ""NOT_APPLICABLE"", ""reason"": ""not required""},
    ""uncertainty_fitness"": {""status"": ""NOT_APPLICABLE"", ""reason"": ""not required""}
  },
  ""summary"": ""Workflow passes all obligations given the provided information and the absence of specific constraints."",
  ""confidence"": 5
}"
SGX3_BLIND_landcover_change_007,strong_A,Qwen/Qwen2.5-7B-Instruct,PROVEN,1.0,5,"{""provenance"": {""status"": ""PASS"", ""reason"": ""source is supplied""}, ""categorical_semantics"": {""status"": ""PASS"", ""reason"": ""categorical resampling method used""}, ""spatial_support_resolution"": {""status"": ""PASS"", ""reason"": ""target resolution is coarser than original""}, ""units_quantity"": {""status"": ""PASS"", ""reason"": ""unit is not required and not provided""}, ""crs_geometry_area"": {""status"": ""PASS"", ""reason"": ""geometric properties are preserved""}, ""spectral_semantics"": {""status"": ""NOT_APPLICABLE"", ""reason"": ""not required""}, ""processing_quality"": {""status"": ""NOT_APPLICABLE"", ""reason"": ""not required""}, ""vertical_semantics"": {""status"": ""NOT_APPLICABLE"", ""reason"": ""not required""}, ""temporal_causality"": {""status"": ""NOT_APPLICABLE"", ""reason"": ""not required""}, ""evaluation_independence"": {""status"": ""NOT_APPLICABLE"", ""reason"": ""not required""}, ""nodata_physical_domain"": {""status"": ""NOT_APPLICABLE"", ""reason"": ""not required""}, ""uncertainty_fitness"": {""status"": ""NOT_APPLICABLE"", ""reason"": ""not required""}}",Categorical resampling to a coarser resolution is appropriate and no other proof obligations are applicable.,"{
  ""obligations"": {
    ""provenance"": {""status"": ""PASS"", ""reason"": ""source is supplied""},
    ""categorical_semantics"": {""status"": ""PASS"", ""reason"": ""categorical resampling method used""},
    ""spatial_support_resolution"": {""status"": ""PASS"", ""reason"": ""target resolution is coarser than original""},
    ""units_quantity"": {""status"": ""PASS"", ""reason"": ""unit is not required and not provided""},
    ""crs_geometry_area"": {""status"": ""PASS"", ""reason"": ""geometric properties are preserved""},
    ""spectral_semantics"": {""status"": ""NOT_APPLICABLE"", ""reason"": ""not required""},
    ""processing_quality"": {""status"": ""NOT_APPLICABLE"", ""reason"": ""not required""},
    ""vertical_semantics"": {""status"": ""NOT_APPLICABLE"", ""reason"": ""not required""},
    ""temporal_causality"": {""status"": ""NOT_APPLICABLE"", ""reason"": ""not required""},
    ""evaluation_independence"": {""status"": ""NOT_APPLICABLE"", ""reason"": ""not required""},
    ""nodata_physical_domain"": {""status"": ""NOT_APPLICABLE"", ""reason"": ""not required""},
    ""uncertainty_fitness"": {""status"": ""NOT_APPLICABLE"", ""reason"": ""not required""}
  },
  ""summary"": ""Categorical resampling to a coarser resolution is appropriate and no other proof obligations are applicable."",
  ""confidence"": 5
}"
SGX3_HELDOUT-FAMILY_unit_dimension_mismatch_003,strong_A,Qwen/Qwen2.5-7B-Instruct,PROVEN,1.0,5,"{""provenance"": {""status"": ""PASS"", ""reason"": ""authoritative source is supplied""}, ""categorical_semantics"": {""status"": ""NOT_APPLICABLE"", ""reason"": ""not required""}, ""spatial_support_resolution"": {""status"": ""PASS"", ""reason"": ""resolution remains consistent""}, ""units_quantity"": {""status"": ""PASS"", ""reason"": ""unit conversion is dimensionally consistent""}, ""crs_geometry_area"": {""status"": ""PASS"", ""reason"": ""CRS remains consistent""}, ""spectral_semantics"": {""status"": ""NOT_APPLICABLE"", ""reason"": ""not required""}, ""processing_quality"": {""status"": ""NOT_APPLICABLE"", ""reason"": ""not required""}, ""vertical_semantics"": {""status"": ""NOT_APPLICABLE"", ""reason"": ""not required""}, ""temporal_causality"": {""status"": ""NOT_APPLICABLE"", ""reason"": ""not required""}, ""evaluation_independence"": {""status"": ""NOT_APPLICABLE"", ""reason"": ""not required""}, ""nodata_physical_domain"": {""status"": ""NOT_APPLICABLE"", ""reason"": ""not required""}, ""uncertainty_fitness"": {""status"": ""NOT_APPLICABLE"", ""reason"": ""not required""}}",Unit conversion maintains dimensional consistency and does not introduce new information or constraints.,"{
  ""obligations"": {
    ""provenance"": {""status"": ""PASS"", ""reason"": ""authoritative source is supplied""},
    ""categorical_semantics"": {""status"": ""NOT_APPLICABLE"", ""reason"": ""not required""},
    ""spatial_support_resolution"": {""status"": ""PASS"", ""reason"": ""resolution remains consistent""},
    ""units_quantity"": {""status"": ""PASS"", ""reason"": ""unit conversion is dimensionally consistent""},
    ""crs_geometry_area"": {""status"": ""PASS"", ""reason"": ""CRS remains consistent""},
    ""spectral_semantics"": {""status"": ""NOT_APPLICABLE"", ""reason"": ""not required""},
    ""processing_quality"": {""status"": ""NOT_APPLICABLE"", ""reason"": ""not required""},
    ""vertical_semantics"": {""status"": ""NOT_APPLICABLE"", ""reason"": ""not required""},
    ""temporal_causality"": {""status"": ""NOT_APPLICABLE"", ""reason"": ""not required""},
    ""evaluation_independence"": {""status"": ""NOT_APPLICABLE"", ""reason"": ""not required""},
    ""nodata_physical_domain"": {""status"": ""NOT_APPLICABLE"", ""reason"": ""not required""},
    ""uncertainty_fitness"": {""status"": ""NOT_APPLICABLE"", ""reason"": ""not required""}
  },
  ""summary"": ""Unit conversion maintains dimensional consistency and does not introduce new information or constraints."",
  ""confidence"": 5
}"
SGX3_DEVELOPMENT_spatial_split_leakage_006,strong_A,Qwen/Qwen2.5-7B-Instruct,PROVEN,1.0,5,"{""provenance"": {""status"": ""PASS"", ""reason"": ""authoritative source is supplied""}, ""categorical_semantics"": {""status"": ""NOT_APPLICABLE"", ""reason"": ""not required""}, ""spatial_support_resolution"": {""status"": ""PASS"", ""reason"": ""resolution is consistent with separation distance""}, ""units_quantity"": {""status"": ""NOT_APPLICABLE"", ""reason"": ""not required""}, ""crs_geometry_area"": {""status"": ""PASS"", ""reason"": ""consistent CRS and spatial support""}, ""spectral_semantics"": {""status"": ""NOT_APPLICABLE"", ""reason"": ""not required""}, ""processing_quality"": {""status"": ""NOT_APPLICABLE"", ""reason"": ""not required""}, ""vertical_semantics"": {""status"": ""NOT_APPLICABLE"", ""reason"": ""not required""}, ""temporal_causality"": {""status"": ""NOT_APPLICABLE"", ""reason"": ""not required""}, ""evaluation_independence"": {""status"": ""PASS"", ""reason"": ""no spatial dependence specified""}, ""nodata_physical_domain"": {""status"": ""NOT_APPLICABLE"", ""reason"": ""not required""}, ""uncertainty_fitness"": {""status"": ""NOT_APPLICABLE"", ""reason"": ""not required""}}",Spatial split operation is valid given the provided parameters and no additional constraints were declared.,"{
  ""obligations"": {
    ""provenance"": {""status"": ""PASS"", ""reason"": ""authoritative source is supplied""},
    ""categorical_semantics"": {""status"": ""NOT_APPLICABLE"", ""reason"": ""not required""},
    ""spatial_support_resolution"": {""status"": ""PASS"", ""reason"": ""resolution is consistent with separation distance""},
    ""units_quantity"": {""status"": ""NOT_APPLICABLE"", ""reason"": ""not required""},
    ""crs_geometry_area"": {""status"": ""PASS"", ""reason"": ""consistent CRS and spatial support""},
    ""spectral_semantics"": {""status"": ""NOT_APPLICABLE"", ""reason"": ""not required""},
    ""processing_quality"": {""status"": ""NOT_APPLICABLE"", ""reason"": ""not required""},
    ""vertical_semantics"": {""status"": ""NOT_APPLICABLE"", ""reason"": ""not required""},
    ""temporal_causality"": {""status"": ""NOT_APPLICABLE"", ""reason"": ""not required""},
    ""evaluation_independence"": {""status"": ""PASS"", ""reason"": ""no spatial dependence specified""},
    ""nodata_physical_domain"": {""status"": ""NOT_APPLICABLE"", ""reason"": ""not required""},
    ""uncertainty_fitness"": {""status"": ""NOT_APPLICABLE"", ""reason"": ""not required""}
  },
  ""summary"": ""Spatial split operation is valid given the provided parameters and no additional constraints were declared."",
  ""confidence"": 5
}"
SGX3_HELDOUT-FAMILY_temporal_split_overlap_011,strong_A,Qwen/Qwen2.5-7B-Instruct,REFUTED,1.0,5,"{""provenance"": {""status"": ""PASS"", ""reason"": ""authoritative source is supplied""}, ""categorical_semantics"": {""status"": ""NOT_APPLICABLE"", ""reason"": ""not required""}, ""spatial_support_resolution"": {""status"": ""NOT_APPLICABLE"", ""reason"": ""not required""}, ""units_quantity"": {""status"": ""NOT_APPLICABLE"", ""reason"": ""not required""}, ""crs_geometry_area"": {""status"": ""NOT_APPLICABLE"", ""reason"": ""not required""}, ""spectral_semantics"": {""status"": ""NOT_APPLICABLE"", ""reason"": ""not required""}, ""processing_quality"": {""status"": ""NOT_APPLICABLE"", ""reason"": ""not required""}, ""vertical_semantics"": {""status"": ""NOT_APPLICABLE"", ""reason"": ""not required""}, ""temporal_causality"": {""status"": ""FAIL"", ""reason"": ""test data starts before training ends""}, ""evaluation_independence"": {""status"": ""PASS"", ""reason"": ""no spatial, temporal, or scene dependence is indicated""}, ""nodata_physical_domain"": {""status"": ""NOT_APPLICABLE"", ""reason"": ""not required""}, ""uncertainty_fitness"": {""status"": ""NOT_APPLICABLE"", ""reason"": ""not required""}}","Temporal split has overlap between train and test sets, violating temporal causality.","{
  ""obligations"": {
    ""provenance"": {""status"": ""PASS"", ""reason"": ""authoritative source is supplied""},
    ""categorical_semantics"": {""status"": ""NOT_APPLICABLE"", ""reason"": ""not required""},
    ""spatial_support_resolution"": {""status"": ""NOT_APPLICABLE"", ""reason"": ""not required""},
    ""units_quantity"": {""status"": ""NOT_APPLICABLE"", ""reason"": ""not required""},
    ""crs_geometry_area"": {""status"": ""NOT_APPLICABLE"", ""reason"": ""not required""},
    ""spectral_semantics"": {""status"": ""NOT_APPLICABLE"", ""reason"": ""not required""},
    ""processing_quality"": {""status"": ""NOT_APPLICABLE"", ""reason"": ""not required""},
    ""vertical_semantics"": {""status"": ""NOT_APPLICABLE"", ""reason"": ""not required""},
    ""temporal_causality"": {""status"": ""FAIL"", ""reason"": ""test data starts before training ends""},
    ""evaluation_independence"": {""status"": ""PASS"", ""reason"": ""no spatial, temporal, or scene dependence is indicated""},
    ""nodata_physical_domain"": {""status"": ""NOT_APPLICABLE"", ""reason"": ""not required""},
    ""uncertainty_fitness"": {""status"": ""NOT_APPLICABLE"", ""reason"": ""not required""}
  },
  ""summary"": ""Temporal split has overlap between train and test sets, violating temporal causality."",
  ""confidence"": 5
}"
SGX3_DEVELOPMENT_unsupported_resolution_gain_013,strong_A,Qwen/Qwen2.5-7B-Instruct,PROVEN,1.0,5,"{""provenance"": {""status"": ""PASS"", ""reason"": ""authoritative source is supplied""}, ""categorical_semantics"": {""status"": ""NOT_APPLICABLE"", ""reason"": ""not required""}, ""spatial_support_resolution"": {""status"": ""PASS"", ""reason"": ""downsampling does not claim new spatial information""}, ""units_quantity"": {""status"": ""NOT_APPLICABLE"", ""reason"": ""not required""}, ""crs_geometry_area"": {""status"": ""NOT_APPLICABLE"", ""reason"": ""not required""}, ""spectral_semantics"": {""status"": ""NOT_APPLICABLE"", ""reason"": ""not required""}, ""processing_quality"": {""status"": ""NOT_APPLICABLE"", ""reason"": ""not required""}, ""vertical_semantics"": {""status"": ""NOT_APPLICABLE"", ""reason"": ""not required""}, ""temporal_causality"": {""status"": ""NOT_APPLICABLE"", ""reason"": ""not required""}, ""evaluation_independence"": {""status"": ""NOT_APPLICABLE"", ""reason"": ""not required""}, ""nodata_physical_domain"": {""status"": ""NOT_APPLICABLE"", ""reason"": ""not required""}, ""uncertainty_fitness"": {""status"": ""NOT_APPLICABLE"", ""reason"": ""not required""}}",Downsampling without new information claim and no other required constraints are met.,"{
  ""obligations"": {
    ""provenance"": {""status"": ""PASS"", ""reason"": ""authoritative source is supplied""},
    ""categorical_semantics"": {""status"": ""NOT_APPLICABLE"", ""reason"": ""not required""},
    ""spatial_support_resolution"": {""status"": ""PASS"", ""reason"": ""downsampling does not claim new spatial information""},
    ""units_quantity"": {""status"": ""NOT_APPLICABLE"", ""reason"": ""not required""},
    ""crs_geometry_area"": {""status"": ""NOT_APPLICABLE"", ""reason"": ""not required""},
    ""spectral_semantics"": {""status"": ""NOT_APPLICABLE"", ""reason"": ""not required""},
    ""processing_quality"": {""status"": ""NOT_APPLICABLE"", ""reason"": ""not required""},
    ""vertical_semantics"": {""status"": ""NOT_APPLICABLE"", ""reason"": ""not required""},
    ""temporal_causality"": {""status"": ""NOT_APPLICABLE"", ""reason"": ""not required""},
    ""evaluation_independence"": {""status"": ""NOT_APPLICABLE"", ""reason"": ""not required""},
    ""nodata_physical_domain"": {""status"": ""NOT_APPLICABLE"", ""reason"": ""not required""},
    ""uncertainty_fitness"": {""status"": ""NOT_APPLICABLE"", ""reason"": ""not required""}
  },
  ""summary"": ""Downsampling without new information claim and no other required constraints are met."",
  ""confidence"": 5
}"
SGX3_BLIND_flood_depth_002,strong_A,Qwen/Qwen2.5-7B-Instruct,REFUTED,1.0,5,"{""provenance"": {""status"": ""PASS"", ""reason"": ""both sources are supplied""}, ""categorical_semantics"": {""status"": ""NOT_APPLICABLE"", ""reason"": ""no categorical operations involved""}, ""spatial_support_resolution"": {""status"": ""PASS"", ""reason"": ""resolutions match for vertical combination""}, ""units_quantity"": {""status"": ""FAIL"", ""reason"": ""water level converted to Kelvin, invalid unit conversion""}, ""crs_geometry_area"": {""status"": ""PASS"", ""reason"": ""same CRS for both inputs""}, ""spectral_semantics"": {""status"": ""NOT_APPLICABLE"", ""reason"": ""no spectral operations involved""}, ""processing_quality"": {""status"": ""NOT_APPLICABLE"", ""reason"": ""no processing quality metadata provided""}, ""vertical_semantics"": {""status"": ""PASS"", ""reason"": ""vertical combination is valid""}, ""temporal_causality"": {""status"": ""NOT_APPLICABLE"", ""reason"": ""no temporal operations involved""}, ""evaluation_independence"": {""status"": ""NOT_APPLICABLE"", ""reason"": ""no evaluation split involved""}, ""nodata_physical_domain"": {""status"": ""NOT_APPLICABLE"", ""reason"": ""no nodata semantics provided""}, ""uncertainty_fitness"": {""status"": ""NOT_APPLICABLE"", ""reason"": ""no uncertainty requirement specified""}}",Invalid unit conversion in the workflow,"{
  ""obligations"": {
    ""provenance"": {""status"": ""PASS"", ""reason"": ""both sources are supplied""},
    ""categorical_semantics"": {""status"": ""NOT_APPLICABLE"", ""reason"": ""no categorical operations involved""},
    ""spatial_support_resolution"": {""status"": ""PASS"", ""reason"": ""resolutions match for vertical combination""},
    ""units_quantity"": {""status"": ""FAIL"", ""reason"": ""water level converted to Kelvin, invalid unit conversion""},
    ""crs_geometry_area"": {""status"": ""PASS"", ""reason"": ""same CRS for both inputs""},
    ""spectral_semantics"": {""status"": ""NOT_APPLICABLE"", ""reason"": ""no spectral operations involved""},
    ""processing_quality"": {""status"": ""NOT_APPLICABLE"", ""reason"": ""no processing quality metadata provided""},
    ""vertical_semantics"": {""status"": ""PASS"", ""reason"": ""vertical combination is valid""},
    ""temporal_causality"": {""status"": ""NOT_APPLICABLE"", ""reason"": ""no temporal operations involved""},
    ""evaluation_independence"": {""status"": ""NOT_APPLICABLE"", ""reason"": ""no evaluation split involved""},
    ""nodata_physical_domain"": {""status"": ""NOT_APPLICABLE"", ""reason"": ""no nodata semantics provided""},
    ""uncertainty_fitness"": {""status"": ""NOT_APPLICABLE"", ""reason"": ""no uncertainty requirement specified""}
  },
  ""summary"": ""Invalid unit conversion in the workflow"",
  ""confidence"": 5
}"
SGX3_BLIND_landslide_forecast_034,strong_A,Qwen/Qwen2.5-7B-Instruct,REFUTED,1.0,5,"{""provenance"": {""status"": ""PASS"", ""reason"": ""both sources have authoritative provenance""}, ""categorical_semantics"": {""status"": ""NOT_APPLICABLE"", ""reason"": ""no categorical operations involved""}, ""spatial_support_resolution"": {""status"": ""PASS"", ""reason"": ""resolutions are compatible for co-location""}, ""units_quantity"": {""status"": ""NOT_APPLICABLE"", ""reason"": ""no specific units or quantities required""}, ""crs_geometry_area"": {""status"": ""PASS"", ""reason"": ""same CRS and no angular coordinates used""}, ""spectral_semantics"": {""status"": ""NOT_APPLICABLE"", ""reason"": ""no spectral bands or indices used""}, ""processing_quality"": {""status"": ""NOT_APPLICABLE"", ""reason"": ""no processing quality metadata provided""}, ""vertical_semantics"": {""status"": ""PASS"", ""reason"": ""compatible vertical datums (one unspecified)""}, ""temporal_causality"": {""status"": ""FAIL"", ""reason"": ""IMERG data available after decision time""}, ""evaluation_independence"": {""status"": ""NOT_APPLICABLE"", ""reason"": ""no evaluation split in workflow""}, ""nodata_physical_domain"": {""status"": ""NOT_APPLICABLE"", ""reason"": ""no nodata semantics or value ranges required""}, ""uncertainty_fitness"": {""status"": ""NOT_APPLICABLE"", ""reason"": ""no uncertainty requirement specified""}}",Temporal causality violation due to IMERG data availability after decision time,"{
  ""obligations"": {
    ""provenance"": {""status"": ""PASS"", ""reason"": ""both sources have authoritative provenance""},
    ""categorical_semantics"": {""status"": ""NOT_APPLICABLE"", ""reason"": ""no categorical operations involved""},
    ""spatial_support_resolution"": {""status"": ""PASS"", ""reason"": ""resolutions are compatible for co-location""},
    ""units_quantity"": {""status"": ""NOT_APPLICABLE"", ""reason"": ""no specific units or quantities required""},
    ""crs_geometry_area"": {""status"": ""PASS"", ""reason"": ""same CRS and no angular coordinates used""},
    ""spectral_semantics"": {""status"": ""NOT_APPLICABLE"", ""reason"": ""no spectral bands or indices used""},
    ""processing_quality"": {""status"": ""NOT_APPLICABLE"", ""reason"": ""no processing quality metadata provided""},
    ""vertical_semantics"": {""status"": ""PASS"", ""reason"": ""compatible vertical datums (one unspecified)""},
    ""temporal_causality"": {""status"": ""FAIL"", ""reason"": ""IMERG data available after decision time""},
    ""evaluation_independence"": {""status"": ""NOT_APPLICABLE"", ""reason"": ""no evaluation split in workflow""},
    ""nodata_physical_domain"": {""status"": ""NOT_APPLICABLE"", ""reason"": ""no nodata semantics or value ranges required""},
    ""uncertainty_fitness"": {""status"": ""NOT_APPLICABLE"", ""reason"": ""no uncertainty requirement specified""}
  },
  ""summary"": ""Temporal causality violation due to IMERG data availability after decision time"",
  ""confidence"": 5
}"
SGX3_HELDOUT-FAMILY_scene_overlap_leakage_006,strong_A,Qwen/Qwen2.5-7B-Instruct,PROVEN,1.0,5,"{""provenance"": {""status"": ""PASS"", ""reason"": ""authoritative source is supplied""}, ""categorical_semantics"": {""status"": ""NOT_APPLICABLE"", ""reason"": ""not required""}, ""spatial_support_resolution"": {""status"": ""PASS"", ""reason"": ""resolution is consistent""}, ""units_quantity"": {""status"": ""NOT_APPLICABLE"", ""reason"": ""not required""}, ""crs_geometry_area"": {""status"": ""PASS"", ""reason"": ""consistent CRS""}, ""spectral_semantics"": {""status"": ""NOT_APPLICABLE"", ""reason"": ""not required""}, ""processing_quality"": {""status"": ""NOT_APPLICABLE"", ""reason"": ""not required""}, ""vertical_semantics"": {""status"": ""NOT_APPLICABLE"", ""reason"": ""not required""}, ""temporal_causality"": {""status"": ""NOT_APPLICABLE"", ""reason"": ""not required""}, ""evaluation_independence"": {""status"": ""PASS"", ""reason"": ""scene overlap fraction does not imply spatial dependence""}, ""nodata_physical_domain"": {""status"": ""NOT_APPLICABLE"", ""reason"": ""not required""}, ""uncertainty_fitness"": {""status"": ""NOT_APPLICABLE"", ""reason"": ""not required""}}",Scene overlap splitting is performed without violating any scientific constraints.,"{
  ""obligations"": {
    ""provenance"": {""status"": ""PASS"", ""reason"": ""authoritative source is supplied""},
    ""categorical_semantics"": {""status"": ""NOT_APPLICABLE"", ""reason"": ""not required""},
    ""spatial_support_resolution"": {""status"": ""PASS"", ""reason"": ""resolution is consistent""},
    ""units_quantity"": {""status"": ""NOT_APPLICABLE"", ""reason"": ""not required""},
    ""crs_geometry_area"": {""status"": ""PASS"", ""reason"": ""consistent CRS""},
    ""spectral_semantics"": {""status"": ""NOT_APPLICABLE"", ""reason"": ""not required""},
    ""processing_quality"": {""status"": ""NOT_APPLICABLE"", ""reason"": ""not required""},
    ""vertical_semantics"": {""status"": ""NOT_APPLICABLE"", ""reason"": ""not required""},
    ""temporal_causality"": {""status"": ""NOT_APPLICABLE"", ""reason"": ""not required""},
    ""evaluation_independence"": {""status"": ""PASS"", ""reason"": ""scene overlap fraction does not imply spatial dependence""},
    ""nodata_physical_domain"": {""status"": ""NOT_APPLICABLE"", ""reason"": ""not required""},
    ""uncertainty_fitness"": {""status"": ""NOT_APPLICABLE"", ""reason"": ""not required""}
  },
  ""summary"": ""Scene overlap splitting is performed without violating any scientific constraints."",
  ""confidence"": 5
}"
SGX3_HELDOUT-FAMILY_uncertainty_missing_001,strong_A,Qwen/Qwen2.5-7B-Instruct,PROVEN,1.0,5,"{""provenance"": {""status"": ""PASS"", ""reason"": ""authoritative source is supplied""}, ""categorical_semantics"": {""status"": ""NOT_APPLICABLE"", ""reason"": ""not required""}, ""spatial_support_resolution"": {""status"": ""PASS"", ""reason"": ""resolution meets max_resolution_m requirement""}, ""units_quantity"": {""status"": ""PASS"", ""reason"": ""unit is dimensionless and required_unit is null""}, ""crs_geometry_area"": {""status"": ""PASS"", ""reason"": ""coordinate reference system is specified""}, ""spectral_semantics"": {""status"": ""NOT_APPLICABLE"", ""reason"": ""not required""}, ""processing_quality"": {""status"": ""NOT_APPLICABLE"", ""reason"": ""not required""}, ""vertical_semantics"": {""status"": ""NOT_APPLICABLE"", ""reason"": ""not required""}, ""temporal_causality"": {""status"": ""NOT_APPLICABLE"", ""reason"": ""no temporal operations are performed""}, ""evaluation_independence"": {""status"": ""NOT_APPLICABLE"", ""reason"": ""no evaluation split is present""}, ""nodata_physical_domain"": {""status"": ""PASS"", ""reason"": ""nodata semantics are not required""}, ""uncertainty_fitness"": {""status"": ""PASS"", ""reason"": ""uncertainty within max_uncertainty requirement""}}",Workflow meets all applicable proof obligations within specified constraints.,"{
  ""obligations"": {
    ""provenance"": {""status"": ""PASS"", ""reason"": ""authoritative source is supplied""},
    ""categorical_semantics"": {""status"": ""NOT_APPLICABLE"", ""reason"": ""not required""},
    ""spatial_support_resolution"": {""status"": ""PASS"", ""reason"": ""resolution meets max_resolution_m requirement""},
    ""units_quantity"": {""status"": ""PASS"", ""reason"": ""unit is dimensionless and required_unit is null""},
    ""crs_geometry_area"": {""status"": ""PASS"", ""reason"": ""coordinate reference system is specified""},
    ""spectral_semantics"": {""status"": ""NOT_APPLICABLE"", ""reason"": ""not required""},
    ""processing_quality"": {""status"": ""NOT_APPLICABLE"", ""reason"": ""not required""},
    ""vertical_semantics"": {""status"": ""NOT_APPLICABLE"", ""reason"": ""not required""},
    ""temporal_causality"": {""status"": ""NOT_APPLICABLE"", ""reason"": ""no temporal operations are performed""},
    ""evaluation_independence"": {""status"": ""NOT_APPLICABLE"", ""reason"": ""no evaluation split is present""},
    ""nodata_physical_domain"": {""status"": ""PASS"", ""reason"": ""nodata semantics are not required""},
    ""uncertainty_fitness"": {""status"": ""PASS"", ""reason"": ""uncertainty within max_uncertainty requirement""}
  },
  ""summary"": ""Workflow meets all applicable proof obligations within specified constraints."",
  ""confidence"": 5
}"
SGX3_DEVELOPMENT_rate_mean_as_accumulation_004,strong_A,Qwen/Qwen2.5-7B-Instruct,PROVEN,1.0,5,"{""provenance"": {""status"": ""PASS"", ""reason"": ""authoritative source is supplied""}, ""categorical_semantics"": {""status"": ""NOT_APPLICABLE"", ""reason"": ""not required""}, ""spatial_support_resolution"": {""status"": ""NOT_APPLICABLE"", ""reason"": ""not required""}, ""units_quantity"": {""status"": ""PASS"", ""reason"": ""dimensionally consistent and valid unit conversion""}, ""crs_geometry_area"": {""status"": ""NOT_APPLICABLE"", ""reason"": ""not required""}, ""spectral_semantics"": {""status"": ""NOT_APPLICABLE"", ""reason"": ""not required""}, ""processing_quality"": {""status"": ""NOT_APPLICABLE"", ""reason"": ""not required""}, ""vertical_semantics"": {""status"": ""NOT_APPLICABLE"", ""reason"": ""not required""}, ""temporal_causality"": {""status"": ""NOT_APPLICABLE"", ""reason"": ""not required""}, ""evaluation_independence"": {""status"": ""NOT_APPLICABLE"", ""reason"": ""not required""}, ""nodata_physical_domain"": {""status"": ""NOT_APPLICABLE"", ""reason"": ""not required""}, ""uncertainty_fitness"": {""status"": ""NOT_APPLICABLE"", ""reason"": ""not required""}}","Workflow operation is dimensionally consistent and valid, but no additional constraints were declared for other obligations.","{
  ""obligations"": {
    ""provenance"": {""status"": ""PASS"", ""reason"": ""authoritative source is supplied""},
    ""categorical_semantics"": {""status"": ""NOT_APPLICABLE"", ""reason"": ""not required""},
    ""spatial_support_resolution"": {""status"": ""NOT_APPLICABLE"", ""reason"": ""not required""},
    ""units_quantity"": {""status"": ""PASS"", ""reason"": ""dimensionally consistent and valid unit conversion""},
    ""crs_geometry_area"": {""status"": ""NOT_APPLICABLE"", ""reason"": ""not required""},
    ""spectral_semantics"": {""status"": ""NOT_APPLICABLE"", ""reason"": ""not required""},
    ""processing_quality"": {""status"": ""NOT_APPLICABLE"", ""reason"": ""not required""},
    ""vertical_semantics"": {""status"": ""NOT_APPLICABLE"", ""reason"": ""not required""},
    ""temporal_causality"": {""status"": ""NOT_APPLICABLE"", ""reason"": ""not required""},
    ""evaluation_independence"": {""status"": ""NOT_APPLICABLE"", ""reason"": ""not required""},
    ""nodata_physical_domain"": {""status"": ""NOT_APPLICABLE"", ""reason"": ""not required""},
    ""uncertainty_fitness"": {""status"": ""NOT_APPLICABLE"", ""reason"": ""not required""}
  },
  ""summary"": ""Workflow operation is dimensionally consistent and valid, but no additional constraints were declared for other obligations."",
  ""confidence"": 5
}"
SGX3_BLIND_landcover_change_032,strong_A,Qwen/Qwen2.5-7B-Instruct,PROVEN,1.0,5,"{""provenance"": {""status"": ""PASS"", ""reason"": ""source is supplied""}, ""categorical_semantics"": {""status"": ""PASS"", ""reason"": ""categorical resampling method (lanczos) preserves category identity""}, ""spatial_support_resolution"": {""status"": ""PASS"", ""reason"": ""target resolution is finer than original""}, ""units_quantity"": {""status"": ""PASS"", ""reason"": ""unit is not required and not provided""}, ""crs_geometry_area"": {""status"": ""PASS"", ""reason"": ""coordinate system is EPSG:4326, no specific geometry or area issues""}, ""spectral_semantics"": {""status"": ""NOT_APPLICABLE"", ""reason"": ""not required""}, ""processing_quality"": {""status"": ""NOT_APPLICABLE"", ""reason"": ""not required""}, ""vertical_semantics"": {""status"": ""NOT_APPLICABLE"", ""reason"": ""not required""}, ""temporal_causality"": {""status"": ""NOT_APPLICABLE"", ""reason"": ""not required""}, ""evaluation_independence"": {""status"": ""NOT_APPLICABLE"", ""reason"": ""not required""}, ""nodata_physical_domain"": {""status"": ""NOT_APPLICABLE"", ""reason"": ""not required""}, ""uncertainty_fitness"": {""status"": ""NOT_APPLICABLE"", ""reason"": ""not required""}}","Resampling method preserves categorical semantics and target resolution is finer than original, no other proof obligations apply.","{
  ""obligations"": {
    ""provenance"": {""status"": ""PASS"", ""reason"": ""source is supplied""},
    ""categorical_semantics"": {""status"": ""PASS"", ""reason"": ""categorical resampling method (lanczos) preserves category identity""},
    ""spatial_support_resolution"": {""status"": ""PASS"", ""reason"": ""target resolution is finer than original""},
    ""units_quantity"": {""status"": ""PASS"", ""reason"": ""unit is not required and not provided""},
    ""crs_geometry_area"": {""status"": ""PASS"", ""reason"": ""coordinate system is EPSG:4326, no specific geometry or area issues""},
    ""spectral_semantics"": {""status"": ""NOT_APPLICABLE"", ""reason"": ""not required""},
    ""processing_quality"": {""status"": ""NOT_APPLICABLE"", ""reason"": ""not required""},
    ""vertical_semantics"": {""status"": ""NOT_APPLICABLE"", ""reason"": ""not required""},
    ""temporal_causality"": {""status"": ""NOT_APPLICABLE"", ""reason"": ""not required""},
    ""evaluation_independence"": {""status"": ""NOT_APPLICABLE"", ""reason"": ""not required""},
    ""nodata_physical_domain"": {""status"": ""NOT_APPLICABLE"", ""reason"": ""not required""},
    ""uncertainty_fitness"": {""status"": ""NOT_APPLICABLE"", ""reason"": ""not required""}
  },
  ""summary"": ""Resampling method preserves categorical semantics and target resolution is finer than original, no other proof obligations apply."",
  ""confidence"": 5
}"
SGX3_HELDOUT-FAMILY_missing_provenance_000,strong_A,Qwen/Qwen2.5-7B-Instruct,REFUTED,1.0,5,"{""provenance"": {""status"": ""FAIL"", ""reason"": ""required but not supplied""}, ""categorical_semantics"": {""status"": ""NOT_APPLICABLE"", ""reason"": ""not required""}, ""spatial_support_resolution"": {""status"": ""PASS"", ""reason"": ""resolution is supplied""}, ""units_quantity"": {""status"": ""FAIL"", ""reason"": ""unit is required but not supplied""}, ""crs_geometry_area"": {""status"": ""PASS"", ""reason"": ""CRS is supplied""}, ""spectral_semantics"": {""status"": ""NOT_APPLICABLE"", ""reason"": ""not required""}, ""processing_quality"": {""status"": ""NOT_APPLICABLE"", ""reason"": ""not required""}, ""vertical_semantics"": {""status"": ""NOT_APPLICABLE"", ""reason"": ""not required""}, ""temporal_causality"": {""status"": ""NOT_APPLICABLE"", ""reason"": ""not required""}, ""evaluation_independence"": {""status"": ""NOT_APPLICABLE"", ""reason"": ""not required""}, ""nodata_physical_domain"": {""status"": ""NOT_APPLICABLE"", ""reason"": ""not required""}, ""uncertainty_fitness"": {""status"": ""NOT_APPLICABLE"", ""reason"": ""not required""}}",Missing provenance and required unit; no other evidence contradicts the obligations.,"{
  ""obligations"": {
    ""provenance"": {""status"": ""FAIL"", ""reason"": ""required but not supplied""},
    ""categorical_semantics"": {""status"": ""NOT_APPLICABLE"", ""reason"": ""not required""},
    ""spatial_support_resolution"": {""status"": ""PASS"", ""reason"": ""resolution is supplied""},
    ""units_quantity"": {""status"": ""FAIL"", ""reason"": ""unit is required but not supplied""},
    ""crs_geometry_area"": {""status"": ""PASS"", ""reason"": ""CRS is supplied""},
    ""spectral_semantics"": {""status"": ""NOT_APPLICABLE"", ""reason"": ""not required""},
    ""processing_quality"": {""status"": ""NOT_APPLICABLE"", ""reason"": ""not required""},
    ""vertical_semantics"": {""status"": ""NOT_APPLICABLE"", ""reason"": ""not required""},
    ""temporal_causality"": {""status"": ""NOT_APPLICABLE"", ""reason"": ""not required""},
    ""evaluation_independence"": {""status"": ""NOT_APPLICABLE"", ""reason"": ""not required""},
    ""nodata_physical_domain"": {""status"": ""NOT_APPLICABLE"", ""reason"": ""not required""},
    ""uncertainty_fitness"": {""status"": ""NOT_APPLICABLE"", ""reason"": ""not required""}
  },
  ""summary"": ""Missing provenance and required unit; no other evidence contradicts the obligations."",
  ""confidence"": 5
}"
SGX3_HELDOUT-FAMILY_physical_range_violation_009,strong_A,Qwen/Qwen2.5-7B-Instruct,PROVEN,1.0,5,"{""provenance"": {""status"": ""PASS"", ""reason"": ""authoritative source is supplied""}, ""categorical_semantics"": {""status"": ""NOT_APPLICABLE"", ""reason"": ""not required""}, ""spatial_support_resolution"": {""status"": ""PASS"", ""reason"": ""resolution is within acceptable range""}, ""units_quantity"": {""status"": ""PASS"", ""reason"": ""unit is dimensionless and within valid range""}, ""crs_geometry_area"": {""status"": ""PASS"", ""reason"": ""coordinate reference system is specified""}, ""spectral_semantics"": {""status"": ""NOT_APPLICABLE"", ""reason"": ""not required""}, ""processing_quality"": {""status"": ""NOT_APPLICABLE"", ""reason"": ""not required""}, ""vertical_semantics"": {""status"": ""NOT_APPLICABLE"", ""reason"": ""not required""}, ""temporal_causality"": {""status"": ""NOT_APPLICABLE"", ""reason"": ""not required""}, ""evaluation_independence"": {""status"": ""NOT_APPLICABLE"", ""reason"": ""not required""}, ""nodata_physical_domain"": {""status"": ""NOT_APPLICABLE"", ""reason"": ""not required""}, ""uncertainty_fitness"": {""status"": ""NOT_APPLICABLE"", ""reason"": ""not required""}}",Value range assertion is within observed range but exceeds scientific intent.,"{
  ""obligations"": {
    ""provenance"": {""status"": ""PASS"", ""reason"": ""authoritative source is supplied""},
    ""categorical_semantics"": {""status"": ""NOT_APPLICABLE"", ""reason"": ""not required""},
    ""spatial_support_resolution"": {""status"": ""PASS"", ""reason"": ""resolution is within acceptable range""},
    ""units_quantity"": {""status"": ""PASS"", ""reason"": ""unit is dimensionless and within valid range""},
    ""crs_geometry_area"": {""status"": ""PASS"", ""reason"": ""coordinate reference system is specified""},
    ""spectral_semantics"": {""status"": ""NOT_APPLICABLE"", ""reason"": ""not required""},
    ""processing_quality"": {""status"": ""NOT_APPLICABLE"", ""reason"": ""not required""},
    ""vertical_semantics"": {""status"": ""NOT_APPLICABLE"", ""reason"": ""not required""},
    ""temporal_causality"": {""status"": ""NOT_APPLICABLE"", ""reason"": ""not required""},
    ""evaluation_independence"": {""status"": ""NOT_APPLICABLE"", ""reason"": ""not required""},
    ""nodata_physical_domain"": {""status"": ""NOT_APPLICABLE"", ""reason"": ""not required""},
    ""uncertainty_fitness"": {""status"": ""NOT_APPLICABLE"", ""reason"": ""not required""}
  },
  ""summary"": ""Value range assertion is within observed range but exceeds scientific intent."",
  ""confidence"": 5
}"
SGX3_DEVELOPMENT_angular_area_007,strong_A,Qwen/Qwen2.5-7B-Instruct,REFUTED,1.0,5,"{""provenance"": {""status"": ""PASS"", ""reason"": ""authoritative source is supplied""}, ""categorical_semantics"": {""status"": ""NOT_APPLICABLE"", ""reason"": ""not required""}, ""spatial_support_resolution"": {""status"": ""PASS"", ""reason"": ""resolution is specified and consistent with method""}, ""units_quantity"": {""status"": ""PASS"", ""reason"": ""output unit is valid and consistent with method""}, ""crs_geometry_area"": {""status"": ""FAIL"", ""reason"": ""planar area calculation on angular coordinates""}, ""spectral_semantics"": {""status"": ""NOT_APPLICABLE"", ""reason"": ""not required""}, ""processing_quality"": {""status"": ""NOT_APPLICABLE"", ""reason"": ""not required""}, ""vertical_semantics"": {""status"": ""NOT_APPLICABLE"", ""reason"": ""not required""}, ""temporal_causality"": {""status"": ""NOT_APPLICABLE"", ""reason"": ""not required""}, ""evaluation_independence"": {""status"": ""NOT_APPLICABLE"", ""reason"": ""not required""}, ""nodata_physical_domain"": {""status"": ""NOT_APPLICABLE"", ""reason"": ""not required""}, ""uncertainty_fitness"": {""status"": ""NOT_APPLICABLE"", ""reason"": ""not required""}}",Planar area calculation on angular coordinates is scientifically incorrect.,"{
  ""obligations"": {
    ""provenance"": {""status"": ""PASS"", ""reason"": ""authoritative source is supplied""},
    ""categorical_semantics"": {""status"": ""NOT_APPLICABLE"", ""reason"": ""not required""},
    ""spatial_support_resolution"": {""status"": ""PASS"", ""reason"": ""resolution is specified and consistent with method""},
    ""units_quantity"": {""status"": ""PASS"", ""reason"": ""output unit is valid and consistent with method""},
    ""crs_geometry_area"": {""status"": ""FAIL"", ""reason"": ""planar area calculation on angular coordinates""},
    ""spectral_semantics"": {""status"": ""NOT_APPLICABLE"", ""reason"": ""not required""},
    ""processing_quality"": {""status"": ""NOT_APPLICABLE"", ""reason"": ""not required""},
    ""vertical_semantics"": {""status"": ""NOT_APPLICABLE"", ""reason"": ""not required""},
    ""temporal_causality"": {""status"": ""NOT_APPLICABLE"", ""reason"": ""not required""},
    ""evaluation_independence"": {""status"": ""NOT_APPLICABLE"", ""reason"": ""not required""},
    ""nodata_physical_domain"": {""status"": ""NOT_APPLICABLE"", ""reason"": ""not required""},
    ""uncertainty_fitness"": {""status"": ""NOT_APPLICABLE"", ""reason"": ""not required""}
  },
  ""summary"": ""Planar area calculation on angular coordinates is scientifically incorrect."",
  ""confidence"": 5
}"
SGX3_DEVELOPMENT_categorical_interpolation_002,strong_A,Qwen/Qwen2.5-7B-Instruct,PROVEN,1.0,5,"{""provenance"": {""status"": ""PASS"", ""reason"": ""authoritative source is supplied""}, ""categorical_semantics"": {""status"": ""PASS"", ""reason"": ""mode interpolation preserves category identity""}, ""spatial_support_resolution"": {""status"": ""PASS"", ""reason"": ""coarser resolution does not claim new spatial information""}, ""units_quantity"": {""status"": ""NOT_APPLICABLE"", ""reason"": ""not required""}, ""crs_geometry_area"": {""status"": ""PASS"", ""reason"": ""coordinate system is consistent""}, ""spectral_semantics"": {""status"": ""NOT_APPLICABLE"", ""reason"": ""not required""}, ""processing_quality"": {""status"": ""NOT_APPLICABLE"", ""reason"": ""not required""}, ""vertical_semantics"": {""status"": ""NOT_APPLICABLE"", ""reason"": ""not required""}, ""temporal_causality"": {""status"": ""NOT_APPLICABLE"", ""reason"": ""not required""}, ""evaluation_independence"": {""status"": ""NOT_APPLICABLE"", ""reason"": ""not required""}, ""nodata_physical_domain"": {""status"": ""NOT_APPLICABLE"", ""reason"": ""not required""}, ""uncertainty_fitness"": {""status"": ""NOT_APPLICABLE"", ""reason"": ""not required""}}",Categorical interpolation using mode resampling is appropriate for the given workflow.,"{
  ""obligations"": {
    ""provenance"": {""status"": ""PASS"", ""reason"": ""authoritative source is supplied""},
    ""categorical_semantics"": {""status"": ""PASS"", ""reason"": ""mode interpolation preserves category identity""},
    ""spatial_support_resolution"": {""status"": ""PASS"", ""reason"": ""coarser resolution does not claim new spatial information""},
    ""units_quantity"": {""status"": ""NOT_APPLICABLE"", ""reason"": ""not required""},
    ""crs_geometry_area"": {""status"": ""PASS"", ""reason"": ""coordinate system is consistent""},
    ""spectral_semantics"": {""status"": ""NOT_APPLICABLE"", ""reason"": ""not required""},
    ""processing_quality"": {""status"": ""NOT_APPLICABLE"", ""reason"": ""not required""},
    ""vertical_semantics"": {""status"": ""NOT_APPLICABLE"", ""reason"": ""not required""},
    ""temporal_causality"": {""status"": ""NOT_APPLICABLE"", ""reason"": ""not required""},
    ""evaluation_independence"": {""status"": ""NOT_APPLICABLE"", ""reason"": ""not required""},
    ""nodata_physical_domain"": {""status"": ""NOT_APPLICABLE"", ""reason"": ""not required""},
    ""uncertainty_fitness"": {""status"": ""NOT_APPLICABLE"", ""reason"": ""not required""}
  },
  ""summary"": ""Categorical interpolation using mode resampling is appropriate for the given workflow."",
  ""confidence"": 5
}"
SGX3_BLIND_flood_depth_007,strong_A,Qwen/Qwen2.5-7B-Instruct,PROVEN,1.0,5,"{""provenance"": {""status"": ""PASS"", ""reason"": ""both sources are supplied""}, ""categorical_semantics"": {""status"": ""NOT_APPLICABLE"", ""reason"": ""no categorical operations involved""}, ""spatial_support_resolution"": {""status"": ""PASS"", ""reason"": ""both artifacts have the same resolution and CRS""}, ""units_quantity"": {""status"": ""PASS"", ""reason"": ""both artifacts have compatible units (converted water level)""}, ""crs_geometry_area"": {""status"": ""PASS"", ""reason"": ""both artifacts have the same CRS and resolution""}, ""spectral_semantics"": {""status"": ""NOT_APPLICABLE"", ""reason"": ""no spectral operations involved""}, ""processing_quality"": {""status"": ""NOT_APPLICABLE"", ""reason"": ""no processing quality metadata provided""}, ""vertical_semantics"": {""status"": ""PASS"", ""reason"": ""vertical datums are compatible""}, ""temporal_causality"": {""status"": ""NOT_APPLICABLE"", ""reason"": ""no temporal operations involved""}, ""evaluation_independence"": {""status"": ""NOT_APPLICABLE"", ""reason"": ""no evaluation split involved""}, ""nodata_physical_domain"": {""status"": ""NOT_APPLICABLE"", ""reason"": ""no nodata semantics provided""}, ""uncertainty_fitness"": {""status"": ""NOT_APPLICABLE"", ""reason"": ""no uncertainty requirements specified""}}","Workflow operations are consistent with the provided artifacts and scientific intent, with no apparent contradictions.","{
  ""obligations"": {
    ""provenance"": {""status"": ""PASS"", ""reason"": ""both sources are supplied""},
    ""categorical_semantics"": {""status"": ""NOT_APPLICABLE"", ""reason"": ""no categorical operations involved""},
    ""spatial_support_resolution"": {""status"": ""PASS"", ""reason"": ""both artifacts have the same resolution and CRS""},
    ""units_quantity"": {""status"": ""PASS"", ""reason"": ""both artifacts have compatible units (converted water level)""},
    ""crs_geometry_area"": {""status"": ""PASS"", ""reason"": ""both artifacts have the same CRS and resolution""},
    ""spectral_semantics"": {""status"": ""NOT_APPLICABLE"", ""reason"": ""no spectral operations involved""},
    ""processing_quality"": {""status"": ""NOT_APPLICABLE"", ""reason"": ""no processing quality metadata provided""},
    ""vertical_semantics"": {""status"": ""PASS"", ""reason"": ""vertical datums are compatible""},
    ""temporal_causality"": {""status"": ""NOT_APPLICABLE"", ""reason"": ""no temporal operations involved""},
    ""evaluation_independence"": {""status"": ""NOT_APPLICABLE"", ""reason"": ""no evaluation split involved""},
    ""nodata_physical_domain"": {""status"": ""NOT_APPLICABLE"", ""reason"": ""no nodata semantics provided""},
    ""uncertainty_fitness"": {""status"": ""NOT_APPLICABLE"", ""reason"": ""no uncertainty requirements specified""}
  },
  ""summary"": ""Workflow operations are consistent with the provided artifacts and scientific intent, with no apparent contradictions."",
  ""confidence"": 5
}"
SGX3_BLIND_landcover_change_001,strong_A,Qwen/Qwen2.5-7B-Instruct,PROVEN,1.0,5,"{""provenance"": {""status"": ""PASS"", ""reason"": ""source is supplied""}, ""categorical_semantics"": {""status"": ""PASS"", ""reason"": ""nearest-neighbor preserves category identity""}, ""spatial_support_resolution"": {""status"": ""PASS"", ""reason"": ""target resolution is coarser than original""}, ""units_quantity"": {""status"": ""NOT_APPLICABLE"", ""reason"": ""not required""}, ""crs_geometry_area"": {""status"": ""PASS"", ""reason"": ""coordinate system is EPSG:4326""}, ""spectral_semantics"": {""status"": ""NOT_APPLICABLE"", ""reason"": ""not required""}, ""processing_quality"": {""status"": ""NOT_APPLICABLE"", ""reason"": ""not required""}, ""vertical_semantics"": {""status"": ""NOT_APPLICABLE"", ""reason"": ""not required""}, ""temporal_causality"": {""status"": ""NOT_APPLICABLE"", ""reason"": ""not required""}, ""evaluation_independence"": {""status"": ""NOT_APPLICABLE"", ""reason"": ""not required""}, ""nodata_physical_domain"": {""status"": ""NOT_APPLICABLE"", ""reason"": ""not required""}, ""uncertainty_fitness"": {""status"": ""NOT_APPLICABLE"", ""reason"": ""not required""}}",Resampling to a coarser resolution using nearest-neighbor method preserves categorical semantics and does not claim new information.,"{
  ""obligations"": {
    ""provenance"": {""status"": ""PASS"", ""reason"": ""source is supplied""},
    ""categorical_semantics"": {""status"": ""PASS"", ""reason"": ""nearest-neighbor preserves category identity""},
    ""spatial_support_resolution"": {""status"": ""PASS"", ""reason"": ""target resolution is coarser than original""},
    ""units_quantity"": {""status"": ""NOT_APPLICABLE"", ""reason"": ""not required""},
    ""crs_geometry_area"": {""status"": ""PASS"", ""reason"": ""coordinate system is EPSG:4326""},
    ""spectral_semantics"": {""status"": ""NOT_APPLICABLE"", ""reason"": ""not required""},
    ""processing_quality"": {""status"": ""NOT_APPLICABLE"", ""reason"": ""not required""},
    ""vertical_semantics"": {""status"": ""NOT_APPLICABLE"", ""reason"": ""not required""},
    ""temporal_causality"": {""status"": ""NOT_APPLICABLE"", ""reason"": ""not required""},
    ""evaluation_independence"": {""status"": ""NOT_APPLICABLE"", ""reason"": ""not required""},
    ""nodata_physical_domain"": {""status"": ""NOT_APPLICABLE"", ""reason"": ""not required""},
    ""uncertainty_fitness"": {""status"": ""NOT_APPLICABLE"", ""reason"": ""not required""}
  },
  ""summary"": ""Resampling to a coarser resolution using nearest-neighbor method preserves categorical semantics and does not claim new information."",
  ""confidence"": 5
}"
SGX3_HELDOUT-FAMILY_vertical_datum_mismatch_002,strong_A,Qwen/Qwen2.5-7B-Instruct,REFUTED,1.0,5,"{""provenance"": {""status"": ""PASS"", ""reason"": ""both sources are authoritative products""}, ""categorical_semantics"": {""status"": ""NOT_APPLICABLE"", ""reason"": ""no categorical operations involved""}, ""spatial_support_resolution"": {""status"": ""PASS"", ""reason"": ""same CRS and resolution""}, ""units_quantity"": {""status"": ""NOT_APPLICABLE"", ""reason"": ""no units or quantities required for this operation""}, ""crs_geometry_area"": {""status"": ""PASS"", ""reason"": ""same CRS""}, ""spectral_semantics"": {""status"": ""NOT_APPLICABLE"", ""reason"": ""no spectral operations involved""}, ""processing_quality"": {""status"": ""NOT_APPLICABLE"", ""reason"": ""no processing quality required for this operation""}, ""vertical_semantics"": {""status"": ""FAIL"", ""reason"": ""different vertical datums (EGM2008 vs WGS84_ellipsoid)""}, ""temporal_causality"": {""status"": ""NOT_APPLICABLE"", ""reason"": ""no temporal operations involved""}, ""evaluation_independence"": {""status"": ""NOT_APPLICABLE"", ""reason"": ""no evaluation split involved""}, ""nodata_physical_domain"": {""status"": ""NOT_APPLICABLE"", ""reason"": ""no nodata semantics required for this operation""}, ""uncertainty_fitness"": {""status"": ""NOT_APPLICABLE"", ""reason"": ""no uncertainty requirement for this operation""}}",Vertical datums are mismatched between the terrain and water level datasets.,"{
  ""obligations"": {
    ""provenance"": {""status"": ""PASS"", ""reason"": ""both sources are authoritative products""},
    ""categorical_semantics"": {""status"": ""NOT_APPLICABLE"", ""reason"": ""no categorical operations involved""},
    ""spatial_support_resolution"": {""status"": ""PASS"", ""reason"": ""same CRS and resolution""},
    ""units_quantity"": {""status"": ""NOT_APPLICABLE"", ""reason"": ""no units or quantities required for this operation""},
    ""crs_geometry_area"": {""status"": ""PASS"", ""reason"": ""same CRS""},
    ""spectral_semantics"": {""status"": ""NOT_APPLICABLE"", ""reason"": ""no spectral operations involved""},
    ""processing_quality"": {""status"": ""NOT_APPLICABLE"", ""reason"": ""no processing quality required for this operation""},
    ""vertical_semantics"": {""status"": ""FAIL"", ""reason"": ""different vertical datums (EGM2008 vs WGS84_ellipsoid)""},
    ""temporal_causality"": {""status"": ""NOT_APPLICABLE"", ""reason"": ""no temporal operations involved""},
    ""evaluation_independence"": {""status"": ""NOT_APPLICABLE"", ""reason"": ""no evaluation split involved""},
    ""nodata_physical_domain"": {""status"": ""NOT_APPLICABLE"", ""reason"": ""no nodata semantics required for this operation""},
    ""uncertainty_fitness"": {""status"": ""NOT_APPLICABLE"", ""reason"": ""no uncertainty requirement for this operation""}
  },
  ""summary"": ""Vertical datums are mismatched between the terrain and water level datasets."",
  ""confidence"": 5
}"
SGX3_HELDOUT-FAMILY_vertical_datum_mismatch_000,strong_A,Qwen/Qwen2.5-7B-Instruct,REFUTED,1.0,5,"{""provenance"": {""status"": ""PASS"", ""reason"": ""both sources are authoritative products""}, ""categorical_semantics"": {""status"": ""NOT_APPLICABLE"", ""reason"": ""no categorical operations involved""}, ""spatial_support_resolution"": {""status"": ""PASS"", ""reason"": ""same CRS and resolution""}, ""units_quantity"": {""status"": ""NOT_APPLICABLE"", ""reason"": ""no units or quantities involved in the operation""}, ""crs_geometry_area"": {""status"": ""PASS"", ""reason"": ""same CRS and no angular coordinates used""}, ""spectral_semantics"": {""status"": ""NOT_APPLICABLE"", ""reason"": ""no spectral operations involved""}, ""processing_quality"": {""status"": ""NOT_APPLICABLE"", ""reason"": ""no processing quality metadata provided""}, ""vertical_semantics"": {""status"": ""FAIL"", ""reason"": ""different vertical datums (EGM2008 vs EGM96)""}, ""temporal_causality"": {""status"": ""NOT_APPLICABLE"", ""reason"": ""no temporal operations involved""}, ""evaluation_independence"": {""status"": ""NOT_APPLICABLE"", ""reason"": ""no evaluation split involved""}, ""nodata_physical_domain"": {""status"": ""NOT_APPLICABLE"", ""reason"": ""no nodata or physical domain constraints provided""}, ""uncertainty_fitness"": {""status"": ""NOT_APPLICABLE"", ""reason"": ""no uncertainty requirements provided""}}",Vertical datums are mismatched between the terrain and water level datasets.,"{
  ""obligations"": {
    ""provenance"": {""status"": ""PASS"", ""reason"": ""both sources are authoritative products""},
    ""categorical_semantics"": {""status"": ""NOT_APPLICABLE"", ""reason"": ""no categorical operations involved""},
    ""spatial_support_resolution"": {""status"": ""PASS"", ""reason"": ""same CRS and resolution""},
    ""units_quantity"": {""status"": ""NOT_APPLICABLE"", ""reason"": ""no units or quantities involved in the operation""},
    ""crs_geometry_area"": {""status"": ""PASS"", ""reason"": ""same CRS and no angular coordinates used""},
    ""spectral_semantics"": {""status"": ""NOT_APPLICABLE"", ""reason"": ""no spectral operations involved""},
    ""processing_quality"": {""status"": ""NOT_APPLICABLE"", ""reason"": ""no processing quality metadata provided""},
    ""vertical_semantics"": {""status"": ""FAIL"", ""reason"": ""different vertical datums (EGM2008 vs EGM96)""},
    ""temporal_causality"": {""status"": ""NOT_APPLICABLE"", ""reason"": ""no temporal operations involved""},
    ""evaluation_independence"": {""status"": ""NOT_APPLICABLE"", ""reason"": ""no evaluation split involved""},
    ""nodata_physical_domain"": {""status"": ""NOT_APPLICABLE"", ""reason"": ""no nodata or physical domain constraints provided""},
    ""uncertainty_fitness"": {""status"": ""NOT_APPLICABLE"", ""reason"": ""no uncertainty requirements provided""}
  },
  ""summary"": ""Vertical datums are mismatched between the terrain and water level datasets."",
  ""confidence"": 5
}"
SGX3_HELDOUT-FAMILY_scene_overlap_leakage_010,strong_A,Qwen/Qwen2.5-7B-Instruct,PROVEN,1.0,5,"{""provenance"": {""status"": ""PASS"", ""reason"": ""authoritative source is supplied""}, ""categorical_semantics"": {""status"": ""NOT_APPLICABLE"", ""reason"": ""not required""}, ""spatial_support_resolution"": {""status"": ""PASS"", ""reason"": ""resolution is consistent""}, ""units_quantity"": {""status"": ""NOT_APPLICABLE"", ""reason"": ""not required""}, ""crs_geometry_area"": {""status"": ""PASS"", ""reason"": ""consistent CRS""}, ""spectral_semantics"": {""status"": ""NOT_APPLICABLE"", ""reason"": ""not required""}, ""processing_quality"": {""status"": ""NOT_APPLICABLE"", ""reason"": ""not required""}, ""vertical_semantics"": {""status"": ""NOT_APPLICABLE"", ""reason"": ""not required""}, ""temporal_causality"": {""status"": ""NOT_APPLICABLE"", ""reason"": ""not required""}, ""evaluation_independence"": {""status"": ""PASS"", ""reason"": ""scene overlap fraction does not imply spatial dependence""}, ""nodata_physical_domain"": {""status"": ""NOT_APPLICABLE"", ""reason"": ""not required""}, ""uncertainty_fitness"": {""status"": ""NOT_APPLICABLE"", ""reason"": ""not required""}}",Scene overlap splitting is performed without violating any scientific constraints.,"{
  ""obligations"": {
    ""provenance"": {""status"": ""PASS"", ""reason"": ""authoritative source is supplied""},
    ""categorical_semantics"": {""status"": ""NOT_APPLICABLE"", ""reason"": ""not required""},
    ""spatial_support_resolution"": {""status"": ""PASS"", ""reason"": ""resolution is consistent""},
    ""units_quantity"": {""status"": ""NOT_APPLICABLE"", ""reason"": ""not required""},
    ""crs_geometry_area"": {""status"": ""PASS"", ""reason"": ""consistent CRS""},
    ""spectral_semantics"": {""status"": ""NOT_APPLICABLE"", ""reason"": ""not required""},
    ""processing_quality"": {""status"": ""NOT_APPLICABLE"", ""reason"": ""not required""},
    ""vertical_semantics"": {""status"": ""NOT_APPLICABLE"", ""reason"": ""not required""},
    ""temporal_causality"": {""status"": ""NOT_APPLICABLE"", ""reason"": ""not required""},
    ""evaluation_independence"": {""status"": ""PASS"", ""reason"": ""scene overlap fraction does not imply spatial dependence""},
    ""nodata_physical_domain"": {""status"": ""NOT_APPLICABLE"", ""reason"": ""not required""},
    ""uncertainty_fitness"": {""status"": ""NOT_APPLICABLE"", ""reason"": ""not required""}
  },
  ""summary"": ""Scene overlap splitting is performed without violating any scientific constraints."",
  ""confidence"": 5
}"
SGX3_BLIND_flood_remote_sensing_020,strong_A,Qwen/Qwen2.5-7B-Instruct,PROVEN,1.0,5,"{""provenance"": {""status"": ""PASS"", ""reason"": ""all sources are authoritative products""}, ""categorical_semantics"": {""status"": ""NOT_APPLICABLE"", ""reason"": ""no categorical operations involved""}, ""spatial_support_resolution"": {""status"": ""PASS"", ""reason"": ""consistent spatial resolution (10m)""}, ""units_quantity"": {""status"": ""NOT_APPLICABLE"", ""reason"": ""units not required for binary mask""}, ""crs_geometry_area"": {""status"": ""PASS"", ""reason"": ""consistent CRS and area calculation method""}, ""spectral_semantics"": {""status"": ""NOT_APPLICABLE"", ""reason"": ""no spectral operations involved""}, ""processing_quality"": {""status"": ""NOT_APPLICABLE"", ""reason"": ""no processing level or quality metadata provided""}, ""vertical_semantics"": {""status"": ""NOT_APPLICABLE"", ""reason"": ""no vertical quantities involved""}, ""temporal_causality"": {""status"": ""PASS"", ""reason"": ""acquisition times are before available time""}, ""evaluation_independence"": {""status"": ""NOT_APPLICABLE"", ""reason"": ""no evaluation split involved""}, ""nodata_physical_domain"": {""status"": ""NOT_APPLICABLE"", ""reason"": ""no nodata semantics provided""}, ""uncertainty_fitness"": {""status"": ""NOT_APPLICABLE"", ""reason"": ""no uncertainty requirement""}}","Workflow operations are consistent with the provided artifacts and scientific intent, with no apparent contradictions.","{
  ""obligations"": {
    ""provenance"": {""status"": ""PASS"", ""reason"": ""all sources are authoritative products""},
    ""categorical_semantics"": {""status"": ""NOT_APPLICABLE"", ""reason"": ""no categorical operations involved""},
    ""spatial_support_resolution"": {""status"": ""PASS"", ""reason"": ""consistent spatial resolution (10m)""},
    ""units_quantity"": {""status"": ""NOT_APPLICABLE"", ""reason"": ""units not required for binary mask""},
    ""crs_geometry_area"": {""status"": ""PASS"", ""reason"": ""consistent CRS and area calculation method""},
    ""spectral_semantics"": {""status"": ""NOT_APPLICABLE"", ""reason"": ""no spectral operations involved""},
    ""processing_quality"": {""status"": ""NOT_APPLICABLE"", ""reason"": ""no processing level or quality metadata provided""},
    ""vertical_semantics"": {""status"": ""NOT_APPLICABLE"", ""reason"": ""no vertical quantities involved""},
    ""temporal_causality"": {""status"": ""PASS"", ""reason"": ""acquisition times are before available time""},
    ""evaluation_independence"": {""status"": ""NOT_APPLICABLE"", ""reason"": ""no evaluation split involved""},
    ""nodata_physical_domain"": {""status"": ""NOT_APPLICABLE"", ""reason"": ""no nodata semantics provided""},
    ""uncertainty_fitness"": {""status"": ""NOT_APPLICABLE"", ""reason"": ""no uncertainty requirement""}
  },
  ""summary"": ""Workflow operations are consistent with the provided artifacts and scientific intent, with no apparent contradictions."",
  ""confidence"": 5
}"
SGX3_BLIND_flood_depth_045,strong_A,Qwen/Qwen2.5-7B-Instruct,PROVEN,1.0,5,"{""provenance"": {""status"": ""PASS"", ""reason"": ""both sources are supplied""}, ""categorical_semantics"": {""status"": ""NOT_APPLICABLE"", ""reason"": ""no categorical operations involved""}, ""spatial_support_resolution"": {""status"": ""PASS"", ""reason"": ""both artifacts have the same resolution""}, ""units_quantity"": {""status"": ""PASS"", ""reason"": ""both artifacts have the same units (m)""}, ""crs_geometry_area"": {""status"": ""PASS"", ""reason"": ""both artifacts use the same CRS and have the same resolution""}, ""spectral_semantics"": {""status"": ""NOT_APPLICABLE"", ""reason"": ""no spectral operations involved""}, ""processing_quality"": {""status"": ""NOT_APPLICABLE"", ""reason"": ""no processing quality metadata provided""}, ""vertical_semantics"": {""status"": ""PASS"", ""reason"": ""both artifacts have the same vertical datum""}, ""temporal_causality"": {""status"": ""NOT_APPLICABLE"", ""reason"": ""no temporal operations involved""}, ""evaluation_independence"": {""status"": ""NOT_APPLICABLE"", ""reason"": ""no evaluation split involved""}, ""nodata_physical_domain"": {""status"": ""NOT_APPLICABLE"", ""reason"": ""no nodata semantics provided""}, ""uncertainty_fitness"": {""status"": ""NOT_APPLICABLE"", ""reason"": ""no uncertainty requirement specified""}}","Workflow operations are consistent with the provided artifacts and scientific intent, no violations found.","{
  ""obligations"": {
    ""provenance"": {""status"": ""PASS"", ""reason"": ""both sources are supplied""},
    ""categorical_semantics"": {""status"": ""NOT_APPLICABLE"", ""reason"": ""no categorical operations involved""},
    ""spatial_support_resolution"": {""status"": ""PASS"", ""reason"": ""both artifacts have the same resolution""},
    ""units_quantity"": {""status"": ""PASS"", ""reason"": ""both artifacts have the same units (m)""},
    ""crs_geometry_area"": {""status"": ""PASS"", ""reason"": ""both artifacts use the same CRS and have the same resolution""},
    ""spectral_semantics"": {""status"": ""NOT_APPLICABLE"", ""reason"": ""no spectral operations involved""},
    ""processing_quality"": {""status"": ""NOT_APPLICABLE"", ""reason"": ""no processing quality metadata provided""},
    ""vertical_semantics"": {""status"": ""PASS"", ""reason"": ""both artifacts have the same vertical datum""},
    ""temporal_causality"": {""status"": ""NOT_APPLICABLE"", ""reason"": ""no temporal operations involved""},
    ""evaluation_independence"": {""status"": ""NOT_APPLICABLE"", ""reason"": ""no evaluation split involved""},
    ""nodata_physical_domain"": {""status"": ""NOT_APPLICABLE"", ""reason"": ""no nodata semantics provided""},
    ""uncertainty_fitness"": {""status"": ""NOT_APPLICABLE"", ""reason"": ""no uncertainty requirement specified""}
  },
  ""summary"": ""Workflow operations are consistent with the provided artifacts and scientific intent, no violations found."",
  ""confidence"": 5
}"
SGX3_HELDOUT-FAMILY_physical_range_violation_010,strong_A,Qwen/Qwen2.5-7B-Instruct,PROVEN,1.0,5,"{""provenance"": {""status"": ""PASS"", ""reason"": ""authoritative source is supplied""}, ""categorical_semantics"": {""status"": ""NOT_APPLICABLE"", ""reason"": ""not required""}, ""spatial_support_resolution"": {""status"": ""PASS"", ""reason"": ""resolution is within acceptable range""}, ""units_quantity"": {""status"": ""PASS"", ""reason"": ""unit is dimensionless and within valid range""}, ""crs_geometry_area"": {""status"": ""PASS"", ""reason"": ""coordinate reference system is specified""}, ""spectral_semantics"": {""status"": ""NOT_APPLICABLE"", ""reason"": ""not required""}, ""processing_quality"": {""status"": ""NOT_APPLICABLE"", ""reason"": ""not required""}, ""vertical_semantics"": {""status"": ""NOT_APPLICABLE"", ""reason"": ""not required""}, ""temporal_causality"": {""status"": ""NOT_APPLICABLE"", ""reason"": ""not required""}, ""evaluation_independence"": {""status"": ""NOT_APPLICABLE"", ""reason"": ""not required""}, ""nodata_physical_domain"": {""status"": ""NOT_APPLICABLE"", ""reason"": ""not required""}, ""uncertainty_fitness"": {""status"": ""NOT_APPLICABLE"", ""reason"": ""not required""}}",Value range assertion is within observed range and does not violate any known constraints.,"{
  ""obligations"": {
    ""provenance"": {""status"": ""PASS"", ""reason"": ""authoritative source is supplied""},
    ""categorical_semantics"": {""status"": ""NOT_APPLICABLE"", ""reason"": ""not required""},
    ""spatial_support_resolution"": {""status"": ""PASS"", ""reason"": ""resolution is within acceptable range""},
    ""units_quantity"": {""status"": ""PASS"", ""reason"": ""unit is dimensionless and within valid range""},
    ""crs_geometry_area"": {""status"": ""PASS"", ""reason"": ""coordinate reference system is specified""},
    ""spectral_semantics"": {""status"": ""NOT_APPLICABLE"", ""reason"": ""not required""},
    ""processing_quality"": {""status"": ""NOT_APPLICABLE"", ""reason"": ""not required""},
    ""vertical_semantics"": {""status"": ""NOT_APPLICABLE"", ""reason"": ""not required""},
    ""temporal_causality"": {""status"": ""NOT_APPLICABLE"", ""reason"": ""not required""},
    ""evaluation_independence"": {""status"": ""NOT_APPLICABLE"", ""reason"": ""not required""},
    ""nodata_physical_domain"": {""status"": ""NOT_APPLICABLE"", ""reason"": ""not required""},
    ""uncertainty_fitness"": {""status"": ""NOT_APPLICABLE"", ""reason"": ""not required""}
  },
  ""summary"": ""Value range assertion is within observed range and does not violate any known constraints."",
  ""confidence"": 5
}"
SGX3_HELDOUT-FAMILY_temporal_split_overlap_006,strong_A,Qwen/Qwen2.5-7B-Instruct,REFUTED,1.0,5,"{""provenance"": {""status"": ""PASS"", ""reason"": ""authoritative source is supplied""}, ""categorical_semantics"": {""status"": ""NOT_APPLICABLE"", ""reason"": ""not required""}, ""spatial_support_resolution"": {""status"": ""NOT_APPLICABLE"", ""reason"": ""not required""}, ""units_quantity"": {""status"": ""NOT_APPLICABLE"", ""reason"": ""not required""}, ""crs_geometry_area"": {""status"": ""NOT_APPLICABLE"", ""reason"": ""not required""}, ""spectral_semantics"": {""status"": ""NOT_APPLICABLE"", ""reason"": ""not required""}, ""processing_quality"": {""status"": ""NOT_APPLICABLE"", ""reason"": ""not required""}, ""vertical_semantics"": {""status"": ""NOT_APPLICABLE"", ""reason"": ""not required""}, ""temporal_causality"": {""status"": ""FAIL"", ""reason"": ""test data starts before training ends""}, ""evaluation_independence"": {""status"": ""PASS"", ""reason"": ""no spatial, temporal, or scene dependence is indicated""}, ""nodata_physical_domain"": {""status"": ""NOT_APPLICABLE"", ""reason"": ""not required""}, ""uncertainty_fitness"": {""status"": ""NOT_APPLICABLE"", ""reason"": ""not required""}}","Temporal split has overlap between train and test sets, violating temporal causality.","{
  ""obligations"": {
    ""provenance"": {""status"": ""PASS"", ""reason"": ""authoritative source is supplied""},
    ""categorical_semantics"": {""status"": ""NOT_APPLICABLE"", ""reason"": ""not required""},
    ""spatial_support_resolution"": {""status"": ""NOT_APPLICABLE"", ""reason"": ""not required""},
    ""units_quantity"": {""status"": ""NOT_APPLICABLE"", ""reason"": ""not required""},
    ""crs_geometry_area"": {""status"": ""NOT_APPLICABLE"", ""reason"": ""not required""},
    ""spectral_semantics"": {""status"": ""NOT_APPLICABLE"", ""reason"": ""not required""},
    ""processing_quality"": {""status"": ""NOT_APPLICABLE"", ""reason"": ""not required""},
    ""vertical_semantics"": {""status"": ""NOT_APPLICABLE"", ""reason"": ""not required""},
    ""temporal_causality"": {""status"": ""FAIL"", ""reason"": ""test data starts before training ends""},
    ""evaluation_independence"": {""status"": ""PASS"", ""reason"": ""no spatial, temporal, or scene dependence is indicated""},
    ""nodata_physical_domain"": {""status"": ""NOT_APPLICABLE"", ""reason"": ""not required""},
    ""uncertainty_fitness"": {""status"": ""NOT_APPLICABLE"", ""reason"": ""not required""}
  },
  ""summary"": ""Temporal split has overlap between train and test sets, violating temporal causality."",
  ""confidence"": 5
}"
SGX3_HELDOUT-FAMILY_multisensor_time_mismatch_008,strong_A,Qwen/Qwen2.5-7B-Instruct,REFUTED,1.0,5,"{""provenance"": {""status"": ""PASS"", ""reason"": ""both sources are authoritative products""}, ""categorical_semantics"": {""status"": ""NOT_APPLICABLE"", ""reason"": ""no categorical operations involved""}, ""spatial_support_resolution"": {""status"": ""PASS"", ""reason"": ""same spatial support and resolution""}, ""units_quantity"": {""status"": ""NOT_APPLICABLE"", ""reason"": ""units are unspecified""}, ""crs_geometry_area"": {""status"": ""PASS"", ""reason"": ""same CRS and no claims of finer information""}, ""spectral_semantics"": {""status"": ""NOT_APPLICABLE"", ""reason"": ""no spectral operations involved""}, ""processing_quality"": {""status"": ""NOT_APPLICABLE"", ""reason"": ""processing levels unspecified""}, ""vertical_semantics"": {""status"": ""NOT_APPLICABLE"", ""reason"": ""no vertical quantities involved""}, ""temporal_causality"": {""status"": ""FAIL"", ""reason"": ""time mismatch between acquisitions (3 days apart)""}, ""evaluation_independence"": {""status"": ""NOT_APPLICABLE"", ""reason"": ""no evaluation split involved""}, ""nodata_physical_domain"": {""status"": ""NOT_APPLICABLE"", ""reason"": ""nodata semantics unspecified""}, ""uncertainty_fitness"": {""status"": ""NOT_APPLICABLE"", ""reason"": ""uncertainty not required for comparison""}}",Temporal mismatch between sensor acquisitions,"{
  ""obligations"": {
    ""provenance"": {""status"": ""PASS"", ""reason"": ""both sources are authoritative products""},
    ""categorical_semantics"": {""status"": ""NOT_APPLICABLE"", ""reason"": ""no categorical operations involved""},
    ""spatial_support_resolution"": {""status"": ""PASS"", ""reason"": ""same spatial support and resolution""},
    ""units_quantity"": {""status"": ""NOT_APPLICABLE"", ""reason"": ""units are unspecified""},
    ""crs_geometry_area"": {""status"": ""PASS"", ""reason"": ""same CRS and no claims of finer information""},
    ""spectral_semantics"": {""status"": ""NOT_APPLICABLE"", ""reason"": ""no spectral operations involved""},
    ""processing_quality"": {""status"": ""NOT_APPLICABLE"", ""reason"": ""processing levels unspecified""},
    ""vertical_semantics"": {""status"": ""NOT_APPLICABLE"", ""reason"": ""no vertical quantities involved""},
    ""temporal_causality"": {""status"": ""FAIL"", ""reason"": ""time mismatch between acquisitions (3 days apart)""},
    ""evaluation_independence"": {""status"": ""NOT_APPLICABLE"", ""reason"": ""no evaluation split involved""},
    ""nodata_physical_domain"": {""status"": ""NOT_APPLICABLE"", ""reason"": ""nodata semantics unspecified""},
    ""uncertainty_fitness"": {""status"": ""NOT_APPLICABLE"", ""reason"": ""uncertainty not required for comparison""}
  },
  ""summary"": ""Temporal mismatch between sensor acquisitions"",
  ""confidence"": 5
}"
SGX3_DEVELOPMENT_future_information_008,strong_A,Qwen/Qwen2.5-7B-Instruct,REFUTED,1.0,5,"{""provenance"": {""status"": ""PASS"", ""reason"": ""authoritative source is supplied""}, ""categorical_semantics"": {""status"": ""NOT_APPLICABLE"", ""reason"": ""not required""}, ""spatial_support_resolution"": {""status"": ""NOT_APPLICABLE"", ""reason"": ""not required""}, ""units_quantity"": {""status"": ""NOT_APPLICABLE"", ""reason"": ""not required""}, ""crs_geometry_area"": {""status"": ""NOT_APPLICABLE"", ""reason"": ""not required""}, ""spectral_semantics"": {""status"": ""NOT_APPLICABLE"", ""reason"": ""not required""}, ""processing_quality"": {""status"": ""NOT_APPLICABLE"", ""reason"": ""not required""}, ""vertical_semantics"": {""status"": ""NOT_APPLICABLE"", ""reason"": ""not required""}, ""temporal_causality"": {""status"": ""FAIL"", ""reason"": ""feature is available before decision time""}, ""evaluation_independence"": {""status"": ""NOT_APPLICABLE"", ""reason"": ""not required""}, ""nodata_physical_domain"": {""status"": ""NOT_APPLICABLE"", ""reason"": ""not required""}, ""uncertainty_fitness"": {""status"": ""NOT_APPLICABLE"", ""reason"": ""not required""}}",Temporal causality is violated as the feature is available before the decision time.,"{
  ""obligations"": {
    ""provenance"": {""status"": ""PASS"", ""reason"": ""authoritative source is supplied""},
    ""categorical_semantics"": {""status"": ""NOT_APPLICABLE"", ""reason"": ""not required""},
    ""spatial_support_resolution"": {""status"": ""NOT_APPLICABLE"", ""reason"": ""not required""},
    ""units_quantity"": {""status"": ""NOT_APPLICABLE"", ""reason"": ""not required""},
    ""crs_geometry_area"": {""status"": ""NOT_APPLICABLE"", ""reason"": ""not required""},
    ""spectral_semantics"": {""status"": ""NOT_APPLICABLE"", ""reason"": ""not required""},
    ""processing_quality"": {""status"": ""NOT_APPLICABLE"", ""reason"": ""not required""},
    ""vertical_semantics"": {""status"": ""NOT_APPLICABLE"", ""reason"": ""not required""},
    ""temporal_causality"": {""status"": ""FAIL"", ""reason"": ""feature is available before decision time""},
    ""evaluation_independence"": {""status"": ""NOT_APPLICABLE"", ""reason"": ""not required""},
    ""nodata_physical_domain"": {""status"": ""NOT_APPLICABLE"", ""reason"": ""not required""},
    ""uncertainty_fitness"": {""status"": ""NOT_APPLICABLE"", ""reason"": ""not required""}
  },
  ""summary"": ""Temporal causality is violated as the feature is available before the decision time."",
  ""confidence"": 5
}"
SGX3_BLIND_flood_depth_039,strong_A,Qwen/Qwen2.5-7B-Instruct,REFUTED,1.0,5,"{""provenance"": {""status"": ""PASS"", ""reason"": ""both sources are supplied""}, ""categorical_semantics"": {""status"": ""NOT_APPLICABLE"", ""reason"": ""no categorical operations involved""}, ""spatial_support_resolution"": {""status"": ""PASS"", ""reason"": ""both artifacts have the same resolution""}, ""units_quantity"": {""status"": ""FAIL"", ""reason"": ""second artifact is converted to an invalid unit (K)""}, ""crs_geometry_area"": {""status"": ""PASS"", ""reason"": ""both artifacts have the same CRS and resolution""}, ""spectral_semantics"": {""status"": ""NOT_APPLICABLE"", ""reason"": ""no spectral operations involved""}, ""processing_quality"": {""status"": ""NOT_APPLICABLE"", ""reason"": ""no processing quality metadata provided""}, ""vertical_semantics"": {""status"": ""PASS"", ""reason"": ""vertical combination is valid for elevation and water level""}, ""temporal_causality"": {""status"": ""NOT_APPLICABLE"", ""reason"": ""no temporal operations involved""}, ""evaluation_independence"": {""status"": ""NOT_APPLICABLE"", ""reason"": ""no evaluation split involved""}, ""nodata_physical_domain"": {""status"": ""NOT_APPLICABLE"", ""reason"": ""no nodata semantics provided""}, ""uncertainty_fitness"": {""status"": ""NOT_APPLICABLE"", ""reason"": ""no uncertainty requirement specified""}}",Invalid unit conversion in the workflow,"{
  ""obligations"": {
    ""provenance"": {""status"": ""PASS"", ""reason"": ""both sources are supplied""},
    ""categorical_semantics"": {""status"": ""NOT_APPLICABLE"", ""reason"": ""no categorical operations involved""},
    ""spatial_support_resolution"": {""status"": ""PASS"", ""reason"": ""both artifacts have the same resolution""},
    ""units_quantity"": {""status"": ""FAIL"", ""reason"": ""second artifact is converted to an invalid unit (K)""},
    ""crs_geometry_area"": {""status"": ""PASS"", ""reason"": ""both artifacts have the same CRS and resolution""},
    ""spectral_semantics"": {""status"": ""NOT_APPLICABLE"", ""reason"": ""no spectral operations involved""},
    ""processing_quality"": {""status"": ""NOT_APPLICABLE"", ""reason"": ""no processing quality metadata provided""},
    ""vertical_semantics"": {""status"": ""PASS"", ""reason"": ""vertical combination is valid for elevation and water level""},
    ""temporal_causality"": {""status"": ""NOT_APPLICABLE"", ""reason"": ""no temporal operations involved""},
    ""evaluation_independence"": {""status"": ""NOT_APPLICABLE"", ""reason"": ""no evaluation split involved""},
    ""nodata_physical_domain"": {""status"": ""NOT_APPLICABLE"", ""reason"": ""no nodata semantics provided""},
    ""uncertainty_fitness"": {""status"": ""NOT_APPLICABLE"", ""reason"": ""no uncertainty requirement specified""}
  },
  ""summary"": ""Invalid unit conversion in the workflow"",
  ""confidence"": 5
}"
SGX3_BLIND_flood_depth_033,strong_A,Qwen/Qwen2.5-7B-Instruct,PROVEN,1.0,5,"{""provenance"": {""status"": ""PASS"", ""reason"": ""both sources are supplied""}, ""categorical_semantics"": {""status"": ""NOT_APPLICABLE"", ""reason"": ""no categorical operations involved""}, ""spatial_support_resolution"": {""status"": ""PASS"", ""reason"": ""resolutions match for vertical combination""}, ""units_quantity"": {""status"": ""PASS"", ""reason"": ""both quantities are in meters""}, ""crs_geometry_area"": {""status"": ""PASS"", ""reason"": ""same CRS and no area calculations involved""}, ""spectral_semantics"": {""status"": ""NOT_APPLICABLE"", ""reason"": ""no spectral operations involved""}, ""processing_quality"": {""status"": ""NOT_APPLICABLE"", ""reason"": ""no processing quality checks required""}, ""vertical_semantics"": {""status"": ""PASS"", ""reason"": ""vertical datums match for combination""}, ""temporal_causality"": {""status"": ""NOT_APPLICABLE"", ""reason"": ""no temporal operations involved""}, ""evaluation_independence"": {""status"": ""NOT_APPLICABLE"", ""reason"": ""no evaluation split involved""}, ""nodata_physical_domain"": {""status"": ""NOT_APPLICABLE"", ""reason"": ""no nodata semantics checks required""}, ""uncertainty_fitness"": {""status"": ""NOT_APPLICABLE"", ""reason"": ""no uncertainty requirement imposed""}}","Vertical combination is valid given matching vertical datums and resolutions, but no other proof obligations are applicable.","{
  ""obligations"": {
    ""provenance"": {""status"": ""PASS"", ""reason"": ""both sources are supplied""},
    ""categorical_semantics"": {""status"": ""NOT_APPLICABLE"", ""reason"": ""no categorical operations involved""},
    ""spatial_support_resolution"": {""status"": ""PASS"", ""reason"": ""resolutions match for vertical combination""},
    ""units_quantity"": {""status"": ""PASS"", ""reason"": ""both quantities are in meters""},
    ""crs_geometry_area"": {""status"": ""PASS"", ""reason"": ""same CRS and no area calculations involved""},
    ""spectral_semantics"": {""status"": ""NOT_APPLICABLE"", ""reason"": ""no spectral operations involved""},
    ""processing_quality"": {""status"": ""NOT_APPLICABLE"", ""reason"": ""no processing quality checks required""},
    ""vertical_semantics"": {""status"": ""PASS"", ""reason"": ""vertical datums match for combination""},
    ""temporal_causality"": {""status"": ""NOT_APPLICABLE"", ""reason"": ""no temporal operations involved""},
    ""evaluation_independence"": {""status"": ""NOT_APPLICABLE"", ""reason"": ""no evaluation split involved""},
    ""nodata_physical_domain"": {""status"": ""NOT_APPLICABLE"", ""reason"": ""no nodata semantics checks required""},
    ""uncertainty_fitness"": {""status"": ""NOT_APPLICABLE"", ""reason"": ""no uncertainty requirement imposed""}
  },
  ""summary"": ""Vertical combination is valid given matching vertical datums and resolutions, but no other proof obligations are applicable."",
  ""confidence"": 5
}"
SGX3_BLIND_eo_ml_validation_027,strong_A,Qwen/Qwen2.5-7B-Instruct,PROVEN,1.0,5,"{""provenance"": {""status"": ""PASS"", ""reason"": ""authoritative source is supplied""}, ""categorical_semantics"": {""status"": ""NOT_APPLICABLE"", ""reason"": ""not required""}, ""spatial_support_resolution"": {""status"": ""PASS"", ""reason"": ""resolution is within the required range (if specified)""}, ""units_quantity"": {""status"": ""NOT_APPLICABLE"", ""reason"": ""not required""}, ""crs_geometry_area"": {""status"": ""PASS"", ""reason"": ""coordinate reference system is specified""}, ""spectral_semantics"": {""status"": ""NOT_APPLICABLE"", ""reason"": ""not required""}, ""processing_quality"": {""status"": ""NOT_APPLICABLE"", ""reason"": ""not required""}, ""vertical_semantics"": {""status"": ""NOT_APPLICABLE"", ""reason"": ""not required""}, ""temporal_causality"": {""status"": ""NOT_APPLICABLE"", ""reason"": ""not required""}, ""evaluation_independence"": {""status"": ""PASS"", ""reason"": ""split mode is 'scene' and overlap fraction is specified""}, ""nodata_physical_domain"": {""status"": ""NOT_APPLICABLE"", ""reason"": ""not required""}, ""uncertainty_fitness"": {""status"": ""NOT_APPLICABLE"", ""reason"": ""not required""}}","Workflow passes all obligations except for units and quantities, which are not required given the intent.","{
  ""obligations"": {
    ""provenance"": {""status"": ""PASS"", ""reason"": ""authoritative source is supplied""},
    ""categorical_semantics"": {""status"": ""NOT_APPLICABLE"", ""reason"": ""not required""},
    ""spatial_support_resolution"": {""status"": ""PASS"", ""reason"": ""resolution is within the required range (if specified)""},
    ""units_quantity"": {""status"": ""NOT_APPLICABLE"", ""reason"": ""not required""},
    ""crs_geometry_area"": {""status"": ""PASS"", ""reason"": ""coordinate reference system is specified""},
    ""spectral_semantics"": {""status"": ""NOT_APPLICABLE"", ""reason"": ""not required""},
    ""processing_quality"": {""status"": ""NOT_APPLICABLE"", ""reason"": ""not required""},
    ""vertical_semantics"": {""status"": ""NOT_APPLICABLE"", ""reason"": ""not required""},
    ""temporal_causality"": {""status"": ""NOT_APPLICABLE"", ""reason"": ""not required""},
    ""evaluation_independence"": {""status"": ""PASS"", ""reason"": ""split mode is 'scene' and overlap fraction is specified""},
    ""nodata_physical_domain"": {""status"": ""NOT_APPLICABLE"", ""reason"": ""not required""},
    ""uncertainty_fitness"": {""status"": ""NOT_APPLICABLE"", ""reason"": ""not required""}
  },
  ""summary"": ""Workflow passes all obligations except for units and quantities, which are not required given the intent."",
  ""confidence"": 5
}"
SGX3_BLIND_landcover_change_017,strong_A,Qwen/Qwen2.5-7B-Instruct,PROVEN,1.0,5,"{""provenance"": {""status"": ""NOT_APPLICABLE"", ""reason"": ""no provenance information required for this workflow""}, ""categorical_semantics"": {""status"": ""PASS"", ""reason"": ""categorical operation (resampling) preserves category identity""}, ""spatial_support_resolution"": {""status"": ""PASS"", ""reason"": ""target resolution is specified and evidence of new information is provided""}, ""units_quantity"": {""status"": ""NOT_APPLICABLE"", ""reason"": ""no specific quantity or unit requirements were stated""}, ""crs_geometry_area"": {""status"": ""PASS"", ""reason"": ""CRS is specified and no issues with geometry or area are evident""}, ""spectral_semantics"": {""status"": ""NOT_APPLICABLE"", ""reason"": ""no spectral operations are performed""}, ""processing_quality"": {""status"": ""NOT_APPLICABLE"", ""reason"": ""no specific processing quality requirements were stated""}, ""vertical_semantics"": {""status"": ""NOT_APPLICABLE"", ""reason"": ""no vertical quantities are used""}, ""temporal_causality"": {""status"": ""NOT_APPLICABLE"", ""reason"": ""no temporal operations are performed""}, ""evaluation_independence"": {""status"": ""NOT_APPLICABLE"", ""reason"": ""no evaluation split is present""}, ""nodata_physical_domain"": {""status"": ""NOT_APPLICABLE"", ""reason"": ""no nodata semantics or value range requirements were stated""}, ""uncertainty_fitness"": {""status"": ""NOT_APPLICABLE"", ""reason"": ""no uncertainty requirements were stated""}}",Resampling operation is consistent with the workflow goals and no other proof obligations are applicable or violated.,"{
  ""obligations"": {
    ""provenance"": {""status"": ""NOT_APPLICABLE"", ""reason"": ""no provenance information required for this workflow""},
    ""categorical_semantics"": {""status"": ""PASS"", ""reason"": ""categorical operation (resampling) preserves category identity""},
    ""spatial_support_resolution"": {""status"": ""PASS"", ""reason"": ""target resolution is specified and evidence of new information is provided""},
    ""units_quantity"": {""status"": ""NOT_APPLICABLE"", ""reason"": ""no specific quantity or unit requirements were stated""},
    ""crs_geometry_area"": {""status"": ""PASS"", ""reason"": ""CRS is specified and no issues with geometry or area are evident""},
    ""spectral_semantics"": {""status"": ""NOT_APPLICABLE"", ""reason"": ""no spectral operations are performed""},
    ""processing_quality"": {""status"": ""NOT_APPLICABLE"", ""reason"": ""no specific processing quality requirements were stated""},
    ""vertical_semantics"": {""status"": ""NOT_APPLICABLE"", ""reason"": ""no vertical quantities are used""},
    ""temporal_causality"": {""status"": ""NOT_APPLICABLE"", ""reason"": ""no temporal operations are performed""},
    ""evaluation_independence"": {""status"": ""NOT_APPLICABLE"", ""reason"": ""no evaluation split is present""},
    ""nodata_physical_domain"": {""status"": ""NOT_APPLICABLE"", ""reason"": ""no nodata semantics or value range requirements were stated""},
    ""uncertainty_fitness"": {""status"": ""NOT_APPLICABLE"", ""reason"": ""no uncertainty requirements were stated""}
  },
  ""summary"": ""Resampling operation is consistent with the workflow goals and no other proof obligations are applicable or violated."",
  ""confidence"": 5
}"
SGX3_DEVELOPMENT_processing_level_001,strong_A,Qwen/Qwen2.5-7B-Instruct,PROVEN,1.0,5,"{""provenance"": {""status"": ""PASS"", ""reason"": ""authoritative source is supplied""}, ""categorical_semantics"": {""status"": ""NOT_APPLICABLE"", ""reason"": ""not required""}, ""spatial_support_resolution"": {""status"": ""PASS"", ""reason"": ""resolution is supplied""}, ""units_quantity"": {""status"": ""PASS"", ""reason"": ""unit is null, no unit check needed""}, ""crs_geometry_area"": {""status"": ""PASS"", ""reason"": ""CRS is supplied""}, ""spectral_semantics"": {""status"": ""NOT_APPLICABLE"", ""reason"": ""not required""}, ""processing_quality"": {""status"": ""PASS"", ""reason"": ""processing level is supplied and valid""}, ""vertical_semantics"": {""status"": ""NOT_APPLICABLE"", ""reason"": ""not required""}, ""temporal_causality"": {""status"": ""NOT_APPLICABLE"", ""reason"": ""not required""}, ""evaluation_independence"": {""status"": ""NOT_APPLICABLE"", ""reason"": ""not required""}, ""nodata_physical_domain"": {""status"": ""NOT_APPLICABLE"", ""reason"": ""not required""}, ""uncertainty_fitness"": {""status"": ""NOT_APPLICABLE"", ""reason"": ""not required""}}",Workflow meets all applicable obligations with the provided information.,"{
  ""obligations"": {
    ""provenance"": {""status"": ""PASS"", ""reason"": ""authoritative source is supplied""},
    ""categorical_semantics"": {""status"": ""NOT_APPLICABLE"", ""reason"": ""not required""},
    ""spatial_support_resolution"": {""status"": ""PASS"", ""reason"": ""resolution is supplied""},
    ""units_quantity"": {""status"": ""PASS"", ""reason"": ""unit is null, no unit check needed""},
    ""crs_geometry_area"": {""status"": ""PASS"", ""reason"": ""CRS is supplied""},
    ""spectral_semantics"": {""status"": ""NOT_APPLICABLE"", ""reason"": ""not required""},
    ""processing_quality"": {""status"": ""PASS"", ""reason"": ""processing level is supplied and valid""},
    ""vertical_semantics"": {""status"": ""NOT_APPLICABLE"", ""reason"": ""not required""},
    ""temporal_causality"": {""status"": ""NOT_APPLICABLE"", ""reason"": ""not required""},
    ""evaluation_independence"": {""status"": ""NOT_APPLICABLE"", ""reason"": ""not required""},
    ""nodata_physical_domain"": {""status"": ""NOT_APPLICABLE"", ""reason"": ""not required""},
    ""uncertainty_fitness"": {""status"": ""NOT_APPLICABLE"", ""reason"": ""not required""}
  },
  ""summary"": ""Workflow meets all applicable obligations with the provided information."",
  ""confidence"": 5
}"
SGX3_DEVELOPMENT_rate_mean_as_accumulation_003,strong_A,Qwen/Qwen2.5-7B-Instruct,PROVEN,1.0,5,"{""provenance"": {""status"": ""PASS"", ""reason"": ""authoritative source is supplied""}, ""categorical_semantics"": {""status"": ""NOT_APPLICABLE"", ""reason"": ""not required""}, ""spatial_support_resolution"": {""status"": ""NOT_APPLICABLE"", ""reason"": ""not required""}, ""units_quantity"": {""status"": ""PASS"", ""reason"": ""dimensional consistency between rate and accumulation""}, ""crs_geometry_area"": {""status"": ""NOT_APPLICABLE"", ""reason"": ""not required""}, ""spectral_semantics"": {""status"": ""NOT_APPLICABLE"", ""reason"": ""not required""}, ""processing_quality"": {""status"": ""NOT_APPLICABLE"", ""reason"": ""not required""}, ""vertical_semantics"": {""status"": ""NOT_APPLICABLE"", ""reason"": ""not required""}, ""temporal_causality"": {""status"": ""NOT_APPLICABLE"", ""reason"": ""not required""}, ""evaluation_independence"": {""status"": ""NOT_APPLICABLE"", ""reason"": ""not required""}, ""nodata_physical_domain"": {""status"": ""NOT_APPLICABLE"", ""reason"": ""not required""}, ""uncertainty_fitness"": {""status"": ""NOT_APPLICABLE"", ""reason"": ""not required""}}",Rate-to-accumulation conversion is dimensionally consistent but lacks temporal causality evidence.,"{
  ""obligations"": {
    ""provenance"": {""status"": ""PASS"", ""reason"": ""authoritative source is supplied""},
    ""categorical_semantics"": {""status"": ""NOT_APPLICABLE"", ""reason"": ""not required""},
    ""spatial_support_resolution"": {""status"": ""NOT_APPLICABLE"", ""reason"": ""not required""},
    ""units_quantity"": {""status"": ""PASS"", ""reason"": ""dimensional consistency between rate and accumulation""},
    ""crs_geometry_area"": {""status"": ""NOT_APPLICABLE"", ""reason"": ""not required""},
    ""spectral_semantics"": {""status"": ""NOT_APPLICABLE"", ""reason"": ""not required""},
    ""processing_quality"": {""status"": ""NOT_APPLICABLE"", ""reason"": ""not required""},
    ""vertical_semantics"": {""status"": ""NOT_APPLICABLE"", ""reason"": ""not required""},
    ""temporal_causality"": {""status"": ""NOT_APPLICABLE"", ""reason"": ""not required""},
    ""evaluation_independence"": {""status"": ""NOT_APPLICABLE"", ""reason"": ""not required""},
    ""nodata_physical_domain"": {""status"": ""NOT_APPLICABLE"", ""reason"": ""not required""},
    ""uncertainty_fitness"": {""status"": ""NOT_APPLICABLE"", ""reason"": ""not required""}
  },
  ""summary"": ""Rate-to-accumulation conversion is dimensionally consistent but lacks temporal causality evidence."",
  ""confidence"": 5
}"
SGX3_DEVELOPMENT_spatial_split_leakage_000,strong_A,Qwen/Qwen2.5-7B-Instruct,PROVEN,1.0,5,"{""provenance"": {""status"": ""PASS"", ""reason"": ""authoritative source is supplied""}, ""categorical_semantics"": {""status"": ""NOT_APPLICABLE"", ""reason"": ""not required""}, ""spatial_support_resolution"": {""status"": ""PASS"", ""reason"": ""specified separation and dependence range are provided""}, ""units_quantity"": {""status"": ""NOT_APPLICABLE"", ""reason"": ""not required""}, ""crs_geometry_area"": {""status"": ""PASS"", ""reason"": ""coordinate reference system is specified""}, ""spectral_semantics"": {""status"": ""NOT_APPLICABLE"", ""reason"": ""not required""}, ""processing_quality"": {""status"": ""NOT_APPLICABLE"", ""reason"": ""not required""}, ""vertical_semantics"": {""status"": ""NOT_APPLICABLE"", ""reason"": ""not required""}, ""temporal_causality"": {""status"": ""NOT_APPLICABLE"", ""reason"": ""not required""}, ""evaluation_independence"": {""status"": ""NOT_APPLICABLE"", ""reason"": ""not required""}, ""nodata_physical_domain"": {""status"": ""NOT_APPLICABLE"", ""reason"": ""not required""}, ""uncertainty_fitness"": {""status"": ""NOT_APPLICABLE"", ""reason"": ""not required""}}",Spatial split operation is correctly defined with specified separation and dependence range.,"{
  ""obligations"": {
    ""provenance"": {""status"": ""PASS"", ""reason"": ""authoritative source is supplied""},
    ""categorical_semantics"": {""status"": ""NOT_APPLICABLE"", ""reason"": ""not required""},
    ""spatial_support_resolution"": {""status"": ""PASS"", ""reason"": ""specified separation and dependence range are provided""},
    ""units_quantity"": {""status"": ""NOT_APPLICABLE"", ""reason"": ""not required""},
    ""crs_geometry_area"": {""status"": ""PASS"", ""reason"": ""coordinate reference system is specified""},
    ""spectral_semantics"": {""status"": ""NOT_APPLICABLE"", ""reason"": ""not required""},
    ""processing_quality"": {""status"": ""NOT_APPLICABLE"", ""reason"": ""not required""},
    ""vertical_semantics"": {""status"": ""NOT_APPLICABLE"", ""reason"": ""not required""},
    ""temporal_causality"": {""status"": ""NOT_APPLICABLE"", ""reason"": ""not required""},
    ""evaluation_independence"": {""status"": ""NOT_APPLICABLE"", ""reason"": ""not required""},
    ""nodata_physical_domain"": {""status"": ""NOT_APPLICABLE"", ""reason"": ""not required""},
    ""uncertainty_fitness"": {""status"": ""NOT_APPLICABLE"", ""reason"": ""not required""}
  },
  ""summary"": ""Spatial split operation is correctly defined with specified separation and dependence range."",
  ""confidence"": 5
}"
SGX3_BLIND_landslide_forecast_006,strong_A,Qwen/Qwen2.5-7B-Instruct,REFUTED,1.0,5,"{""provenance"": {""status"": ""PASS"", ""reason"": ""both sources have authoritative provenance""}, ""categorical_semantics"": {""status"": ""NOT_APPLICABLE"", ""reason"": ""no categorical operations involved""}, ""spatial_support_resolution"": {""status"": ""PASS"", ""reason"": ""resolutions are compatible for co-location""}, ""units_quantity"": {""status"": ""NOT_APPLICABLE"", ""reason"": ""no specific units or quantities required""}, ""crs_geometry_area"": {""status"": ""PASS"", ""reason"": ""same CRS and no angular coordinates used""}, ""spectral_semantics"": {""status"": ""NOT_APPLICABLE"", ""reason"": ""no spectral bands or indices used""}, ""processing_quality"": {""status"": ""NOT_APPLICABLE"", ""reason"": ""no processing quality metadata provided""}, ""vertical_semantics"": {""status"": ""PASS"", ""reason"": ""compatible vertical datums for elevation and rainfall""}, ""temporal_causality"": {""status"": ""FAIL"", ""reason"": ""IMERG data available after decision time""}, ""evaluation_independence"": {""status"": ""NOT_APPLICABLE"", ""reason"": ""no evaluation split in workflow""}, ""nodata_physical_domain"": {""status"": ""NOT_APPLICABLE"", ""reason"": ""no nodata semantics or value ranges required""}, ""uncertainty_fitness"": {""status"": ""NOT_APPLICABLE"", ""reason"": ""no uncertainty requirement specified""}}",Temporal causality violated; bare earth requirement not applicable due to lack of cloud mask,"{
  ""obligations"": {
    ""provenance"": {""status"": ""PASS"", ""reason"": ""both sources have authoritative provenance""},
    ""categorical_semantics"": {""status"": ""NOT_APPLICABLE"", ""reason"": ""no categorical operations involved""},
    ""spatial_support_resolution"": {""status"": ""PASS"", ""reason"": ""resolutions are compatible for co-location""},
    ""units_quantity"": {""status"": ""NOT_APPLICABLE"", ""reason"": ""no specific units or quantities required""},
    ""crs_geometry_area"": {""status"": ""PASS"", ""reason"": ""same CRS and no angular coordinates used""},
    ""spectral_semantics"": {""status"": ""NOT_APPLICABLE"", ""reason"": ""no spectral bands or indices used""},
    ""processing_quality"": {""status"": ""NOT_APPLICABLE"", ""reason"": ""no processing quality metadata provided""},
    ""vertical_semantics"": {""status"": ""PASS"", ""reason"": ""compatible vertical datums for elevation and rainfall""},
    ""temporal_causality"": {""status"": ""FAIL"", ""reason"": ""IMERG data available after decision time""},
    ""evaluation_independence"": {""status"": ""NOT_APPLICABLE"", ""reason"": ""no evaluation split in workflow""},
    ""nodata_physical_domain"": {""status"": ""NOT_APPLICABLE"", ""reason"": ""no nodata semantics or value ranges required""},
    ""uncertainty_fitness"": {""status"": ""NOT_APPLICABLE"", ""reason"": ""no uncertainty requirement specified""}
  },
  ""summary"": ""Temporal causality violated; bare earth requirement not applicable due to lack of cloud mask"",
  ""confidence"": 5
}"
SGX3_BLIND_landslide_forecast_010,strong_A,Qwen/Qwen2.5-7B-Instruct,REFUTED,1.0,5,"{""provenance"": {""status"": ""PASS"", ""reason"": ""both sources have authoritative provenance""}, ""categorical_semantics"": {""status"": ""NOT_APPLICABLE"", ""reason"": ""no categorical operations involved""}, ""spatial_support_resolution"": {""status"": ""PASS"", ""reason"": ""resolutions are compatible for co-location""}, ""units_quantity"": {""status"": ""NOT_APPLICABLE"", ""reason"": ""no specific units or quantities required""}, ""crs_geometry_area"": {""status"": ""PASS"", ""reason"": ""same CRS and no angular coordinates used""}, ""spectral_semantics"": {""status"": ""NOT_APPLICABLE"", ""reason"": ""no spectral bands or indices used""}, ""processing_quality"": {""status"": ""NOT_APPLICABLE"", ""reason"": ""no processing quality metadata provided""}, ""vertical_semantics"": {""status"": ""PASS"", ""reason"": ""compatible vertical datums (one unspecified)""}, ""temporal_causality"": {""status"": ""FAIL"", ""reason"": ""IMERG data available before decision time""}, ""evaluation_independence"": {""status"": ""NOT_APPLICABLE"", ""reason"": ""no evaluation split in workflow""}, ""nodata_physical_domain"": {""status"": ""NOT_APPLICABLE"", ""reason"": ""no nodata semantics or value ranges required""}, ""uncertainty_fitness"": {""status"": ""NOT_APPLICABLE"", ""reason"": ""no uncertainty requirement specified""}}",Future information leakage due to IMERG data availability before decision time,"{
  ""obligations"": {
    ""provenance"": {""status"": ""PASS"", ""reason"": ""both sources have authoritative provenance""},
    ""categorical_semantics"": {""status"": ""NOT_APPLICABLE"", ""reason"": ""no categorical operations involved""},
    ""spatial_support_resolution"": {""status"": ""PASS"", ""reason"": ""resolutions are compatible for co-location""},
    ""units_quantity"": {""status"": ""NOT_APPLICABLE"", ""reason"": ""no specific units or quantities required""},
    ""crs_geometry_area"": {""status"": ""PASS"", ""reason"": ""same CRS and no angular coordinates used""},
    ""spectral_semantics"": {""status"": ""NOT_APPLICABLE"", ""reason"": ""no spectral bands or indices used""},
    ""processing_quality"": {""status"": ""NOT_APPLICABLE"", ""reason"": ""no processing quality metadata provided""},
    ""vertical_semantics"": {""status"": ""PASS"", ""reason"": ""compatible vertical datums (one unspecified)""},
    ""temporal_causality"": {""status"": ""FAIL"", ""reason"": ""IMERG data available before decision time""},
    ""evaluation_independence"": {""status"": ""NOT_APPLICABLE"", ""reason"": ""no evaluation split in workflow""},
    ""nodata_physical_domain"": {""status"": ""NOT_APPLICABLE"", ""reason"": ""no nodata semantics or value ranges required""},
    ""uncertainty_fitness"": {""status"": ""NOT_APPLICABLE"", ""reason"": ""no uncertainty requirement specified""}
  },
  ""summary"": ""Future information leakage due to IMERG data availability before decision time"",
  ""confidence"": 5
}"
SGX3_BLIND_flood_remote_sensing_046,strong_A,Qwen/Qwen2.5-7B-Instruct,PROVEN,1.0,5,"{""provenance"": {""status"": ""PASS"", ""reason"": ""all sources are authoritative products""}, ""categorical_semantics"": {""status"": ""NOT_APPLICABLE"", ""reason"": ""no categorical operations are involved""}, ""spatial_support_resolution"": {""status"": ""PASS"", ""reason"": ""all artifacts have the same spatial support and resolution""}, ""units_quantity"": {""status"": ""NOT_APPLICABLE"", ""reason"": ""units are not specified""}, ""crs_geometry_area"": {""status"": ""PASS"", ""reason"": ""all artifacts use the same CRS and method is planar""}, ""spectral_semantics"": {""status"": ""NOT_APPLICABLE"", ""reason"": ""no spectral operations are involved""}, ""processing_quality"": {""status"": ""NOT_APPLICABLE"", ""reason"": ""processing levels are not specified""}, ""vertical_semantics"": {""status"": ""NOT_APPLICABLE"", ""reason"": ""no vertical quantities are involved""}, ""temporal_causality"": {""status"": ""PASS"", ""reason"": ""acquisition times are within the temporal tolerance""}, ""evaluation_independence"": {""status"": ""NOT_APPLICABLE"", ""reason"": ""no evaluation split is present""}, ""nodata_physical_domain"": {""status"": ""NOT_APPLICABLE"", ""reason"": ""nodata semantics are not specified""}, ""uncertainty_fitness"": {""status"": ""NOT_APPLICABLE"", ""reason"": ""uncertainty is not specified""}}","Workflow operations are consistent with the provided artifacts and scientific intent, with no specific constraints on units, processing quality, or uncertainties.","{
  ""obligations"": {
    ""provenance"": {""status"": ""PASS"", ""reason"": ""all sources are authoritative products""},
    ""categorical_semantics"": {""status"": ""NOT_APPLICABLE"", ""reason"": ""no categorical operations are involved""},
    ""spatial_support_resolution"": {""status"": ""PASS"", ""reason"": ""all artifacts have the same spatial support and resolution""},
    ""units_quantity"": {""status"": ""NOT_APPLICABLE"", ""reason"": ""units are not specified""},
    ""crs_geometry_area"": {""status"": ""PASS"", ""reason"": ""all artifacts use the same CRS and method is planar""},
    ""spectral_semantics"": {""status"": ""NOT_APPLICABLE"", ""reason"": ""no spectral operations are involved""},
    ""processing_quality"": {""status"": ""NOT_APPLICABLE"", ""reason"": ""processing levels are not specified""},
    ""vertical_semantics"": {""status"": ""NOT_APPLICABLE"", ""reason"": ""no vertical quantities are involved""},
    ""temporal_causality"": {""status"": ""PASS"", ""reason"": ""acquisition times are within the temporal tolerance""},
    ""evaluation_independence"": {""status"": ""NOT_APPLICABLE"", ""reason"": ""no evaluation split is present""},
    ""nodata_physical_domain"": {""status"": ""NOT_APPLICABLE"", ""reason"": ""nodata semantics are not specified""},
    ""uncertainty_fitness"": {""status"": ""NOT_APPLICABLE"", ""reason"": ""uncertainty is not specified""}
  },
  ""summary"": ""Workflow operations are consistent with the provided artifacts and scientific intent, with no specific constraints on units, processing quality, or uncertainties."",
  ""confidence"": 5
}"
SGX3_BLIND_landcover_change_005,strong_A,Qwen/Qwen2.5-7B-Instruct,PROVEN,1.0,5,"{""provenance"": {""status"": ""PASS"", ""reason"": ""source is supplied""}, ""categorical_semantics"": {""status"": ""PASS"", ""reason"": ""categorical resampling method (bilinear) preserves category identity""}, ""spatial_support_resolution"": {""status"": ""PASS"", ""reason"": ""target resolution is coarser than original""}, ""units_quantity"": {""status"": ""PASS"", ""reason"": ""unit is not required for categorical data""}, ""crs_geometry_area"": {""status"": ""PASS"", ""reason"": ""coordinate system is EPSG:4326, no specific geometry or area issues""}, ""spectral_semantics"": {""status"": ""NOT_APPLICABLE"", ""reason"": ""not required for categorical data""}, ""processing_quality"": {""status"": ""NOT_APPLICABLE"", ""reason"": ""processing level not specified""}, ""vertical_semantics"": {""status"": ""NOT_APPLICABLE"", ""reason"": ""no vertical data involved""}, ""temporal_causality"": {""status"": ""NOT_APPLICABLE"", ""reason"": ""no temporal data involved""}, ""evaluation_independence"": {""status"": ""NOT_APPLICABLE"", ""reason"": ""no evaluation split involved""}, ""nodata_physical_domain"": {""status"": ""NOT_APPLICABLE"", ""reason"": ""nodata semantics not required for categorical data""}, ""uncertainty_fitness"": {""status"": ""NOT_APPLICABLE"", ""reason"": ""uncertainty not required for categorical data""}}","Resampling method preserves categorical identity and target resolution is coarser than original, no other proof obligations apply.","{
  ""obligations"": {
    ""provenance"": {""status"": ""PASS"", ""reason"": ""source is supplied""},
    ""categorical_semantics"": {""status"": ""PASS"", ""reason"": ""categorical resampling method (bilinear) preserves category identity""},
    ""spatial_support_resolution"": {""status"": ""PASS"", ""reason"": ""target resolution is coarser than original""},
    ""units_quantity"": {""status"": ""PASS"", ""reason"": ""unit is not required for categorical data""},
    ""crs_geometry_area"": {""status"": ""PASS"", ""reason"": ""coordinate system is EPSG:4326, no specific geometry or area issues""},
    ""spectral_semantics"": {""status"": ""NOT_APPLICABLE"", ""reason"": ""not required for categorical data""},
    ""processing_quality"": {""status"": ""NOT_APPLICABLE"", ""reason"": ""processing level not specified""},
    ""vertical_semantics"": {""status"": ""NOT_APPLICABLE"", ""reason"": ""no vertical data involved""},
    ""temporal_causality"": {""status"": ""NOT_APPLICABLE"", ""reason"": ""no temporal data involved""},
    ""evaluation_independence"": {""status"": ""NOT_APPLICABLE"", ""reason"": ""no evaluation split involved""},
    ""nodata_physical_domain"": {""status"": ""NOT_APPLICABLE"", ""reason"": ""nodata semantics not required for categorical data""},
    ""uncertainty_fitness"": {""status"": ""NOT_APPLICABLE"", ""reason"": ""uncertainty not required for categorical data""}
  },
  ""summary"": ""Resampling method preserves categorical identity and target resolution is coarser than original, no other proof obligations apply."",
  ""confidence"": 5
}"
SGX3_DEVELOPMENT_cloud_mask_missing_001,strong_A,Qwen/Qwen2.5-7B-Instruct,PROVEN,1.0,5,"{""provenance"": {""status"": ""PASS"", ""reason"": ""authoritative source is supplied""}, ""categorical_semantics"": {""status"": ""NOT_APPLICABLE"", ""reason"": ""not required""}, ""spatial_support_resolution"": {""status"": ""PASS"", ""reason"": ""resolution is within acceptable range""}, ""units_quantity"": {""status"": ""NOT_APPLICABLE"", ""reason"": ""not required""}, ""crs_geometry_area"": {""status"": ""PASS"", ""reason"": ""coordinate reference system is specified""}, ""spectral_semantics"": {""status"": ""NOT_APPLICABLE"", ""reason"": ""not required""}, ""processing_quality"": {""status"": ""PASS"", ""reason"": ""processing level L2A indicates quality metadata""}, ""vertical_semantics"": {""status"": ""NOT_APPLICABLE"", ""reason"": ""not required""}, ""temporal_causality"": {""status"": ""NOT_APPLICABLE"", ""reason"": ""not required""}, ""evaluation_independence"": {""status"": ""NOT_APPLICABLE"", ""reason"": ""not required""}, ""nodata_physical_domain"": {""status"": ""NOT_APPLICABLE"", ""reason"": ""not required""}, ""uncertainty_fitness"": {""status"": ""NOT_APPLICABLE"", ""reason"": ""not required""}}",Workflow operation to require cloud mask is valid given the input artifact properties.,"{
  ""obligations"": {
    ""provenance"": {""status"": ""PASS"", ""reason"": ""authoritative source is supplied""},
    ""categorical_semantics"": {""status"": ""NOT_APPLICABLE"", ""reason"": ""not required""},
    ""spatial_support_resolution"": {""status"": ""PASS"", ""reason"": ""resolution is within acceptable range""},
    ""units_quantity"": {""status"": ""NOT_APPLICABLE"", ""reason"": ""not required""},
    ""crs_geometry_area"": {""status"": ""PASS"", ""reason"": ""coordinate reference system is specified""},
    ""spectral_semantics"": {""status"": ""NOT_APPLICABLE"", ""reason"": ""not required""},
    ""processing_quality"": {""status"": ""PASS"", ""reason"": ""processing level L2A indicates quality metadata""},
    ""vertical_semantics"": {""status"": ""NOT_APPLICABLE"", ""reason"": ""not required""},
    ""temporal_causality"": {""status"": ""NOT_APPLICABLE"", ""reason"": ""not required""},
    ""evaluation_independence"": {""status"": ""NOT_APPLICABLE"", ""reason"": ""not required""},
    ""nodata_physical_domain"": {""status"": ""NOT_APPLICABLE"", ""reason"": ""not required""},
    ""uncertainty_fitness"": {""status"": ""NOT_APPLICABLE"", ""reason"": ""not required""}
  },
  ""summary"": ""Workflow operation to require cloud mask is valid given the input artifact properties."",
  ""confidence"": 5
}"
SGX3_DEVELOPMENT_unsupported_resolution_gain_014,strong_A,Qwen/Qwen2.5-7B-Instruct,PROVEN,1.0,5,"{""provenance"": {""status"": ""PASS"", ""reason"": ""authoritative source is supplied""}, ""categorical_semantics"": {""status"": ""NOT_APPLICABLE"", ""reason"": ""not required""}, ""spatial_support_resolution"": {""status"": ""PASS"", ""reason"": ""downsampling does not claim new spatial information""}, ""units_quantity"": {""status"": ""NOT_APPLICABLE"", ""reason"": ""not required""}, ""crs_geometry_area"": {""status"": ""NOT_APPLICABLE"", ""reason"": ""not required""}, ""spectral_semantics"": {""status"": ""NOT_APPLICABLE"", ""reason"": ""not required""}, ""processing_quality"": {""status"": ""NOT_APPLICABLE"", ""reason"": ""not required""}, ""vertical_semantics"": {""status"": ""NOT_APPLICABLE"", ""reason"": ""not required""}, ""temporal_causality"": {""status"": ""NOT_APPLICABLE"", ""reason"": ""not required""}, ""evaluation_independence"": {""status"": ""NOT_APPLICABLE"", ""reason"": ""not required""}, ""nodata_physical_domain"": {""status"": ""NOT_APPLICABLE"", ""reason"": ""not required""}, ""uncertainty_fitness"": {""status"": ""NOT_APPLICABLE"", ""reason"": ""not required""}}",Downsampling without claiming new information is consistent with the provided workflow.,"{
  ""obligations"": {
    ""provenance"": {""status"": ""PASS"", ""reason"": ""authoritative source is supplied""},
    ""categorical_semantics"": {""status"": ""NOT_APPLICABLE"", ""reason"": ""not required""},
    ""spatial_support_resolution"": {""status"": ""PASS"", ""reason"": ""downsampling does not claim new spatial information""},
    ""units_quantity"": {""status"": ""NOT_APPLICABLE"", ""reason"": ""not required""},
    ""crs_geometry_area"": {""status"": ""NOT_APPLICABLE"", ""reason"": ""not required""},
    ""spectral_semantics"": {""status"": ""NOT_APPLICABLE"", ""reason"": ""not required""},
    ""processing_quality"": {""status"": ""NOT_APPLICABLE"", ""reason"": ""not required""},
    ""vertical_semantics"": {""status"": ""NOT_APPLICABLE"", ""reason"": ""not required""},
    ""temporal_causality"": {""status"": ""NOT_APPLICABLE"", ""reason"": ""not required""},
    ""evaluation_independence"": {""status"": ""NOT_APPLICABLE"", ""reason"": ""not required""},
    ""nodata_physical_domain"": {""status"": ""NOT_APPLICABLE"", ""reason"": ""not required""},
    ""uncertainty_fitness"": {""status"": ""NOT_APPLICABLE"", ""reason"": ""not required""}
  },
  ""summary"": ""Downsampling without claiming new information is consistent with the provided workflow."",
  ""confidence"": 5
}"
SGX3_BLIND_flood_remote_sensing_040,strong_A,Qwen/Qwen2.5-7B-Instruct,PROVEN,1.0,5,"{""provenance"": {""status"": ""PASS"", ""reason"": ""all sources are authoritative products""}, ""categorical_semantics"": {""status"": ""NOT_APPLICABLE"", ""reason"": ""no categorical operations are involved""}, ""spatial_support_resolution"": {""status"": ""PASS"", ""reason"": ""all artifacts have the same resolution (10m)""}, ""units_quantity"": {""status"": ""NOT_APPLICABLE"", ""reason"": ""units are not required for binary data and backscatter/reflectance""}, ""crs_geometry_area"": {""status"": ""PASS"", ""reason"": ""all artifacts use the same CRS (EPSG:32643)""}, ""spectral_semantics"": {""status"": ""NOT_APPLICABLE"", ""reason"": ""no spectral operations are involved""}, ""processing_quality"": {""status"": ""NOT_APPLICABLE"", ""reason"": ""processing levels are not specified""}, ""vertical_semantics"": {""status"": ""NOT_APPLICABLE"", ""reason"": ""no vertical quantities are involved""}, ""temporal_causality"": {""status"": ""PASS"", ""reason"": ""acquisition times are before the available time""}, ""evaluation_independence"": {""status"": ""NOT_APPLICABLE"", ""reason"": ""no evaluation split is present""}, ""nodata_physical_domain"": {""status"": ""NOT_APPLICABLE"", ""reason"": ""nodata semantics are not required for binary data and backscatter/reflectance""}, ""uncertainty_fitness"": {""status"": ""NOT_APPLICABLE"", ""reason"": ""uncertainty is not required for binary data and backscatter/reflectance""}}","Workflow operations are consistent with the provided artifacts and scientific intent, with no apparent contradictions.","{
  ""obligations"": {
    ""provenance"": {""status"": ""PASS"", ""reason"": ""all sources are authoritative products""},
    ""categorical_semantics"": {""status"": ""NOT_APPLICABLE"", ""reason"": ""no categorical operations are involved""},
    ""spatial_support_resolution"": {""status"": ""PASS"", ""reason"": ""all artifacts have the same resolution (10m)""},
    ""units_quantity"": {""status"": ""NOT_APPLICABLE"", ""reason"": ""units are not required for binary data and backscatter/reflectance""},
    ""crs_geometry_area"": {""status"": ""PASS"", ""reason"": ""all artifacts use the same CRS (EPSG:32643)""},
    ""spectral_semantics"": {""status"": ""NOT_APPLICABLE"", ""reason"": ""no spectral operations are involved""},
    ""processing_quality"": {""status"": ""NOT_APPLICABLE"", ""reason"": ""processing levels are not specified""},
    ""vertical_semantics"": {""status"": ""NOT_APPLICABLE"", ""reason"": ""no vertical quantities are involved""},
    ""temporal_causality"": {""status"": ""PASS"", ""reason"": ""acquisition times are before the available time""},
    ""evaluation_independence"": {""status"": ""NOT_APPLICABLE"", ""reason"": ""no evaluation split is present""},
    ""nodata_physical_domain"": {""status"": ""NOT_APPLICABLE"", ""reason"": ""nodata semantics are not required for binary data and backscatter/reflectance""},
    ""uncertainty_fitness"": {""status"": ""NOT_APPLICABLE"", ""reason"": ""uncertainty is not required for binary data and backscatter/reflectance""}
  },
  ""summary"": ""Workflow operations are consistent with the provided artifacts and scientific intent, with no apparent contradictions."",
  ""confidence"": 5
}"
SGX3_DEVELOPMENT_future_information_004,strong_A,Qwen/Qwen2.5-7B-Instruct,REFUTED,1.0,5,"{""provenance"": {""status"": ""PASS"", ""reason"": ""authoritative source is supplied""}, ""categorical_semantics"": {""status"": ""NOT_APPLICABLE"", ""reason"": ""not required""}, ""spatial_support_resolution"": {""status"": ""NOT_APPLICABLE"", ""reason"": ""not required""}, ""units_quantity"": {""status"": ""NOT_APPLICABLE"", ""reason"": ""not required""}, ""crs_geometry_area"": {""status"": ""NOT_APPLICABLE"", ""reason"": ""not required""}, ""spectral_semantics"": {""status"": ""NOT_APPLICABLE"", ""reason"": ""not required""}, ""processing_quality"": {""status"": ""NOT_APPLICABLE"", ""reason"": ""not required""}, ""vertical_semantics"": {""status"": ""NOT_APPLICABLE"", ""reason"": ""not required""}, ""temporal_causality"": {""status"": ""FAIL"", ""reason"": ""feature is available before decision time""}, ""evaluation_independence"": {""status"": ""NOT_APPLICABLE"", ""reason"": ""not required""}, ""nodata_physical_domain"": {""status"": ""NOT_APPLICABLE"", ""reason"": ""not required""}, ""uncertainty_fitness"": {""status"": ""NOT_APPLICABLE"", ""reason"": ""not required""}}","workflow uses past data for future prediction, violating temporal causality","{
  ""obligations"": {
    ""provenance"": {""status"": ""PASS"", ""reason"": ""authoritative source is supplied""},
    ""categorical_semantics"": {""status"": ""NOT_APPLICABLE"", ""reason"": ""not required""},
    ""spatial_support_resolution"": {""status"": ""NOT_APPLICABLE"", ""reason"": ""not required""},
    ""units_quantity"": {""status"": ""NOT_APPLICABLE"", ""reason"": ""not required""},
    ""crs_geometry_area"": {""status"": ""NOT_APPLICABLE"", ""reason"": ""not required""},
    ""spectral_semantics"": {""status"": ""NOT_APPLICABLE"", ""reason"": ""not required""},
    ""processing_quality"": {""status"": ""NOT_APPLICABLE"", ""reason"": ""not required""},
    ""vertical_semantics"": {""status"": ""NOT_APPLICABLE"", ""reason"": ""not required""},
    ""temporal_causality"": {""status"": ""FAIL"", ""reason"": ""feature is available before decision time""},
    ""evaluation_independence"": {""status"": ""NOT_APPLICABLE"", ""reason"": ""not required""},
    ""nodata_physical_domain"": {""status"": ""NOT_APPLICABLE"", ""reason"": ""not required""},
    ""uncertainty_fitness"": {""status"": ""NOT_APPLICABLE"", ""reason"": ""not required""}
  },
  ""summary"": ""workflow uses past data for future prediction, violating temporal causality"",
  ""confidence"": 5
}"
SGX3_BLIND_eo_ml_validation_013,strong_A,Qwen/Qwen2.5-7B-Instruct,PROVEN,1.0,5,"{""provenance"": {""status"": ""PASS"", ""reason"": ""authoritative source is supplied""}, ""categorical_semantics"": {""status"": ""NOT_APPLICABLE"", ""reason"": ""not required""}, ""spatial_support_resolution"": {""status"": ""PASS"", ""reason"": ""resolution and separation meet criteria""}, ""units_quantity"": {""status"": ""NOT_APPLICABLE"", ""reason"": ""not required""}, ""crs_geometry_area"": {""status"": ""PASS"", ""reason"": ""coordinate system is EPSG:32643""}, ""spectral_semantics"": {""status"": ""NOT_APPLICABLE"", ""reason"": ""not required""}, ""processing_quality"": {""status"": ""NOT_APPLICABLE"", ""reason"": ""not required""}, ""vertical_semantics"": {""status"": ""NOT_APPLICABLE"", ""reason"": ""not required""}, ""temporal_causality"": {""status"": ""NOT_APPLICABLE"", ""reason"": ""not required""}, ""evaluation_independence"": {""status"": ""PASS"", ""reason"": ""spatial dependence within range""}, ""nodata_physical_domain"": {""status"": ""NOT_APPLICABLE"", ""reason"": ""not required""}, ""uncertainty_fitness"": {""status"": ""NOT_APPLICABLE"", ""reason"": ""not required""}}",Spatial split operation meets criteria and is independent within specified range,"{
  ""obligations"": {
    ""provenance"": {""status"": ""PASS"", ""reason"": ""authoritative source is supplied""},
    ""categorical_semantics"": {""status"": ""NOT_APPLICABLE"", ""reason"": ""not required""},
    ""spatial_support_resolution"": {""status"": ""PASS"", ""reason"": ""resolution and separation meet criteria""},
    ""units_quantity"": {""status"": ""NOT_APPLICABLE"", ""reason"": ""not required""},
    ""crs_geometry_area"": {""status"": ""PASS"", ""reason"": ""coordinate system is EPSG:32643""},
    ""spectral_semantics"": {""status"": ""NOT_APPLICABLE"", ""reason"": ""not required""},
    ""processing_quality"": {""status"": ""NOT_APPLICABLE"", ""reason"": ""not required""},
    ""vertical_semantics"": {""status"": ""NOT_APPLICABLE"", ""reason"": ""not required""},
    ""temporal_causality"": {""status"": ""NOT_APPLICABLE"", ""reason"": ""not required""},
    ""evaluation_independence"": {""status"": ""PASS"", ""reason"": ""spatial dependence within range""},
    ""nodata_physical_domain"": {""status"": ""NOT_APPLICABLE"", ""reason"": ""not required""},
    ""uncertainty_fitness"": {""status"": ""NOT_APPLICABLE"", ""reason"": ""not required""}
  },
  ""summary"": ""Spatial split operation meets criteria and is independent within specified range"",
  ""confidence"": 5
}"
SGX3_BLIND_eo_ml_validation_043,strong_A,Qwen/Qwen2.5-7B-Instruct,PROVEN,1.0,5,"{""provenance"": {""status"": ""PASS"", ""reason"": ""authoritative source is supplied""}, ""categorical_semantics"": {""status"": ""NOT_APPLICABLE"", ""reason"": ""not required""}, ""spatial_support_resolution"": {""status"": ""PASS"", ""reason"": ""resolution is within the required range (if specified)""}, ""units_quantity"": {""status"": ""NOT_APPLICABLE"", ""reason"": ""not required""}, ""crs_geometry_area"": {""status"": ""PASS"", ""reason"": ""coordinate reference system is specified""}, ""spectral_semantics"": {""status"": ""NOT_APPLICABLE"", ""reason"": ""not required""}, ""processing_quality"": {""status"": ""NOT_APPLICABLE"", ""reason"": ""not required""}, ""vertical_semantics"": {""status"": ""NOT_APPLICABLE"", ""reason"": ""not required""}, ""temporal_causality"": {""status"": ""PASS"", ""reason"": ""temporal split is before the decision time (if specified)""}, ""evaluation_independence"": {""status"": ""PASS"", ""reason"": ""split mode is temporal and does not violate spatial, temporal, or scene dependence""}, ""nodata_physical_domain"": {""status"": ""NOT_APPLICABLE"", ""reason"": ""not required""}, ""uncertainty_fitness"": {""status"": ""NOT_APPLICABLE"", ""reason"": ""not required""}}",Temporal split is valid and does not violate any constraints.,"{
  ""obligations"": {
    ""provenance"": {""status"": ""PASS"", ""reason"": ""authoritative source is supplied""},
    ""categorical_semantics"": {""status"": ""NOT_APPLICABLE"", ""reason"": ""not required""},
    ""spatial_support_resolution"": {""status"": ""PASS"", ""reason"": ""resolution is within the required range (if specified)""},
    ""units_quantity"": {""status"": ""NOT_APPLICABLE"", ""reason"": ""not required""},
    ""crs_geometry_area"": {""status"": ""PASS"", ""reason"": ""coordinate reference system is specified""},
    ""spectral_semantics"": {""status"": ""NOT_APPLICABLE"", ""reason"": ""not required""},
    ""processing_quality"": {""status"": ""NOT_APPLICABLE"", ""reason"": ""not required""},
    ""vertical_semantics"": {""status"": ""NOT_APPLICABLE"", ""reason"": ""not required""},
    ""temporal_causality"": {""status"": ""PASS"", ""reason"": ""temporal split is before the decision time (if specified)""},
    ""evaluation_independence"": {""status"": ""PASS"", ""reason"": ""split mode is temporal and does not violate spatial, temporal, or scene dependence""},
    ""nodata_physical_domain"": {""status"": ""NOT_APPLICABLE"", ""reason"": ""not required""},
    ""uncertainty_fitness"": {""status"": ""NOT_APPLICABLE"", ""reason"": ""not required""}
  },
  ""summary"": ""Temporal split is valid and does not violate any constraints."",
  ""confidence"": 5
}"
SGX3_DEVELOPMENT_categorical_interpolation_004,strong_A,Qwen/Qwen2.5-7B-Instruct,PROVEN,1.0,5,"{""provenance"": {""status"": ""PASS"", ""reason"": ""authoritative source is supplied""}, ""categorical_semantics"": {""status"": ""PASS"", ""reason"": ""nearest-neighbor preserves category identity""}, ""spatial_support_resolution"": {""status"": ""PASS"", ""reason"": ""coarsening does not claim new spatial information""}, ""units_quantity"": {""status"": ""NOT_APPLICABLE"", ""reason"": ""not required""}, ""crs_geometry_area"": {""status"": ""PASS"", ""reason"": ""coordinate system is EPSG:4326""}, ""spectral_semantics"": {""status"": ""NOT_APPLICABLE"", ""reason"": ""not required""}, ""processing_quality"": {""status"": ""NOT_APPLICABLE"", ""reason"": ""not required""}, ""vertical_semantics"": {""status"": ""NOT_APPLICABLE"", ""reason"": ""not required""}, ""temporal_causality"": {""status"": ""NOT_APPLICABLE"", ""reason"": ""not required""}, ""evaluation_independence"": {""status"": ""NOT_APPLICABLE"", ""reason"": ""not required""}, ""nodata_physical_domain"": {""status"": ""NOT_APPLICABLE"", ""reason"": ""not required""}, ""uncertainty_fitness"": {""status"": ""NOT_APPLICABLE"", ""reason"": ""not required""}}",Categorical coarsening using nearest-neighbor method is appropriate given the goal and available data.,"{
  ""obligations"": {
    ""provenance"": {""status"": ""PASS"", ""reason"": ""authoritative source is supplied""},
    ""categorical_semantics"": {""status"": ""PASS"", ""reason"": ""nearest-neighbor preserves category identity""},
    ""spatial_support_resolution"": {""status"": ""PASS"", ""reason"": ""coarsening does not claim new spatial information""},
    ""units_quantity"": {""status"": ""NOT_APPLICABLE"", ""reason"": ""not required""},
    ""crs_geometry_area"": {""status"": ""PASS"", ""reason"": ""coordinate system is EPSG:4326""},
    ""spectral_semantics"": {""status"": ""NOT_APPLICABLE"", ""reason"": ""not required""},
    ""processing_quality"": {""status"": ""NOT_APPLICABLE"", ""reason"": ""not required""},
    ""vertical_semantics"": {""status"": ""NOT_APPLICABLE"", ""reason"": ""not required""},
    ""temporal_causality"": {""status"": ""NOT_APPLICABLE"", ""reason"": ""not required""},
    ""evaluation_independence"": {""status"": ""NOT_APPLICABLE"", ""reason"": ""not required""},
    ""nodata_physical_domain"": {""status"": ""NOT_APPLICABLE"", ""reason"": ""not required""},
    ""uncertainty_fitness"": {""status"": ""NOT_APPLICABLE"", ""reason"": ""not required""}
  },
  ""summary"": ""Categorical coarsening using nearest-neighbor method is appropriate given the goal and available data."",
  ""confidence"": 5
}"
SGX3_BLIND_flood_depth_043,strong_A,Qwen/Qwen2.5-7B-Instruct,PROVEN,1.0,5,"{""provenance"": {""status"": ""PASS"", ""reason"": ""both sources are supplied""}, ""categorical_semantics"": {""status"": ""NOT_APPLICABLE"", ""reason"": ""no categorical operations involved""}, ""spatial_support_resolution"": {""status"": ""PASS"", ""reason"": ""both artifacts have the same resolution""}, ""units_quantity"": {""status"": ""PASS"", ""reason"": ""units are consistent (converted to km)""}, ""crs_geometry_area"": {""status"": ""PASS"", ""reason"": ""same CRS and no claims of finer information""}, ""spectral_semantics"": {""status"": ""NOT_APPLICABLE"", ""reason"": ""no spectral operations involved""}, ""processing_quality"": {""status"": ""NOT_APPLICABLE"", ""reason"": ""no processing quality metadata provided""}, ""vertical_semantics"": {""status"": ""PASS"", ""reason"": ""vertical combination is valid""}, ""temporal_causality"": {""status"": ""NOT_APPLICABLE"", ""reason"": ""no temporal operations involved""}, ""evaluation_independence"": {""status"": ""NOT_APPLICABLE"", ""reason"": ""no evaluation split involved""}, ""nodata_physical_domain"": {""status"": ""NOT_APPLICABLE"", ""reason"": ""no nodata semantics provided""}, ""uncertainty_fitness"": {""status"": ""NOT_APPLICABLE"", ""reason"": ""no uncertainty requirement specified""}}",Workflow operations are consistent with the provided artifacts and scientific intent.,"{
  ""obligations"": {
    ""provenance"": {""status"": ""PASS"", ""reason"": ""both sources are supplied""},
    ""categorical_semantics"": {""status"": ""NOT_APPLICABLE"", ""reason"": ""no categorical operations involved""},
    ""spatial_support_resolution"": {""status"": ""PASS"", ""reason"": ""both artifacts have the same resolution""},
    ""units_quantity"": {""status"": ""PASS"", ""reason"": ""units are consistent (converted to km)""},
    ""crs_geometry_area"": {""status"": ""PASS"", ""reason"": ""same CRS and no claims of finer information""},
    ""spectral_semantics"": {""status"": ""NOT_APPLICABLE"", ""reason"": ""no spectral operations involved""},
    ""processing_quality"": {""status"": ""NOT_APPLICABLE"", ""reason"": ""no processing quality metadata provided""},
    ""vertical_semantics"": {""status"": ""PASS"", ""reason"": ""vertical combination is valid""},
    ""temporal_causality"": {""status"": ""NOT_APPLICABLE"", ""reason"": ""no temporal operations involved""},
    ""evaluation_independence"": {""status"": ""NOT_APPLICABLE"", ""reason"": ""no evaluation split involved""},
    ""nodata_physical_domain"": {""status"": ""NOT_APPLICABLE"", ""reason"": ""no nodata semantics provided""},
    ""uncertainty_fitness"": {""status"": ""NOT_APPLICABLE"", ""reason"": ""no uncertainty requirement specified""}
  },
  ""summary"": ""Workflow operations are consistent with the provided artifacts and scientific intent."",
  ""confidence"": 5
}"
SGX3_BLIND_landslide_forecast_030,strong_A,Qwen/Qwen2.5-7B-Instruct,REFUTED,1.0,5,"{""provenance"": {""status"": ""NOT_APPLICABLE"", ""reason"": ""not required""}, ""categorical_semantics"": {""status"": ""NOT_APPLICABLE"", ""reason"": ""not required""}, ""spatial_support_resolution"": {""status"": ""PASS"", ""reason"": ""both artifacts have EPSG:32643 crs""}, ""units_quantity"": {""status"": ""NOT_APPLICABLE"", ""reason"": ""not required""}, ""crs_geometry_area"": {""status"": ""PASS"", ""reason"": ""both artifacts have EPSG:32643 crs""}, ""spectral_semantics"": {""status"": ""NOT_APPLICABLE"", ""reason"": ""not required""}, ""processing_quality"": {""status"": ""NOT_APPLICABLE"", ""reason"": ""not required""}, ""vertical_semantics"": {""status"": ""PASS"", ""reason"": ""both artifacts have compatible vertical datums (IMERG-feature has no vertical datum)""}, ""temporal_causality"": {""status"": ""FAIL"", ""reason"": ""IMERG-feature available time is before decision time""}, ""evaluation_independence"": {""status"": ""NOT_APPLICABLE"", ""reason"": ""not required""}, ""nodata_physical_domain"": {""status"": ""NOT_APPLICABLE"", ""reason"": ""not required""}, ""uncertainty_fitness"": {""status"": ""NOT_APPLICABLE"", ""reason"": ""not required""}}",Temporal causality obligation failed due to feature availability before decision time,"{
  ""obligations"": {
    ""provenance"": {""status"": ""NOT_APPLICABLE"", ""reason"": ""not required""},
    ""categorical_semantics"": {""status"": ""NOT_APPLICABLE"", ""reason"": ""not required""},
    ""spatial_support_resolution"": {""status"": ""PASS"", ""reason"": ""both artifacts have EPSG:32643 crs""},
    ""units_quantity"": {""status"": ""NOT_APPLICABLE"", ""reason"": ""not required""},
    ""crs_geometry_area"": {""status"": ""PASS"", ""reason"": ""both artifacts have EPSG:32643 crs""},
    ""spectral_semantics"": {""status"": ""NOT_APPLICABLE"", ""reason"": ""not required""},
    ""processing_quality"": {""status"": ""NOT_APPLICABLE"", ""reason"": ""not required""},
    ""vertical_semantics"": {""status"": ""PASS"", ""reason"": ""both artifacts have compatible vertical datums (IMERG-feature has no vertical datum)""},
    ""temporal_causality"": {""status"": ""FAIL"", ""reason"": ""IMERG-feature available time is before decision time""},
    ""evaluation_independence"": {""status"": ""NOT_APPLICABLE"", ""reason"": ""not required""},
    ""nodata_physical_domain"": {""status"": ""NOT_APPLICABLE"", ""reason"": ""not required""},
    ""uncertainty_fitness"": {""status"": ""NOT_APPLICABLE"", ""reason"": ""not required""}
  },
  ""summary"": ""Temporal causality obligation failed due to feature availability before decision time"",
  ""confidence"": 5
}"
SGX3_DEVELOPMENT_unsupported_resolution_gain_012,strong_A,Qwen/Qwen2.5-7B-Instruct,REFUTED,1.0,5,"{""provenance"": {""status"": ""PASS"", ""reason"": ""authoritative source is supplied""}, ""categorical_semantics"": {""status"": ""NOT_APPLICABLE"", ""reason"": ""not required""}, ""spatial_support_resolution"": {""status"": ""FAIL"", ""reason"": ""downscaling to a coarser resolution without evidence of new information""}, ""units_quantity"": {""status"": ""NOT_APPLICABLE"", ""reason"": ""not required""}, ""crs_geometry_area"": {""status"": ""NOT_APPLICABLE"", ""reason"": ""not required""}, ""spectral_semantics"": {""status"": ""NOT_APPLICABLE"", ""reason"": ""not required""}, ""processing_quality"": {""status"": ""NOT_APPLICABLE"", ""reason"": ""not required""}, ""vertical_semantics"": {""status"": ""NOT_APPLICABLE"", ""reason"": ""not required""}, ""temporal_causality"": {""status"": ""NOT_APPLICABLE"", ""reason"": ""not required""}, ""evaluation_independence"": {""status"": ""NOT_APPLICABLE"", ""reason"": ""not required""}, ""nodata_physical_domain"": {""status"": ""NOT_APPLICABLE"", ""reason"": ""not required""}, ""uncertainty_fitness"": {""status"": ""NOT_APPLICABLE"", ""reason"": ""not required""}}",Downscaling to a coarser resolution without evidence of new information is not scientifically justified.,"{
  ""obligations"": {
    ""provenance"": {""status"": ""PASS"", ""reason"": ""authoritative source is supplied""},
    ""categorical_semantics"": {""status"": ""NOT_APPLICABLE"", ""reason"": ""not required""},
    ""spatial_support_resolution"": {""status"": ""FAIL"", ""reason"": ""downscaling to a coarser resolution without evidence of new information""},
    ""units_quantity"": {""status"": ""NOT_APPLICABLE"", ""reason"": ""not required""},
    ""crs_geometry_area"": {""status"": ""NOT_APPLICABLE"", ""reason"": ""not required""},
    ""spectral_semantics"": {""status"": ""NOT_APPLICABLE"", ""reason"": ""not required""},
    ""processing_quality"": {""status"": ""NOT_APPLICABLE"", ""reason"": ""not required""},
    ""vertical_semantics"": {""status"": ""NOT_APPLICABLE"", ""reason"": ""not required""},
    ""temporal_causality"": {""status"": ""NOT_APPLICABLE"", ""reason"": ""not required""},
    ""evaluation_independence"": {""status"": ""NOT_APPLICABLE"", ""reason"": ""not required""},
    ""nodata_physical_domain"": {""status"": ""NOT_APPLICABLE"", ""reason"": ""not required""},
    ""uncertainty_fitness"": {""status"": ""NOT_APPLICABLE"", ""reason"": ""not required""}
  },
  ""summary"": ""Downscaling to a coarser resolution without evidence of new information is not scientifically justified."",
  ""confidence"": 5
}"
SGX3_HELDOUT-FAMILY_temporal_split_overlap_002,strong_A,Qwen/Qwen2.5-7B-Instruct,REFUTED,1.0,5,"{""provenance"": {""status"": ""PASS"", ""reason"": ""authoritative source is supplied""}, ""categorical_semantics"": {""status"": ""NOT_APPLICABLE"", ""reason"": ""not required""}, ""spatial_support_resolution"": {""status"": ""NOT_APPLICABLE"", ""reason"": ""not required""}, ""units_quantity"": {""status"": ""NOT_APPLICABLE"", ""reason"": ""not required""}, ""crs_geometry_area"": {""status"": ""NOT_APPLICABLE"", ""reason"": ""not required""}, ""spectral_semantics"": {""status"": ""NOT_APPLICABLE"", ""reason"": ""not required""}, ""processing_quality"": {""status"": ""NOT_APPLICABLE"", ""reason"": ""not required""}, ""vertical_semantics"": {""status"": ""NOT_APPLICABLE"", ""reason"": ""not required""}, ""temporal_causality"": {""status"": ""FAIL"", ""reason"": ""test set start time equals train end time, indicating overlap""}, ""evaluation_independence"": {""status"": ""PASS"", ""reason"": ""no spatial, temporal, or scene dependence is indicated""}, ""nodata_physical_domain"": {""status"": ""NOT_APPLICABLE"", ""reason"": ""not required""}, ""uncertainty_fitness"": {""status"": ""NOT_APPLICABLE"", ""reason"": ""not required""}}","Temporal split indicates overlap between train and test sets, violating independence assumption","{
  ""obligations"": {
    ""provenance"": {""status"": ""PASS"", ""reason"": ""authoritative source is supplied""},
    ""categorical_semantics"": {""status"": ""NOT_APPLICABLE"", ""reason"": ""not required""},
    ""spatial_support_resolution"": {""status"": ""NOT_APPLICABLE"", ""reason"": ""not required""},
    ""units_quantity"": {""status"": ""NOT_APPLICABLE"", ""reason"": ""not required""},
    ""crs_geometry_area"": {""status"": ""NOT_APPLICABLE"", ""reason"": ""not required""},
    ""spectral_semantics"": {""status"": ""NOT_APPLICABLE"", ""reason"": ""not required""},
    ""processing_quality"": {""status"": ""NOT_APPLICABLE"", ""reason"": ""not required""},
    ""vertical_semantics"": {""status"": ""NOT_APPLICABLE"", ""reason"": ""not required""},
    ""temporal_causality"": {""status"": ""FAIL"", ""reason"": ""test set start time equals train end time, indicating overlap""},
    ""evaluation_independence"": {""status"": ""PASS"", ""reason"": ""no spatial, temporal, or scene dependence is indicated""},
    ""nodata_physical_domain"": {""status"": ""NOT_APPLICABLE"", ""reason"": ""not required""},
    ""uncertainty_fitness"": {""status"": ""NOT_APPLICABLE"", ""reason"": ""not required""}
  },
  ""summary"": ""Temporal split indicates overlap between train and test sets, violating independence assumption"",
  ""confidence"": 5
}"
SGX3_BLIND_flood_depth_032,strong_A,Qwen/Qwen2.5-7B-Instruct,PROVEN,1.0,5,"{""provenance"": {""status"": ""PASS"", ""reason"": ""both sources are supplied""}, ""categorical_semantics"": {""status"": ""NOT_APPLICABLE"", ""reason"": ""no categorical operations involved""}, ""spatial_support_resolution"": {""status"": ""PASS"", ""reason"": ""resolutions are compatible""}, ""units_quantity"": {""status"": ""PASS"", ""reason"": ""units are consistent for vertical combination""}, ""crs_geometry_area"": {""status"": ""PASS"", ""reason"": ""same CRS and no area calculations""}, ""spectral_semantics"": {""status"": ""NOT_APPLICABLE"", ""reason"": ""no spectral operations involved""}, ""processing_quality"": {""status"": ""NOT_APPLICABLE"", ""reason"": ""no processing quality checks required""}, ""vertical_semantics"": {""status"": ""PASS"", ""reason"": ""vertical combination is valid""}, ""temporal_causality"": {""status"": ""NOT_APPLICABLE"", ""reason"": ""no temporal operations involved""}, ""evaluation_independence"": {""status"": ""NOT_APPLICABLE"", ""reason"": ""no evaluation split involved""}, ""nodata_physical_domain"": {""status"": ""NOT_APPLICABLE"", ""reason"": ""no nodata checks required""}, ""uncertainty_fitness"": {""status"": ""NOT_APPLICABLE"", ""reason"": ""no uncertainty requirement specified""}}",Workflow operations are consistent with the provided artifacts and scientific intent.,"{
  ""obligations"": {
    ""provenance"": {""status"": ""PASS"", ""reason"": ""both sources are supplied""},
    ""categorical_semantics"": {""status"": ""NOT_APPLICABLE"", ""reason"": ""no categorical operations involved""},
    ""spatial_support_resolution"": {""status"": ""PASS"", ""reason"": ""resolutions are compatible""},
    ""units_quantity"": {""status"": ""PASS"", ""reason"": ""units are consistent for vertical combination""},
    ""crs_geometry_area"": {""status"": ""PASS"", ""reason"": ""same CRS and no area calculations""},
    ""spectral_semantics"": {""status"": ""NOT_APPLICABLE"", ""reason"": ""no spectral operations involved""},
    ""processing_quality"": {""status"": ""NOT_APPLICABLE"", ""reason"": ""no processing quality checks required""},
    ""vertical_semantics"": {""status"": ""PASS"", ""reason"": ""vertical combination is valid""},
    ""temporal_causality"": {""status"": ""NOT_APPLICABLE"", ""reason"": ""no temporal operations involved""},
    ""evaluation_independence"": {""status"": ""NOT_APPLICABLE"", ""reason"": ""no evaluation split involved""},
    ""nodata_physical_domain"": {""status"": ""NOT_APPLICABLE"", ""reason"": ""no nodata checks required""},
    ""uncertainty_fitness"": {""status"": ""NOT_APPLICABLE"", ""reason"": ""no uncertainty requirement specified""}
  },
  ""summary"": ""Workflow operations are consistent with the provided artifacts and scientific intent."",
  ""confidence"": 5
}"
SGX3_BLIND_landslide_forecast_016,strong_A,Qwen/Qwen2.5-7B-Instruct,REFUTED,1.0,5,"{""provenance"": {""status"": ""NOT_APPLICABLE"", ""reason"": ""not required""}, ""categorical_semantics"": {""status"": ""NOT_APPLICABLE"", ""reason"": ""not required""}, ""spatial_support_resolution"": {""status"": ""PASS"", ""reason"": ""both artifacts have EPSG:32643 crs""}, ""units_quantity"": {""status"": ""NOT_APPLICABLE"", ""reason"": ""not required""}, ""crs_geometry_area"": {""status"": ""PASS"", ""reason"": ""both artifacts have EPSG:32643 crs""}, ""spectral_semantics"": {""status"": ""NOT_APPLICABLE"", ""reason"": ""not required""}, ""processing_quality"": {""status"": ""NOT_APPLICABLE"", ""reason"": ""not required""}, ""vertical_semantics"": {""status"": ""PASS"", ""reason"": ""both artifacts have compatible vertical datums (IMERG-feature has no vertical datum)""}, ""temporal_causality"": {""status"": ""FAIL"", ""reason"": ""IMERG-feature available time is after decision time""}, ""evaluation_independence"": {""status"": ""NOT_APPLICABLE"", ""reason"": ""not required""}, ""nodata_physical_domain"": {""status"": ""NOT_APPLICABLE"", ""reason"": ""not required""}, ""uncertainty_fitness"": {""status"": ""NOT_APPLICABLE"", ""reason"": ""not required""}}","Temporal causality violation and vertical datum compatibility satisfied, but future information leakage detected.","{
  ""obligations"": {
    ""provenance"": {""status"": ""NOT_APPLICABLE"", ""reason"": ""not required""},
    ""categorical_semantics"": {""status"": ""NOT_APPLICABLE"", ""reason"": ""not required""},
    ""spatial_support_resolution"": {""status"": ""PASS"", ""reason"": ""both artifacts have EPSG:32643 crs""},
    ""units_quantity"": {""status"": ""NOT_APPLICABLE"", ""reason"": ""not required""},
    ""crs_geometry_area"": {""status"": ""PASS"", ""reason"": ""both artifacts have EPSG:32643 crs""},
    ""spectral_semantics"": {""status"": ""NOT_APPLICABLE"", ""reason"": ""not required""},
    ""processing_quality"": {""status"": ""NOT_APPLICABLE"", ""reason"": ""not required""},
    ""vertical_semantics"": {""status"": ""PASS"", ""reason"": ""both artifacts have compatible vertical datums (IMERG-feature has no vertical datum)""},
    ""temporal_causality"": {""status"": ""FAIL"", ""reason"": ""IMERG-feature available time is after decision time""},
    ""evaluation_independence"": {""status"": ""NOT_APPLICABLE"", ""reason"": ""not required""},
    ""nodata_physical_domain"": {""status"": ""NOT_APPLICABLE"", ""reason"": ""not required""},
    ""uncertainty_fitness"": {""status"": ""NOT_APPLICABLE"", ""reason"": ""not required""}
  },
  ""summary"": ""Temporal causality violation and vertical datum compatibility satisfied, but future information leakage detected."",
  ""confidence"": 5
}"
SGX3_DEVELOPMENT_DSM_as_DTM_000,strong_A,Qwen/Qwen2.5-7B-Instruct,PROVEN,1.0,5,"{""provenance"": {""status"": ""PASS"", ""reason"": ""authoritative source is supplied""}, ""categorical_semantics"": {""status"": ""NOT_APPLICABLE"", ""reason"": ""not required""}, ""spatial_support_resolution"": {""status"": ""PASS"", ""reason"": ""resolution matches the workflow requirement""}, ""units_quantity"": {""status"": ""NOT_APPLICABLE"", ""reason"": ""not required""}, ""crs_geometry_area"": {""status"": ""PASS"", ""reason"": ""coordinate reference system is specified""}, ""spectral_semantics"": {""status"": ""NOT_APPLICABLE"", ""reason"": ""not required""}, ""processing_quality"": {""status"": ""NOT_APPLICABLE"", ""reason"": ""not required""}, ""vertical_semantics"": {""status"": ""PASS"", ""reason"": ""vertical datum is specified and consistent with DSM_as_DTM""}, ""temporal_causality"": {""status"": ""NOT_APPLICABLE"", ""reason"": ""not required""}, ""evaluation_independence"": {""status"": ""NOT_APPLICABLE"", ""reason"": ""not required""}, ""nodata_physical_domain"": {""status"": ""NOT_APPLICABLE"", ""reason"": ""not required""}, ""uncertainty_fitness"": {""status"": ""NOT_APPLICABLE"", ""reason"": ""not required""}}",Workflow respects the DSM_as_DTM requirement without introducing new constraints beyond those provided in the scientific intent.,"{
  ""obligations"": {
    ""provenance"": {""status"": ""PASS"", ""reason"": ""authoritative source is supplied""},
    ""categorical_semantics"": {""status"": ""NOT_APPLICABLE"", ""reason"": ""not required""},
    ""spatial_support_resolution"": {""status"": ""PASS"", ""reason"": ""resolution matches the workflow requirement""},
    ""units_quantity"": {""status"": ""NOT_APPLICABLE"", ""reason"": ""not required""},
    ""crs_geometry_area"": {""status"": ""PASS"", ""reason"": ""coordinate reference system is specified""},
    ""spectral_semantics"": {""status"": ""NOT_APPLICABLE"", ""reason"": ""not required""},
    ""processing_quality"": {""status"": ""NOT_APPLICABLE"", ""reason"": ""not required""},
    ""vertical_semantics"": {""status"": ""PASS"", ""reason"": ""vertical datum is specified and consistent with DSM_as_DTM""},
    ""temporal_causality"": {""status"": ""NOT_APPLICABLE"", ""reason"": ""not required""},
    ""evaluation_independence"": {""status"": ""NOT_APPLICABLE"", ""reason"": ""not required""},
    ""nodata_physical_domain"": {""status"": ""NOT_APPLICABLE"", ""reason"": ""not required""},
    ""uncertainty_fitness"": {""status"": ""NOT_APPLICABLE"", ""reason"": ""not required""}
  },
  ""summary"": ""Workflow respects the DSM_as_DTM requirement without introducing new constraints beyond those provided in the scientific intent."",
  ""confidence"": 5
}"
SGX3_BLIND_eo_ml_validation_018,strong_A,Qwen/Qwen2.5-7B-Instruct,PROVEN,1.0,5,"{""provenance"": {""status"": ""PASS"", ""reason"": ""authoritative source is supplied""}, ""categorical_semantics"": {""status"": ""NOT_APPLICABLE"", ""reason"": ""not required""}, ""spatial_support_resolution"": {""status"": ""PASS"", ""reason"": ""resolution is within the required range (if specified)""}, ""units_quantity"": {""status"": ""NOT_APPLICABLE"", ""reason"": ""not required""}, ""crs_geometry_area"": {""status"": ""PASS"", ""reason"": ""coordinate reference system is specified""}, ""spectral_semantics"": {""status"": ""NOT_APPLICABLE"", ""reason"": ""not required""}, ""processing_quality"": {""status"": ""NOT_APPLICABLE"", ""reason"": ""not required""}, ""vertical_semantics"": {""status"": ""NOT_APPLICABLE"", ""reason"": ""not required""}, ""temporal_causality"": {""status"": ""PASS"", ""reason"": ""temporal split is valid""}, ""evaluation_independence"": {""status"": ""PASS"", ""reason"": ""split is based on temporal criteria""}, ""nodata_physical_domain"": {""status"": ""NOT_APPLICABLE"", ""reason"": ""not required""}, ""uncertainty_fitness"": {""status"": ""NOT_APPLICABLE"", ""reason"": ""not required""}}",Temporal split is valid and does not introduce future information leakage. Other obligations are not applicable or have no evidence to check.,"{
  ""obligations"": {
    ""provenance"": {""status"": ""PASS"", ""reason"": ""authoritative source is supplied""},
    ""categorical_semantics"": {""status"": ""NOT_APPLICABLE"", ""reason"": ""not required""},
    ""spatial_support_resolution"": {""status"": ""PASS"", ""reason"": ""resolution is within the required range (if specified)""},
    ""units_quantity"": {""status"": ""NOT_APPLICABLE"", ""reason"": ""not required""},
    ""crs_geometry_area"": {""status"": ""PASS"", ""reason"": ""coordinate reference system is specified""},
    ""spectral_semantics"": {""status"": ""NOT_APPLICABLE"", ""reason"": ""not required""},
    ""processing_quality"": {""status"": ""NOT_APPLICABLE"", ""reason"": ""not required""},
    ""vertical_semantics"": {""status"": ""NOT_APPLICABLE"", ""reason"": ""not required""},
    ""temporal_causality"": {""status"": ""PASS"", ""reason"": ""temporal split is valid""},
    ""evaluation_independence"": {""status"": ""PASS"", ""reason"": ""split is based on temporal criteria""},
    ""nodata_physical_domain"": {""status"": ""NOT_APPLICABLE"", ""reason"": ""not required""},
    ""uncertainty_fitness"": {""status"": ""NOT_APPLICABLE"", ""reason"": ""not required""}
  },
  ""summary"": ""Temporal split is valid and does not introduce future information leakage. Other obligations are not applicable or have no evidence to check."",
  ""confidence"": 5
}"
SGX3_DEVELOPMENT_unsupported_resolution_gain_009,strong_A,Qwen/Qwen2.5-7B-Instruct,PROVEN,1.0,5,"{""provenance"": {""status"": ""PASS"", ""reason"": ""authoritative source is supplied""}, ""categorical_semantics"": {""status"": ""NOT_APPLICABLE"", ""reason"": ""not required""}, ""spatial_support_resolution"": {""status"": ""PASS"", ""reason"": ""downsampling does not claim new spatial information""}, ""units_quantity"": {""status"": ""NOT_APPLICABLE"", ""reason"": ""not required""}, ""crs_geometry_area"": {""status"": ""NOT_APPLICABLE"", ""reason"": ""not required""}, ""spectral_semantics"": {""status"": ""NOT_APPLICABLE"", ""reason"": ""not required""}, ""processing_quality"": {""status"": ""NOT_APPLICABLE"", ""reason"": ""not required""}, ""vertical_semantics"": {""status"": ""NOT_APPLICABLE"", ""reason"": ""not required""}, ""temporal_causality"": {""status"": ""NOT_APPLICABLE"", ""reason"": ""not required""}, ""evaluation_independence"": {""status"": ""NOT_APPLICABLE"", ""reason"": ""not required""}, ""nodata_physical_domain"": {""status"": ""NOT_APPLICABLE"", ""reason"": ""not required""}, ""uncertainty_fitness"": {""status"": ""NOT_APPLICABLE"", ""reason"": ""not required""}}",Downsampling without claiming new information is consistent with the provided workflow.,"{
  ""obligations"": {
    ""provenance"": {""status"": ""PASS"", ""reason"": ""authoritative source is supplied""},
    ""categorical_semantics"": {""status"": ""NOT_APPLICABLE"", ""reason"": ""not required""},
    ""spatial_support_resolution"": {""status"": ""PASS"", ""reason"": ""downsampling does not claim new spatial information""},
    ""units_quantity"": {""status"": ""NOT_APPLICABLE"", ""reason"": ""not required""},
    ""crs_geometry_area"": {""status"": ""NOT_APPLICABLE"", ""reason"": ""not required""},
    ""spectral_semantics"": {""status"": ""NOT_APPLICABLE"", ""reason"": ""not required""},
    ""processing_quality"": {""status"": ""NOT_APPLICABLE"", ""reason"": ""not required""},
    ""vertical_semantics"": {""status"": ""NOT_APPLICABLE"", ""reason"": ""not required""},
    ""temporal_causality"": {""status"": ""NOT_APPLICABLE"", ""reason"": ""not required""},
    ""evaluation_independence"": {""status"": ""NOT_APPLICABLE"", ""reason"": ""not required""},
    ""nodata_physical_domain"": {""status"": ""NOT_APPLICABLE"", ""reason"": ""not required""},
    ""uncertainty_fitness"": {""status"": ""NOT_APPLICABLE"", ""reason"": ""not required""}
  },
  ""summary"": ""Downsampling without claiming new information is consistent with the provided workflow."",
  ""confidence"": 5
}"
SGX3_BLIND_flood_depth_012,strong_A,Qwen/Qwen2.5-7B-Instruct,PROVEN,1.0,5,"{""provenance"": {""status"": ""PASS"", ""reason"": ""both sources are supplied""}, ""categorical_semantics"": {""status"": ""NOT_APPLICABLE"", ""reason"": ""no categorical operations involved""}, ""spatial_support_resolution"": {""status"": ""PASS"", ""reason"": ""both artifacts have the same resolution and CRS""}, ""units_quantity"": {""status"": ""NOT_APPLICABLE"", ""reason"": ""no units conversion or quantity semantics issues""}, ""crs_geometry_area"": {""status"": ""PASS"", ""reason"": ""same CRS and no claims of finer information""}, ""spectral_semantics"": {""status"": ""NOT_APPLICABLE"", ""reason"": ""no spectral operations involved""}, ""processing_quality"": {""status"": ""NOT_APPLICABLE"", ""reason"": ""no processing quality metadata provided""}, ""vertical_semantics"": {""status"": ""PASS"", ""reason"": ""vertical combination is valid for elevation and water level""}, ""temporal_causality"": {""status"": ""NOT_APPLICABLE"", ""reason"": ""no temporal operations involved""}, ""evaluation_independence"": {""status"": ""NOT_APPLICABLE"", ""reason"": ""no evaluation split involved""}, ""nodata_physical_domain"": {""status"": ""NOT_APPLICABLE"", ""reason"": ""no nodata semantics provided""}, ""uncertainty_fitness"": {""status"": ""NOT_APPLICABLE"", ""reason"": ""no uncertainty requirement specified""}}","Workflow operations are consistent with the provided artifacts and scientific intent, no violations found.","{
  ""obligations"": {
    ""provenance"": {""status"": ""PASS"", ""reason"": ""both sources are supplied""},
    ""categorical_semantics"": {""status"": ""NOT_APPLICABLE"", ""reason"": ""no categorical operations involved""},
    ""spatial_support_resolution"": {""status"": ""PASS"", ""reason"": ""both artifacts have the same resolution and CRS""},
    ""units_quantity"": {""status"": ""NOT_APPLICABLE"", ""reason"": ""no units conversion or quantity semantics issues""},
    ""crs_geometry_area"": {""status"": ""PASS"", ""reason"": ""same CRS and no claims of finer information""},
    ""spectral_semantics"": {""status"": ""NOT_APPLICABLE"", ""reason"": ""no spectral operations involved""},
    ""processing_quality"": {""status"": ""NOT_APPLICABLE"", ""reason"": ""no processing quality metadata provided""},
    ""vertical_semantics"": {""status"": ""PASS"", ""reason"": ""vertical combination is valid for elevation and water level""},
    ""temporal_causality"": {""status"": ""NOT_APPLICABLE"", ""reason"": ""no temporal operations involved""},
    ""evaluation_independence"": {""status"": ""NOT_APPLICABLE"", ""reason"": ""no evaluation split involved""},
    ""nodata_physical_domain"": {""status"": ""NOT_APPLICABLE"", ""reason"": ""no nodata semantics provided""},
    ""uncertainty_fitness"": {""status"": ""NOT_APPLICABLE"", ""reason"": ""no uncertainty requirement specified""}
  },
  ""summary"": ""Workflow operations are consistent with the provided artifacts and scientific intent, no violations found."",
  ""confidence"": 5
}"
SGX3_BLIND_landslide_forecast_028,strong_A,Qwen/Qwen2.5-7B-Instruct,REFUTED,1.0,5,"{""provenance"": {""status"": ""NOT_APPLICABLE"", ""reason"": ""not required""}, ""categorical_semantics"": {""status"": ""NOT_APPLICABLE"", ""reason"": ""not required""}, ""spatial_support_resolution"": {""status"": ""PASS"", ""reason"": ""resolution is within the workflow context""}, ""units_quantity"": {""status"": ""NOT_APPLICABLE"", ""reason"": ""not required""}, ""crs_geometry_area"": {""status"": ""PASS"", ""reason"": ""same CRS for both artifacts""}, ""spectral_semantics"": {""status"": ""NOT_APPLICABLE"", ""reason"": ""not required""}, ""processing_quality"": {""status"": ""NOT_APPLICABLE"", ""reason"": ""not required""}, ""vertical_semantics"": {""status"": ""PASS"", ""reason"": ""both artifacts have vertical datums""}, ""temporal_causality"": {""status"": ""FAIL"", ""reason"": ""IMERG-feature available after decision time""}, ""evaluation_independence"": {""status"": ""NOT_APPLICABLE"", ""reason"": ""not required""}, ""nodata_physical_domain"": {""status"": ""NOT_APPLICABLE"", ""reason"": ""not required""}, ""uncertainty_fitness"": {""status"": ""NOT_APPLICABLE"", ""reason"": ""not required""}}",Temporal causality violation and bare earth requirement on terrain-90,"{
  ""obligations"": {
    ""provenance"": {""status"": ""NOT_APPLICABLE"", ""reason"": ""not required""},
    ""categorical_semantics"": {""status"": ""NOT_APPLICABLE"", ""reason"": ""not required""},
    ""spatial_support_resolution"": {""status"": ""PASS"", ""reason"": ""resolution is within the workflow context""},
    ""units_quantity"": {""status"": ""NOT_APPLICABLE"", ""reason"": ""not required""},
    ""crs_geometry_area"": {""status"": ""PASS"", ""reason"": ""same CRS for both artifacts""},
    ""spectral_semantics"": {""status"": ""NOT_APPLICABLE"", ""reason"": ""not required""},
    ""processing_quality"": {""status"": ""NOT_APPLICABLE"", ""reason"": ""not required""},
    ""vertical_semantics"": {""status"": ""PASS"", ""reason"": ""both artifacts have vertical datums""},
    ""temporal_causality"": {""status"": ""FAIL"", ""reason"": ""IMERG-feature available after decision time""},
    ""evaluation_independence"": {""status"": ""NOT_APPLICABLE"", ""reason"": ""not required""},
    ""nodata_physical_domain"": {""status"": ""NOT_APPLICABLE"", ""reason"": ""not required""},
    ""uncertainty_fitness"": {""status"": ""NOT_APPLICABLE"", ""reason"": ""not required""}
  },
  ""summary"": ""Temporal causality violation and bare earth requirement on terrain-90"",
  ""confidence"": 5
}"
SGX3_DEVELOPMENT_unsupported_resolution_gain_000,strong_A,Qwen/Qwen2.5-7B-Instruct,PROVEN,1.0,5,"{""provenance"": {""status"": ""PASS"", ""reason"": ""authoritative source is supplied""}, ""categorical_semantics"": {""status"": ""NOT_APPLICABLE"", ""reason"": ""not required""}, ""spatial_support_resolution"": {""status"": ""PASS"", ""reason"": ""downsampling does not claim new spatial information""}, ""units_quantity"": {""status"": ""NOT_APPLICABLE"", ""reason"": ""not required""}, ""crs_geometry_area"": {""status"": ""NOT_APPLICABLE"", ""reason"": ""not required""}, ""spectral_semantics"": {""status"": ""NOT_APPLICABLE"", ""reason"": ""not required""}, ""processing_quality"": {""status"": ""NOT_APPLICABLE"", ""reason"": ""not required""}, ""vertical_semantics"": {""status"": ""NOT_APPLICABLE"", ""reason"": ""not required""}, ""temporal_causality"": {""status"": ""NOT_APPLICABLE"", ""reason"": ""not required""}, ""evaluation_independence"": {""status"": ""NOT_APPLICABLE"", ""reason"": ""not required""}, ""nodata_physical_domain"": {""status"": ""NOT_APPLICABLE"", ""reason"": ""not required""}, ""uncertainty_fitness"": {""status"": ""NOT_APPLICABLE"", ""reason"": ""not required""}}",Downsampling without claiming new information is consistent with the provided workflow.,"{
  ""obligations"": {
    ""provenance"": {""status"": ""PASS"", ""reason"": ""authoritative source is supplied""},
    ""categorical_semantics"": {""status"": ""NOT_APPLICABLE"", ""reason"": ""not required""},
    ""spatial_support_resolution"": {""status"": ""PASS"", ""reason"": ""downsampling does not claim new spatial information""},
    ""units_quantity"": {""status"": ""NOT_APPLICABLE"", ""reason"": ""not required""},
    ""crs_geometry_area"": {""status"": ""NOT_APPLICABLE"", ""reason"": ""not required""},
    ""spectral_semantics"": {""status"": ""NOT_APPLICABLE"", ""reason"": ""not required""},
    ""processing_quality"": {""status"": ""NOT_APPLICABLE"", ""reason"": ""not required""},
    ""vertical_semantics"": {""status"": ""NOT_APPLICABLE"", ""reason"": ""not required""},
    ""temporal_causality"": {""status"": ""NOT_APPLICABLE"", ""reason"": ""not required""},
    ""evaluation_independence"": {""status"": ""NOT_APPLICABLE"", ""reason"": ""not required""},
    ""nodata_physical_domain"": {""status"": ""NOT_APPLICABLE"", ""reason"": ""not required""},
    ""uncertainty_fitness"": {""status"": ""NOT_APPLICABLE"", ""reason"": ""not required""}
  },
  ""summary"": ""Downsampling without claiming new information is consistent with the provided workflow."",
  ""confidence"": 5
}"
SGX3_BLIND_landslide_forecast_021,strong_A,Qwen/Qwen2.5-7B-Instruct,REFUTED,1.0,5,"{""provenance"": {""status"": ""NOT_APPLICABLE"", ""reason"": ""not required""}, ""categorical_semantics"": {""status"": ""NOT_APPLICABLE"", ""reason"": ""not required""}, ""spatial_support_resolution"": {""status"": ""PASS"", ""reason"": ""resolution is within the workflow context""}, ""units_quantity"": {""status"": ""NOT_APPLICABLE"", ""reason"": ""not required""}, ""crs_geometry_area"": {""status"": ""PASS"", ""reason"": ""same CRS for both artifacts""}, ""spectral_semantics"": {""status"": ""NOT_APPLICABLE"", ""reason"": ""not required""}, ""processing_quality"": {""status"": ""NOT_APPLICABLE"", ""reason"": ""not required""}, ""vertical_semantics"": {""status"": ""PASS"", ""reason"": ""both artifacts have vertical datums""}, ""temporal_causality"": {""status"": ""FAIL"", ""reason"": ""IMERG-feature available time is after decision time""}, ""evaluation_independence"": {""status"": ""NOT_APPLICABLE"", ""reason"": ""not required""}, ""nodata_physical_domain"": {""status"": ""NOT_APPLICABLE"", ""reason"": ""not required""}, ""uncertainty_fitness"": {""status"": ""NOT_APPLICABLE"", ""reason"": ""not required""}}",Temporal causality violation and bare earth requirement on terrain-90,"{
  ""obligations"": {
    ""provenance"": {""status"": ""NOT_APPLICABLE"", ""reason"": ""not required""},
    ""categorical_semantics"": {""status"": ""NOT_APPLICABLE"", ""reason"": ""not required""},
    ""spatial_support_resolution"": {""status"": ""PASS"", ""reason"": ""resolution is within the workflow context""},
    ""units_quantity"": {""status"": ""NOT_APPLICABLE"", ""reason"": ""not required""},
    ""crs_geometry_area"": {""status"": ""PASS"", ""reason"": ""same CRS for both artifacts""},
    ""spectral_semantics"": {""status"": ""NOT_APPLICABLE"", ""reason"": ""not required""},
    ""processing_quality"": {""status"": ""NOT_APPLICABLE"", ""reason"": ""not required""},
    ""vertical_semantics"": {""status"": ""PASS"", ""reason"": ""both artifacts have vertical datums""},
    ""temporal_causality"": {""status"": ""FAIL"", ""reason"": ""IMERG-feature available time is after decision time""},
    ""evaluation_independence"": {""status"": ""NOT_APPLICABLE"", ""reason"": ""not required""},
    ""nodata_physical_domain"": {""status"": ""NOT_APPLICABLE"", ""reason"": ""not required""},
    ""uncertainty_fitness"": {""status"": ""NOT_APPLICABLE"", ""reason"": ""not required""}
  },
  ""summary"": ""Temporal causality violation and bare earth requirement on terrain-90"",
  ""confidence"": 5
}"
SGX3_BLIND_flood_depth_027,strong_A,Qwen/Qwen2.5-7B-Instruct,PROVEN,1.0,5,"{""provenance"": {""status"": ""PASS"", ""reason"": ""both sources are supplied""}, ""categorical_semantics"": {""status"": ""NOT_APPLICABLE"", ""reason"": ""no categorical operations involved""}, ""spatial_support_resolution"": {""status"": ""PASS"", ""reason"": ""resolutions are compatible""}, ""units_quantity"": {""status"": ""PASS"", ""reason"": ""units are consistent for vertical combination""}, ""crs_geometry_area"": {""status"": ""PASS"", ""reason"": ""same CRS and no area calculations""}, ""spectral_semantics"": {""status"": ""NOT_APPLICABLE"", ""reason"": ""no spectral operations involved""}, ""processing_quality"": {""status"": ""NOT_APPLICABLE"", ""reason"": ""no processing quality checks required""}, ""vertical_semantics"": {""status"": ""PASS"", ""reason"": ""vertical combination is valid""}, ""temporal_causality"": {""status"": ""NOT_APPLICABLE"", ""reason"": ""no temporal operations involved""}, ""evaluation_independence"": {""status"": ""NOT_APPLICABLE"", ""reason"": ""no evaluation split involved""}, ""nodata_physical_domain"": {""status"": ""NOT_APPLICABLE"", ""reason"": ""no nodata semantics checks required""}, ""uncertainty_fitness"": {""status"": ""NOT_APPLICABLE"", ""reason"": ""no uncertainty requirement specified""}}",Vertical combination is valid and units are consistent. No other proof obligations are applicable.,"{
  ""obligations"": {
    ""provenance"": {""status"": ""PASS"", ""reason"": ""both sources are supplied""},
    ""categorical_semantics"": {""status"": ""NOT_APPLICABLE"", ""reason"": ""no categorical operations involved""},
    ""spatial_support_resolution"": {""status"": ""PASS"", ""reason"": ""resolutions are compatible""},
    ""units_quantity"": {""status"": ""PASS"", ""reason"": ""units are consistent for vertical combination""},
    ""crs_geometry_area"": {""status"": ""PASS"", ""reason"": ""same CRS and no area calculations""},
    ""spectral_semantics"": {""status"": ""NOT_APPLICABLE"", ""reason"": ""no spectral operations involved""},
    ""processing_quality"": {""status"": ""NOT_APPLICABLE"", ""reason"": ""no processing quality checks required""},
    ""vertical_semantics"": {""status"": ""PASS"", ""reason"": ""vertical combination is valid""},
    ""temporal_causality"": {""status"": ""NOT_APPLICABLE"", ""reason"": ""no temporal operations involved""},
    ""evaluation_independence"": {""status"": ""NOT_APPLICABLE"", ""reason"": ""no evaluation split involved""},
    ""nodata_physical_domain"": {""status"": ""NOT_APPLICABLE"", ""reason"": ""no nodata semantics checks required""},
    ""uncertainty_fitness"": {""status"": ""NOT_APPLICABLE"", ""reason"": ""no uncertainty requirement specified""}
  },
  ""summary"": ""Vertical combination is valid and units are consistent. No other proof obligations are applicable."",
  ""confidence"": 5
}"
SGX3_BLIND_flood_depth_026,strong_A,Qwen/Qwen2.5-7B-Instruct,PROVEN,1.0,5,"{""provenance"": {""status"": ""PASS"", ""reason"": ""both sources are supplied""}, ""categorical_semantics"": {""status"": ""NOT_APPLICABLE"", ""reason"": ""no categorical operations involved""}, ""spatial_support_resolution"": {""status"": ""PASS"", ""reason"": ""resolutions are compatible""}, ""units_quantity"": {""status"": ""PASS"", ""reason"": ""units are consistent (m and km)""}, ""crs_geometry_area"": {""status"": ""PASS"", ""reason"": ""same CRS and no area calculations""}, ""spectral_semantics"": {""status"": ""NOT_APPLICABLE"", ""reason"": ""no spectral operations involved""}, ""processing_quality"": {""status"": ""NOT_APPLICABLE"", ""reason"": ""no processing quality checks required""}, ""vertical_semantics"": {""status"": ""PASS"", ""reason"": ""vertical combination is valid""}, ""temporal_causality"": {""status"": ""NOT_APPLICABLE"", ""reason"": ""no temporal operations involved""}, ""evaluation_independence"": {""status"": ""NOT_APPLICABLE"", ""reason"": ""no evaluation split involved""}, ""nodata_physical_domain"": {""status"": ""NOT_APPLICABLE"", ""reason"": ""no nodata checks required""}, ""uncertainty_fitness"": {""status"": ""NOT_APPLICABLE"", ""reason"": ""no uncertainty requirement imposed""}}",Workflow operations are consistent with the provided artifacts and scientific intent.,"{
  ""obligations"": {
    ""provenance"": {""status"": ""PASS"", ""reason"": ""both sources are supplied""},
    ""categorical_semantics"": {""status"": ""NOT_APPLICABLE"", ""reason"": ""no categorical operations involved""},
    ""spatial_support_resolution"": {""status"": ""PASS"", ""reason"": ""resolutions are compatible""},
    ""units_quantity"": {""status"": ""PASS"", ""reason"": ""units are consistent (m and km)""},
    ""crs_geometry_area"": {""status"": ""PASS"", ""reason"": ""same CRS and no area calculations""},
    ""spectral_semantics"": {""status"": ""NOT_APPLICABLE"", ""reason"": ""no spectral operations involved""},
    ""processing_quality"": {""status"": ""NOT_APPLICABLE"", ""reason"": ""no processing quality checks required""},
    ""vertical_semantics"": {""status"": ""PASS"", ""reason"": ""vertical combination is valid""},
    ""temporal_causality"": {""status"": ""NOT_APPLICABLE"", ""reason"": ""no temporal operations involved""},
    ""evaluation_independence"": {""status"": ""NOT_APPLICABLE"", ""reason"": ""no evaluation split involved""},
    ""nodata_physical_domain"": {""status"": ""NOT_APPLICABLE"", ""reason"": ""no nodata checks required""},
    ""uncertainty_fitness"": {""status"": ""NOT_APPLICABLE"", ""reason"": ""no uncertainty requirement imposed""}
  },
  ""summary"": ""Workflow operations are consistent with the provided artifacts and scientific intent."",
  ""confidence"": 5
}"
SGX3_BLIND_landcover_change_022,strong_A,Qwen/Qwen2.5-7B-Instruct,PROVEN,1.0,5,"{""provenance"": {""status"": ""PASS"", ""reason"": ""source is supplied""}, ""categorical_semantics"": {""status"": ""PASS"", ""reason"": ""categorical resampling method (lanczos) preserves category identity""}, ""spatial_support_resolution"": {""status"": ""PASS"", ""reason"": ""target resolution is finer than original, no new information claim""}, ""units_quantity"": {""status"": ""PASS"", ""reason"": ""unit is not required for categorical data""}, ""crs_geometry_area"": {""status"": ""PASS"", ""reason"": ""geometric transformation within same coordinate system""}, ""spectral_semantics"": {""status"": ""NOT_APPLICABLE"", ""reason"": ""not required for categorical data""}, ""processing_quality"": {""status"": ""NOT_APPLICABLE"", ""reason"": ""not required for categorical data""}, ""vertical_semantics"": {""status"": ""NOT_APPLICABLE"", ""reason"": ""not required for categorical data""}, ""temporal_causality"": {""status"": ""NOT_APPLICABLE"", ""reason"": ""no temporal data involved""}, ""evaluation_independence"": {""status"": ""NOT_APPLICABLE"", ""reason"": ""no evaluation split involved""}, ""nodata_physical_domain"": {""status"": ""NOT_APPLICABLE"", ""reason"": ""not required for categorical data""}, ""uncertainty_fitness"": {""status"": ""NOT_APPLICABLE"", ""reason"": ""uncertainty not required for categorical data""}}",Resampling of categorical land cover data to a finer resolution without claiming new information.,"{
  ""obligations"": {
    ""provenance"": {""status"": ""PASS"", ""reason"": ""source is supplied""},
    ""categorical_semantics"": {""status"": ""PASS"", ""reason"": ""categorical resampling method (lanczos) preserves category identity""},
    ""spatial_support_resolution"": {""status"": ""PASS"", ""reason"": ""target resolution is finer than original, no new information claim""},
    ""units_quantity"": {""status"": ""PASS"", ""reason"": ""unit is not required for categorical data""},
    ""crs_geometry_area"": {""status"": ""PASS"", ""reason"": ""geometric transformation within same coordinate system""},
    ""spectral_semantics"": {""status"": ""NOT_APPLICABLE"", ""reason"": ""not required for categorical data""},
    ""processing_quality"": {""status"": ""NOT_APPLICABLE"", ""reason"": ""not required for categorical data""},
    ""vertical_semantics"": {""status"": ""NOT_APPLICABLE"", ""reason"": ""not required for categorical data""},
    ""temporal_causality"": {""status"": ""NOT_APPLICABLE"", ""reason"": ""no temporal data involved""},
    ""evaluation_independence"": {""status"": ""NOT_APPLICABLE"", ""reason"": ""no evaluation split involved""},
    ""nodata_physical_domain"": {""status"": ""NOT_APPLICABLE"", ""reason"": ""not required for categorical data""},
    ""uncertainty_fitness"": {""status"": ""NOT_APPLICABLE"", ""reason"": ""uncertainty not required for categorical data""}
  },
  ""summary"": ""Resampling of categorical land cover data to a finer resolution without claiming new information."",
  ""confidence"": 5
}"
SGX3_BLIND_eo_ml_validation_047,strong_A,Qwen/Qwen2.5-7B-Instruct,PROVEN,1.0,5,"{""provenance"": {""status"": ""PASS"", ""reason"": ""authoritative source is supplied""}, ""categorical_semantics"": {""status"": ""NOT_APPLICABLE"", ""reason"": ""not required""}, ""spatial_support_resolution"": {""status"": ""PASS"", ""reason"": ""resolution is within the required range (if specified)""}, ""units_quantity"": {""status"": ""NOT_APPLICABLE"", ""reason"": ""not required""}, ""crs_geometry_area"": {""status"": ""PASS"", ""reason"": ""coordinate reference system is specified""}, ""spectral_semantics"": {""status"": ""NOT_APPLICABLE"", ""reason"": ""not required""}, ""processing_quality"": {""status"": ""NOT_APPLICABLE"", ""reason"": ""not required""}, ""vertical_semantics"": {""status"": ""NOT_APPLICABLE"", ""reason"": ""not required""}, ""temporal_causality"": {""status"": ""PASS"", ""reason"": ""temporal split is before the decision time (if specified)""}, ""evaluation_independence"": {""status"": ""PASS"", ""reason"": ""split mode is temporal and does not violate spatial, temporal, or scene dependence""}, ""nodata_physical_domain"": {""status"": ""NOT_APPLICABLE"", ""reason"": ""not required""}, ""uncertainty_fitness"": {""status"": ""NOT_APPLICABLE"", ""reason"": ""not required""}}",Temporal split is valid and does not violate any constraints.,"{
  ""obligations"": {
    ""provenance"": {""status"": ""PASS"", ""reason"": ""authoritative source is supplied""},
    ""categorical_semantics"": {""status"": ""NOT_APPLICABLE"", ""reason"": ""not required""},
    ""spatial_support_resolution"": {""status"": ""PASS"", ""reason"": ""resolution is within the required range (if specified)""},
    ""units_quantity"": {""status"": ""NOT_APPLICABLE"", ""reason"": ""not required""},
    ""crs_geometry_area"": {""status"": ""PASS"", ""reason"": ""coordinate reference system is specified""},
    ""spectral_semantics"": {""status"": ""NOT_APPLICABLE"", ""reason"": ""not required""},
    ""processing_quality"": {""status"": ""NOT_APPLICABLE"", ""reason"": ""not required""},
    ""vertical_semantics"": {""status"": ""NOT_APPLICABLE"", ""reason"": ""not required""},
    ""temporal_causality"": {""status"": ""PASS"", ""reason"": ""temporal split is before the decision time (if specified)""},
    ""evaluation_independence"": {""status"": ""PASS"", ""reason"": ""split mode is temporal and does not violate spatial, temporal, or scene dependence""},
    ""nodata_physical_domain"": {""status"": ""NOT_APPLICABLE"", ""reason"": ""not required""},
    ""uncertainty_fitness"": {""status"": ""NOT_APPLICABLE"", ""reason"": ""not required""}
  },
  ""summary"": ""Temporal split is valid and does not violate any constraints."",
  ""confidence"": 5
}"
SGX3_DEVELOPMENT_nodata_zero_001,strong_A,Qwen/Qwen2.5-7B-Instruct,PROVEN,1.0,5,"{""provenance"": {""status"": ""PASS"", ""reason"": ""authoritative source is supplied""}, ""categorical_semantics"": {""status"": ""NOT_APPLICABLE"", ""reason"": ""not required""}, ""spatial_support_resolution"": {""status"": ""PASS"", ""reason"": ""nodata filling does not claim new spatial information""}, ""units_quantity"": {""status"": ""NOT_APPLICABLE"", ""reason"": ""not required""}, ""crs_geometry_area"": {""status"": ""PASS"", ""reason"": ""coordinate system is specified""}, ""spectral_semantics"": {""status"": ""NOT_APPLICABLE"", ""reason"": ""not required""}, ""processing_quality"": {""status"": ""NOT_APPLICABLE"", ""reason"": ""not required""}, ""vertical_semantics"": {""status"": ""NOT_APPLICABLE"", ""reason"": ""not required""}, ""temporal_causality"": {""status"": ""NOT_APPLICABLE"", ""reason"": ""not required""}, ""evaluation_independence"": {""status"": ""NOT_APPLICABLE"", ""reason"": ""not required""}, ""nodata_physical_domain"": {""status"": ""PASS"", ""reason"": ""zero is physically valid and nodata semantics are explicitly defined""}, ""uncertainty_fitness"": {""status"": ""NOT_APPLICABLE"", ""reason"": ""not required""}}",Nodata handling is consistent with the provided information and no other proof obligations are applicable.,"{
  ""obligations"": {
    ""provenance"": {""status"": ""PASS"", ""reason"": ""authoritative source is supplied""},
    ""categorical_semantics"": {""status"": ""NOT_APPLICABLE"", ""reason"": ""not required""},
    ""spatial_support_resolution"": {""status"": ""PASS"", ""reason"": ""nodata filling does not claim new spatial information""},
    ""units_quantity"": {""status"": ""NOT_APPLICABLE"", ""reason"": ""not required""},
    ""crs_geometry_area"": {""status"": ""PASS"", ""reason"": ""coordinate system is specified""},
    ""spectral_semantics"": {""status"": ""NOT_APPLICABLE"", ""reason"": ""not required""},
    ""processing_quality"": {""status"": ""NOT_APPLICABLE"", ""reason"": ""not required""},
    ""vertical_semantics"": {""status"": ""NOT_APPLICABLE"", ""reason"": ""not required""},
    ""temporal_causality"": {""status"": ""NOT_APPLICABLE"", ""reason"": ""not required""},
    ""evaluation_independence"": {""status"": ""NOT_APPLICABLE"", ""reason"": ""not required""},
    ""nodata_physical_domain"": {""status"": ""PASS"", ""reason"": ""zero is physically valid and nodata semantics are explicitly defined""},
    ""uncertainty_fitness"": {""status"": ""NOT_APPLICABLE"", ""reason"": ""not required""}
  },
  ""summary"": ""Nodata handling is consistent with the provided information and no other proof obligations are applicable."",
  ""confidence"": 5
}"
SGX3_DEVELOPMENT_band_grid_mismatch_000,strong_A,Qwen/Qwen2.5-7B-Instruct,REFUTED,1.0,5,"{""provenance"": {""status"": ""PASS"", ""reason"": ""both sources are authoritative products""}, ""categorical_semantics"": {""status"": ""NOT_APPLICABLE"", ""reason"": ""no categorical operations involved""}, ""spatial_support_resolution"": {""status"": ""FAIL"", ""reason"": ""resolution mismatch between red (10m) and other (20m)""}, ""units_quantity"": {""status"": ""NOT_APPLICABLE"", ""reason"": ""units not specified""}, ""crs_geometry_area"": {""status"": ""PASS"", ""reason"": ""same CRS (EPSG:32643)""}, ""spectral_semantics"": {""status"": ""PASS"", ""reason"": ""roles match expectations""}, ""processing_quality"": {""status"": ""NOT_APPLICABLE"", ""reason"": ""not required""}, ""vertical_semantics"": {""status"": ""NOT_APPLICABLE"", ""reason"": ""no vertical quantities involved""}, ""temporal_causality"": {""status"": ""NOT_APPLICABLE"", ""reason"": ""no temporal operations involved""}, ""evaluation_independence"": {""status"": ""NOT_APPLICABLE"", ""reason"": ""no evaluation split involved""}, ""nodata_physical_domain"": {""status"": ""NOT_APPLICABLE"", ""reason"": ""nodata semantics not required""}, ""uncertainty_fitness"": {""status"": ""NOT_APPLICABLE"", ""reason"": ""uncertainty not required""}}",Spatial resolution mismatch between red and other bands,"{
  ""obligations"": {
    ""provenance"": {""status"": ""PASS"", ""reason"": ""both sources are authoritative products""},
    ""categorical_semantics"": {""status"": ""NOT_APPLICABLE"", ""reason"": ""no categorical operations involved""},
    ""spatial_support_resolution"": {""status"": ""FAIL"", ""reason"": ""resolution mismatch between red (10m) and other (20m)""},
    ""units_quantity"": {""status"": ""NOT_APPLICABLE"", ""reason"": ""units not specified""},
    ""crs_geometry_area"": {""status"": ""PASS"", ""reason"": ""same CRS (EPSG:32643)""},
    ""spectral_semantics"": {""status"": ""PASS"", ""reason"": ""roles match expectations""},
    ""processing_quality"": {""status"": ""NOT_APPLICABLE"", ""reason"": ""not required""},
    ""vertical_semantics"": {""status"": ""NOT_APPLICABLE"", ""reason"": ""no vertical quantities involved""},
    ""temporal_causality"": {""status"": ""NOT_APPLICABLE"", ""reason"": ""no temporal operations involved""},
    ""evaluation_independence"": {""status"": ""NOT_APPLICABLE"", ""reason"": ""no evaluation split involved""},
    ""nodata_physical_domain"": {""status"": ""NOT_APPLICABLE"", ""reason"": ""nodata semantics not required""},
    ""uncertainty_fitness"": {""status"": ""NOT_APPLICABLE"", ""reason"": ""uncertainty not required""}
  },
  ""summary"": ""Spatial resolution mismatch between red and other bands"",
  ""confidence"": 5
}"
SGX3_BLIND_flood_remote_sensing_041,strong_A,Qwen/Qwen2.5-7B-Instruct,PROVEN,1.0,5,"{""provenance"": {""status"": ""PASS"", ""reason"": ""all sources are authoritative products""}, ""categorical_semantics"": {""status"": ""NOT_APPLICABLE"", ""reason"": ""no categorical operations involved""}, ""spatial_support_resolution"": {""status"": ""PASS"", ""reason"": ""all artifacts have the same resolution (10m)""}, ""units_quantity"": {""status"": ""NOT_APPLICABLE"", ""reason"": ""units are not specified""}, ""crs_geometry_area"": {""status"": ""PASS"", ""reason"": ""all artifacts use the same CRS (EPSG:32643)""}, ""spectral_semantics"": {""status"": ""NOT_APPLICABLE"", ""reason"": ""no spectral operations involved""}, ""processing_quality"": {""status"": ""NOT_APPLICABLE"", ""reason"": ""processing levels not specified""}, ""vertical_semantics"": {""status"": ""NOT_APPLICABLE"", ""reason"": ""no vertical quantities involved""}, ""temporal_causality"": {""status"": ""PASS"", ""reason"": ""time tolerance not required for comparison""}, ""evaluation_independence"": {""status"": ""NOT_APPLICABLE"", ""reason"": ""no evaluation split involved""}, ""nodata_physical_domain"": {""status"": ""NOT_APPLICABLE"", ""reason"": ""nodata semantics not specified""}, ""uncertainty_fitness"": {""status"": ""NOT_APPLICABLE"", ""reason"": ""uncertainty not specified""}}","Workflow operations are consistent with provided artifacts and scientific intent, no violations found.","{
  ""obligations"": {
    ""provenance"": {""status"": ""PASS"", ""reason"": ""all sources are authoritative products""},
    ""categorical_semantics"": {""status"": ""NOT_APPLICABLE"", ""reason"": ""no categorical operations involved""},
    ""spatial_support_resolution"": {""status"": ""PASS"", ""reason"": ""all artifacts have the same resolution (10m)""},
    ""units_quantity"": {""status"": ""NOT_APPLICABLE"", ""reason"": ""units are not specified""},
    ""crs_geometry_area"": {""status"": ""PASS"", ""reason"": ""all artifacts use the same CRS (EPSG:32643)""},
    ""spectral_semantics"": {""status"": ""NOT_APPLICABLE"", ""reason"": ""no spectral operations involved""},
    ""processing_quality"": {""status"": ""NOT_APPLICABLE"", ""reason"": ""processing levels not specified""},
    ""vertical_semantics"": {""status"": ""NOT_APPLICABLE"", ""reason"": ""no vertical quantities involved""},
    ""temporal_causality"": {""status"": ""PASS"", ""reason"": ""time tolerance not required for comparison""},
    ""evaluation_independence"": {""status"": ""NOT_APPLICABLE"", ""reason"": ""no evaluation split involved""},
    ""nodata_physical_domain"": {""status"": ""NOT_APPLICABLE"", ""reason"": ""nodata semantics not specified""},
    ""uncertainty_fitness"": {""status"": ""NOT_APPLICABLE"", ""reason"": ""uncertainty not specified""}
  },
  ""summary"": ""Workflow operations are consistent with provided artifacts and scientific intent, no violations found."",
  ""confidence"": 5
}"
SGX3_BLIND_landcover_change_042,strong_A,Qwen/Qwen2.5-7B-Instruct,PROVEN,1.0,5,"{""provenance"": {""status"": ""NOT_APPLICABLE"", ""reason"": ""no provenance information required for this workflow""}, ""categorical_semantics"": {""status"": ""PASS"", ""reason"": ""categorical resampling method (cubic) is appropriate for land cover""}, ""spatial_support_resolution"": {""status"": ""PASS"", ""reason"": ""resampling to a coarser resolution does not claim new spatial information""}, ""units_quantity"": {""status"": ""NOT_APPLICABLE"", ""reason"": ""no specific units or quantities required for this workflow""}, ""crs_geometry_area"": {""status"": ""NOT_APPLICABLE"", ""reason"": ""no specific CRS or geometry requirements for this workflow""}, ""spectral_semantics"": {""status"": ""NOT_APPLICABLE"", ""reason"": ""no spectral operations involved in this workflow""}, ""processing_quality"": {""status"": ""NOT_APPLICABLE"", ""reason"": ""no specific processing quality requirements for this workflow""}, ""vertical_semantics"": {""status"": ""NOT_APPLICABLE"", ""reason"": ""no vertical operations involved in this workflow""}, ""temporal_causality"": {""status"": ""NOT_APPLICABLE"", ""reason"": ""no temporal operations involved in this workflow""}, ""evaluation_independence"": {""status"": ""NOT_APPLICABLE"", ""reason"": ""no evaluation split involved in this workflow""}, ""nodata_physical_domain"": {""status"": ""NOT_APPLICABLE"", ""reason"": ""no nodata or missing-value semantics required for this workflow""}, ""uncertainty_fitness"": {""status"": ""NOT_APPLICABLE"", ""reason"": ""no uncertainty requirements for this workflow""}}","Resampling to a coarser resolution is appropriate for land cover data, but no other proof obligations are applicable.","{
  ""obligations"": {
    ""provenance"": {""status"": ""NOT_APPLICABLE"", ""reason"": ""no provenance information required for this workflow""},
    ""categorical_semantics"": {""status"": ""PASS"", ""reason"": ""categorical resampling method (cubic) is appropriate for land cover""},
    ""spatial_support_resolution"": {""status"": ""PASS"", ""reason"": ""resampling to a coarser resolution does not claim new spatial information""},
    ""units_quantity"": {""status"": ""NOT_APPLICABLE"", ""reason"": ""no specific units or quantities required for this workflow""},
    ""crs_geometry_area"": {""status"": ""NOT_APPLICABLE"", ""reason"": ""no specific CRS or geometry requirements for this workflow""},
    ""spectral_semantics"": {""status"": ""NOT_APPLICABLE"", ""reason"": ""no spectral operations involved in this workflow""},
    ""processing_quality"": {""status"": ""NOT_APPLICABLE"", ""reason"": ""no specific processing quality requirements for this workflow""},
    ""vertical_semantics"": {""status"": ""NOT_APPLICABLE"", ""reason"": ""no vertical operations involved in this workflow""},
    ""temporal_causality"": {""status"": ""NOT_APPLICABLE"", ""reason"": ""no temporal operations involved in this workflow""},
    ""evaluation_independence"": {""status"": ""NOT_APPLICABLE"", ""reason"": ""no evaluation split involved in this workflow""},
    ""nodata_physical_domain"": {""status"": ""NOT_APPLICABLE"", ""reason"": ""no nodata or missing-value semantics required for this workflow""},
    ""uncertainty_fitness"": {""status"": ""NOT_APPLICABLE"", ""reason"": ""no uncertainty requirements for this workflow""}
  },
  ""summary"": ""Resampling to a coarser resolution is appropriate for land cover data, but no other proof obligations are applicable."",
  ""confidence"": 5
}"
SGX3_HELDOUT-FAMILY_temporal_split_overlap_000,strong_A,Qwen/Qwen2.5-7B-Instruct,REFUTED,1.0,5,"{""provenance"": {""status"": ""PASS"", ""reason"": ""authoritative source is supplied""}, ""categorical_semantics"": {""status"": ""NOT_APPLICABLE"", ""reason"": ""not required""}, ""spatial_support_resolution"": {""status"": ""NOT_APPLICABLE"", ""reason"": ""not required""}, ""units_quantity"": {""status"": ""NOT_APPLICABLE"", ""reason"": ""not required""}, ""crs_geometry_area"": {""status"": ""NOT_APPLICABLE"", ""reason"": ""not required""}, ""spectral_semantics"": {""status"": ""NOT_APPLICABLE"", ""reason"": ""not required""}, ""processing_quality"": {""status"": ""NOT_APPLICABLE"", ""reason"": ""not required""}, ""vertical_semantics"": {""status"": ""NOT_APPLICABLE"", ""reason"": ""not required""}, ""temporal_causality"": {""status"": ""FAIL"", ""reason"": ""test data starts before training end""}, ""evaluation_independence"": {""status"": ""PASS"", ""reason"": ""no spatial, temporal, or scene dependence""}, ""nodata_physical_domain"": {""status"": ""NOT_APPLICABLE"", ""reason"": ""not required""}, ""uncertainty_fitness"": {""status"": ""NOT_APPLICABLE"", ""reason"": ""not required""}}",Temporal split has overlap between train and test sets,"{
  ""obligations"": {
    ""provenance"": {""status"": ""PASS"", ""reason"": ""authoritative source is supplied""},
    ""categorical_semantics"": {""status"": ""NOT_APPLICABLE"", ""reason"": ""not required""},
    ""spatial_support_resolution"": {""status"": ""NOT_APPLICABLE"", ""reason"": ""not required""},
    ""units_quantity"": {""status"": ""NOT_APPLICABLE"", ""reason"": ""not required""},
    ""crs_geometry_area"": {""status"": ""NOT_APPLICABLE"", ""reason"": ""not required""},
    ""spectral_semantics"": {""status"": ""NOT_APPLICABLE"", ""reason"": ""not required""},
    ""processing_quality"": {""status"": ""NOT_APPLICABLE"", ""reason"": ""not required""},
    ""vertical_semantics"": {""status"": ""NOT_APPLICABLE"", ""reason"": ""not required""},
    ""temporal_causality"": {""status"": ""FAIL"", ""reason"": ""test data starts before training end""},
    ""evaluation_independence"": {""status"": ""PASS"", ""reason"": ""no spatial, temporal, or scene dependence""},
    ""nodata_physical_domain"": {""status"": ""NOT_APPLICABLE"", ""reason"": ""not required""},
    ""uncertainty_fitness"": {""status"": ""NOT_APPLICABLE"", ""reason"": ""not required""}
  },
  ""summary"": ""Temporal split has overlap between train and test sets"",
  ""confidence"": 5
}"
SGX3_HELDOUT-FAMILY_scene_overlap_leakage_011,strong_A,Qwen/Qwen2.5-7B-Instruct,PROVEN,1.0,5,"{""provenance"": {""status"": ""PASS"", ""reason"": ""authoritative source is supplied""}, ""categorical_semantics"": {""status"": ""NOT_APPLICABLE"", ""reason"": ""not required""}, ""spatial_support_resolution"": {""status"": ""PASS"", ""reason"": ""resolution is consistent""}, ""units_quantity"": {""status"": ""NOT_APPLICABLE"", ""reason"": ""not required""}, ""crs_geometry_area"": {""status"": ""PASS"", ""reason"": ""consistent CRS""}, ""spectral_semantics"": {""status"": ""NOT_APPLICABLE"", ""reason"": ""not required""}, ""processing_quality"": {""status"": ""NOT_APPLICABLE"", ""reason"": ""not required""}, ""vertical_semantics"": {""status"": ""NOT_APPLICABLE"", ""reason"": ""not required""}, ""temporal_causality"": {""status"": ""NOT_APPLICABLE"", ""reason"": ""not required""}, ""evaluation_independence"": {""status"": ""PASS"", ""reason"": ""scene overlap fraction does not imply spatial dependence""}, ""nodata_physical_domain"": {""status"": ""NOT_APPLICABLE"", ""reason"": ""not required""}, ""uncertainty_fitness"": {""status"": ""NOT_APPLICABLE"", ""reason"": ""not required""}}",Scene overlap splitting is performed without violating any proof obligations.,"{
  ""obligations"": {
    ""provenance"": {""status"": ""PASS"", ""reason"": ""authoritative source is supplied""},
    ""categorical_semantics"": {""status"": ""NOT_APPLICABLE"", ""reason"": ""not required""},
    ""spatial_support_resolution"": {""status"": ""PASS"", ""reason"": ""resolution is consistent""},
    ""units_quantity"": {""status"": ""NOT_APPLICABLE"", ""reason"": ""not required""},
    ""crs_geometry_area"": {""status"": ""PASS"", ""reason"": ""consistent CRS""},
    ""spectral_semantics"": {""status"": ""NOT_APPLICABLE"", ""reason"": ""not required""},
    ""processing_quality"": {""status"": ""NOT_APPLICABLE"", ""reason"": ""not required""},
    ""vertical_semantics"": {""status"": ""NOT_APPLICABLE"", ""reason"": ""not required""},
    ""temporal_causality"": {""status"": ""NOT_APPLICABLE"", ""reason"": ""not required""},
    ""evaluation_independence"": {""status"": ""PASS"", ""reason"": ""scene overlap fraction does not imply spatial dependence""},
    ""nodata_physical_domain"": {""status"": ""NOT_APPLICABLE"", ""reason"": ""not required""},
    ""uncertainty_fitness"": {""status"": ""NOT_APPLICABLE"", ""reason"": ""not required""}
  },
  ""summary"": ""Scene overlap splitting is performed without violating any proof obligations."",
  ""confidence"": 5
}"
SGX3_HELDOUT-FAMILY_rate_sum_without_duration_002,strong_A,Qwen/Qwen2.5-7B-Instruct,REFUTED,1.0,5,"{""provenance"": {""status"": ""PASS"", ""reason"": ""authoritative source is supplied""}, ""categorical_semantics"": {""status"": ""NOT_APPLICABLE"", ""reason"": ""not required""}, ""spatial_support_resolution"": {""status"": ""NOT_APPLICABLE"", ""reason"": ""not required""}, ""units_quantity"": {""status"": ""FAIL"", ""reason"": ""summing rates without duration results in an invalid quantity""}, ""crs_geometry_area"": {""status"": ""NOT_APPLICABLE"", ""reason"": ""not required""}, ""spectral_semantics"": {""status"": ""NOT_APPLICABLE"", ""reason"": ""not required""}, ""processing_quality"": {""status"": ""NOT_APPLICABLE"", ""reason"": ""not required""}, ""vertical_semantics"": {""status"": ""NOT_APPLICABLE"", ""reason"": ""not required""}, ""temporal_causality"": {""status"": ""NOT_APPLICABLE"", ""reason"": ""not required""}, ""evaluation_independence"": {""status"": ""NOT_APPLICABLE"", ""reason"": ""not required""}, ""nodata_physical_domain"": {""status"": ""NOT_APPLICABLE"", ""reason"": ""not required""}, ""uncertainty_fitness"": {""status"": ""NOT_APPLICABLE"", ""reason"": ""not required""}}",Summing precipitation rates without duration results in an invalid quantity,"{
  ""obligations"": {
    ""provenance"": {""status"": ""PASS"", ""reason"": ""authoritative source is supplied""},
    ""categorical_semantics"": {""status"": ""NOT_APPLICABLE"", ""reason"": ""not required""},
    ""spatial_support_resolution"": {""status"": ""NOT_APPLICABLE"", ""reason"": ""not required""},
    ""units_quantity"": {""status"": ""FAIL"", ""reason"": ""summing rates without duration results in an invalid quantity""},
    ""crs_geometry_area"": {""status"": ""NOT_APPLICABLE"", ""reason"": ""not required""},
    ""spectral_semantics"": {""status"": ""NOT_APPLICABLE"", ""reason"": ""not required""},
    ""processing_quality"": {""status"": ""NOT_APPLICABLE"", ""reason"": ""not required""},
    ""vertical_semantics"": {""status"": ""NOT_APPLICABLE"", ""reason"": ""not required""},
    ""temporal_causality"": {""status"": ""NOT_APPLICABLE"", ""reason"": ""not required""},
    ""evaluation_independence"": {""status"": ""NOT_APPLICABLE"", ""reason"": ""not required""},
    ""nodata_physical_domain"": {""status"": ""NOT_APPLICABLE"", ""reason"": ""not required""},
    ""uncertainty_fitness"": {""status"": ""NOT_APPLICABLE"", ""reason"": ""not required""}
  },
  ""summary"": ""Summing precipitation rates without duration results in an invalid quantity"",
  ""confidence"": 5
}"
SGX3_BLIND_flood_remote_sensing_017,strong_A,Qwen/Qwen2.5-7B-Instruct,PROVEN,1.0,5,"{""provenance"": {""status"": ""PASS"", ""reason"": ""all sources are authoritative products""}, ""categorical_semantics"": {""status"": ""NOT_APPLICABLE"", ""reason"": ""no categorical operations involved""}, ""spatial_support_resolution"": {""status"": ""PASS"", ""reason"": ""consistent spatial resolution (10m)""}, ""units_quantity"": {""status"": ""NOT_APPLICABLE"", ""reason"": ""units not required for binary mask""}, ""crs_geometry_area"": {""status"": ""PASS"", ""reason"": ""consistent CRS and method for area calculation""}, ""spectral_semantics"": {""status"": ""NOT_APPLICABLE"", ""reason"": ""no spectral operations involved""}, ""processing_quality"": {""status"": ""NOT_APPLICABLE"", ""reason"": ""no processing level specified""}, ""vertical_semantics"": {""status"": ""NOT_APPLICABLE"", ""reason"": ""no vertical quantities involved""}, ""temporal_causality"": {""status"": ""PASS"", ""reason"": ""acquisition times are before available time""}, ""evaluation_independence"": {""status"": ""NOT_APPLICABLE"", ""reason"": ""no evaluation split involved""}, ""nodata_physical_domain"": {""status"": ""NOT_APPLICABLE"", ""reason"": ""no nodata semantics specified""}, ""uncertainty_fitness"": {""status"": ""NOT_APPLICABLE"", ""reason"": ""no uncertainty requirement specified""}}","Workflow operations are consistent with the provided artifacts and scientific intent, with no apparent contradictions.","{
  ""obligations"": {
    ""provenance"": {""status"": ""PASS"", ""reason"": ""all sources are authoritative products""},
    ""categorical_semantics"": {""status"": ""NOT_APPLICABLE"", ""reason"": ""no categorical operations involved""},
    ""spatial_support_resolution"": {""status"": ""PASS"", ""reason"": ""consistent spatial resolution (10m)""},
    ""units_quantity"": {""status"": ""NOT_APPLICABLE"", ""reason"": ""units not required for binary mask""},
    ""crs_geometry_area"": {""status"": ""PASS"", ""reason"": ""consistent CRS and method for area calculation""},
    ""spectral_semantics"": {""status"": ""NOT_APPLICABLE"", ""reason"": ""no spectral operations involved""},
    ""processing_quality"": {""status"": ""NOT_APPLICABLE"", ""reason"": ""no processing level specified""},
    ""vertical_semantics"": {""status"": ""NOT_APPLICABLE"", ""reason"": ""no vertical quantities involved""},
    ""temporal_causality"": {""status"": ""PASS"", ""reason"": ""acquisition times are before available time""},
    ""evaluation_independence"": {""status"": ""NOT_APPLICABLE"", ""reason"": ""no evaluation split involved""},
    ""nodata_physical_domain"": {""status"": ""NOT_APPLICABLE"", ""reason"": ""no nodata semantics specified""},
    ""uncertainty_fitness"": {""status"": ""NOT_APPLICABLE"", ""reason"": ""no uncertainty requirement specified""}
  },
  ""summary"": ""Workflow operations are consistent with the provided artifacts and scientific intent, with no apparent contradictions."",
  ""confidence"": 5
}"
SGX3_BLIND_flood_remote_sensing_045,strong_A,Qwen/Qwen2.5-7B-Instruct,PROVEN,1.0,5,"{""provenance"": {""status"": ""PASS"", ""reason"": ""all sources are authoritative products""}, ""categorical_semantics"": {""status"": ""NOT_APPLICABLE"", ""reason"": ""no categorical operations are involved""}, ""spatial_support_resolution"": {""status"": ""PASS"", ""reason"": ""all artifacts have specified resolutions""}, ""units_quantity"": {""status"": ""NOT_APPLICABLE"", ""reason"": ""units are not required for binary data""}, ""crs_geometry_area"": {""status"": ""PASS"", ""reason"": ""all artifacts use EPSG:32643 and planar area calculation""}, ""spectral_semantics"": {""status"": ""NOT_APPLICABLE"", ""reason"": ""no spectral operations are involved""}, ""processing_quality"": {""status"": ""NOT_APPLICABLE"", ""reason"": ""processing levels are not specified""}, ""vertical_semantics"": {""status"": ""NOT_APPLICABLE"", ""reason"": ""no vertical quantities are involved""}, ""temporal_causality"": {""status"": ""PASS"", ""reason"": ""acquisition times are before available times""}, ""evaluation_independence"": {""status"": ""NOT_APPLICABLE"", ""reason"": ""no evaluation split is present""}, ""nodata_physical_domain"": {""status"": ""NOT_APPLICABLE"", ""reason"": ""nodata semantics are not required for binary data""}, ""uncertainty_fitness"": {""status"": ""NOT_APPLICABLE"", ""reason"": ""uncertainty is not required for binary data""}}","Workflow operations are consistent with the provided artifacts and scientific intent, with no violations found.","{
  ""obligations"": {
    ""provenance"": {""status"": ""PASS"", ""reason"": ""all sources are authoritative products""},
    ""categorical_semantics"": {""status"": ""NOT_APPLICABLE"", ""reason"": ""no categorical operations are involved""},
    ""spatial_support_resolution"": {""status"": ""PASS"", ""reason"": ""all artifacts have specified resolutions""},
    ""units_quantity"": {""status"": ""NOT_APPLICABLE"", ""reason"": ""units are not required for binary data""},
    ""crs_geometry_area"": {""status"": ""PASS"", ""reason"": ""all artifacts use EPSG:32643 and planar area calculation""},
    ""spectral_semantics"": {""status"": ""NOT_APPLICABLE"", ""reason"": ""no spectral operations are involved""},
    ""processing_quality"": {""status"": ""NOT_APPLICABLE"", ""reason"": ""processing levels are not specified""},
    ""vertical_semantics"": {""status"": ""NOT_APPLICABLE"", ""reason"": ""no vertical quantities are involved""},
    ""temporal_causality"": {""status"": ""PASS"", ""reason"": ""acquisition times are before available times""},
    ""evaluation_independence"": {""status"": ""NOT_APPLICABLE"", ""reason"": ""no evaluation split is present""},
    ""nodata_physical_domain"": {""status"": ""NOT_APPLICABLE"", ""reason"": ""nodata semantics are not required for binary data""},
    ""uncertainty_fitness"": {""status"": ""NOT_APPLICABLE"", ""reason"": ""uncertainty is not required for binary data""}
  },
  ""summary"": ""Workflow operations are consistent with the provided artifacts and scientific intent, with no violations found."",
  ""confidence"": 5
}"
SGX3_BLIND_flood_remote_sensing_035,strong_A,Qwen/Qwen2.5-7B-Instruct,PROVEN,1.0,5,"{""provenance"": {""status"": ""PASS"", ""reason"": ""all sources are authoritative products""}, ""categorical_semantics"": {""status"": ""NOT_APPLICABLE"", ""reason"": ""no categorical operations are involved""}, ""spatial_support_resolution"": {""status"": ""PASS"", ""reason"": ""all artifacts have specified resolutions""}, ""units_quantity"": {""status"": ""NOT_APPLICABLE"", ""reason"": ""units are not required for binary data and reflectance""}, ""crs_geometry_area"": {""status"": ""PASS"", ""reason"": ""all artifacts use EPSG:32643 and geodesic area calculation""}, ""spectral_semantics"": {""status"": ""NOT_APPLICABLE"", ""reason"": ""no spectral operations are involved""}, ""processing_quality"": {""status"": ""NOT_APPLICABLE"", ""reason"": ""no processing quality metadata is required""}, ""vertical_semantics"": {""status"": ""NOT_APPLICABLE"", ""reason"": ""no vertical quantities are involved""}, ""temporal_causality"": {""status"": ""PASS"", ""reason"": ""acquisition times are before the available time""}, ""evaluation_independence"": {""status"": ""NOT_APPLICABLE"", ""reason"": ""no evaluation split is present""}, ""nodata_physical_domain"": {""status"": ""NOT_APPLICABLE"", ""reason"": ""no nodata semantics are required for binary data""}, ""uncertainty_fitness"": {""status"": ""NOT_APPLICABLE"", ""reason"": ""uncertainty is not required for binary data""}}","Workflow operations are consistent with the provided artifacts and scientific intent, with no violations of the proof obligations.","{
  ""obligations"": {
    ""provenance"": {""status"": ""PASS"", ""reason"": ""all sources are authoritative products""},
    ""categorical_semantics"": {""status"": ""NOT_APPLICABLE"", ""reason"": ""no categorical operations are involved""},
    ""spatial_support_resolution"": {""status"": ""PASS"", ""reason"": ""all artifacts have specified resolutions""},
    ""units_quantity"": {""status"": ""NOT_APPLICABLE"", ""reason"": ""units are not required for binary data and reflectance""},
    ""crs_geometry_area"": {""status"": ""PASS"", ""reason"": ""all artifacts use EPSG:32643 and geodesic area calculation""},
    ""spectral_semantics"": {""status"": ""NOT_APPLICABLE"", ""reason"": ""no spectral operations are involved""},
    ""processing_quality"": {""status"": ""NOT_APPLICABLE"", ""reason"": ""no processing quality metadata is required""},
    ""vertical_semantics"": {""status"": ""NOT_APPLICABLE"", ""reason"": ""no vertical quantities are involved""},
    ""temporal_causality"": {""status"": ""PASS"", ""reason"": ""acquisition times are before the available time""},
    ""evaluation_independence"": {""status"": ""NOT_APPLICABLE"", ""reason"": ""no evaluation split is present""},
    ""nodata_physical_domain"": {""status"": ""NOT_APPLICABLE"", ""reason"": ""no nodata semantics are required for binary data""},
    ""uncertainty_fitness"": {""status"": ""NOT_APPLICABLE"", ""reason"": ""uncertainty is not required for binary data""}
  },
  ""summary"": ""Workflow operations are consistent with the provided artifacts and scientific intent, with no violations of the proof obligations."",
  ""confidence"": 5
}"
SGX3_DEVELOPMENT_unsupported_resolution_gain_008,strong_A,Qwen/Qwen2.5-7B-Instruct,PROVEN,1.0,5,"{""provenance"": {""status"": ""PASS"", ""reason"": ""authoritative source is supplied""}, ""categorical_semantics"": {""status"": ""NOT_APPLICABLE"", ""reason"": ""not required""}, ""spatial_support_resolution"": {""status"": ""PASS"", ""reason"": ""resampling to coarser resolution does not claim new information""}, ""units_quantity"": {""status"": ""NOT_APPLICABLE"", ""reason"": ""not required""}, ""crs_geometry_area"": {""status"": ""NOT_APPLICABLE"", ""reason"": ""not required""}, ""spectral_semantics"": {""status"": ""NOT_APPLICABLE"", ""reason"": ""not required""}, ""processing_quality"": {""status"": ""NOT_APPLICABLE"", ""reason"": ""not required""}, ""vertical_semantics"": {""status"": ""NOT_APPLICABLE"", ""reason"": ""not required""}, ""temporal_causality"": {""status"": ""NOT_APPLICABLE"", ""reason"": ""not required""}, ""evaluation_independence"": {""status"": ""NOT_APPLICABLE"", ""reason"": ""not required""}, ""nodata_physical_domain"": {""status"": ""NOT_APPLICABLE"", ""reason"": ""not required""}, ""uncertainty_fitness"": {""status"": ""NOT_APPLICABLE"", ""reason"": ""not required""}}",Resampling to a coarser resolution without claiming new information is consistent with the provided intent.,"{
  ""obligations"": {
    ""provenance"": {""status"": ""PASS"", ""reason"": ""authoritative source is supplied""},
    ""categorical_semantics"": {""status"": ""NOT_APPLICABLE"", ""reason"": ""not required""},
    ""spatial_support_resolution"": {""status"": ""PASS"", ""reason"": ""resampling to coarser resolution does not claim new information""},
    ""units_quantity"": {""status"": ""NOT_APPLICABLE"", ""reason"": ""not required""},
    ""crs_geometry_area"": {""status"": ""NOT_APPLICABLE"", ""reason"": ""not required""},
    ""spectral_semantics"": {""status"": ""NOT_APPLICABLE"", ""reason"": ""not required""},
    ""processing_quality"": {""status"": ""NOT_APPLICABLE"", ""reason"": ""not required""},
    ""vertical_semantics"": {""status"": ""NOT_APPLICABLE"", ""reason"": ""not required""},
    ""temporal_causality"": {""status"": ""NOT_APPLICABLE"", ""reason"": ""not required""},
    ""evaluation_independence"": {""status"": ""NOT_APPLICABLE"", ""reason"": ""not required""},
    ""nodata_physical_domain"": {""status"": ""NOT_APPLICABLE"", ""reason"": ""not required""},
    ""uncertainty_fitness"": {""status"": ""NOT_APPLICABLE"", ""reason"": ""not required""}
  },
  ""summary"": ""Resampling to a coarser resolution without claiming new information is consistent with the provided intent."",
  ""confidence"": 5
}"
SGX3_BLIND_flood_remote_sensing_005,strong_A,Qwen/Qwen2.5-7B-Instruct,PROVEN,1.0,5,"{""provenance"": {""status"": ""PASS"", ""reason"": ""all sources are authoritative products""}, ""categorical_semantics"": {""status"": ""NOT_APPLICABLE"", ""reason"": ""no categorical operations are involved""}, ""spatial_support_resolution"": {""status"": ""PASS"", ""reason"": ""all artifacts have the same resolution (10m)""}, ""units_quantity"": {""status"": ""NOT_APPLICABLE"", ""reason"": ""units are not required for binary data and backscatter/reflectance""}, ""crs_geometry_area"": {""status"": ""PASS"", ""reason"": ""all artifacts use EPSG:32643 and geodesic area calculation""}, ""spectral_semantics"": {""status"": ""NOT_APPLICABLE"", ""reason"": ""no spectral operations are involved""}, ""processing_quality"": {""status"": ""NOT_APPLICABLE"", ""reason"": ""processing levels are not specified""}, ""vertical_semantics"": {""status"": ""NOT_APPLICABLE"", ""reason"": ""no vertical quantities are involved""}, ""temporal_causality"": {""status"": ""PASS"", ""reason"": ""time difference between acquisitions is within tolerance (3h)""}, ""evaluation_independence"": {""status"": ""NOT_APPLICABLE"", ""reason"": ""no evaluation split is present""}, ""nodata_physical_domain"": {""status"": ""NOT_APPLICABLE"", ""reason"": ""nodata semantics are not required for binary data and backscatter/reflectance""}, ""uncertainty_fitness"": {""status"": ""NOT_APPLICABLE"", ""reason"": ""uncertainty is not required for binary data and backscatter/reflectance""}}","Workflow operations are consistent with the provided artifacts and scientific intent, with no violations found.","{
  ""obligations"": {
    ""provenance"": {""status"": ""PASS"", ""reason"": ""all sources are authoritative products""},
    ""categorical_semantics"": {""status"": ""NOT_APPLICABLE"", ""reason"": ""no categorical operations are involved""},
    ""spatial_support_resolution"": {""status"": ""PASS"", ""reason"": ""all artifacts have the same resolution (10m)""},
    ""units_quantity"": {""status"": ""NOT_APPLICABLE"", ""reason"": ""units are not required for binary data and backscatter/reflectance""},
    ""crs_geometry_area"": {""status"": ""PASS"", ""reason"": ""all artifacts use EPSG:32643 and geodesic area calculation""},
    ""spectral_semantics"": {""status"": ""NOT_APPLICABLE"", ""reason"": ""no spectral operations are involved""},
    ""processing_quality"": {""status"": ""NOT_APPLICABLE"", ""reason"": ""processing levels are not specified""},
    ""vertical_semantics"": {""status"": ""NOT_APPLICABLE"", ""reason"": ""no vertical quantities are involved""},
    ""temporal_causality"": {""status"": ""PASS"", ""reason"": ""time difference between acquisitions is within tolerance (3h)""},
    ""evaluation_independence"": {""status"": ""NOT_APPLICABLE"", ""reason"": ""no evaluation split is present""},
    ""nodata_physical_domain"": {""status"": ""NOT_APPLICABLE"", ""reason"": ""nodata semantics are not required for binary data and backscatter/reflectance""},
    ""uncertainty_fitness"": {""status"": ""NOT_APPLICABLE"", ""reason"": ""uncertainty is not required for binary data and backscatter/reflectance""}
  },
  ""summary"": ""Workflow operations are consistent with the provided artifacts and scientific intent, with no violations found."",
  ""confidence"": 5
}"
SGX3_DEVELOPMENT_unsupported_resolution_gain_010,strong_A,Qwen/Qwen2.5-7B-Instruct,PROVEN,1.0,5,"{""provenance"": {""status"": ""PASS"", ""reason"": ""authoritative source is supplied""}, ""categorical_semantics"": {""status"": ""NOT_APPLICABLE"", ""reason"": ""not required""}, ""spatial_support_resolution"": {""status"": ""PASS"", ""reason"": ""resampling does not claim new spatial information""}, ""units_quantity"": {""status"": ""NOT_APPLICABLE"", ""reason"": ""not required""}, ""crs_geometry_area"": {""status"": ""NOT_APPLICABLE"", ""reason"": ""not required""}, ""spectral_semantics"": {""status"": ""NOT_APPLICABLE"", ""reason"": ""not required""}, ""processing_quality"": {""status"": ""NOT_APPLICABLE"", ""reason"": ""not required""}, ""vertical_semantics"": {""status"": ""NOT_APPLICABLE"", ""reason"": ""not required""}, ""temporal_causality"": {""status"": ""NOT_APPLICABLE"", ""reason"": ""not required""}, ""evaluation_independence"": {""status"": ""NOT_APPLICABLE"", ""reason"": ""not required""}, ""nodata_physical_domain"": {""status"": ""NOT_APPLICABLE"", ""reason"": ""not required""}, ""uncertainty_fitness"": {""status"": ""NOT_APPLICABLE"", ""reason"": ""not required""}}",Resampling to a finer resolution without claiming new information is acceptable.,"{
  ""obligations"": {
    ""provenance"": {""status"": ""PASS"", ""reason"": ""authoritative source is supplied""},
    ""categorical_semantics"": {""status"": ""NOT_APPLICABLE"", ""reason"": ""not required""},
    ""spatial_support_resolution"": {""status"": ""PASS"", ""reason"": ""resampling does not claim new spatial information""},
    ""units_quantity"": {""status"": ""NOT_APPLICABLE"", ""reason"": ""not required""},
    ""crs_geometry_area"": {""status"": ""NOT_APPLICABLE"", ""reason"": ""not required""},
    ""spectral_semantics"": {""status"": ""NOT_APPLICABLE"", ""reason"": ""not required""},
    ""processing_quality"": {""status"": ""NOT_APPLICABLE"", ""reason"": ""not required""},
    ""vertical_semantics"": {""status"": ""NOT_APPLICABLE"", ""reason"": ""not required""},
    ""temporal_causality"": {""status"": ""NOT_APPLICABLE"", ""reason"": ""not required""},
    ""evaluation_independence"": {""status"": ""NOT_APPLICABLE"", ""reason"": ""not required""},
    ""nodata_physical_domain"": {""status"": ""NOT_APPLICABLE"", ""reason"": ""not required""},
    ""uncertainty_fitness"": {""status"": ""NOT_APPLICABLE"", ""reason"": ""not required""}
  },
  ""summary"": ""Resampling to a finer resolution without claiming new information is acceptable."",
  ""confidence"": 5
}"
SGX3_BLIND_flood_depth_029,strong_A,Qwen/Qwen2.5-7B-Instruct,REFUTED,1.0,5,"{""provenance"": {""status"": ""PASS"", ""reason"": ""both sources are supplied""}, ""categorical_semantics"": {""status"": ""NOT_APPLICABLE"", ""reason"": ""no categorical operations involved""}, ""spatial_support_resolution"": {""status"": ""PASS"", ""reason"": ""both artifacts have the same resolution""}, ""units_quantity"": {""status"": ""FAIL"", ""reason"": ""water level is converted to Kelvin, which is invalid""}, ""crs_geometry_area"": {""status"": ""PASS"", ""reason"": ""both artifacts use the same CRS""}, ""spectral_semantics"": {""status"": ""NOT_APPLICABLE"", ""reason"": ""no spectral operations involved""}, ""processing_quality"": {""status"": ""NOT_APPLICABLE"", ""reason"": ""no processing quality metadata provided""}, ""vertical_semantics"": {""status"": ""PASS"", ""reason"": ""both artifacts use the same vertical datum""}, ""temporal_causality"": {""status"": ""NOT_APPLICABLE"", ""reason"": ""no temporal operations involved""}, ""evaluation_independence"": {""status"": ""NOT_APPLICABLE"", ""reason"": ""no evaluation split involved""}, ""nodata_physical_domain"": {""status"": ""NOT_APPLICABLE"", ""reason"": ""no nodata semantics provided""}, ""uncertainty_fitness"": {""status"": ""NOT_APPLICABLE"", ""reason"": ""no uncertainty requirement specified""}}",invalid unit conversion in the workflow,"{
  ""obligations"": {
    ""provenance"": {""status"": ""PASS"", ""reason"": ""both sources are supplied""},
    ""categorical_semantics"": {""status"": ""NOT_APPLICABLE"", ""reason"": ""no categorical operations involved""},
    ""spatial_support_resolution"": {""status"": ""PASS"", ""reason"": ""both artifacts have the same resolution""},
    ""units_quantity"": {""status"": ""FAIL"", ""reason"": ""water level is converted to Kelvin, which is invalid""},
    ""crs_geometry_area"": {""status"": ""PASS"", ""reason"": ""both artifacts use the same CRS""},
    ""spectral_semantics"": {""status"": ""NOT_APPLICABLE"", ""reason"": ""no spectral operations involved""},
    ""processing_quality"": {""status"": ""NOT_APPLICABLE"", ""reason"": ""no processing quality metadata provided""},
    ""vertical_semantics"": {""status"": ""PASS"", ""reason"": ""both artifacts use the same vertical datum""},
    ""temporal_causality"": {""status"": ""NOT_APPLICABLE"", ""reason"": ""no temporal operations involved""},
    ""evaluation_independence"": {""status"": ""NOT_APPLICABLE"", ""reason"": ""no evaluation split involved""},
    ""nodata_physical_domain"": {""status"": ""NOT_APPLICABLE"", ""reason"": ""no nodata semantics provided""},
    ""uncertainty_fitness"": {""status"": ""NOT_APPLICABLE"", ""reason"": ""no uncertainty requirement specified""}
  },
  ""summary"": ""invalid unit conversion in the workflow"",
  ""confidence"": 5
}"
SGX3_BLIND_landcover_change_028,strong_A,Qwen/Qwen2.5-7B-Instruct,PROVEN,1.0,5,"{""provenance"": {""status"": ""NOT_APPLICABLE"", ""reason"": ""no provenance required for this workflow""}, ""categorical_semantics"": {""status"": ""PASS"", ""reason"": ""categorical operation (resampling) preserves category identity""}, ""spatial_support_resolution"": {""status"": ""PASS"", ""reason"": ""target resolution is coarser than original""}, ""units_quantity"": {""status"": ""PASS"", ""reason"": ""unit not required for this workflow""}, ""crs_geometry_area"": {""status"": ""PASS"", ""reason"": ""coordinate system and resolution are consistent""}, ""spectral_semantics"": {""status"": ""NOT_APPLICABLE"", ""reason"": ""no spectral operations involved""}, ""processing_quality"": {""status"": ""NOT_APPLICABLE"", ""reason"": ""no processing quality requirements specified""}, ""vertical_semantics"": {""status"": ""NOT_APPLICABLE"", ""reason"": ""no vertical quantities involved""}, ""temporal_causality"": {""status"": ""NOT_APPLICABLE"", ""reason"": ""no temporal operations involved""}, ""evaluation_independence"": {""status"": ""NOT_APPLICABLE"", ""reason"": ""no evaluation split involved""}, ""nodata_physical_domain"": {""status"": ""NOT_APPLICABLE"", ""reason"": ""no nodata semantics required for this workflow""}, ""uncertainty_fitness"": {""status"": ""NOT_APPLICABLE"", ""reason"": ""no uncertainty requirement for this workflow""}}",Resampling operation is consistent with the provided land cover data and does not require additional constraints beyond those already satisfied.,"{
  ""obligations"": {
    ""provenance"": {""status"": ""NOT_APPLICABLE"", ""reason"": ""no provenance required for this workflow""},
    ""categorical_semantics"": {""status"": ""PASS"", ""reason"": ""categorical operation (resampling) preserves category identity""},
    ""spatial_support_resolution"": {""status"": ""PASS"", ""reason"": ""target resolution is coarser than original""},
    ""units_quantity"": {""status"": ""PASS"", ""reason"": ""unit not required for this workflow""},
    ""crs_geometry_area"": {""status"": ""PASS"", ""reason"": ""coordinate system and resolution are consistent""},
    ""spectral_semantics"": {""status"": ""NOT_APPLICABLE"", ""reason"": ""no spectral operations involved""},
    ""processing_quality"": {""status"": ""NOT_APPLICABLE"", ""reason"": ""no processing quality requirements specified""},
    ""vertical_semantics"": {""status"": ""NOT_APPLICABLE"", ""reason"": ""no vertical quantities involved""},
    ""temporal_causality"": {""status"": ""NOT_APPLICABLE"", ""reason"": ""no temporal operations involved""},
    ""evaluation_independence"": {""status"": ""NOT_APPLICABLE"", ""reason"": ""no evaluation split involved""},
    ""nodata_physical_domain"": {""status"": ""NOT_APPLICABLE"", ""reason"": ""no nodata semantics required for this workflow""},
    ""uncertainty_fitness"": {""status"": ""NOT_APPLICABLE"", ""reason"": ""no uncertainty requirement for this workflow""}
  },
  ""summary"": ""Resampling operation is consistent with the provided land cover data and does not require additional constraints beyond those already satisfied."",
  ""confidence"": 5
}"
SGX3_HELDOUT-FAMILY_scene_overlap_leakage_005,strong_A,Qwen/Qwen2.5-7B-Instruct,PROVEN,1.0,5,"{""provenance"": {""status"": ""PASS"", ""reason"": ""authoritative source is supplied""}, ""categorical_semantics"": {""status"": ""NOT_APPLICABLE"", ""reason"": ""not required""}, ""spatial_support_resolution"": {""status"": ""PASS"", ""reason"": ""resolution is consistent""}, ""units_quantity"": {""status"": ""NOT_APPLICABLE"", ""reason"": ""not required""}, ""crs_geometry_area"": {""status"": ""PASS"", ""reason"": ""consistent CRS""}, ""spectral_semantics"": {""status"": ""NOT_APPLICABLE"", ""reason"": ""not required""}, ""processing_quality"": {""status"": ""NOT_APPLICABLE"", ""reason"": ""not required""}, ""vertical_semantics"": {""status"": ""NOT_APPLICABLE"", ""reason"": ""not required""}, ""temporal_causality"": {""status"": ""NOT_APPLICABLE"", ""reason"": ""not required""}, ""evaluation_independence"": {""status"": ""PASS"", ""reason"": ""scene overlap fraction does not imply spatial dependence""}, ""nodata_physical_domain"": {""status"": ""NOT_APPLICABLE"", ""reason"": ""not required""}, ""uncertainty_fitness"": {""status"": ""NOT_APPLICABLE"", ""reason"": ""not required""}}",Scene overlap splitting is performed without violating any proof obligations.,"{
  ""obligations"": {
    ""provenance"": {""status"": ""PASS"", ""reason"": ""authoritative source is supplied""},
    ""categorical_semantics"": {""status"": ""NOT_APPLICABLE"", ""reason"": ""not required""},
    ""spatial_support_resolution"": {""status"": ""PASS"", ""reason"": ""resolution is consistent""},
    ""units_quantity"": {""status"": ""NOT_APPLICABLE"", ""reason"": ""not required""},
    ""crs_geometry_area"": {""status"": ""PASS"", ""reason"": ""consistent CRS""},
    ""spectral_semantics"": {""status"": ""NOT_APPLICABLE"", ""reason"": ""not required""},
    ""processing_quality"": {""status"": ""NOT_APPLICABLE"", ""reason"": ""not required""},
    ""vertical_semantics"": {""status"": ""NOT_APPLICABLE"", ""reason"": ""not required""},
    ""temporal_causality"": {""status"": ""NOT_APPLICABLE"", ""reason"": ""not required""},
    ""evaluation_independence"": {""status"": ""PASS"", ""reason"": ""scene overlap fraction does not imply spatial dependence""},
    ""nodata_physical_domain"": {""status"": ""NOT_APPLICABLE"", ""reason"": ""not required""},
    ""uncertainty_fitness"": {""status"": ""NOT_APPLICABLE"", ""reason"": ""not required""}
  },
  ""summary"": ""Scene overlap splitting is performed without violating any proof obligations."",
  ""confidence"": 5
}"
SGX3_BLIND_landcover_change_044,strong_A,Qwen/Qwen2.5-7B-Instruct,PROVEN,1.0,5,"{""provenance"": {""status"": ""PASS"", ""reason"": ""ESA WorldCover provenance is supplied.""}, ""categorical_semantics"": {""status"": ""PASS"", ""reason"": ""Mode resampling preserves categorical identity.""}, ""spatial_support_resolution"": {""status"": ""PASS"", ""reason"": ""Target resolution is coarser than original, no new information created.""}, ""units_quantity"": {""status"": ""PASS"", ""reason"": ""No unit conversion or quantity semantics issues detected.""}, ""crs_geometry_area"": {""status"": ""PASS"", ""reason"": ""EPSG:4326 is a valid CRS, no issues detected.""}, ""spectral_semantics"": {""status"": ""NOT_APPLICABLE"", ""reason"": ""No spectral operations involved.""}, ""processing_quality"": {""status"": ""NOT_APPLICABLE"", ""reason"": ""No processing quality metadata provided or required.""}, ""vertical_semantics"": {""status"": ""NOT_APPLICABLE"", ""reason"": ""No vertical quantities involved.""}, ""temporal_causality"": {""status"": ""NOT_APPLICABLE"", ""reason"": ""No temporal operations involved.""}, ""evaluation_independence"": {""status"": ""NOT_APPLICABLE"", ""reason"": ""No evaluation split involved.""}, ""nodata_physical_domain"": {""status"": ""NOT_APPLICABLE"", ""reason"": ""No nodata semantics or physical value range issues detected.""}, ""uncertainty_fitness"": {""status"": ""NOT_APPLICABLE"", ""reason"": ""No uncertainty requirement or evidence provided or required.""}}","Workflow operations are consistent with the provided artifacts and scientific intent, no contradictions found.","{
  ""obligations"": {
    ""provenance"": {""status"": ""PASS"", ""reason"": ""ESA WorldCover provenance is supplied.""},
    ""categorical_semantics"": {""status"": ""PASS"", ""reason"": ""Mode resampling preserves categorical identity.""},
    ""spatial_support_resolution"": {""status"": ""PASS"", ""reason"": ""Target resolution is coarser than original, no new information created.""},
    ""units_quantity"": {""status"": ""PASS"", ""reason"": ""No unit conversion or quantity semantics issues detected.""},
    ""crs_geometry_area"": {""status"": ""PASS"", ""reason"": ""EPSG:4326 is a valid CRS, no issues detected.""},
    ""spectral_semantics"": {""status"": ""NOT_APPLICABLE"", ""reason"": ""No spectral operations involved.""},
    ""processing_quality"": {""status"": ""NOT_APPLICABLE"", ""reason"": ""No processing quality metadata provided or required.""},
    ""vertical_semantics"": {""status"": ""NOT_APPLICABLE"", ""reason"": ""No vertical quantities involved.""},
    ""temporal_causality"": {""status"": ""NOT_APPLICABLE"", ""reason"": ""No temporal operations involved.""},
    ""evaluation_independence"": {""status"": ""NOT_APPLICABLE"", ""reason"": ""No evaluation split involved.""},
    ""nodata_physical_domain"": {""status"": ""NOT_APPLICABLE"", ""reason"": ""No nodata semantics or physical value range issues detected.""},
    ""uncertainty_fitness"": {""status"": ""NOT_APPLICABLE"", ""reason"": ""No uncertainty requirement or evidence provided or required.""}
  },
  ""summary"": ""Workflow operations are consistent with the provided artifacts and scientific intent, no contradictions found."",
  ""confidence"": 5
}"
SGX3_BLIND_landslide_forecast_003,strong_A,Qwen/Qwen2.5-7B-Instruct,REFUTED,1.0,5,"{""provenance"": {""status"": ""PASS"", ""reason"": ""both sources have authoritative provenance""}, ""categorical_semantics"": {""status"": ""NOT_APPLICABLE"", ""reason"": ""no categorical operations involved""}, ""spatial_support_resolution"": {""status"": ""PASS"", ""reason"": ""resolutions are within acceptable range""}, ""units_quantity"": {""status"": ""NOT_APPLICABLE"", ""reason"": ""no specific units or quantities required""}, ""crs_geometry_area"": {""status"": ""PASS"", ""reason"": ""same CRS and no angular coordinates used""}, ""spectral_semantics"": {""status"": ""NOT_APPLICABLE"", ""reason"": ""no spectral bands or indices used""}, ""processing_quality"": {""status"": ""NOT_APPLICABLE"", ""reason"": ""no processing quality metadata provided""}, ""vertical_semantics"": {""status"": ""PASS"", ""reason"": ""vertical datums are compatible (EGM2008)""}, ""temporal_causality"": {""status"": ""FAIL"", ""reason"": ""IMERG data available after decision time""}, ""evaluation_independence"": {""status"": ""NOT_APPLICABLE"", ""reason"": ""no evaluation split in workflow""}, ""nodata_physical_domain"": {""status"": ""NOT_APPLICABLE"", ""reason"": ""no nodata semantics or value ranges required""}, ""uncertainty_fitness"": {""status"": ""NOT_APPLICABLE"", ""reason"": ""no uncertainty requirement specified""}}",Temporal causality violation due to IMERG data availability after decision time,"{
  ""obligations"": {
    ""provenance"": {""status"": ""PASS"", ""reason"": ""both sources have authoritative provenance""},
    ""categorical_semantics"": {""status"": ""NOT_APPLICABLE"", ""reason"": ""no categorical operations involved""},
    ""spatial_support_resolution"": {""status"": ""PASS"", ""reason"": ""resolutions are within acceptable range""},
    ""units_quantity"": {""status"": ""NOT_APPLICABLE"", ""reason"": ""no specific units or quantities required""},
    ""crs_geometry_area"": {""status"": ""PASS"", ""reason"": ""same CRS and no angular coordinates used""},
    ""spectral_semantics"": {""status"": ""NOT_APPLICABLE"", ""reason"": ""no spectral bands or indices used""},
    ""processing_quality"": {""status"": ""NOT_APPLICABLE"", ""reason"": ""no processing quality metadata provided""},
    ""vertical_semantics"": {""status"": ""PASS"", ""reason"": ""vertical datums are compatible (EGM2008)""},
    ""temporal_causality"": {""status"": ""FAIL"", ""reason"": ""IMERG data available after decision time""},
    ""evaluation_independence"": {""status"": ""NOT_APPLICABLE"", ""reason"": ""no evaluation split in workflow""},
    ""nodata_physical_domain"": {""status"": ""NOT_APPLICABLE"", ""reason"": ""no nodata semantics or value ranges required""},
    ""uncertainty_fitness"": {""status"": ""NOT_APPLICABLE"", ""reason"": ""no uncertainty requirement specified""}
  },
  ""summary"": ""Temporal causality violation due to IMERG data availability after decision time"",
  ""confidence"": 5
}"
SGX3_BLIND_landcover_change_041,strong_A,Qwen/Qwen2.5-7B-Instruct,PROVEN,1.0,5,"{""provenance"": {""status"": ""NOT_APPLICABLE"", ""reason"": ""no provenance information provided""}, ""categorical_semantics"": {""status"": ""PASS"", ""reason"": ""categorical scaling is preserved""}, ""spatial_support_resolution"": {""status"": ""PASS"", ""reason"": ""target resolution is coarser than original""}, ""units_quantity"": {""status"": ""PASS"", ""reason"": ""unit is not required and not provided""}, ""crs_geometry_area"": {""status"": ""PASS"", ""reason"": ""coordinate system is EPSG:4326, no specific geometry or area issues""}, ""spectral_semantics"": {""status"": ""NOT_APPLICABLE"", ""reason"": ""no spectral operations involved""}, ""processing_quality"": {""status"": ""NOT_APPLICABLE"", ""reason"": ""no processing quality metadata provided""}, ""vertical_semantics"": {""status"": ""NOT_APPLICABLE"", ""reason"": ""no vertical quantities involved""}, ""temporal_causality"": {""status"": ""NOT_APPLICABLE"", ""reason"": ""no temporal operations involved""}, ""evaluation_independence"": {""status"": ""NOT_APPLICABLE"", ""reason"": ""no evaluation split involved""}, ""nodata_physical_domain"": {""status"": ""NOT_APPLICABLE"", ""reason"": ""nodata semantics not required or provided""}, ""uncertainty_fitness"": {""status"": ""NOT_APPLICABLE"", ""reason"": ""uncertainty not required or provided""}}","Resampling method and target resolution are appropriate for the workflow, but provenance is missing.","{
  ""obligations"": {
    ""provenance"": {""status"": ""NOT_APPLICABLE"", ""reason"": ""no provenance information provided""},
    ""categorical_semantics"": {""status"": ""PASS"", ""reason"": ""categorical scaling is preserved""},
    ""spatial_support_resolution"": {""status"": ""PASS"", ""reason"": ""target resolution is coarser than original""},
    ""units_quantity"": {""status"": ""PASS"", ""reason"": ""unit is not required and not provided""},
    ""crs_geometry_area"": {""status"": ""PASS"", ""reason"": ""coordinate system is EPSG:4326, no specific geometry or area issues""},
    ""spectral_semantics"": {""status"": ""NOT_APPLICABLE"", ""reason"": ""no spectral operations involved""},
    ""processing_quality"": {""status"": ""NOT_APPLICABLE"", ""reason"": ""no processing quality metadata provided""},
    ""vertical_semantics"": {""status"": ""NOT_APPLICABLE"", ""reason"": ""no vertical quantities involved""},
    ""temporal_causality"": {""status"": ""NOT_APPLICABLE"", ""reason"": ""no temporal operations involved""},
    ""evaluation_independence"": {""status"": ""NOT_APPLICABLE"", ""reason"": ""no evaluation split involved""},
    ""nodata_physical_domain"": {""status"": ""NOT_APPLICABLE"", ""reason"": ""nodata semantics not required or provided""},
    ""uncertainty_fitness"": {""status"": ""NOT_APPLICABLE"", ""reason"": ""uncertainty not required or provided""}
  },
  ""summary"": ""Resampling method and target resolution are appropriate for the workflow, but provenance is missing."",
  ""confidence"": 5
}"
SGX3_BLIND_landcover_change_043,strong_A,Qwen/Qwen2.5-7B-Instruct,PROVEN,1.0,5,"{""provenance"": {""status"": ""PASS"", ""reason"": ""ESA WorldCover is supplied""}, ""categorical_semantics"": {""status"": ""PASS"", ""reason"": ""categorical resampling method (cubic) is used""}, ""spatial_support_resolution"": {""status"": ""PASS"", ""reason"": ""resampling to coarser resolution does not claim new information""}, ""units_quantity"": {""status"": ""PASS"", ""reason"": ""unit is not required for categorical data""}, ""crs_geometry_area"": {""status"": ""PASS"", ""reason"": ""EPSG:4326 is a valid CRS""}, ""spectral_semantics"": {""status"": ""NOT_APPLICABLE"", ""reason"": ""not required for categorical data""}, ""processing_quality"": {""status"": ""NOT_APPLICABLE"", ""reason"": ""processing level not specified""}, ""vertical_semantics"": {""status"": ""NOT_APPLICABLE"", ""reason"": ""not required for 2D data""}, ""temporal_causality"": {""status"": ""NOT_APPLICABLE"", ""reason"": ""no temporal data involved""}, ""evaluation_independence"": {""status"": ""NOT_APPLICABLE"", ""reason"": ""no evaluation split involved""}, ""nodata_physical_domain"": {""status"": ""NOT_APPLICABLE"", ""reason"": ""nodata semantics not required for categorical data""}, ""uncertainty_fitness"": {""status"": ""NOT_APPLICABLE"", ""reason"": ""uncertainty not required for categorical data""}}",Categorical resampling to a coarser resolution is appropriate and no other obligations are applicable.,"{
  ""obligations"": {
    ""provenance"": {""status"": ""PASS"", ""reason"": ""ESA WorldCover is supplied""},
    ""categorical_semantics"": {""status"": ""PASS"", ""reason"": ""categorical resampling method (cubic) is used""},
    ""spatial_support_resolution"": {""status"": ""PASS"", ""reason"": ""resampling to coarser resolution does not claim new information""},
    ""units_quantity"": {""status"": ""PASS"", ""reason"": ""unit is not required for categorical data""},
    ""crs_geometry_area"": {""status"": ""PASS"", ""reason"": ""EPSG:4326 is a valid CRS""},
    ""spectral_semantics"": {""status"": ""NOT_APPLICABLE"", ""reason"": ""not required for categorical data""},
    ""processing_quality"": {""status"": ""NOT_APPLICABLE"", ""reason"": ""processing level not specified""},
    ""vertical_semantics"": {""status"": ""NOT_APPLICABLE"", ""reason"": ""not required for 2D data""},
    ""temporal_causality"": {""status"": ""NOT_APPLICABLE"", ""reason"": ""no temporal data involved""},
    ""evaluation_independence"": {""status"": ""NOT_APPLICABLE"", ""reason"": ""no evaluation split involved""},
    ""nodata_physical_domain"": {""status"": ""NOT_APPLICABLE"", ""reason"": ""nodata semantics not required for categorical data""},
    ""uncertainty_fitness"": {""status"": ""NOT_APPLICABLE"", ""reason"": ""uncertainty not required for categorical data""}
  },
  ""summary"": ""Categorical resampling to a coarser resolution is appropriate and no other obligations are applicable."",
  ""confidence"": 5
}"
SGX3_DEVELOPMENT_unsupported_resolution_gain_015,strong_A,Qwen/Qwen2.5-7B-Instruct,REFUTED,1.0,5,"{""provenance"": {""status"": ""PASS"", ""reason"": ""authoritative source is supplied""}, ""categorical_semantics"": {""status"": ""NOT_APPLICABLE"", ""reason"": ""not required""}, ""spatial_support_resolution"": {""status"": ""FAIL"", ""reason"": ""downscaling to a coarser resolution than required""}, ""units_quantity"": {""status"": ""NOT_APPLICABLE"", ""reason"": ""not required""}, ""crs_geometry_area"": {""status"": ""NOT_APPLICABLE"", ""reason"": ""not required""}, ""spectral_semantics"": {""status"": ""NOT_APPLICABLE"", ""reason"": ""not required""}, ""processing_quality"": {""status"": ""NOT_APPLICABLE"", ""reason"": ""not required""}, ""vertical_semantics"": {""status"": ""NOT_APPLICABLE"", ""reason"": ""not required""}, ""temporal_causality"": {""status"": ""NOT_APPLICABLE"", ""reason"": ""not required""}, ""evaluation_independence"": {""status"": ""NOT_APPLICABLE"", ""reason"": ""not required""}, ""nodata_physical_domain"": {""status"": ""NOT_APPLICABLE"", ""reason"": ""not required""}, ""uncertainty_fitness"": {""status"": ""NOT_APPLICABLE"", ""reason"": ""not required""}}",Downscaling to a resolution higher than the required maximum resolution,"{
  ""obligations"": {
    ""provenance"": {""status"": ""PASS"", ""reason"": ""authoritative source is supplied""},
    ""categorical_semantics"": {""status"": ""NOT_APPLICABLE"", ""reason"": ""not required""},
    ""spatial_support_resolution"": {""status"": ""FAIL"", ""reason"": ""downscaling to a coarser resolution than required""},
    ""units_quantity"": {""status"": ""NOT_APPLICABLE"", ""reason"": ""not required""},
    ""crs_geometry_area"": {""status"": ""NOT_APPLICABLE"", ""reason"": ""not required""},
    ""spectral_semantics"": {""status"": ""NOT_APPLICABLE"", ""reason"": ""not required""},
    ""processing_quality"": {""status"": ""NOT_APPLICABLE"", ""reason"": ""not required""},
    ""vertical_semantics"": {""status"": ""NOT_APPLICABLE"", ""reason"": ""not required""},
    ""temporal_causality"": {""status"": ""NOT_APPLICABLE"", ""reason"": ""not required""},
    ""evaluation_independence"": {""status"": ""NOT_APPLICABLE"", ""reason"": ""not required""},
    ""nodata_physical_domain"": {""status"": ""NOT_APPLICABLE"", ""reason"": ""not required""},
    ""uncertainty_fitness"": {""status"": ""NOT_APPLICABLE"", ""reason"": ""not required""}
  },
  ""summary"": ""Downscaling to a resolution higher than the required maximum resolution"",
  ""confidence"": 5
}"
SGX3_HELDOUT-FAMILY_uncertainty_missing_000,strong_A,Qwen/Qwen2.5-7B-Instruct,PROVEN,1.0,5,"{""provenance"": {""status"": ""PASS"", ""reason"": ""authoritative source is supplied""}, ""categorical_semantics"": {""status"": ""NOT_APPLICABLE"", ""reason"": ""not required""}, ""spatial_support_resolution"": {""status"": ""PASS"", ""reason"": ""resolution meets unspecified max_resolution_m""}, ""units_quantity"": {""status"": ""PASS"", ""reason"": ""unit is dimensionless, which is valid for probability""}, ""crs_geometry_area"": {""status"": ""PASS"", ""reason"": ""coordinate reference system is specified""}, ""spectral_semantics"": {""status"": ""NOT_APPLICABLE"", ""reason"": ""not required""}, ""processing_quality"": {""status"": ""NOT_APPLICABLE"", ""reason"": ""not required""}, ""vertical_semantics"": {""status"": ""NOT_APPLICABLE"", ""reason"": ""not required""}, ""temporal_causality"": {""status"": ""NOT_APPLICABLE"", ""reason"": ""no temporal operations are performed""}, ""evaluation_independence"": {""status"": ""NOT_APPLICABLE"", ""reason"": ""no evaluation split is present""}, ""nodata_physical_domain"": {""status"": ""NOT_APPLICABLE"", ""reason"": ""not required""}, ""uncertainty_fitness"": {""status"": ""PASS"", ""reason"": ""uncertainty threshold is provided and no specific requirement is stated""}}",Workflow meets all obligations with the given scientific intent and provided artifacts.,"{
  ""obligations"": {
    ""provenance"": {""status"": ""PASS"", ""reason"": ""authoritative source is supplied""},
    ""categorical_semantics"": {""status"": ""NOT_APPLICABLE"", ""reason"": ""not required""},
    ""spatial_support_resolution"": {""status"": ""PASS"", ""reason"": ""resolution meets unspecified max_resolution_m""},
    ""units_quantity"": {""status"": ""PASS"", ""reason"": ""unit is dimensionless, which is valid for probability""},
    ""crs_geometry_area"": {""status"": ""PASS"", ""reason"": ""coordinate reference system is specified""},
    ""spectral_semantics"": {""status"": ""NOT_APPLICABLE"", ""reason"": ""not required""},
    ""processing_quality"": {""status"": ""NOT_APPLICABLE"", ""reason"": ""not required""},
    ""vertical_semantics"": {""status"": ""NOT_APPLICABLE"", ""reason"": ""not required""},
    ""temporal_causality"": {""status"": ""NOT_APPLICABLE"", ""reason"": ""no temporal operations are performed""},
    ""evaluation_independence"": {""status"": ""NOT_APPLICABLE"", ""reason"": ""no evaluation split is present""},
    ""nodata_physical_domain"": {""status"": ""NOT_APPLICABLE"", ""reason"": ""not required""},
    ""uncertainty_fitness"": {""status"": ""PASS"", ""reason"": ""uncertainty threshold is provided and no specific requirement is stated""}
  },
  ""summary"": ""Workflow meets all obligations with the given scientific intent and provided artifacts."",
  ""confidence"": 5
}"
SGX3_DEVELOPMENT_band_grid_mismatch_002,strong_A,Qwen/Qwen2.5-7B-Instruct,REFUTED,1.0,5,"{""provenance"": {""status"": ""PASS"", ""reason"": ""both sources are authoritative products""}, ""categorical_semantics"": {""status"": ""NOT_APPLICABLE"", ""reason"": ""no categorical operations involved""}, ""spatial_support_resolution"": {""status"": ""FAIL"", ""reason"": ""resolution mismatch between red (10m) and other (60m)""}, ""units_quantity"": {""status"": ""NOT_APPLICABLE"", ""reason"": ""units not required for reflectance""}, ""crs_geometry_area"": {""status"": ""PASS"", ""reason"": ""same CRS (EPSG:32643)""}, ""spectral_semantics"": {""status"": ""PASS"", ""reason"": ""roles match expectations""}, ""processing_quality"": {""status"": ""NOT_APPLICABLE"", ""reason"": ""not required for this operation""}, ""vertical_semantics"": {""status"": ""NOT_APPLICABLE"", ""reason"": ""no vertical quantities involved""}, ""temporal_causality"": {""status"": ""NOT_APPLICABLE"", ""reason"": ""no temporal operations involved""}, ""evaluation_independence"": {""status"": ""NOT_APPLICABLE"", ""reason"": ""no evaluation split involved""}, ""nodata_physical_domain"": {""status"": ""NOT_APPLICABLE"", ""reason"": ""nodata semantics not required for reflectance""}, ""uncertainty_fitness"": {""status"": ""NOT_APPLICABLE"", ""reason"": ""uncertainty not required for this operation""}}",Spatial resolution mismatch between red and other bands,"{
  ""obligations"": {
    ""provenance"": {""status"": ""PASS"", ""reason"": ""both sources are authoritative products""},
    ""categorical_semantics"": {""status"": ""NOT_APPLICABLE"", ""reason"": ""no categorical operations involved""},
    ""spatial_support_resolution"": {""status"": ""FAIL"", ""reason"": ""resolution mismatch between red (10m) and other (60m)""},
    ""units_quantity"": {""status"": ""NOT_APPLICABLE"", ""reason"": ""units not required for reflectance""},
    ""crs_geometry_area"": {""status"": ""PASS"", ""reason"": ""same CRS (EPSG:32643)""},
    ""spectral_semantics"": {""status"": ""PASS"", ""reason"": ""roles match expectations""},
    ""processing_quality"": {""status"": ""NOT_APPLICABLE"", ""reason"": ""not required for this operation""},
    ""vertical_semantics"": {""status"": ""NOT_APPLICABLE"", ""reason"": ""no vertical quantities involved""},
    ""temporal_causality"": {""status"": ""NOT_APPLICABLE"", ""reason"": ""no temporal operations involved""},
    ""evaluation_independence"": {""status"": ""NOT_APPLICABLE"", ""reason"": ""no evaluation split involved""},
    ""nodata_physical_domain"": {""status"": ""NOT_APPLICABLE"", ""reason"": ""nodata semantics not required for reflectance""},
    ""uncertainty_fitness"": {""status"": ""NOT_APPLICABLE"", ""reason"": ""uncertainty not required for this operation""}
  },
  ""summary"": ""Spatial resolution mismatch between red and other bands"",
  ""confidence"": 5
}"
SGX3_DEVELOPMENT_spatial_split_leakage_002,strong_A,Qwen/Qwen2.5-7B-Instruct,PROVEN,1.0,5,"{""provenance"": {""status"": ""PASS"", ""reason"": ""authoritative source is supplied""}, ""categorical_semantics"": {""status"": ""NOT_APPLICABLE"", ""reason"": ""not required""}, ""spatial_support_resolution"": {""status"": ""PASS"", ""reason"": ""specified resolution is met""}, ""units_quantity"": {""status"": ""NOT_APPLICABLE"", ""reason"": ""not required""}, ""crs_geometry_area"": {""status"": ""PASS"", ""reason"": ""coordinate reference system is specified""}, ""spectral_semantics"": {""status"": ""NOT_APPLICABLE"", ""reason"": ""not required""}, ""processing_quality"": {""status"": ""NOT_APPLICABLE"", ""reason"": ""not required""}, ""vertical_semantics"": {""status"": ""NOT_APPLICABLE"", ""reason"": ""not required""}, ""temporal_causality"": {""status"": ""NOT_APPLICABLE"", ""reason"": ""not required""}, ""evaluation_independence"": {""status"": ""PASS"", ""reason"": ""spatial split does not imply dependence""}, ""nodata_physical_domain"": {""status"": ""NOT_APPLICABLE"", ""reason"": ""not required""}, ""uncertainty_fitness"": {""status"": ""NOT_APPLICABLE"", ""reason"": ""not required""}}",Spatial split is valid and independent of the provided training samples.,"{
  ""obligations"": {
    ""provenance"": {""status"": ""PASS"", ""reason"": ""authoritative source is supplied""},
    ""categorical_semantics"": {""status"": ""NOT_APPLICABLE"", ""reason"": ""not required""},
    ""spatial_support_resolution"": {""status"": ""PASS"", ""reason"": ""specified resolution is met""},
    ""units_quantity"": {""status"": ""NOT_APPLICABLE"", ""reason"": ""not required""},
    ""crs_geometry_area"": {""status"": ""PASS"", ""reason"": ""coordinate reference system is specified""},
    ""spectral_semantics"": {""status"": ""NOT_APPLICABLE"", ""reason"": ""not required""},
    ""processing_quality"": {""status"": ""NOT_APPLICABLE"", ""reason"": ""not required""},
    ""vertical_semantics"": {""status"": ""NOT_APPLICABLE"", ""reason"": ""not required""},
    ""temporal_causality"": {""status"": ""NOT_APPLICABLE"", ""reason"": ""not required""},
    ""evaluation_independence"": {""status"": ""PASS"", ""reason"": ""spatial split does not imply dependence""},
    ""nodata_physical_domain"": {""status"": ""NOT_APPLICABLE"", ""reason"": ""not required""},
    ""uncertainty_fitness"": {""status"": ""NOT_APPLICABLE"", ""reason"": ""not required""}
  },
  ""summary"": ""Spatial split is valid and independent of the provided training samples."",
  ""confidence"": 5
}"
SGX3_BLIND_flood_depth_034,strong_A,Qwen/Qwen2.5-7B-Instruct,PROVEN,1.0,5,"{""provenance"": {""status"": ""PASS"", ""reason"": ""both sources are supplied""}, ""categorical_semantics"": {""status"": ""NOT_APPLICABLE"", ""reason"": ""no categorical operations involved""}, ""spatial_support_resolution"": {""status"": ""PASS"", ""reason"": ""both artifacts have the same resolution""}, ""units_quantity"": {""status"": ""PASS"", ""reason"": ""units are consistent for vertical combination""}, ""crs_geometry_area"": {""status"": ""PASS"", ""reason"": ""same CRS and no area calculations""}, ""spectral_semantics"": {""status"": ""NOT_APPLICABLE"", ""reason"": ""no spectral operations involved""}, ""processing_quality"": {""status"": ""NOT_APPLICABLE"", ""reason"": ""no processing quality checks required""}, ""vertical_semantics"": {""status"": ""PASS"", ""reason"": ""vertical combination is valid""}, ""temporal_causality"": {""status"": ""NOT_APPLICABLE"", ""reason"": ""no temporal operations involved""}, ""evaluation_independence"": {""status"": ""NOT_APPLICABLE"", ""reason"": ""no evaluation split involved""}, ""nodata_physical_domain"": {""status"": ""NOT_APPLICABLE"", ""reason"": ""no nodata checks required""}, ""uncertainty_fitness"": {""status"": ""NOT_APPLICABLE"", ""reason"": ""no uncertainty requirement specified""}}",Vertical combination is valid and units are consistent. No temporal or nodata checks apply.,"{
  ""obligations"": {
    ""provenance"": {""status"": ""PASS"", ""reason"": ""both sources are supplied""},
    ""categorical_semantics"": {""status"": ""NOT_APPLICABLE"", ""reason"": ""no categorical operations involved""},
    ""spatial_support_resolution"": {""status"": ""PASS"", ""reason"": ""both artifacts have the same resolution""},
    ""units_quantity"": {""status"": ""PASS"", ""reason"": ""units are consistent for vertical combination""},
    ""crs_geometry_area"": {""status"": ""PASS"", ""reason"": ""same CRS and no area calculations""},
    ""spectral_semantics"": {""status"": ""NOT_APPLICABLE"", ""reason"": ""no spectral operations involved""},
    ""processing_quality"": {""status"": ""NOT_APPLICABLE"", ""reason"": ""no processing quality checks required""},
    ""vertical_semantics"": {""status"": ""PASS"", ""reason"": ""vertical combination is valid""},
    ""temporal_causality"": {""status"": ""NOT_APPLICABLE"", ""reason"": ""no temporal operations involved""},
    ""evaluation_independence"": {""status"": ""NOT_APPLICABLE"", ""reason"": ""no evaluation split involved""},
    ""nodata_physical_domain"": {""status"": ""NOT_APPLICABLE"", ""reason"": ""no nodata checks required""},
    ""uncertainty_fitness"": {""status"": ""NOT_APPLICABLE"", ""reason"": ""no uncertainty requirement specified""}
  },
  ""summary"": ""Vertical combination is valid and units are consistent. No temporal or nodata checks apply."",
  ""confidence"": 5
}"
SGX3_HELDOUT-FAMILY_multisensor_time_mismatch_010,strong_A,Qwen/Qwen2.5-7B-Instruct,REFUTED,1.0,5,"{""provenance"": {""status"": ""PASS"", ""reason"": ""both sources are authoritative products""}, ""categorical_semantics"": {""status"": ""NOT_APPLICABLE"", ""reason"": ""no categorical operations involved""}, ""spatial_support_resolution"": {""status"": ""PASS"", ""reason"": ""same spatial support and resolution""}, ""units_quantity"": {""status"": ""NOT_APPLICABLE"", ""reason"": ""units are unspecified""}, ""crs_geometry_area"": {""status"": ""PASS"", ""reason"": ""same CRS and no claims of finer information""}, ""spectral_semantics"": {""status"": ""NOT_APPLICABLE"", ""reason"": ""no spectral operations involved""}, ""processing_quality"": {""status"": ""NOT_APPLICABLE"", ""reason"": ""processing levels unspecified""}, ""vertical_semantics"": {""status"": ""NOT_APPLICABLE"", ""reason"": ""no vertical quantities involved""}, ""temporal_causality"": {""status"": ""FAIL"", ""reason"": ""time mismatch between acquisitions (2 days apart)""}, ""evaluation_independence"": {""status"": ""NOT_APPLICABLE"", ""reason"": ""no evaluation split involved""}, ""nodata_physical_domain"": {""status"": ""NOT_APPLICABLE"", ""reason"": ""nodata semantics unspecified""}, ""uncertainty_fitness"": {""status"": ""NOT_APPLICABLE"", ""reason"": ""uncertainty not required for comparison""}}",Temporal mismatch between sensor acquisitions,"{
  ""obligations"": {
    ""provenance"": {""status"": ""PASS"", ""reason"": ""both sources are authoritative products""},
    ""categorical_semantics"": {""status"": ""NOT_APPLICABLE"", ""reason"": ""no categorical operations involved""},
    ""spatial_support_resolution"": {""status"": ""PASS"", ""reason"": ""same spatial support and resolution""},
    ""units_quantity"": {""status"": ""NOT_APPLICABLE"", ""reason"": ""units are unspecified""},
    ""crs_geometry_area"": {""status"": ""PASS"", ""reason"": ""same CRS and no claims of finer information""},
    ""spectral_semantics"": {""status"": ""NOT_APPLICABLE"", ""reason"": ""no spectral operations involved""},
    ""processing_quality"": {""status"": ""NOT_APPLICABLE"", ""reason"": ""processing levels unspecified""},
    ""vertical_semantics"": {""status"": ""NOT_APPLICABLE"", ""reason"": ""no vertical quantities involved""},
    ""temporal_causality"": {""status"": ""FAIL"", ""reason"": ""time mismatch between acquisitions (2 days apart)""},
    ""evaluation_independence"": {""status"": ""NOT_APPLICABLE"", ""reason"": ""no evaluation split involved""},
    ""nodata_physical_domain"": {""status"": ""NOT_APPLICABLE"", ""reason"": ""nodata semantics unspecified""},
    ""uncertainty_fitness"": {""status"": ""NOT_APPLICABLE"", ""reason"": ""uncertainty not required for comparison""}
  },
  ""summary"": ""Temporal mismatch between sensor acquisitions"",
  ""confidence"": 5
}"
SGX3_BLIND_landcover_change_011,strong_A,Qwen/Qwen2.5-7B-Instruct,PROVEN,1.0,5,"{""provenance"": {""status"": ""PASS"", ""reason"": ""ESA WorldCover is supplied""}, ""categorical_semantics"": {""status"": ""PASS"", ""reason"": ""categorical scaling is preserved""}, ""spatial_support_resolution"": {""status"": ""PASS"", ""reason"": ""target resolution is coarser than original""}, ""units_quantity"": {""status"": ""PASS"", ""reason"": ""unit is not required and not provided""}, ""crs_geometry_area"": {""status"": ""PASS"", ""reason"": ""EPSG:4326 is appropriate for global coverage""}, ""spectral_semantics"": {""status"": ""NOT_APPLICABLE"", ""reason"": ""not required for categorical data""}, ""processing_quality"": {""status"": ""NOT_APPLICABLE"", ""reason"": ""processing level not specified""}, ""vertical_semantics"": {""status"": ""NOT_APPLICABLE"", ""reason"": ""not required for 2D data""}, ""temporal_causality"": {""status"": ""NOT_APPLICABLE"", ""reason"": ""no temporal data involved""}, ""evaluation_independence"": {""status"": ""NOT_APPLICABLE"", ""reason"": ""no evaluation split involved""}, ""nodata_physical_domain"": {""status"": ""NOT_APPLICABLE"", ""reason"": ""nodata semantics not required for categorical data""}, ""uncertainty_fitness"": {""status"": ""NOT_APPLICABLE"", ""reason"": ""uncertainty not required for categorical data""}}",Resampling maintains categorical semantics and spatial resolution without introducing new information.,"{
  ""obligations"": {
    ""provenance"": {""status"": ""PASS"", ""reason"": ""ESA WorldCover is supplied""},
    ""categorical_semantics"": {""status"": ""PASS"", ""reason"": ""categorical scaling is preserved""},
    ""spatial_support_resolution"": {""status"": ""PASS"", ""reason"": ""target resolution is coarser than original""},
    ""units_quantity"": {""status"": ""PASS"", ""reason"": ""unit is not required and not provided""},
    ""crs_geometry_area"": {""status"": ""PASS"", ""reason"": ""EPSG:4326 is appropriate for global coverage""},
    ""spectral_semantics"": {""status"": ""NOT_APPLICABLE"", ""reason"": ""not required for categorical data""},
    ""processing_quality"": {""status"": ""NOT_APPLICABLE"", ""reason"": ""processing level not specified""},
    ""vertical_semantics"": {""status"": ""NOT_APPLICABLE"", ""reason"": ""not required for 2D data""},
    ""temporal_causality"": {""status"": ""NOT_APPLICABLE"", ""reason"": ""no temporal data involved""},
    ""evaluation_independence"": {""status"": ""NOT_APPLICABLE"", ""reason"": ""no evaluation split involved""},
    ""nodata_physical_domain"": {""status"": ""NOT_APPLICABLE"", ""reason"": ""nodata semantics not required for categorical data""},
    ""uncertainty_fitness"": {""status"": ""NOT_APPLICABLE"", ""reason"": ""uncertainty not required for categorical data""}
  },
  ""summary"": ""Resampling maintains categorical semantics and spatial resolution without introducing new information."",
  ""confidence"": 5
}"
SGX3_BLIND_flood_depth_021,strong_A,Qwen/Qwen2.5-7B-Instruct,PROVEN,1.0,5,"{""provenance"": {""status"": ""PASS"", ""reason"": ""both sources are supplied""}, ""categorical_semantics"": {""status"": ""NOT_APPLICABLE"", ""reason"": ""no categorical operations involved""}, ""spatial_support_resolution"": {""status"": ""PASS"", ""reason"": ""resolutions are compatible for vertical combination""}, ""units_quantity"": {""status"": ""PASS"", ""reason"": ""units are compatible for vertical combination""}, ""crs_geometry_area"": {""status"": ""PASS"", ""reason"": ""same CRS and no claims of finer information""}, ""spectral_semantics"": {""status"": ""NOT_APPLICABLE"", ""reason"": ""no spectral operations involved""}, ""processing_quality"": {""status"": ""NOT_APPLICABLE"", ""reason"": ""no processing quality metadata provided""}, ""vertical_semantics"": {""status"": ""PASS"", ""reason"": ""vertical datums are compatible for subtraction""}, ""temporal_causality"": {""status"": ""NOT_APPLICABLE"", ""reason"": ""no temporal operations involved""}, ""evaluation_independence"": {""status"": ""NOT_APPLICABLE"", ""reason"": ""no evaluation split involved""}, ""nodata_physical_domain"": {""status"": ""NOT_APPLICABLE"", ""reason"": ""no nodata semantics provided""}, ""uncertainty_fitness"": {""status"": ""NOT_APPLICABLE"", ""reason"": ""no uncertainty requirement specified""}}",Vertical combination and unit conversion are valid given the provided information.,"{
  ""obligations"": {
    ""provenance"": {""status"": ""PASS"", ""reason"": ""both sources are supplied""},
    ""categorical_semantics"": {""status"": ""NOT_APPLICABLE"", ""reason"": ""no categorical operations involved""},
    ""spatial_support_resolution"": {""status"": ""PASS"", ""reason"": ""resolutions are compatible for vertical combination""},
    ""units_quantity"": {""status"": ""PASS"", ""reason"": ""units are compatible for vertical combination""},
    ""crs_geometry_area"": {""status"": ""PASS"", ""reason"": ""same CRS and no claims of finer information""},
    ""spectral_semantics"": {""status"": ""NOT_APPLICABLE"", ""reason"": ""no spectral operations involved""},
    ""processing_quality"": {""status"": ""NOT_APPLICABLE"", ""reason"": ""no processing quality metadata provided""},
    ""vertical_semantics"": {""status"": ""PASS"", ""reason"": ""vertical datums are compatible for subtraction""},
    ""temporal_causality"": {""status"": ""NOT_APPLICABLE"", ""reason"": ""no temporal operations involved""},
    ""evaluation_independence"": {""status"": ""NOT_APPLICABLE"", ""reason"": ""no evaluation split involved""},
    ""nodata_physical_domain"": {""status"": ""NOT_APPLICABLE"", ""reason"": ""no nodata semantics provided""},
    ""uncertainty_fitness"": {""status"": ""NOT_APPLICABLE"", ""reason"": ""no uncertainty requirement specified""}
  },
  ""summary"": ""Vertical combination and unit conversion are valid given the provided information."",
  ""confidence"": 5
}"
SGX3_HELDOUT-FAMILY_scene_overlap_leakage_001,strong_A,Qwen/Qwen2.5-7B-Instruct,PROVEN,1.0,5,"{""provenance"": {""status"": ""PASS"", ""reason"": ""authoritative source is supplied""}, ""categorical_semantics"": {""status"": ""NOT_APPLICABLE"", ""reason"": ""not required""}, ""spatial_support_resolution"": {""status"": ""PASS"", ""reason"": ""resolution is consistent""}, ""units_quantity"": {""status"": ""NOT_APPLICABLE"", ""reason"": ""not required""}, ""crs_geometry_area"": {""status"": ""PASS"", ""reason"": ""consistent CRS""}, ""spectral_semantics"": {""status"": ""NOT_APPLICABLE"", ""reason"": ""not required""}, ""processing_quality"": {""status"": ""NOT_APPLICABLE"", ""reason"": ""not required""}, ""vertical_semantics"": {""status"": ""NOT_APPLICABLE"", ""reason"": ""not required""}, ""temporal_causality"": {""status"": ""NOT_APPLICABLE"", ""reason"": ""not required""}, ""evaluation_independence"": {""status"": ""PASS"", ""reason"": ""scene overlap fraction is zero, no spatial/temporal dependence""}, ""nodata_physical_domain"": {""status"": ""NOT_APPLICABLE"", ""reason"": ""not required""}, ""uncertainty_fitness"": {""status"": ""NOT_APPLICABLE"", ""reason"": ""not required""}}",Workflow passes all obligations given the provided information and scientific intent.,"{
  ""obligations"": {
    ""provenance"": {""status"": ""PASS"", ""reason"": ""authoritative source is supplied""},
    ""categorical_semantics"": {""status"": ""NOT_APPLICABLE"", ""reason"": ""not required""},
    ""spatial_support_resolution"": {""status"": ""PASS"", ""reason"": ""resolution is consistent""},
    ""units_quantity"": {""status"": ""NOT_APPLICABLE"", ""reason"": ""not required""},
    ""crs_geometry_area"": {""status"": ""PASS"", ""reason"": ""consistent CRS""},
    ""spectral_semantics"": {""status"": ""NOT_APPLICABLE"", ""reason"": ""not required""},
    ""processing_quality"": {""status"": ""NOT_APPLICABLE"", ""reason"": ""not required""},
    ""vertical_semantics"": {""status"": ""NOT_APPLICABLE"", ""reason"": ""not required""},
    ""temporal_causality"": {""status"": ""NOT_APPLICABLE"", ""reason"": ""not required""},
    ""evaluation_independence"": {""status"": ""PASS"", ""reason"": ""scene overlap fraction is zero, no spatial/temporal dependence""},
    ""nodata_physical_domain"": {""status"": ""NOT_APPLICABLE"", ""reason"": ""not required""},
    ""uncertainty_fitness"": {""status"": ""NOT_APPLICABLE"", ""reason"": ""not required""}
  },
  ""summary"": ""Workflow passes all obligations given the provided information and scientific intent."",
  ""confidence"": 5
}"
SGX3_BLIND_flood_remote_sensing_007,strong_A,Qwen/Qwen2.5-7B-Instruct,PROVEN,1.0,5,"{""provenance"": {""status"": ""PASS"", ""reason"": ""all sources are authoritative products""}, ""categorical_semantics"": {""status"": ""NOT_APPLICABLE"", ""reason"": ""no categorical operations are involved""}, ""spatial_support_resolution"": {""status"": ""PASS"", ""reason"": ""all artifacts have the same resolution (10m)""}, ""units_quantity"": {""status"": ""NOT_APPLICABLE"", ""reason"": ""units are not required for binary data and backscatter/reflectance""}, ""crs_geometry_area"": {""status"": ""PASS"", ""reason"": ""all artifacts use the same CRS (EPSG:32643) and method is geodesic""}, ""spectral_semantics"": {""status"": ""NOT_APPLICABLE"", ""reason"": ""no spectral operations are involved""}, ""processing_quality"": {""status"": ""NOT_APPLICABLE"", ""reason"": ""processing levels are not specified""}, ""vertical_semantics"": {""status"": ""NOT_APPLICABLE"", ""reason"": ""no vertical quantities are involved""}, ""temporal_causality"": {""status"": ""PASS"", ""reason"": ""acquisition times are before the available time""}, ""evaluation_independence"": {""status"": ""NOT_APPLICABLE"", ""reason"": ""no evaluation split is present""}, ""nodata_physical_domain"": {""status"": ""NOT_APPLICABLE"", ""reason"": ""nodata semantics are not required for binary data and backscatter/reflectance""}, ""uncertainty_fitness"": {""status"": ""NOT_APPLICABLE"", ""reason"": ""uncertainty is not required for binary data and backscatter/reflectance""}}","Workflow operations are consistent with the provided artifacts and scientific intent, with no violations found.","{
  ""obligations"": {
    ""provenance"": {""status"": ""PASS"", ""reason"": ""all sources are authoritative products""},
    ""categorical_semantics"": {""status"": ""NOT_APPLICABLE"", ""reason"": ""no categorical operations are involved""},
    ""spatial_support_resolution"": {""status"": ""PASS"", ""reason"": ""all artifacts have the same resolution (10m)""},
    ""units_quantity"": {""status"": ""NOT_APPLICABLE"", ""reason"": ""units are not required for binary data and backscatter/reflectance""},
    ""crs_geometry_area"": {""status"": ""PASS"", ""reason"": ""all artifacts use the same CRS (EPSG:32643) and method is geodesic""},
    ""spectral_semantics"": {""status"": ""NOT_APPLICABLE"", ""reason"": ""no spectral operations are involved""},
    ""processing_quality"": {""status"": ""NOT_APPLICABLE"", ""reason"": ""processing levels are not specified""},
    ""vertical_semantics"": {""status"": ""NOT_APPLICABLE"", ""reason"": ""no vertical quantities are involved""},
    ""temporal_causality"": {""status"": ""PASS"", ""reason"": ""acquisition times are before the available time""},
    ""evaluation_independence"": {""status"": ""NOT_APPLICABLE"", ""reason"": ""no evaluation split is present""},
    ""nodata_physical_domain"": {""status"": ""NOT_APPLICABLE"", ""reason"": ""nodata semantics are not required for binary data and backscatter/reflectance""},
    ""uncertainty_fitness"": {""status"": ""NOT_APPLICABLE"", ""reason"": ""uncertainty is not required for binary data and backscatter/reflectance""}
  },
  ""summary"": ""Workflow operations are consistent with the provided artifacts and scientific intent, with no violations found."",
  ""confidence"": 5
}"
SGX3_BLIND_landslide_forecast_022,strong_A,Qwen/Qwen2.5-7B-Instruct,REFUTED,1.0,5,"{""provenance"": {""status"": ""PASS"", ""reason"": ""both sources have authoritative provenance""}, ""categorical_semantics"": {""status"": ""NOT_APPLICABLE"", ""reason"": ""no categorical operations involved""}, ""spatial_support_resolution"": {""status"": ""PASS"", ""reason"": ""resolutions are within the workflow's requirements""}, ""units_quantity"": {""status"": ""NOT_APPLICABLE"", ""reason"": ""no specific units or quantities required""}, ""crs_geometry_area"": {""status"": ""PASS"", ""reason"": ""same CRS and no geometry operations involved""}, ""spectral_semantics"": {""status"": ""NOT_APPLICABLE"", ""reason"": ""no spectral operations involved""}, ""processing_quality"": {""status"": ""NOT_APPLICABLE"", ""reason"": ""no processing quality metadata required""}, ""vertical_semantics"": {""status"": ""PASS"", ""reason"": ""vertical datums are compatible (EGM2008)""}, ""temporal_causality"": {""status"": ""FAIL"", ""reason"": ""IMERG data available after decision time""}, ""evaluation_independence"": {""status"": ""NOT_APPLICABLE"", ""reason"": ""no evaluation split involved""}, ""nodata_physical_domain"": {""status"": ""NOT_APPLICABLE"", ""reason"": ""no nodata or physical domain constraints involved""}, ""uncertainty_fitness"": {""status"": ""NOT_APPLICABLE"", ""reason"": ""no uncertainty requirements involved""}}",Temporal causality violation due to IMERG data availability after decision time,"{
  ""obligations"": {
    ""provenance"": {""status"": ""PASS"", ""reason"": ""both sources have authoritative provenance""},
    ""categorical_semantics"": {""status"": ""NOT_APPLICABLE"", ""reason"": ""no categorical operations involved""},
    ""spatial_support_resolution"": {""status"": ""PASS"", ""reason"": ""resolutions are within the workflow's requirements""},
    ""units_quantity"": {""status"": ""NOT_APPLICABLE"", ""reason"": ""no specific units or quantities required""},
    ""crs_geometry_area"": {""status"": ""PASS"", ""reason"": ""same CRS and no geometry operations involved""},
    ""spectral_semantics"": {""status"": ""NOT_APPLICABLE"", ""reason"": ""no spectral operations involved""},
    ""processing_quality"": {""status"": ""NOT_APPLICABLE"", ""reason"": ""no processing quality metadata required""},
    ""vertical_semantics"": {""status"": ""PASS"", ""reason"": ""vertical datums are compatible (EGM2008)""},
    ""temporal_causality"": {""status"": ""FAIL"", ""reason"": ""IMERG data available after decision time""},
    ""evaluation_independence"": {""status"": ""NOT_APPLICABLE"", ""reason"": ""no evaluation split involved""},
    ""nodata_physical_domain"": {""status"": ""NOT_APPLICABLE"", ""reason"": ""no nodata or physical domain constraints involved""},
    ""uncertainty_fitness"": {""status"": ""NOT_APPLICABLE"", ""reason"": ""no uncertainty requirements involved""}
  },
  ""summary"": ""Temporal causality violation due to IMERG data availability after decision time"",
  ""confidence"": 5
}"
SGX3_BLIND_eo_ml_validation_004,strong_A,Qwen/Qwen2.5-7B-Instruct,PROVEN,1.0,5,"{""provenance"": {""status"": ""PASS"", ""reason"": ""authoritative source is supplied""}, ""categorical_semantics"": {""status"": ""NOT_APPLICABLE"", ""reason"": ""not required""}, ""spatial_support_resolution"": {""status"": ""PASS"", ""reason"": ""resolution is within acceptable range""}, ""units_quantity"": {""status"": ""NOT_APPLICABLE"", ""reason"": ""not required""}, ""crs_geometry_area"": {""status"": ""PASS"", ""reason"": ""coordinate reference system is specified""}, ""spectral_semantics"": {""status"": ""NOT_APPLICABLE"", ""reason"": ""not required""}, ""processing_quality"": {""status"": ""NOT_APPLICABLE"", ""reason"": ""not required""}, ""vertical_semantics"": {""status"": ""NOT_APPLICABLE"", ""reason"": ""not required""}, ""temporal_causality"": {""status"": ""PASS"", ""reason"": ""temporal split is valid""}, ""evaluation_independence"": {""status"": ""PASS"", ""reason"": ""split is based on temporal criteria""}, ""nodata_physical_domain"": {""status"": ""NOT_APPLICABLE"", ""reason"": ""not required""}, ""uncertainty_fitness"": {""status"": ""NOT_APPLICABLE"", ""reason"": ""not required""}}",Temporal split is valid and does not introduce future information leakage.,"{
  ""obligations"": {
    ""provenance"": {""status"": ""PASS"", ""reason"": ""authoritative source is supplied""},
    ""categorical_semantics"": {""status"": ""NOT_APPLICABLE"", ""reason"": ""not required""},
    ""spatial_support_resolution"": {""status"": ""PASS"", ""reason"": ""resolution is within acceptable range""},
    ""units_quantity"": {""status"": ""NOT_APPLICABLE"", ""reason"": ""not required""},
    ""crs_geometry_area"": {""status"": ""PASS"", ""reason"": ""coordinate reference system is specified""},
    ""spectral_semantics"": {""status"": ""NOT_APPLICABLE"", ""reason"": ""not required""},
    ""processing_quality"": {""status"": ""NOT_APPLICABLE"", ""reason"": ""not required""},
    ""vertical_semantics"": {""status"": ""NOT_APPLICABLE"", ""reason"": ""not required""},
    ""temporal_causality"": {""status"": ""PASS"", ""reason"": ""temporal split is valid""},
    ""evaluation_independence"": {""status"": ""PASS"", ""reason"": ""split is based on temporal criteria""},
    ""nodata_physical_domain"": {""status"": ""NOT_APPLICABLE"", ""reason"": ""not required""},
    ""uncertainty_fitness"": {""status"": ""NOT_APPLICABLE"", ""reason"": ""not required""}
  },
  ""summary"": ""Temporal split is valid and does not introduce future information leakage."",
  ""confidence"": 5
}"
SGX3_BLIND_eo_ml_validation_040,strong_A,Qwen/Qwen2.5-7B-Instruct,PROVEN,1.0,5,"{""provenance"": {""status"": ""PASS"", ""reason"": ""authoritative source is supplied""}, ""categorical_semantics"": {""status"": ""NOT_APPLICABLE"", ""reason"": ""not required""}, ""spatial_support_resolution"": {""status"": ""PASS"", ""reason"": ""resolution is within the required range (if specified)""}, ""units_quantity"": {""status"": ""NOT_APPLICABLE"", ""reason"": ""not required""}, ""crs_geometry_area"": {""status"": ""PASS"", ""reason"": ""coordinate reference system is specified""}, ""spectral_semantics"": {""status"": ""NOT_APPLICABLE"", ""reason"": ""not required""}, ""processing_quality"": {""status"": ""NOT_APPLICABLE"", ""reason"": ""not required""}, ""vertical_semantics"": {""status"": ""NOT_APPLICABLE"", ""reason"": ""not required""}, ""temporal_causality"": {""status"": ""NOT_APPLICABLE"", ""reason"": ""not required""}, ""evaluation_independence"": {""status"": ""PASS"", ""reason"": ""split mode is 'scene' and overlap fraction is valid""}, ""nodata_physical_domain"": {""status"": ""NOT_APPLICABLE"", ""reason"": ""not required""}, ""uncertainty_fitness"": {""status"": ""NOT_APPLICABLE"", ""reason"": ""not required""}}","Workflow passes all obligations except for units and quantities, which are not required given the intent.","{
  ""obligations"": {
    ""provenance"": {""status"": ""PASS"", ""reason"": ""authoritative source is supplied""},
    ""categorical_semantics"": {""status"": ""NOT_APPLICABLE"", ""reason"": ""not required""},
    ""spatial_support_resolution"": {""status"": ""PASS"", ""reason"": ""resolution is within the required range (if specified)""},
    ""units_quantity"": {""status"": ""NOT_APPLICABLE"", ""reason"": ""not required""},
    ""crs_geometry_area"": {""status"": ""PASS"", ""reason"": ""coordinate reference system is specified""},
    ""spectral_semantics"": {""status"": ""NOT_APPLICABLE"", ""reason"": ""not required""},
    ""processing_quality"": {""status"": ""NOT_APPLICABLE"", ""reason"": ""not required""},
    ""vertical_semantics"": {""status"": ""NOT_APPLICABLE"", ""reason"": ""not required""},
    ""temporal_causality"": {""status"": ""NOT_APPLICABLE"", ""reason"": ""not required""},
    ""evaluation_independence"": {""status"": ""PASS"", ""reason"": ""split mode is 'scene' and overlap fraction is valid""},
    ""nodata_physical_domain"": {""status"": ""NOT_APPLICABLE"", ""reason"": ""not required""},
    ""uncertainty_fitness"": {""status"": ""NOT_APPLICABLE"", ""reason"": ""not required""}
  },
  ""summary"": ""Workflow passes all obligations except for units and quantities, which are not required given the intent."",
  ""confidence"": 5
}"
SGX3_DEVELOPMENT_spectral_role_000,strong_A,Qwen/Qwen2.5-7B-Instruct,REFUTED,1.0,5,"{""provenance"": {""status"": ""PASS"", ""reason"": ""authoritative sources are supplied""}, ""categorical_semantics"": {""status"": ""NOT_APPLICABLE"", ""reason"": ""no categorical operations involved""}, ""spatial_support_resolution"": {""status"": ""PASS"", ""reason"": ""same spatial support and resolution""}, ""units_quantity"": {""status"": ""NOT_APPLICABLE"", ""reason"": ""units are unspecified""}, ""crs_geometry_area"": {""status"": ""PASS"", ""reason"": ""same CRS and spatial support""}, ""spectral_semantics"": {""status"": ""FAIL"", ""reason"": ""expected 'other' role to be 'nir', but is 'rededge'""}, ""processing_quality"": {""status"": ""NOT_APPLICABLE"", ""reason"": ""not required""}, ""vertical_semantics"": {""status"": ""NOT_APPLICABLE"", ""reason"": ""no vertical quantities involved""}, ""temporal_causality"": {""status"": ""NOT_APPLICABLE"", ""reason"": ""no temporal operations involved""}, ""evaluation_independence"": {""status"": ""NOT_APPLICABLE"", ""reason"": ""no evaluation split involved""}, ""nodata_physical_domain"": {""status"": ""NOT_APPLICABLE"", ""reason"": ""nodata semantics are unspecified""}, ""uncertainty_fitness"": {""status"": ""NOT_APPLICABLE"", ""reason"": ""uncertainty not required""}}",spectral role mismatch in spectral index calculation,"{
  ""obligations"": {
    ""provenance"": {""status"": ""PASS"", ""reason"": ""authoritative sources are supplied""},
    ""categorical_semantics"": {""status"": ""NOT_APPLICABLE"", ""reason"": ""no categorical operations involved""},
    ""spatial_support_resolution"": {""status"": ""PASS"", ""reason"": ""same spatial support and resolution""},
    ""units_quantity"": {""status"": ""NOT_APPLICABLE"", ""reason"": ""units are unspecified""},
    ""crs_geometry_area"": {""status"": ""PASS"", ""reason"": ""same CRS and spatial support""},
    ""spectral_semantics"": {""status"": ""FAIL"", ""reason"": ""expected 'other' role to be 'nir', but is 'rededge'""},
    ""processing_quality"": {""status"": ""NOT_APPLICABLE"", ""reason"": ""not required""},
    ""vertical_semantics"": {""status"": ""NOT_APPLICABLE"", ""reason"": ""no vertical quantities involved""},
    ""temporal_causality"": {""status"": ""NOT_APPLICABLE"", ""reason"": ""no temporal operations involved""},
    ""evaluation_independence"": {""status"": ""NOT_APPLICABLE"", ""reason"": ""no evaluation split involved""},
    ""nodata_physical_domain"": {""status"": ""NOT_APPLICABLE"", ""reason"": ""nodata semantics are unspecified""},
    ""uncertainty_fitness"": {""status"": ""NOT_APPLICABLE"", ""reason"": ""uncertainty not required""}
  },
  ""summary"": ""spectral role mismatch in spectral index calculation"",
  ""confidence"": 5
}"
SGX3_HELDOUT-FAMILY_temporal_split_overlap_005,strong_A,Qwen/Qwen2.5-7B-Instruct,REFUTED,1.0,5,"{""provenance"": {""status"": ""PASS"", ""reason"": ""authoritative source is supplied""}, ""categorical_semantics"": {""status"": ""NOT_APPLICABLE"", ""reason"": ""not required""}, ""spatial_support_resolution"": {""status"": ""NOT_APPLICABLE"", ""reason"": ""not required""}, ""units_quantity"": {""status"": ""NOT_APPLICABLE"", ""reason"": ""not required""}, ""crs_geometry_area"": {""status"": ""NOT_APPLICABLE"", ""reason"": ""not required""}, ""spectral_semantics"": {""status"": ""NOT_APPLICABLE"", ""reason"": ""not required""}, ""processing_quality"": {""status"": ""NOT_APPLICABLE"", ""reason"": ""not required""}, ""vertical_semantics"": {""status"": ""NOT_APPLICABLE"", ""reason"": ""not required""}, ""temporal_causality"": {""status"": ""FAIL"", ""reason"": ""test data is from a future date relative to the split""}, ""evaluation_independence"": {""status"": ""PASS"", ""reason"": ""no spatial, temporal, or scene dependence is indicated""}, ""nodata_physical_domain"": {""status"": ""NOT_APPLICABLE"", ""reason"": ""not required""}, ""uncertainty_fitness"": {""status"": ""NOT_APPLICABLE"", ""reason"": ""not required""}}","Temporal split involves future test data, violating temporal causality.","{
  ""obligations"": {
    ""provenance"": {""status"": ""PASS"", ""reason"": ""authoritative source is supplied""},
    ""categorical_semantics"": {""status"": ""NOT_APPLICABLE"", ""reason"": ""not required""},
    ""spatial_support_resolution"": {""status"": ""NOT_APPLICABLE"", ""reason"": ""not required""},
    ""units_quantity"": {""status"": ""NOT_APPLICABLE"", ""reason"": ""not required""},
    ""crs_geometry_area"": {""status"": ""NOT_APPLICABLE"", ""reason"": ""not required""},
    ""spectral_semantics"": {""status"": ""NOT_APPLICABLE"", ""reason"": ""not required""},
    ""processing_quality"": {""status"": ""NOT_APPLICABLE"", ""reason"": ""not required""},
    ""vertical_semantics"": {""status"": ""NOT_APPLICABLE"", ""reason"": ""not required""},
    ""temporal_causality"": {""status"": ""FAIL"", ""reason"": ""test data is from a future date relative to the split""},
    ""evaluation_independence"": {""status"": ""PASS"", ""reason"": ""no spatial, temporal, or scene dependence is indicated""},
    ""nodata_physical_domain"": {""status"": ""NOT_APPLICABLE"", ""reason"": ""not required""},
    ""uncertainty_fitness"": {""status"": ""NOT_APPLICABLE"", ""reason"": ""not required""}
  },
  ""summary"": ""Temporal split involves future test data, violating temporal causality."",
  ""confidence"": 5
}"
SGX3_BLIND_landcover_change_018,strong_A,Qwen/Qwen2.5-7B-Instruct,PROVEN,1.0,5,"{""provenance"": {""status"": ""NOT_APPLICABLE"", ""reason"": ""no provenance information provided""}, ""categorical_semantics"": {""status"": ""PASS"", ""reason"": ""categorical scaling is preserved""}, ""spatial_support_resolution"": {""status"": ""PASS"", ""reason"": ""target resolution is specified and new information is claimed""}, ""units_quantity"": {""status"": ""PASS"", ""reason"": ""unit is not required and not provided""}, ""crs_geometry_area"": {""status"": ""PASS"", ""reason"": ""geometric properties are consistent with EPSG:4326""}, ""spectral_semantics"": {""status"": ""NOT_APPLICABLE"", ""reason"": ""no spectral operations involved""}, ""processing_quality"": {""status"": ""NOT_APPLICABLE"", ""reason"": ""no processing quality metadata provided""}, ""vertical_semantics"": {""status"": ""NOT_APPLICABLE"", ""reason"": ""no vertical quantities involved""}, ""temporal_causality"": {""status"": ""NOT_APPLICABLE"", ""reason"": ""no temporal operations involved""}, ""evaluation_independence"": {""status"": ""NOT_APPLICABLE"", ""reason"": ""no evaluation split involved""}, ""nodata_physical_domain"": {""status"": ""NOT_APPLICABLE"", ""reason"": ""nodata semantics not required or provided""}, ""uncertainty_fitness"": {""status"": ""NOT_APPLICABLE"", ""reason"": ""uncertainty not required or provided""}}",Resampling operation is consistent with the provided land cover data and claims new information without requiring additional constraints.,"{
  ""obligations"": {
    ""provenance"": {""status"": ""NOT_APPLICABLE"", ""reason"": ""no provenance information provided""},
    ""categorical_semantics"": {""status"": ""PASS"", ""reason"": ""categorical scaling is preserved""},
    ""spatial_support_resolution"": {""status"": ""PASS"", ""reason"": ""target resolution is specified and new information is claimed""},
    ""units_quantity"": {""status"": ""PASS"", ""reason"": ""unit is not required and not provided""},
    ""crs_geometry_area"": {""status"": ""PASS"", ""reason"": ""geometric properties are consistent with EPSG:4326""},
    ""spectral_semantics"": {""status"": ""NOT_APPLICABLE"", ""reason"": ""no spectral operations involved""},
    ""processing_quality"": {""status"": ""NOT_APPLICABLE"", ""reason"": ""no processing quality metadata provided""},
    ""vertical_semantics"": {""status"": ""NOT_APPLICABLE"", ""reason"": ""no vertical quantities involved""},
    ""temporal_causality"": {""status"": ""NOT_APPLICABLE"", ""reason"": ""no temporal operations involved""},
    ""evaluation_independence"": {""status"": ""NOT_APPLICABLE"", ""reason"": ""no evaluation split involved""},
    ""nodata_physical_domain"": {""status"": ""NOT_APPLICABLE"", ""reason"": ""nodata semantics not required or provided""},
    ""uncertainty_fitness"": {""status"": ""NOT_APPLICABLE"", ""reason"": ""uncertainty not required or provided""}
  },
  ""summary"": ""Resampling operation is consistent with the provided land cover data and claims new information without requiring additional constraints."",
  ""confidence"": 5
}"
SGX3_BLIND_flood_depth_014,strong_A,Qwen/Qwen2.5-7B-Instruct,REFUTED,1.0,5,"{""provenance"": {""status"": ""PASS"", ""reason"": ""both sources are supplied""}, ""categorical_semantics"": {""status"": ""NOT_APPLICABLE"", ""reason"": ""no categorical operations involved""}, ""spatial_support_resolution"": {""status"": ""PASS"", ""reason"": ""resolutions are compatible""}, ""units_quantity"": {""status"": ""FAIL"", ""reason"": ""water level unit conversion to km is invalid""}, ""crs_geometry_area"": {""status"": ""PASS"", ""reason"": ""same CRS used""}, ""spectral_semantics"": {""status"": ""NOT_APPLICABLE"", ""reason"": ""no spectral operations involved""}, ""processing_quality"": {""status"": ""NOT_APPLICABLE"", ""reason"": ""no processing quality checks required""}, ""vertical_semantics"": {""status"": ""PASS"", ""reason"": ""vertical combination is valid""}, ""temporal_causality"": {""status"": ""NOT_APPLICABLE"", ""reason"": ""no temporal operations involved""}, ""evaluation_independence"": {""status"": ""NOT_APPLICABLE"", ""reason"": ""no evaluation split involved""}, ""nodata_physical_domain"": {""status"": ""NOT_APPLICABLE"", ""reason"": ""no nodata semantics checks required""}, ""uncertainty_fitness"": {""status"": ""NOT_APPLICABLE"", ""reason"": ""no uncertainty requirement imposed""}}",Invalid unit conversion in the workflow,"{
  ""obligations"": {
    ""provenance"": {""status"": ""PASS"", ""reason"": ""both sources are supplied""},
    ""categorical_semantics"": {""status"": ""NOT_APPLICABLE"", ""reason"": ""no categorical operations involved""},
    ""spatial_support_resolution"": {""status"": ""PASS"", ""reason"": ""resolutions are compatible""},
    ""units_quantity"": {""status"": ""FAIL"", ""reason"": ""water level unit conversion to km is invalid""},
    ""crs_geometry_area"": {""status"": ""PASS"", ""reason"": ""same CRS used""},
    ""spectral_semantics"": {""status"": ""NOT_APPLICABLE"", ""reason"": ""no spectral operations involved""},
    ""processing_quality"": {""status"": ""NOT_APPLICABLE"", ""reason"": ""no processing quality checks required""},
    ""vertical_semantics"": {""status"": ""PASS"", ""reason"": ""vertical combination is valid""},
    ""temporal_causality"": {""status"": ""NOT_APPLICABLE"", ""reason"": ""no temporal operations involved""},
    ""evaluation_independence"": {""status"": ""NOT_APPLICABLE"", ""reason"": ""no evaluation split involved""},
    ""nodata_physical_domain"": {""status"": ""NOT_APPLICABLE"", ""reason"": ""no nodata semantics checks required""},
    ""uncertainty_fitness"": {""status"": ""NOT_APPLICABLE"", ""reason"": ""no uncertainty requirement imposed""}
  },
  ""summary"": ""Invalid unit conversion in the workflow"",
  ""confidence"": 5
}"
SGX3_DEVELOPMENT_processing_level_003,strong_A,Qwen/Qwen2.5-7B-Instruct,PROVEN,1.0,5,"{""provenance"": {""status"": ""PASS"", ""reason"": ""authoritative source is supplied""}, ""categorical_semantics"": {""status"": ""NOT_APPLICABLE"", ""reason"": ""not required""}, ""spatial_support_resolution"": {""status"": ""PASS"", ""reason"": ""resolution is within the workflow requirements""}, ""units_quantity"": {""status"": ""PASS"", ""reason"": ""unit is not required, and no unit conversion is performed""}, ""crs_geometry_area"": {""status"": ""PASS"", ""reason"": ""coordinate reference system is specified""}, ""spectral_semantics"": {""status"": ""NOT_APPLICABLE"", ""reason"": ""not required""}, ""processing_quality"": {""status"": ""PASS"", ""reason"": ""processing level is specified and valid""}, ""vertical_semantics"": {""status"": ""NOT_APPLICABLE"", ""reason"": ""not required""}, ""temporal_causality"": {""status"": ""NOT_APPLICABLE"", ""reason"": ""not required""}, ""evaluation_independence"": {""status"": ""NOT_APPLICABLE"", ""reason"": ""not required""}, ""nodata_physical_domain"": {""status"": ""NOT_APPLICABLE"", ""reason"": ""not required""}, ""uncertainty_fitness"": {""status"": ""NOT_APPLICABLE"", ""reason"": ""not required""}}",Workflow meets all applicable obligations for the given intent and artifacts.,"{
  ""obligations"": {
    ""provenance"": {""status"": ""PASS"", ""reason"": ""authoritative source is supplied""},
    ""categorical_semantics"": {""status"": ""NOT_APPLICABLE"", ""reason"": ""not required""},
    ""spatial_support_resolution"": {""status"": ""PASS"", ""reason"": ""resolution is within the workflow requirements""},
    ""units_quantity"": {""status"": ""PASS"", ""reason"": ""unit is not required, and no unit conversion is performed""},
    ""crs_geometry_area"": {""status"": ""PASS"", ""reason"": ""coordinate reference system is specified""},
    ""spectral_semantics"": {""status"": ""NOT_APPLICABLE"", ""reason"": ""not required""},
    ""processing_quality"": {""status"": ""PASS"", ""reason"": ""processing level is specified and valid""},
    ""vertical_semantics"": {""status"": ""NOT_APPLICABLE"", ""reason"": ""not required""},
    ""temporal_causality"": {""status"": ""NOT_APPLICABLE"", ""reason"": ""not required""},
    ""evaluation_independence"": {""status"": ""NOT_APPLICABLE"", ""reason"": ""not required""},
    ""nodata_physical_domain"": {""status"": ""NOT_APPLICABLE"", ""reason"": ""not required""},
    ""uncertainty_fitness"": {""status"": ""NOT_APPLICABLE"", ""reason"": ""not required""}
  },
  ""summary"": ""Workflow meets all applicable obligations for the given intent and artifacts."",
  ""confidence"": 5
}"
SGX3_BLIND_landcover_change_025,strong_A,Qwen/Qwen2.5-7B-Instruct,PROVEN,1.0,5,"{""provenance"": {""status"": ""NOT_APPLICABLE"", ""reason"": ""no provenance required for this workflow""}, ""categorical_semantics"": {""status"": ""PASS"", ""reason"": ""categorical resampling method (cubic) is appropriate""}, ""spatial_support_resolution"": {""status"": ""PASS"", ""reason"": ""target resolution is larger than original, no new information created""}, ""units_quantity"": {""status"": ""NOT_APPLICABLE"", ""reason"": ""no units or quantities required for this workflow""}, ""crs_geometry_area"": {""status"": ""NOT_APPLICABLE"", ""reason"": ""no specific CRS or geometry requirements for this workflow""}, ""spectral_semantics"": {""status"": ""NOT_APPLICABLE"", ""reason"": ""no spectral operations involved""}, ""processing_quality"": {""status"": ""NOT_APPLICABLE"", ""reason"": ""no specific processing quality requirements for this workflow""}, ""vertical_semantics"": {""status"": ""NOT_APPLICABLE"", ""reason"": ""no vertical operations involved""}, ""temporal_causality"": {""status"": ""NOT_APPLICABLE"", ""reason"": ""no temporal operations involved""}, ""evaluation_independence"": {""status"": ""NOT_APPLICABLE"", ""reason"": ""no evaluation split involved""}, ""nodata_physical_domain"": {""status"": ""NOT_APPLICABLE"", ""reason"": ""no nodata or physical domain requirements for this workflow""}, ""uncertainty_fitness"": {""status"": ""NOT_APPLICABLE"", ""reason"": ""no uncertainty requirements for this workflow""}}","Resampling method is appropriate for categorical data, but no other proof obligations are relevant or applicable.","{
  ""obligations"": {
    ""provenance"": {""status"": ""NOT_APPLICABLE"", ""reason"": ""no provenance required for this workflow""},
    ""categorical_semantics"": {""status"": ""PASS"", ""reason"": ""categorical resampling method (cubic) is appropriate""},
    ""spatial_support_resolution"": {""status"": ""PASS"", ""reason"": ""target resolution is larger than original, no new information created""},
    ""units_quantity"": {""status"": ""NOT_APPLICABLE"", ""reason"": ""no units or quantities required for this workflow""},
    ""crs_geometry_area"": {""status"": ""NOT_APPLICABLE"", ""reason"": ""no specific CRS or geometry requirements for this workflow""},
    ""spectral_semantics"": {""status"": ""NOT_APPLICABLE"", ""reason"": ""no spectral operations involved""},
    ""processing_quality"": {""status"": ""NOT_APPLICABLE"", ""reason"": ""no specific processing quality requirements for this workflow""},
    ""vertical_semantics"": {""status"": ""NOT_APPLICABLE"", ""reason"": ""no vertical operations involved""},
    ""temporal_causality"": {""status"": ""NOT_APPLICABLE"", ""reason"": ""no temporal operations involved""},
    ""evaluation_independence"": {""status"": ""NOT_APPLICABLE"", ""reason"": ""no evaluation split involved""},
    ""nodata_physical_domain"": {""status"": ""NOT_APPLICABLE"", ""reason"": ""no nodata or physical domain requirements for this workflow""},
    ""uncertainty_fitness"": {""status"": ""NOT_APPLICABLE"", ""reason"": ""no uncertainty requirements for this workflow""}
  },
  ""summary"": ""Resampling method is appropriate for categorical data, but no other proof obligations are relevant or applicable."",
  ""confidence"": 5
}"
SGX3_DEVELOPMENT_unsupported_resolution_gain_004,strong_A,Qwen/Qwen2.5-7B-Instruct,PROVEN,1.0,5,"{""provenance"": {""status"": ""PASS"", ""reason"": ""authoritative source is supplied""}, ""categorical_semantics"": {""status"": ""NOT_APPLICABLE"", ""reason"": ""not required""}, ""spatial_support_resolution"": {""status"": ""PASS"", ""reason"": ""target resolution matches existing resolution""}, ""units_quantity"": {""status"": ""NOT_APPLICABLE"", ""reason"": ""not required""}, ""crs_geometry_area"": {""status"": ""NOT_APPLICABLE"", ""reason"": ""not required""}, ""spectral_semantics"": {""status"": ""NOT_APPLICABLE"", ""reason"": ""not required""}, ""processing_quality"": {""status"": ""NOT_APPLICABLE"", ""reason"": ""not required""}, ""vertical_semantics"": {""status"": ""NOT_APPLICABLE"", ""reason"": ""not required""}, ""temporal_causality"": {""status"": ""NOT_APPLICABLE"", ""reason"": ""not required""}, ""evaluation_independence"": {""status"": ""NOT_APPLICABLE"", ""reason"": ""not required""}, ""nodata_physical_domain"": {""status"": ""NOT_APPLICABLE"", ""reason"": ""not required""}, ""uncertainty_fitness"": {""status"": ""NOT_APPLICABLE"", ""reason"": ""not required""}}","Workflow resamples raster without changing its resolution, thus no new information is gained.","{
  ""obligations"": {
    ""provenance"": {""status"": ""PASS"", ""reason"": ""authoritative source is supplied""},
    ""categorical_semantics"": {""status"": ""NOT_APPLICABLE"", ""reason"": ""not required""},
    ""spatial_support_resolution"": {""status"": ""PASS"", ""reason"": ""target resolution matches existing resolution""},
    ""units_quantity"": {""status"": ""NOT_APPLICABLE"", ""reason"": ""not required""},
    ""crs_geometry_area"": {""status"": ""NOT_APPLICABLE"", ""reason"": ""not required""},
    ""spectral_semantics"": {""status"": ""NOT_APPLICABLE"", ""reason"": ""not required""},
    ""processing_quality"": {""status"": ""NOT_APPLICABLE"", ""reason"": ""not required""},
    ""vertical_semantics"": {""status"": ""NOT_APPLICABLE"", ""reason"": ""not required""},
    ""temporal_causality"": {""status"": ""NOT_APPLICABLE"", ""reason"": ""not required""},
    ""evaluation_independence"": {""status"": ""NOT_APPLICABLE"", ""reason"": ""not required""},
    ""nodata_physical_domain"": {""status"": ""NOT_APPLICABLE"", ""reason"": ""not required""},
    ""uncertainty_fitness"": {""status"": ""NOT_APPLICABLE"", ""reason"": ""not required""}
  },
  ""summary"": ""Workflow resamples raster without changing its resolution, thus no new information is gained."",
  ""confidence"": 5
}"
SGX3_HELDOUT-FAMILY_physical_range_violation_007,strong_A,Qwen/Qwen2.5-7B-Instruct,PROVEN,1.0,5,"{""provenance"": {""status"": ""PASS"", ""reason"": ""authoritative source is supplied""}, ""categorical_semantics"": {""status"": ""NOT_APPLICABLE"", ""reason"": ""not required""}, ""spatial_support_resolution"": {""status"": ""PASS"", ""reason"": ""resolution is within acceptable range""}, ""units_quantity"": {""status"": ""PASS"", ""reason"": ""unit is dimensionless and within valid range""}, ""crs_geometry_area"": {""status"": ""PASS"", ""reason"": ""coordinate reference system is specified""}, ""spectral_semantics"": {""status"": ""NOT_APPLICABLE"", ""reason"": ""not required""}, ""processing_quality"": {""status"": ""NOT_APPLICABLE"", ""reason"": ""not required""}, ""vertical_semantics"": {""status"": ""NOT_APPLICABLE"", ""reason"": ""not required""}, ""temporal_causality"": {""status"": ""NOT_APPLICABLE"", ""reason"": ""not required""}, ""evaluation_independence"": {""status"": ""NOT_APPLICABLE"", ""reason"": ""not required""}, ""nodata_physical_domain"": {""status"": ""NOT_APPLICABLE"", ""reason"": ""not required""}, ""uncertainty_fitness"": {""status"": ""NOT_APPLICABLE"", ""reason"": ""not required""}}",Value range assertion is within observed range but exceeds required range.,"{
  ""obligations"": {
    ""provenance"": {""status"": ""PASS"", ""reason"": ""authoritative source is supplied""},
    ""categorical_semantics"": {""status"": ""NOT_APPLICABLE"", ""reason"": ""not required""},
    ""spatial_support_resolution"": {""status"": ""PASS"", ""reason"": ""resolution is within acceptable range""},
    ""units_quantity"": {""status"": ""PASS"", ""reason"": ""unit is dimensionless and within valid range""},
    ""crs_geometry_area"": {""status"": ""PASS"", ""reason"": ""coordinate reference system is specified""},
    ""spectral_semantics"": {""status"": ""NOT_APPLICABLE"", ""reason"": ""not required""},
    ""processing_quality"": {""status"": ""NOT_APPLICABLE"", ""reason"": ""not required""},
    ""vertical_semantics"": {""status"": ""NOT_APPLICABLE"", ""reason"": ""not required""},
    ""temporal_causality"": {""status"": ""NOT_APPLICABLE"", ""reason"": ""not required""},
    ""evaluation_independence"": {""status"": ""NOT_APPLICABLE"", ""reason"": ""not required""},
    ""nodata_physical_domain"": {""status"": ""NOT_APPLICABLE"", ""reason"": ""not required""},
    ""uncertainty_fitness"": {""status"": ""NOT_APPLICABLE"", ""reason"": ""not required""}
  },
  ""summary"": ""Value range assertion is within observed range but exceeds required range."",
  ""confidence"": 5
}"
SGX3_HELDOUT-FAMILY_scene_overlap_leakage_012,strong_A,Qwen/Qwen2.5-7B-Instruct,PROVEN,1.0,5,"{""provenance"": {""status"": ""PASS"", ""reason"": ""authoritative source is supplied""}, ""categorical_semantics"": {""status"": ""NOT_APPLICABLE"", ""reason"": ""not required""}, ""spatial_support_resolution"": {""status"": ""PASS"", ""reason"": ""resolution is consistent""}, ""units_quantity"": {""status"": ""NOT_APPLICABLE"", ""reason"": ""not required""}, ""crs_geometry_area"": {""status"": ""PASS"", ""reason"": ""consistent CRS""}, ""spectral_semantics"": {""status"": ""NOT_APPLICABLE"", ""reason"": ""not required""}, ""processing_quality"": {""status"": ""NOT_APPLICABLE"", ""reason"": ""not required""}, ""vertical_semantics"": {""status"": ""NOT_APPLICABLE"", ""reason"": ""not required""}, ""temporal_causality"": {""status"": ""NOT_APPLICABLE"", ""reason"": ""not required""}, ""evaluation_independence"": {""status"": ""PASS"", ""reason"": ""scene overlap fraction is within bounds""}, ""nodata_physical_domain"": {""status"": ""NOT_APPLICABLE"", ""reason"": ""not required""}, ""uncertainty_fitness"": {""status"": ""NOT_APPLICABLE"", ""reason"": ""not required""}}","Scene overlap fraction is within specified limit, no other constraints are applicable or violated.","{
  ""obligations"": {
    ""provenance"": {""status"": ""PASS"", ""reason"": ""authoritative source is supplied""},
    ""categorical_semantics"": {""status"": ""NOT_APPLICABLE"", ""reason"": ""not required""},
    ""spatial_support_resolution"": {""status"": ""PASS"", ""reason"": ""resolution is consistent""},
    ""units_quantity"": {""status"": ""NOT_APPLICABLE"", ""reason"": ""not required""},
    ""crs_geometry_area"": {""status"": ""PASS"", ""reason"": ""consistent CRS""},
    ""spectral_semantics"": {""status"": ""NOT_APPLICABLE"", ""reason"": ""not required""},
    ""processing_quality"": {""status"": ""NOT_APPLICABLE"", ""reason"": ""not required""},
    ""vertical_semantics"": {""status"": ""NOT_APPLICABLE"", ""reason"": ""not required""},
    ""temporal_causality"": {""status"": ""NOT_APPLICABLE"", ""reason"": ""not required""},
    ""evaluation_independence"": {""status"": ""PASS"", ""reason"": ""scene overlap fraction is within bounds""},
    ""nodata_physical_domain"": {""status"": ""NOT_APPLICABLE"", ""reason"": ""not required""},
    ""uncertainty_fitness"": {""status"": ""NOT_APPLICABLE"", ""reason"": ""not required""}
  },
  ""summary"": ""Scene overlap fraction is within specified limit, no other constraints are applicable or violated."",
  ""confidence"": 5
}"
SGX3_BLIND_eo_ml_validation_032,strong_A,Qwen/Qwen2.5-7B-Instruct,PROVEN,1.0,5,"{""provenance"": {""status"": ""PASS"", ""reason"": ""authoritative source is supplied""}, ""categorical_semantics"": {""status"": ""NOT_APPLICABLE"", ""reason"": ""not required""}, ""spatial_support_resolution"": {""status"": ""PASS"", ""reason"": ""resolution is within the required range (if specified)""}, ""units_quantity"": {""status"": ""NOT_APPLICABLE"", ""reason"": ""not required""}, ""crs_geometry_area"": {""status"": ""PASS"", ""reason"": ""coordinate reference system is specified""}, ""spectral_semantics"": {""status"": ""NOT_APPLICABLE"", ""reason"": ""not required""}, ""processing_quality"": {""status"": ""NOT_APPLICABLE"", ""reason"": ""not required""}, ""vertical_semantics"": {""status"": ""NOT_APPLICABLE"", ""reason"": ""not required""}, ""temporal_causality"": {""status"": ""NOT_APPLICABLE"", ""reason"": ""not required""}, ""evaluation_independence"": {""status"": ""PASS"", ""reason"": ""split mode is 'scene' and no temporal overlap is specified""}, ""nodata_physical_domain"": {""status"": ""NOT_APPLICABLE"", ""reason"": ""not required""}, ""uncertainty_fitness"": {""status"": ""NOT_APPLICABLE"", ""reason"": ""not required""}}","Workflow passes all obligations without requiring specific constraints on units, quantities, or uncertainties.","{
  ""obligations"": {
    ""provenance"": {""status"": ""PASS"", ""reason"": ""authoritative source is supplied""},
    ""categorical_semantics"": {""status"": ""NOT_APPLICABLE"", ""reason"": ""not required""},
    ""spatial_support_resolution"": {""status"": ""PASS"", ""reason"": ""resolution is within the required range (if specified)""},
    ""units_quantity"": {""status"": ""NOT_APPLICABLE"", ""reason"": ""not required""},
    ""crs_geometry_area"": {""status"": ""PASS"", ""reason"": ""coordinate reference system is specified""},
    ""spectral_semantics"": {""status"": ""NOT_APPLICABLE"", ""reason"": ""not required""},
    ""processing_quality"": {""status"": ""NOT_APPLICABLE"", ""reason"": ""not required""},
    ""vertical_semantics"": {""status"": ""NOT_APPLICABLE"", ""reason"": ""not required""},
    ""temporal_causality"": {""status"": ""NOT_APPLICABLE"", ""reason"": ""not required""},
    ""evaluation_independence"": {""status"": ""PASS"", ""reason"": ""split mode is 'scene' and no temporal overlap is specified""},
    ""nodata_physical_domain"": {""status"": ""NOT_APPLICABLE"", ""reason"": ""not required""},
    ""uncertainty_fitness"": {""status"": ""NOT_APPLICABLE"", ""reason"": ""not required""}
  },
  ""summary"": ""Workflow passes all obligations without requiring specific constraints on units, quantities, or uncertainties."",
  ""confidence"": 5
}"
SGX3_HELDOUT-FAMILY_uncertainty_missing_011,strong_A,Qwen/Qwen2.5-7B-Instruct,PROVEN,1.0,5,"{""provenance"": {""status"": ""PASS"", ""reason"": ""authoritative source is supplied""}, ""categorical_semantics"": {""status"": ""NOT_APPLICABLE"", ""reason"": ""not required""}, ""spatial_support_resolution"": {""status"": ""PASS"", ""reason"": ""resolution meets max_resolution_m requirement""}, ""units_quantity"": {""status"": ""PASS"", ""reason"": ""unit is dimensionless and required_unit is null""}, ""crs_geometry_area"": {""status"": ""PASS"", ""reason"": ""coordinate reference system is specified""}, ""spectral_semantics"": {""status"": ""NOT_APPLICABLE"", ""reason"": ""not required""}, ""processing_quality"": {""status"": ""NOT_APPLICABLE"", ""reason"": ""not required""}, ""vertical_semantics"": {""status"": ""NOT_APPLICABLE"", ""reason"": ""not required""}, ""temporal_causality"": {""status"": ""NOT_APPLICABLE"", ""reason"": ""no temporal operations are performed""}, ""evaluation_independence"": {""status"": ""NOT_APPLICABLE"", ""reason"": ""no evaluation split is present""}, ""nodata_physical_domain"": {""status"": ""PASS"", ""reason"": ""nodata semantics are not required""}, ""uncertainty_fitness"": {""status"": ""PASS"", ""reason"": ""uncertainty within max_uncertainty requirement""}}",Workflow meets all applicable proof obligations within specified constraints.,"{
  ""obligations"": {
    ""provenance"": {""status"": ""PASS"", ""reason"": ""authoritative source is supplied""},
    ""categorical_semantics"": {""status"": ""NOT_APPLICABLE"", ""reason"": ""not required""},
    ""spatial_support_resolution"": {""status"": ""PASS"", ""reason"": ""resolution meets max_resolution_m requirement""},
    ""units_quantity"": {""status"": ""PASS"", ""reason"": ""unit is dimensionless and required_unit is null""},
    ""crs_geometry_area"": {""status"": ""PASS"", ""reason"": ""coordinate reference system is specified""},
    ""spectral_semantics"": {""status"": ""NOT_APPLICABLE"", ""reason"": ""not required""},
    ""processing_quality"": {""status"": ""NOT_APPLICABLE"", ""reason"": ""not required""},
    ""vertical_semantics"": {""status"": ""NOT_APPLICABLE"", ""reason"": ""not required""},
    ""temporal_causality"": {""status"": ""NOT_APPLICABLE"", ""reason"": ""no temporal operations are performed""},
    ""evaluation_independence"": {""status"": ""NOT_APPLICABLE"", ""reason"": ""no evaluation split is present""},
    ""nodata_physical_domain"": {""status"": ""PASS"", ""reason"": ""nodata semantics are not required""},
    ""uncertainty_fitness"": {""status"": ""PASS"", ""reason"": ""uncertainty within max_uncertainty requirement""}
  },
  ""summary"": ""Workflow meets all applicable proof obligations within specified constraints."",
  ""confidence"": 5
}"
SGX3_HELDOUT-FAMILY_uncertainty_missing_003,strong_A,Qwen/Qwen2.5-7B-Instruct,PROVEN,1.0,5,"{""provenance"": {""status"": ""PASS"", ""reason"": ""authoritative source is supplied""}, ""categorical_semantics"": {""status"": ""NOT_APPLICABLE"", ""reason"": ""not required""}, ""spatial_support_resolution"": {""status"": ""PASS"", ""reason"": ""resolution meets max_resolution_m requirement""}, ""units_quantity"": {""status"": ""PASS"", ""reason"": ""unit is dimensionless and required_unit is null""}, ""crs_geometry_area"": {""status"": ""PASS"", ""reason"": ""coordinate reference system is specified""}, ""spectral_semantics"": {""status"": ""NOT_APPLICABLE"", ""reason"": ""not required""}, ""processing_quality"": {""status"": ""NOT_APPLICABLE"", ""reason"": ""not required""}, ""vertical_semantics"": {""status"": ""NOT_APPLICABLE"", ""reason"": ""not required""}, ""temporal_causality"": {""status"": ""NOT_APPLICABLE"", ""reason"": ""no temporal operations are performed""}, ""evaluation_independence"": {""status"": ""NOT_APPLICABLE"", ""reason"": ""no evaluation split is present""}, ""nodata_physical_domain"": {""status"": ""PASS"", ""reason"": ""nodata semantics are not required""}, ""uncertainty_fitness"": {""status"": ""PASS"", ""reason"": ""uncertainty within max_uncertainty requirement""}}",Workflow meets all applicable proof obligations within specified constraints.,"{
  ""obligations"": {
    ""provenance"": {""status"": ""PASS"", ""reason"": ""authoritative source is supplied""},
    ""categorical_semantics"": {""status"": ""NOT_APPLICABLE"", ""reason"": ""not required""},
    ""spatial_support_resolution"": {""status"": ""PASS"", ""reason"": ""resolution meets max_resolution_m requirement""},
    ""units_quantity"": {""status"": ""PASS"", ""reason"": ""unit is dimensionless and required_unit is null""},
    ""crs_geometry_area"": {""status"": ""PASS"", ""reason"": ""coordinate reference system is specified""},
    ""spectral_semantics"": {""status"": ""NOT_APPLICABLE"", ""reason"": ""not required""},
    ""processing_quality"": {""status"": ""NOT_APPLICABLE"", ""reason"": ""not required""},
    ""vertical_semantics"": {""status"": ""NOT_APPLICABLE"", ""reason"": ""not required""},
    ""temporal_causality"": {""status"": ""NOT_APPLICABLE"", ""reason"": ""no temporal operations are performed""},
    ""evaluation_independence"": {""status"": ""NOT_APPLICABLE"", ""reason"": ""no evaluation split is present""},
    ""nodata_physical_domain"": {""status"": ""PASS"", ""reason"": ""nodata semantics are not required""},
    ""uncertainty_fitness"": {""status"": ""PASS"", ""reason"": ""uncertainty within max_uncertainty requirement""}
  },
  ""summary"": ""Workflow meets all applicable proof obligations within specified constraints."",
  ""confidence"": 5
}"
SGX3_DEVELOPMENT_spatial_split_leakage_009,strong_A,Qwen/Qwen2.5-7B-Instruct,PROVEN,1.0,5,"{""provenance"": {""status"": ""PASS"", ""reason"": ""authoritative source is supplied""}, ""categorical_semantics"": {""status"": ""NOT_APPLICABLE"", ""reason"": ""not required""}, ""spatial_support_resolution"": {""status"": ""PASS"", ""reason"": ""resolution is consistent with separation distance""}, ""units_quantity"": {""status"": ""NOT_APPLICABLE"", ""reason"": ""not required""}, ""crs_geometry_area"": {""status"": ""PASS"", ""reason"": ""consistent CRS and spatial support""}, ""spectral_semantics"": {""status"": ""NOT_APPLICABLE"", ""reason"": ""not required""}, ""processing_quality"": {""status"": ""NOT_APPLICABLE"", ""reason"": ""not required""}, ""vertical_semantics"": {""status"": ""NOT_APPLICABLE"", ""reason"": ""not required""}, ""temporal_causality"": {""status"": ""NOT_APPLICABLE"", ""reason"": ""not required""}, ""evaluation_independence"": {""status"": ""PASS"", ""reason"": ""no spatial dependence specified""}, ""nodata_physical_domain"": {""status"": ""NOT_APPLICABLE"", ""reason"": ""not required""}, ""uncertainty_fitness"": {""status"": ""NOT_APPLICABLE"", ""reason"": ""not required""}}",Spatial split operation is valid given the provided parameters and no additional constraints were declared.,"{
  ""obligations"": {
    ""provenance"": {""status"": ""PASS"", ""reason"": ""authoritative source is supplied""},
    ""categorical_semantics"": {""status"": ""NOT_APPLICABLE"", ""reason"": ""not required""},
    ""spatial_support_resolution"": {""status"": ""PASS"", ""reason"": ""resolution is consistent with separation distance""},
    ""units_quantity"": {""status"": ""NOT_APPLICABLE"", ""reason"": ""not required""},
    ""crs_geometry_area"": {""status"": ""PASS"", ""reason"": ""consistent CRS and spatial support""},
    ""spectral_semantics"": {""status"": ""NOT_APPLICABLE"", ""reason"": ""not required""},
    ""processing_quality"": {""status"": ""NOT_APPLICABLE"", ""reason"": ""not required""},
    ""vertical_semantics"": {""status"": ""NOT_APPLICABLE"", ""reason"": ""not required""},
    ""temporal_causality"": {""status"": ""NOT_APPLICABLE"", ""reason"": ""not required""},
    ""evaluation_independence"": {""status"": ""PASS"", ""reason"": ""no spatial dependence specified""},
    ""nodata_physical_domain"": {""status"": ""NOT_APPLICABLE"", ""reason"": ""not required""},
    ""uncertainty_fitness"": {""status"": ""NOT_APPLICABLE"", ""reason"": ""not required""}
  },
  ""summary"": ""Spatial split operation is valid given the provided parameters and no additional constraints were declared."",
  ""confidence"": 5
}"
SGX3_BLIND_landslide_forecast_025,strong_A,Qwen/Qwen2.5-7B-Instruct,PROVEN,1.0,5,"{""provenance"": {""status"": ""NOT_APPLICABLE"", ""reason"": ""not required""}, ""categorical_semantics"": {""status"": ""NOT_APPLICABLE"", ""reason"": ""not required""}, ""spatial_support_resolution"": {""status"": ""PASS"", ""reason"": ""resolution is within the workflow's max_resolution_m (unspecified)""}, ""units_quantity"": {""status"": ""NOT_APPLICABLE"", ""reason"": ""not required""}, ""crs_geometry_area"": {""status"": ""PASS"", ""reason"": ""same CRS for both artifacts""}, ""spectral_semantics"": {""status"": ""NOT_APPLICABLE"", ""reason"": ""not required""}, ""processing_quality"": {""status"": ""NOT_APPLICABLE"", ""reason"": ""not required""}, ""vertical_semantics"": {""status"": ""PASS"", ""reason"": ""both artifacts have the same vertical datum (EGM2008)""}, ""temporal_causality"": {""status"": ""PASS"", ""reason"": ""IMERG-feature available before decision time""}, ""evaluation_independence"": {""status"": ""NOT_APPLICABLE"", ""reason"": ""not required""}, ""nodata_physical_domain"": {""status"": ""NOT_APPLICABLE"", ""reason"": ""not required""}, ""uncertainty_fitness"": {""status"": ""NOT_APPLICABLE"", ""reason"": ""not required""}}",Workflow meets all applicable obligations without requiring specific evidence for non-applicable ones.,"{
  ""obligations"": {
    ""provenance"": {""status"": ""NOT_APPLICABLE"", ""reason"": ""not required""},
    ""categorical_semantics"": {""status"": ""NOT_APPLICABLE"", ""reason"": ""not required""},
    ""spatial_support_resolution"": {""status"": ""PASS"", ""reason"": ""resolution is within the workflow's max_resolution_m (unspecified)""},
    ""units_quantity"": {""status"": ""NOT_APPLICABLE"", ""reason"": ""not required""},
    ""crs_geometry_area"": {""status"": ""PASS"", ""reason"": ""same CRS for both artifacts""},
    ""spectral_semantics"": {""status"": ""NOT_APPLICABLE"", ""reason"": ""not required""},
    ""processing_quality"": {""status"": ""NOT_APPLICABLE"", ""reason"": ""not required""},
    ""vertical_semantics"": {""status"": ""PASS"", ""reason"": ""both artifacts have the same vertical datum (EGM2008)""},
    ""temporal_causality"": {""status"": ""PASS"", ""reason"": ""IMERG-feature available before decision time""},
    ""evaluation_independence"": {""status"": ""NOT_APPLICABLE"", ""reason"": ""not required""},
    ""nodata_physical_domain"": {""status"": ""NOT_APPLICABLE"", ""reason"": ""not required""},
    ""uncertainty_fitness"": {""status"": ""NOT_APPLICABLE"", ""reason"": ""not required""}
  },
  ""summary"": ""Workflow meets all applicable obligations without requiring specific evidence for non-applicable ones."",
  ""confidence"": 5
}"
SGX3_BLIND_flood_remote_sensing_018,strong_A,Qwen/Qwen2.5-7B-Instruct,PROVEN,1.0,5,"{""provenance"": {""status"": ""PASS"", ""reason"": ""all sources are authoritative products""}, ""categorical_semantics"": {""status"": ""NOT_APPLICABLE"", ""reason"": ""no categorical operations involved""}, ""spatial_support_resolution"": {""status"": ""PASS"", ""reason"": ""all artifacts have the same spatial support (EPSG:32643)""}, ""units_quantity"": {""status"": ""NOT_APPLICABLE"", ""reason"": ""units are not required for binary flood mask""}, ""crs_geometry_area"": {""status"": ""PASS"", ""reason"": ""all artifacts use EPSG:32643""}, ""spectral_semantics"": {""status"": ""NOT_APPLICABLE"", ""reason"": ""no spectral operations involved""}, ""processing_quality"": {""status"": ""NOT_APPLICABLE"", ""reason"": ""no processing quality checks required""}, ""vertical_semantics"": {""status"": ""NOT_APPLICABLE"", ""reason"": ""no vertical quantities involved""}, ""temporal_causality"": {""status"": ""PASS"", ""reason"": ""acquisition times are before the available time""}, ""evaluation_independence"": {""status"": ""NOT_APPLICABLE"", ""reason"": ""no evaluation split involved""}, ""nodata_physical_domain"": {""status"": ""NOT_APPLICABLE"", ""reason"": ""no nodata semantics required for binary flood mask""}, ""uncertainty_fitness"": {""status"": ""NOT_APPLICABLE"", ""reason"": ""no uncertainty requirement""}}",Workflow operations are consistent with the provided artifacts and scientific intent.,"{
  ""obligations"": {
    ""provenance"": {""status"": ""PASS"", ""reason"": ""all sources are authoritative products""},
    ""categorical_semantics"": {""status"": ""NOT_APPLICABLE"", ""reason"": ""no categorical operations involved""},
    ""spatial_support_resolution"": {""status"": ""PASS"", ""reason"": ""all artifacts have the same spatial support (EPSG:32643)""},
    ""units_quantity"": {""status"": ""NOT_APPLICABLE"", ""reason"": ""units are not required for binary flood mask""},
    ""crs_geometry_area"": {""status"": ""PASS"", ""reason"": ""all artifacts use EPSG:32643""},
    ""spectral_semantics"": {""status"": ""NOT_APPLICABLE"", ""reason"": ""no spectral operations involved""},
    ""processing_quality"": {""status"": ""NOT_APPLICABLE"", ""reason"": ""no processing quality checks required""},
    ""vertical_semantics"": {""status"": ""NOT_APPLICABLE"", ""reason"": ""no vertical quantities involved""},
    ""temporal_causality"": {""status"": ""PASS"", ""reason"": ""acquisition times are before the available time""},
    ""evaluation_independence"": {""status"": ""NOT_APPLICABLE"", ""reason"": ""no evaluation split involved""},
    ""nodata_physical_domain"": {""status"": ""NOT_APPLICABLE"", ""reason"": ""no nodata semantics required for binary flood mask""},
    ""uncertainty_fitness"": {""status"": ""NOT_APPLICABLE"", ""reason"": ""no uncertainty requirement""}
  },
  ""summary"": ""Workflow operations are consistent with the provided artifacts and scientific intent."",
  ""confidence"": 5
}"
SGX3_DEVELOPMENT_angular_area_005,strong_A,Qwen/Qwen2.5-7B-Instruct,REFUTED,1.0,5,"{""provenance"": {""status"": ""PASS"", ""reason"": ""authoritative source is supplied""}, ""categorical_semantics"": {""status"": ""NOT_APPLICABLE"", ""reason"": ""not required""}, ""spatial_support_resolution"": {""status"": ""PASS"", ""reason"": ""resolution is specified and consistent with method""}, ""units_quantity"": {""status"": ""PASS"", ""reason"": ""output unit is valid and specified""}, ""crs_geometry_area"": {""status"": ""FAIL"", ""reason"": ""planar area calculation on angular coordinates""}, ""spectral_semantics"": {""status"": ""NOT_APPLICABLE"", ""reason"": ""not required""}, ""processing_quality"": {""status"": ""NOT_APPLICABLE"", ""reason"": ""not required""}, ""vertical_semantics"": {""status"": ""NOT_APPLICABLE"", ""reason"": ""not required""}, ""temporal_causality"": {""status"": ""NOT_APPLICABLE"", ""reason"": ""not required""}, ""evaluation_independence"": {""status"": ""NOT_APPLICABLE"", ""reason"": ""not required""}, ""nodata_physical_domain"": {""status"": ""NOT_APPLICABLE"", ""reason"": ""not required""}, ""uncertainty_fitness"": {""status"": ""NOT_APPLICABLE"", ""reason"": ""not required""}}",Planar area calculation on angular coordinates is scientifically incorrect.,"{
  ""obligations"": {
    ""provenance"": {""status"": ""PASS"", ""reason"": ""authoritative source is supplied""},
    ""categorical_semantics"": {""status"": ""NOT_APPLICABLE"", ""reason"": ""not required""},
    ""spatial_support_resolution"": {""status"": ""PASS"", ""reason"": ""resolution is specified and consistent with method""},
    ""units_quantity"": {""status"": ""PASS"", ""reason"": ""output unit is valid and specified""},
    ""crs_geometry_area"": {""status"": ""FAIL"", ""reason"": ""planar area calculation on angular coordinates""},
    ""spectral_semantics"": {""status"": ""NOT_APPLICABLE"", ""reason"": ""not required""},
    ""processing_quality"": {""status"": ""NOT_APPLICABLE"", ""reason"": ""not required""},
    ""vertical_semantics"": {""status"": ""NOT_APPLICABLE"", ""reason"": ""not required""},
    ""temporal_causality"": {""status"": ""NOT_APPLICABLE"", ""reason"": ""not required""},
    ""evaluation_independence"": {""status"": ""NOT_APPLICABLE"", ""reason"": ""not required""},
    ""nodata_physical_domain"": {""status"": ""NOT_APPLICABLE"", ""reason"": ""not required""},
    ""uncertainty_fitness"": {""status"": ""NOT_APPLICABLE"", ""reason"": ""not required""}
  },
  ""summary"": ""Planar area calculation on angular coordinates is scientifically incorrect."",
  ""confidence"": 5
}"
SGX3_HELDOUT-FAMILY_uncertainty_missing_012,strong_A,Qwen/Qwen2.5-7B-Instruct,PROVEN,1.0,5,"{""provenance"": {""status"": ""PASS"", ""reason"": ""authoritative source is supplied""}, ""categorical_semantics"": {""status"": ""NOT_APPLICABLE"", ""reason"": ""not required""}, ""spatial_support_resolution"": {""status"": ""PASS"", ""reason"": ""resolution meets max_resolution_m requirement""}, ""units_quantity"": {""status"": ""PASS"", ""reason"": ""unit is dimensionless and required_unit is null""}, ""crs_geometry_area"": {""status"": ""PASS"", ""reason"": ""coordinate reference system is specified""}, ""spectral_semantics"": {""status"": ""NOT_APPLICABLE"", ""reason"": ""not required""}, ""processing_quality"": {""status"": ""NOT_APPLICABLE"", ""reason"": ""not required""}, ""vertical_semantics"": {""status"": ""NOT_APPLICABLE"", ""reason"": ""not required""}, ""temporal_causality"": {""status"": ""NOT_APPLICABLE"", ""reason"": ""no temporal operations are performed""}, ""evaluation_independence"": {""status"": ""NOT_APPLICABLE"", ""reason"": ""no evaluation split is present""}, ""nodata_physical_domain"": {""status"": ""PASS"", ""reason"": ""nodata semantics are not required""}, ""uncertainty_fitness"": {""status"": ""PASS"", ""reason"": ""uncertainty within max_uncertainty requirement""}}",Workflow meets all applicable proof obligations within specified constraints.,"{
  ""obligations"": {
    ""provenance"": {""status"": ""PASS"", ""reason"": ""authoritative source is supplied""},
    ""categorical_semantics"": {""status"": ""NOT_APPLICABLE"", ""reason"": ""not required""},
    ""spatial_support_resolution"": {""status"": ""PASS"", ""reason"": ""resolution meets max_resolution_m requirement""},
    ""units_quantity"": {""status"": ""PASS"", ""reason"": ""unit is dimensionless and required_unit is null""},
    ""crs_geometry_area"": {""status"": ""PASS"", ""reason"": ""coordinate reference system is specified""},
    ""spectral_semantics"": {""status"": ""NOT_APPLICABLE"", ""reason"": ""not required""},
    ""processing_quality"": {""status"": ""NOT_APPLICABLE"", ""reason"": ""not required""},
    ""vertical_semantics"": {""status"": ""NOT_APPLICABLE"", ""reason"": ""not required""},
    ""temporal_causality"": {""status"": ""NOT_APPLICABLE"", ""reason"": ""no temporal operations are performed""},
    ""evaluation_independence"": {""status"": ""NOT_APPLICABLE"", ""reason"": ""no evaluation split is present""},
    ""nodata_physical_domain"": {""status"": ""PASS"", ""reason"": ""nodata semantics are not required""},
    ""uncertainty_fitness"": {""status"": ""PASS"", ""reason"": ""uncertainty within max_uncertainty requirement""}
  },
  ""summary"": ""Workflow meets all applicable proof obligations within specified constraints."",
  ""confidence"": 5
}"
SGX3_HELDOUT-FAMILY_physical_range_violation_000,strong_A,Qwen/Qwen2.5-7B-Instruct,PROVEN,1.0,5,"{""provenance"": {""status"": ""PASS"", ""reason"": ""authoritative source is supplied""}, ""categorical_semantics"": {""status"": ""NOT_APPLICABLE"", ""reason"": ""not required""}, ""spatial_support_resolution"": {""status"": ""NOT_APPLICABLE"", ""reason"": ""not required""}, ""units_quantity"": {""status"": ""PASS"", ""reason"": ""unit is dimensionless and within expected range""}, ""crs_geometry_area"": {""status"": ""NOT_APPLICABLE"", ""reason"": ""not required""}, ""spectral_semantics"": {""status"": ""NOT_APPLICABLE"", ""reason"": ""not required""}, ""processing_quality"": {""status"": ""NOT_APPLICABLE"", ""reason"": ""not required""}, ""vertical_semantics"": {""status"": ""NOT_APPLICABLE"", ""reason"": ""not required""}, ""temporal_causality"": {""status"": ""NOT_APPLICABLE"", ""reason"": ""not required""}, ""evaluation_independence"": {""status"": ""NOT_APPLICABLE"", ""reason"": ""not required""}, ""nodata_physical_domain"": {""status"": ""NOT_APPLICABLE"", ""reason"": ""not required""}, ""uncertainty_fitness"": {""status"": ""NOT_APPLICABLE"", ""reason"": ""not required""}}","The NDVI values are within the expected range, and the workflow operation asserts a valid value range.","{
  ""obligations"": {
    ""provenance"": {""status"": ""PASS"", ""reason"": ""authoritative source is supplied""},
    ""categorical_semantics"": {""status"": ""NOT_APPLICABLE"", ""reason"": ""not required""},
    ""spatial_support_resolution"": {""status"": ""NOT_APPLICABLE"", ""reason"": ""not required""},
    ""units_quantity"": {""status"": ""PASS"", ""reason"": ""unit is dimensionless and within expected range""},
    ""crs_geometry_area"": {""status"": ""NOT_APPLICABLE"", ""reason"": ""not required""},
    ""spectral_semantics"": {""status"": ""NOT_APPLICABLE"", ""reason"": ""not required""},
    ""processing_quality"": {""status"": ""NOT_APPLICABLE"", ""reason"": ""not required""},
    ""vertical_semantics"": {""status"": ""NOT_APPLICABLE"", ""reason"": ""not required""},
    ""temporal_causality"": {""status"": ""NOT_APPLICABLE"", ""reason"": ""not required""},
    ""evaluation_independence"": {""status"": ""NOT_APPLICABLE"", ""reason"": ""not required""},
    ""nodata_physical_domain"": {""status"": ""NOT_APPLICABLE"", ""reason"": ""not required""},
    ""uncertainty_fitness"": {""status"": ""NOT_APPLICABLE"", ""reason"": ""not required""}
  },
  ""summary"": ""The NDVI values are within the expected range, and the workflow operation asserts a valid value range."",
  ""confidence"": 5
}"
SGX3_BLIND_landcover_change_013,strong_A,Qwen/Qwen2.5-7B-Instruct,PROVEN,1.0,5,"{""provenance"": {""status"": ""PASS"", ""reason"": ""source is supplied""}, ""categorical_semantics"": {""status"": ""PASS"", ""reason"": ""categorical resampling method (bilinear) preserves category identity""}, ""spatial_support_resolution"": {""status"": ""PASS"", ""reason"": ""target resolution is finer than original, no new information claim contradicted""}, ""units_quantity"": {""status"": ""PASS"", ""reason"": ""unit is not required and not specified""}, ""crs_geometry_area"": {""status"": ""PASS"", ""reason"": ""coordinate reference system is consistent""}, ""spectral_semantics"": {""status"": ""NOT_APPLICABLE"", ""reason"": ""not required""}, ""processing_quality"": {""status"": ""NOT_APPLICABLE"", ""reason"": ""not required""}, ""vertical_semantics"": {""status"": ""NOT_APPLICABLE"", ""reason"": ""not required""}, ""temporal_causality"": {""status"": ""NOT_APPLICABLE"", ""reason"": ""not required""}, ""evaluation_independence"": {""status"": ""NOT_APPLICABLE"", ""reason"": ""not required""}, ""nodata_physical_domain"": {""status"": ""NOT_APPLICABLE"", ""reason"": ""not required""}, ""uncertainty_fitness"": {""status"": ""NOT_APPLICABLE"", ""reason"": ""not required""}}",Resampling method preserves categorical semantics and target resolution is finer than original without claiming new information.,"{
  ""obligations"": {
    ""provenance"": {""status"": ""PASS"", ""reason"": ""source is supplied""},
    ""categorical_semantics"": {""status"": ""PASS"", ""reason"": ""categorical resampling method (bilinear) preserves category identity""},
    ""spatial_support_resolution"": {""status"": ""PASS"", ""reason"": ""target resolution is finer than original, no new information claim contradicted""},
    ""units_quantity"": {""status"": ""PASS"", ""reason"": ""unit is not required and not specified""},
    ""crs_geometry_area"": {""status"": ""PASS"", ""reason"": ""coordinate reference system is consistent""},
    ""spectral_semantics"": {""status"": ""NOT_APPLICABLE"", ""reason"": ""not required""},
    ""processing_quality"": {""status"": ""NOT_APPLICABLE"", ""reason"": ""not required""},
    ""vertical_semantics"": {""status"": ""NOT_APPLICABLE"", ""reason"": ""not required""},
    ""temporal_causality"": {""status"": ""NOT_APPLICABLE"", ""reason"": ""not required""},
    ""evaluation_independence"": {""status"": ""NOT_APPLICABLE"", ""reason"": ""not required""},
    ""nodata_physical_domain"": {""status"": ""NOT_APPLICABLE"", ""reason"": ""not required""},
    ""uncertainty_fitness"": {""status"": ""NOT_APPLICABLE"", ""reason"": ""not required""}
  },
  ""summary"": ""Resampling method preserves categorical semantics and target resolution is finer than original without claiming new information."",
  ""confidence"": 5
}"
SGX3_BLIND_flood_remote_sensing_012,strong_A,Qwen/Qwen2.5-7B-Instruct,PROVEN,1.0,5,"{""provenance"": {""status"": ""PASS"", ""reason"": ""all sources are authoritative products""}, ""categorical_semantics"": {""status"": ""NOT_APPLICABLE"", ""reason"": ""no categorical operations are involved""}, ""spatial_support_resolution"": {""status"": ""PASS"", ""reason"": ""all artifacts have the same resolution (10m)""}, ""units_quantity"": {""status"": ""NOT_APPLICABLE"", ""reason"": ""units are not required for binary data and backscatter/reflectance""}, ""crs_geometry_area"": {""status"": ""PASS"", ""reason"": ""all artifacts use EPSG:32643 and planar area calculation""}, ""spectral_semantics"": {""status"": ""NOT_APPLICABLE"", ""reason"": ""no spectral operations are involved""}, ""processing_quality"": {""status"": ""NOT_APPLICABLE"", ""reason"": ""no processing quality metadata is required for this workflow""}, ""vertical_semantics"": {""status"": ""NOT_APPLICABLE"", ""reason"": ""no vertical quantities are involved""}, ""temporal_causality"": {""status"": ""PASS"", ""reason"": ""acquisition times are within the temporal tolerance (6 hours)""}, ""evaluation_independence"": {""status"": ""NOT_APPLICABLE"", ""reason"": ""no evaluation split is present""}, ""nodata_physical_domain"": {""status"": ""NOT_APPLICABLE"", ""reason"": ""no nodata semantics are required for this workflow""}, ""uncertainty_fitness"": {""status"": ""NOT_APPLICABLE"", ""reason"": ""uncertainty is not required for this workflow""}}",Workflow meets all applicable proof obligations without requiring any additional constraints.,"{
  ""obligations"": {
    ""provenance"": {""status"": ""PASS"", ""reason"": ""all sources are authoritative products""},
    ""categorical_semantics"": {""status"": ""NOT_APPLICABLE"", ""reason"": ""no categorical operations are involved""},
    ""spatial_support_resolution"": {""status"": ""PASS"", ""reason"": ""all artifacts have the same resolution (10m)""},
    ""units_quantity"": {""status"": ""NOT_APPLICABLE"", ""reason"": ""units are not required for binary data and backscatter/reflectance""},
    ""crs_geometry_area"": {""status"": ""PASS"", ""reason"": ""all artifacts use EPSG:32643 and planar area calculation""},
    ""spectral_semantics"": {""status"": ""NOT_APPLICABLE"", ""reason"": ""no spectral operations are involved""},
    ""processing_quality"": {""status"": ""NOT_APPLICABLE"", ""reason"": ""no processing quality metadata is required for this workflow""},
    ""vertical_semantics"": {""status"": ""NOT_APPLICABLE"", ""reason"": ""no vertical quantities are involved""},
    ""temporal_causality"": {""status"": ""PASS"", ""reason"": ""acquisition times are within the temporal tolerance (6 hours)""},
    ""evaluation_independence"": {""status"": ""NOT_APPLICABLE"", ""reason"": ""no evaluation split is present""},
    ""nodata_physical_domain"": {""status"": ""NOT_APPLICABLE"", ""reason"": ""no nodata semantics are required for this workflow""},
    ""uncertainty_fitness"": {""status"": ""NOT_APPLICABLE"", ""reason"": ""uncertainty is not required for this workflow""}
  },
  ""summary"": ""Workflow meets all applicable proof obligations without requiring any additional constraints."",
  ""confidence"": 5
}"
SGX3_DEVELOPMENT_categorical_interpolation_010,strong_A,Qwen/Qwen2.5-7B-Instruct,PROVEN,1.0,5,"{""provenance"": {""status"": ""PASS"", ""reason"": ""authoritative source is supplied""}, ""categorical_semantics"": {""status"": ""PASS"", ""reason"": ""categorical interpolation method is used""}, ""spatial_support_resolution"": {""status"": ""PASS"", ""reason"": ""target resolution is coarser than original""}, ""units_quantity"": {""status"": ""NOT_APPLICABLE"", ""reason"": ""not required""}, ""crs_geometry_area"": {""status"": ""PASS"", ""reason"": ""coordinate system is EPSG:4326""}, ""spectral_semantics"": {""status"": ""NOT_APPLICABLE"", ""reason"": ""not required""}, ""processing_quality"": {""status"": ""NOT_APPLICABLE"", ""reason"": ""not required""}, ""vertical_semantics"": {""status"": ""NOT_APPLICABLE"", ""reason"": ""not required""}, ""temporal_causality"": {""status"": ""NOT_APPLICABLE"", ""reason"": ""not required""}, ""evaluation_independence"": {""status"": ""NOT_APPLICABLE"", ""reason"": ""not required""}, ""nodata_physical_domain"": {""status"": ""NOT_APPLICABLE"", ""reason"": ""not required""}, ""uncertainty_fitness"": {""status"": ""NOT_APPLICABLE"", ""reason"": ""not required""}}",Categorical interpolation with resampling to a coarser resolution is appropriate given the workflow operations and available data.,"{
  ""obligations"": {
    ""provenance"": {""status"": ""PASS"", ""reason"": ""authoritative source is supplied""},
    ""categorical_semantics"": {""status"": ""PASS"", ""reason"": ""categorical interpolation method is used""},
    ""spatial_support_resolution"": {""status"": ""PASS"", ""reason"": ""target resolution is coarser than original""},
    ""units_quantity"": {""status"": ""NOT_APPLICABLE"", ""reason"": ""not required""},
    ""crs_geometry_area"": {""status"": ""PASS"", ""reason"": ""coordinate system is EPSG:4326""},
    ""spectral_semantics"": {""status"": ""NOT_APPLICABLE"", ""reason"": ""not required""},
    ""processing_quality"": {""status"": ""NOT_APPLICABLE"", ""reason"": ""not required""},
    ""vertical_semantics"": {""status"": ""NOT_APPLICABLE"", ""reason"": ""not required""},
    ""temporal_causality"": {""status"": ""NOT_APPLICABLE"", ""reason"": ""not required""},
    ""evaluation_independence"": {""status"": ""NOT_APPLICABLE"", ""reason"": ""not required""},
    ""nodata_physical_domain"": {""status"": ""NOT_APPLICABLE"", ""reason"": ""not required""},
    ""uncertainty_fitness"": {""status"": ""NOT_APPLICABLE"", ""reason"": ""not required""}
  },
  ""summary"": ""Categorical interpolation with resampling to a coarser resolution is appropriate given the workflow operations and available data."",
  ""confidence"": 5
}"
SGX3_DEVELOPMENT_categorical_interpolation_006,strong_A,Qwen/Qwen2.5-7B-Instruct,PROVEN,1.0,5,"{""provenance"": {""status"": ""PASS"", ""reason"": ""authoritative source is supplied""}, ""categorical_semantics"": {""status"": ""PASS"", ""reason"": ""categorical interpolation method is used""}, ""spatial_support_resolution"": {""status"": ""PASS"", ""reason"": ""target resolution is finer than original""}, ""units_quantity"": {""status"": ""NOT_APPLICABLE"", ""reason"": ""not required""}, ""crs_geometry_area"": {""status"": ""PASS"", ""reason"": ""coordinate system is EPSG:4326""}, ""spectral_semantics"": {""status"": ""NOT_APPLICABLE"", ""reason"": ""not required""}, ""processing_quality"": {""status"": ""NOT_APPLICABLE"", ""reason"": ""not required""}, ""vertical_semantics"": {""status"": ""NOT_APPLICABLE"", ""reason"": ""not required""}, ""temporal_causality"": {""status"": ""NOT_APPLICABLE"", ""reason"": ""not required""}, ""evaluation_independence"": {""status"": ""NOT_APPLICABLE"", ""reason"": ""not required""}, ""nodata_physical_domain"": {""status"": ""NOT_APPLICABLE"", ""reason"": ""not required""}, ""uncertainty_fitness"": {""status"": ""NOT_APPLICABLE"", ""reason"": ""not required""}}",Categorical interpolation with resampling to a finer resolution is appropriate given the allowed values and method used.,"{
  ""obligations"": {
    ""provenance"": {""status"": ""PASS"", ""reason"": ""authoritative source is supplied""},
    ""categorical_semantics"": {""status"": ""PASS"", ""reason"": ""categorical interpolation method is used""},
    ""spatial_support_resolution"": {""status"": ""PASS"", ""reason"": ""target resolution is finer than original""},
    ""units_quantity"": {""status"": ""NOT_APPLICABLE"", ""reason"": ""not required""},
    ""crs_geometry_area"": {""status"": ""PASS"", ""reason"": ""coordinate system is EPSG:4326""},
    ""spectral_semantics"": {""status"": ""NOT_APPLICABLE"", ""reason"": ""not required""},
    ""processing_quality"": {""status"": ""NOT_APPLICABLE"", ""reason"": ""not required""},
    ""vertical_semantics"": {""status"": ""NOT_APPLICABLE"", ""reason"": ""not required""},
    ""temporal_causality"": {""status"": ""NOT_APPLICABLE"", ""reason"": ""not required""},
    ""evaluation_independence"": {""status"": ""NOT_APPLICABLE"", ""reason"": ""not required""},
    ""nodata_physical_domain"": {""status"": ""NOT_APPLICABLE"", ""reason"": ""not required""},
    ""uncertainty_fitness"": {""status"": ""NOT_APPLICABLE"", ""reason"": ""not required""}
  },
  ""summary"": ""Categorical interpolation with resampling to a finer resolution is appropriate given the allowed values and method used."",
  ""confidence"": 5
}"
SGX3_HELDOUT-FAMILY_unit_dimension_mismatch_002,strong_A,Qwen/Qwen2.5-7B-Instruct,REFUTED,1.0,5,"{""provenance"": {""status"": ""PASS"", ""reason"": ""authoritative source is supplied""}, ""categorical_semantics"": {""status"": ""NOT_APPLICABLE"", ""reason"": ""not required""}, ""spatial_support_resolution"": {""status"": ""NOT_APPLICABLE"", ""reason"": ""not required""}, ""units_quantity"": {""status"": ""FAIL"", ""reason"": ""unit conversion from m to cm changes the physical dimension""}, ""crs_geometry_area"": {""status"": ""NOT_APPLICABLE"", ""reason"": ""not required""}, ""spectral_semantics"": {""status"": ""NOT_APPLICABLE"", ""reason"": ""not required""}, ""processing_quality"": {""status"": ""NOT_APPLICABLE"", ""reason"": ""not required""}, ""vertical_semantics"": {""status"": ""NOT_APPLICABLE"", ""reason"": ""not required""}, ""temporal_causality"": {""status"": ""NOT_APPLICABLE"", ""reason"": ""not required""}, ""evaluation_independence"": {""status"": ""NOT_APPLICABLE"", ""reason"": ""not required""}, ""nodata_physical_domain"": {""status"": ""NOT_APPLICABLE"", ""reason"": ""not required""}, ""uncertainty_fitness"": {""status"": ""NOT_APPLICABLE"", ""reason"": ""not required""}}","Unit conversion from meters to centimeters changes the physical dimension, violating the intent.","{
  ""obligations"": {
    ""provenance"": {""status"": ""PASS"", ""reason"": ""authoritative source is supplied""},
    ""categorical_semantics"": {""status"": ""NOT_APPLICABLE"", ""reason"": ""not required""},
    ""spatial_support_resolution"": {""status"": ""NOT_APPLICABLE"", ""reason"": ""not required""},
    ""units_quantity"": {""status"": ""FAIL"", ""reason"": ""unit conversion from m to cm changes the physical dimension""},
    ""crs_geometry_area"": {""status"": ""NOT_APPLICABLE"", ""reason"": ""not required""},
    ""spectral_semantics"": {""status"": ""NOT_APPLICABLE"", ""reason"": ""not required""},
    ""processing_quality"": {""status"": ""NOT_APPLICABLE"", ""reason"": ""not required""},
    ""vertical_semantics"": {""status"": ""NOT_APPLICABLE"", ""reason"": ""not required""},
    ""temporal_causality"": {""status"": ""NOT_APPLICABLE"", ""reason"": ""not required""},
    ""evaluation_independence"": {""status"": ""NOT_APPLICABLE"", ""reason"": ""not required""},
    ""nodata_physical_domain"": {""status"": ""NOT_APPLICABLE"", ""reason"": ""not required""},
    ""uncertainty_fitness"": {""status"": ""NOT_APPLICABLE"", ""reason"": ""not required""}
  },
  ""summary"": ""Unit conversion from meters to centimeters changes the physical dimension, violating the intent."",
  ""confidence"": 5
}"
SGX3_HELDOUT-FAMILY_categorical_mean_aggregation_002,strong_A,Qwen/Qwen2.5-7B-Instruct,PROVEN,1.0,5,"{""provenance"": {""status"": ""PASS"", ""reason"": ""authoritative source is supplied""}, ""categorical_semantics"": {""status"": ""PASS"", ""reason"": ""median aggregation preserves categorical semantics""}, ""spatial_support_resolution"": {""status"": ""PASS"", ""reason"": ""resolution is consistent with method""}, ""units_quantity"": {""status"": ""PASS"", ""reason"": ""unit is not required for categorical data""}, ""crs_geometry_area"": {""status"": ""PASS"", ""reason"": ""CRS is specified and consistent""}, ""spectral_semantics"": {""status"": ""NOT_APPLICABLE"", ""reason"": ""not required for categorical data""}, ""processing_quality"": {""status"": ""NOT_APPLICABLE"", ""reason"": ""not required for categorical data""}, ""vertical_semantics"": {""status"": ""NOT_APPLICABLE"", ""reason"": ""not required for categorical data""}, ""temporal_causality"": {""status"": ""NOT_APPLICABLE"", ""reason"": ""not required for categorical data""}, ""evaluation_independence"": {""status"": ""NOT_APPLICABLE"", ""reason"": ""not required for categorical data""}, ""nodata_physical_domain"": {""status"": ""NOT_APPLICABLE"", ""reason"": ""not required for categorical data""}, ""uncertainty_fitness"": {""status"": ""NOT_APPLICABLE"", ""reason"": ""uncertainty not required for categorical data""}}",Categorical median aggregation is appropriate given the input data and workflow operations.,"{
  ""obligations"": {
    ""provenance"": {""status"": ""PASS"", ""reason"": ""authoritative source is supplied""},
    ""categorical_semantics"": {""status"": ""PASS"", ""reason"": ""median aggregation preserves categorical semantics""},
    ""spatial_support_resolution"": {""status"": ""PASS"", ""reason"": ""resolution is consistent with method""},
    ""units_quantity"": {""status"": ""PASS"", ""reason"": ""unit is not required for categorical data""},
    ""crs_geometry_area"": {""status"": ""PASS"", ""reason"": ""CRS is specified and consistent""},
    ""spectral_semantics"": {""status"": ""NOT_APPLICABLE"", ""reason"": ""not required for categorical data""},
    ""processing_quality"": {""status"": ""NOT_APPLICABLE"", ""reason"": ""not required for categorical data""},
    ""vertical_semantics"": {""status"": ""NOT_APPLICABLE"", ""reason"": ""not required for categorical data""},
    ""temporal_causality"": {""status"": ""NOT_APPLICABLE"", ""reason"": ""not required for categorical data""},
    ""evaluation_independence"": {""status"": ""NOT_APPLICABLE"", ""reason"": ""not required for categorical data""},
    ""nodata_physical_domain"": {""status"": ""NOT_APPLICABLE"", ""reason"": ""not required for categorical data""},
    ""uncertainty_fitness"": {""status"": ""NOT_APPLICABLE"", ""reason"": ""uncertainty not required for categorical data""}
  },
  ""summary"": ""Categorical median aggregation is appropriate given the input data and workflow operations."",
  ""confidence"": 5
}"
SGX3_DEVELOPMENT_angular_area_002,strong_A,Qwen/Qwen2.5-7B-Instruct,REFUTED,1.0,5,"{""provenance"": {""status"": ""PASS"", ""reason"": ""authoritative source is supplied""}, ""categorical_semantics"": {""status"": ""NOT_APPLICABLE"", ""reason"": ""not required""}, ""spatial_support_resolution"": {""status"": ""PASS"", ""reason"": ""resolution is specified""}, ""units_quantity"": {""status"": ""PASS"", ""reason"": ""output unit is valid (km2)""}, ""crs_geometry_area"": {""status"": ""FAIL"", ""reason"": ""planar area calculation on angular coordinates""}, ""spectral_semantics"": {""status"": ""NOT_APPLICABLE"", ""reason"": ""not required""}, ""processing_quality"": {""status"": ""NOT_APPLICABLE"", ""reason"": ""not required""}, ""vertical_semantics"": {""status"": ""NOT_APPLICABLE"", ""reason"": ""not required""}, ""temporal_causality"": {""status"": ""NOT_APPLICABLE"", ""reason"": ""not required""}, ""evaluation_independence"": {""status"": ""NOT_APPLICABLE"", ""reason"": ""not required""}, ""nodata_physical_domain"": {""status"": ""NOT_APPLICABLE"", ""reason"": ""not required""}, ""uncertainty_fitness"": {""status"": ""NOT_APPLICABLE"", ""reason"": ""not required""}}",Planar area calculation on angular coordinates is scientifically incorrect.,"{
  ""obligations"": {
    ""provenance"": {""status"": ""PASS"", ""reason"": ""authoritative source is supplied""},
    ""categorical_semantics"": {""status"": ""NOT_APPLICABLE"", ""reason"": ""not required""},
    ""spatial_support_resolution"": {""status"": ""PASS"", ""reason"": ""resolution is specified""},
    ""units_quantity"": {""status"": ""PASS"", ""reason"": ""output unit is valid (km2)""},
    ""crs_geometry_area"": {""status"": ""FAIL"", ""reason"": ""planar area calculation on angular coordinates""},
    ""spectral_semantics"": {""status"": ""NOT_APPLICABLE"", ""reason"": ""not required""},
    ""processing_quality"": {""status"": ""NOT_APPLICABLE"", ""reason"": ""not required""},
    ""vertical_semantics"": {""status"": ""NOT_APPLICABLE"", ""reason"": ""not required""},
    ""temporal_causality"": {""status"": ""NOT_APPLICABLE"", ""reason"": ""not required""},
    ""evaluation_independence"": {""status"": ""NOT_APPLICABLE"", ""reason"": ""not required""},
    ""nodata_physical_domain"": {""status"": ""NOT_APPLICABLE"", ""reason"": ""not required""},
    ""uncertainty_fitness"": {""status"": ""NOT_APPLICABLE"", ""reason"": ""not required""}
  },
  ""summary"": ""Planar area calculation on angular coordinates is scientifically incorrect."",
  ""confidence"": 5
}"
SGX3_HELDOUT-FAMILY_multisensor_time_mismatch_004,strong_A,Qwen/Qwen2.5-7B-Instruct,PROVEN,1.0,5,"{""provenance"": {""status"": ""PASS"", ""reason"": ""both sources are authoritative products""}, ""categorical_semantics"": {""status"": ""NOT_APPLICABLE"", ""reason"": ""no categorical operations involved""}, ""spatial_support_resolution"": {""status"": ""PASS"", ""reason"": ""same spatial support and resolution""}, ""units_quantity"": {""status"": ""NOT_APPLICABLE"", ""reason"": ""units are unspecified""}, ""crs_geometry_area"": {""status"": ""PASS"", ""reason"": ""same CRS and no claims of finer information""}, ""spectral_semantics"": {""status"": ""NOT_APPLICABLE"", ""reason"": ""no spectral operations involved""}, ""processing_quality"": {""status"": ""NOT_APPLICABLE"", ""reason"": ""processing levels unspecified""}, ""vertical_semantics"": {""status"": ""NOT_APPLICABLE"", ""reason"": ""no vertical quantities involved""}, ""temporal_causality"": {""status"": ""PASS"", ""reason"": ""time difference within tolerance""}, ""evaluation_independence"": {""status"": ""NOT_APPLICABLE"", ""reason"": ""no evaluation split involved""}, ""nodata_physical_domain"": {""status"": ""NOT_APPLICABLE"", ""reason"": ""nodata semantics unspecified""}, ""uncertainty_fitness"": {""status"": ""NOT_APPLICABLE"", ""reason"": ""uncertainty not required for comparison""}}","Temporal mismatch within tolerance, no other proof obligations violated","{
  ""obligations"": {
    ""provenance"": {""status"": ""PASS"", ""reason"": ""both sources are authoritative products""},
    ""categorical_semantics"": {""status"": ""NOT_APPLICABLE"", ""reason"": ""no categorical operations involved""},
    ""spatial_support_resolution"": {""status"": ""PASS"", ""reason"": ""same spatial support and resolution""},
    ""units_quantity"": {""status"": ""NOT_APPLICABLE"", ""reason"": ""units are unspecified""},
    ""crs_geometry_area"": {""status"": ""PASS"", ""reason"": ""same CRS and no claims of finer information""},
    ""spectral_semantics"": {""status"": ""NOT_APPLICABLE"", ""reason"": ""no spectral operations involved""},
    ""processing_quality"": {""status"": ""NOT_APPLICABLE"", ""reason"": ""processing levels unspecified""},
    ""vertical_semantics"": {""status"": ""NOT_APPLICABLE"", ""reason"": ""no vertical quantities involved""},
    ""temporal_causality"": {""status"": ""PASS"", ""reason"": ""time difference within tolerance""},
    ""evaluation_independence"": {""status"": ""NOT_APPLICABLE"", ""reason"": ""no evaluation split involved""},
    ""nodata_physical_domain"": {""status"": ""NOT_APPLICABLE"", ""reason"": ""nodata semantics unspecified""},
    ""uncertainty_fitness"": {""status"": ""NOT_APPLICABLE"", ""reason"": ""uncertainty not required for comparison""}
  },
  ""summary"": ""Temporal mismatch within tolerance, no other proof obligations violated"",
  ""confidence"": 5
}"
SGX3_DEVELOPMENT_angular_area_009,strong_A,Qwen/Qwen2.5-7B-Instruct,REFUTED,1.0,5,"{""provenance"": {""status"": ""PASS"", ""reason"": ""authoritative source is supplied""}, ""categorical_semantics"": {""status"": ""NOT_APPLICABLE"", ""reason"": ""not required""}, ""spatial_support_resolution"": {""status"": ""PASS"", ""reason"": ""resolution is within the workflow's max_resolution_m (not specified)""}, ""units_quantity"": {""status"": ""PASS"", ""reason"": ""output unit is valid for area measurement""}, ""crs_geometry_area"": {""status"": ""FAIL"", ""reason"": ""planar area calculation on angular coordinates""}, ""spectral_semantics"": {""status"": ""NOT_APPLICABLE"", ""reason"": ""not required""}, ""processing_quality"": {""status"": ""NOT_APPLICABLE"", ""reason"": ""not required""}, ""vertical_semantics"": {""status"": ""NOT_APPLICABLE"", ""reason"": ""not required""}, ""temporal_causality"": {""status"": ""NOT_APPLICABLE"", ""reason"": ""not required""}, ""evaluation_independence"": {""status"": ""NOT_APPLICABLE"", ""reason"": ""not required""}, ""nodata_physical_domain"": {""status"": ""NOT_APPLICABLE"", ""reason"": ""not required""}, ""uncertainty_fitness"": {""status"": ""NOT_APPLICABLE"", ""reason"": ""not required""}}",Planar area calculation on angular coordinates is scientifically incorrect.,"{
  ""obligations"": {
    ""provenance"": {""status"": ""PASS"", ""reason"": ""authoritative source is supplied""},
    ""categorical_semantics"": {""status"": ""NOT_APPLICABLE"", ""reason"": ""not required""},
    ""spatial_support_resolution"": {""status"": ""PASS"", ""reason"": ""resolution is within the workflow's max_resolution_m (not specified)""},
    ""units_quantity"": {""status"": ""PASS"", ""reason"": ""output unit is valid for area measurement""},
    ""crs_geometry_area"": {""status"": ""FAIL"", ""reason"": ""planar area calculation on angular coordinates""},
    ""spectral_semantics"": {""status"": ""NOT_APPLICABLE"", ""reason"": ""not required""},
    ""processing_quality"": {""status"": ""NOT_APPLICABLE"", ""reason"": ""not required""},
    ""vertical_semantics"": {""status"": ""NOT_APPLICABLE"", ""reason"": ""not required""},
    ""temporal_causality"": {""status"": ""NOT_APPLICABLE"", ""reason"": ""not required""},
    ""evaluation_independence"": {""status"": ""NOT_APPLICABLE"", ""reason"": ""not required""},
    ""nodata_physical_domain"": {""status"": ""NOT_APPLICABLE"", ""reason"": ""not required""},
    ""uncertainty_fitness"": {""status"": ""NOT_APPLICABLE"", ""reason"": ""not required""}
  },
  ""summary"": ""Planar area calculation on angular coordinates is scientifically incorrect."",
  ""confidence"": 5
}"
SGX3_DEVELOPMENT_future_information_009,strong_A,Qwen/Qwen2.5-7B-Instruct,REFUTED,1.0,5,"{""provenance"": {""status"": ""PASS"", ""reason"": ""authoritative source is supplied""}, ""categorical_semantics"": {""status"": ""NOT_APPLICABLE"", ""reason"": ""not required""}, ""spatial_support_resolution"": {""status"": ""NOT_APPLICABLE"", ""reason"": ""not required""}, ""units_quantity"": {""status"": ""NOT_APPLICABLE"", ""reason"": ""not required""}, ""crs_geometry_area"": {""status"": ""NOT_APPLICABLE"", ""reason"": ""not required""}, ""spectral_semantics"": {""status"": ""NOT_APPLICABLE"", ""reason"": ""not required""}, ""processing_quality"": {""status"": ""NOT_APPLICABLE"", ""reason"": ""not required""}, ""vertical_semantics"": {""status"": ""NOT_APPLICABLE"", ""reason"": ""not required""}, ""temporal_causality"": {""status"": ""FAIL"", ""reason"": ""feature is available before decision time""}, ""evaluation_independence"": {""status"": ""NOT_APPLICABLE"", ""reason"": ""not required""}, ""nodata_physical_domain"": {""status"": ""NOT_APPLICABLE"", ""reason"": ""not required""}, ""uncertainty_fitness"": {""status"": ""NOT_APPLICABLE"", ""reason"": ""not required""}}","workflow uses past data for future prediction, violating temporal causality","{
  ""obligations"": {
    ""provenance"": {""status"": ""PASS"", ""reason"": ""authoritative source is supplied""},
    ""categorical_semantics"": {""status"": ""NOT_APPLICABLE"", ""reason"": ""not required""},
    ""spatial_support_resolution"": {""status"": ""NOT_APPLICABLE"", ""reason"": ""not required""},
    ""units_quantity"": {""status"": ""NOT_APPLICABLE"", ""reason"": ""not required""},
    ""crs_geometry_area"": {""status"": ""NOT_APPLICABLE"", ""reason"": ""not required""},
    ""spectral_semantics"": {""status"": ""NOT_APPLICABLE"", ""reason"": ""not required""},
    ""processing_quality"": {""status"": ""NOT_APPLICABLE"", ""reason"": ""not required""},
    ""vertical_semantics"": {""status"": ""NOT_APPLICABLE"", ""reason"": ""not required""},
    ""temporal_causality"": {""status"": ""FAIL"", ""reason"": ""feature is available before decision time""},
    ""evaluation_independence"": {""status"": ""NOT_APPLICABLE"", ""reason"": ""not required""},
    ""nodata_physical_domain"": {""status"": ""NOT_APPLICABLE"", ""reason"": ""not required""},
    ""uncertainty_fitness"": {""status"": ""NOT_APPLICABLE"", ""reason"": ""not required""}
  },
  ""summary"": ""workflow uses past data for future prediction, violating temporal causality"",
  ""confidence"": 5
}"
SGX3_BLIND_landcover_change_047,strong_A,Qwen/Qwen2.5-7B-Instruct,PROVEN,1.0,5,"{""provenance"": {""status"": ""NOT_APPLICABLE"", ""reason"": ""no provenance required for this workflow""}, ""categorical_semantics"": {""status"": ""PASS"", ""reason"": ""categorical operation (resampling) preserves category identity""}, ""spatial_support_resolution"": {""status"": ""PASS"", ""reason"": ""target resolution is coarser than original""}, ""units_quantity"": {""status"": ""PASS"", ""reason"": ""unit not required for this workflow""}, ""crs_geometry_area"": {""status"": ""PASS"", ""reason"": ""coordinate system and resolution are consistent""}, ""spectral_semantics"": {""status"": ""NOT_APPLICABLE"", ""reason"": ""no spectral operations involved""}, ""processing_quality"": {""status"": ""NOT_APPLICABLE"", ""reason"": ""no processing quality requirements specified""}, ""vertical_semantics"": {""status"": ""NOT_APPLICABLE"", ""reason"": ""no vertical quantities involved""}, ""temporal_causality"": {""status"": ""NOT_APPLICABLE"", ""reason"": ""no temporal operations involved""}, ""evaluation_independence"": {""status"": ""NOT_APPLICABLE"", ""reason"": ""no evaluation split involved""}, ""nodata_physical_domain"": {""status"": ""NOT_APPLICABLE"", ""reason"": ""no nodata semantics required for this workflow""}, ""uncertainty_fitness"": {""status"": ""NOT_APPLICABLE"", ""reason"": ""no uncertainty requirement for this workflow""}}",Resampling operation is consistent with the provided land cover data and does not require additional constraints beyond those already satisfied.,"{
  ""obligations"": {
    ""provenance"": {""status"": ""NOT_APPLICABLE"", ""reason"": ""no provenance required for this workflow""},
    ""categorical_semantics"": {""status"": ""PASS"", ""reason"": ""categorical operation (resampling) preserves category identity""},
    ""spatial_support_resolution"": {""status"": ""PASS"", ""reason"": ""target resolution is coarser than original""},
    ""units_quantity"": {""status"": ""PASS"", ""reason"": ""unit not required for this workflow""},
    ""crs_geometry_area"": {""status"": ""PASS"", ""reason"": ""coordinate system and resolution are consistent""},
    ""spectral_semantics"": {""status"": ""NOT_APPLICABLE"", ""reason"": ""no spectral operations involved""},
    ""processing_quality"": {""status"": ""NOT_APPLICABLE"", ""reason"": ""no processing quality requirements specified""},
    ""vertical_semantics"": {""status"": ""NOT_APPLICABLE"", ""reason"": ""no vertical quantities involved""},
    ""temporal_causality"": {""status"": ""NOT_APPLICABLE"", ""reason"": ""no temporal operations involved""},
    ""evaluation_independence"": {""status"": ""NOT_APPLICABLE"", ""reason"": ""no evaluation split involved""},
    ""nodata_physical_domain"": {""status"": ""NOT_APPLICABLE"", ""reason"": ""no nodata semantics required for this workflow""},
    ""uncertainty_fitness"": {""status"": ""NOT_APPLICABLE"", ""reason"": ""no uncertainty requirement for this workflow""}
  },
  ""summary"": ""Resampling operation is consistent with the provided land cover data and does not require additional constraints beyond those already satisfied."",
  ""confidence"": 5
}"
SGX3_BLIND_landcover_change_012,strong_A,Qwen/Qwen2.5-7B-Instruct,REFUTED,1.0,5,"{""provenance"": {""status"": ""NOT_APPLICABLE"", ""reason"": ""no provenance required for this workflow""}, ""categorical_semantics"": {""status"": ""PASS"", ""reason"": ""categorical operation (resampling) preserves category identity""}, ""spatial_support_resolution"": {""status"": ""FAIL"", ""reason"": ""target resolution (40m) is coarser than required (20m)""}, ""units_quantity"": {""status"": ""NOT_APPLICABLE"", ""reason"": ""no specific units or quantities required""}, ""crs_geometry_area"": {""status"": ""NOT_APPLICABLE"", ""reason"": ""no specific CRS or geometry requirements""}, ""spectral_semantics"": {""status"": ""NOT_APPLICABLE"", ""reason"": ""no spectral operations involved""}, ""processing_quality"": {""status"": ""NOT_APPLICABLE"", ""reason"": ""no specific processing quality requirements""}, ""vertical_semantics"": {""status"": ""NOT_APPLICABLE"", ""reason"": ""no vertical operations involved""}, ""temporal_causality"": {""status"": ""NOT_APPLICABLE"", ""reason"": ""no temporal operations involved""}, ""evaluation_independence"": {""status"": ""NOT_APPLICABLE"", ""reason"": ""no evaluation split involved""}, ""nodata_physical_domain"": {""status"": ""NOT_APPLICABLE"", ""reason"": ""no nodata semantics or value range requirements""}, ""uncertainty_fitness"": {""status"": ""NOT_APPLICABLE"", ""reason"": ""no uncertainty requirements""}}","Target resolution exceeds the required maximum resolution, violating the scientific intent.","{
  ""obligations"": {
    ""provenance"": {""status"": ""NOT_APPLICABLE"", ""reason"": ""no provenance required for this workflow""},
    ""categorical_semantics"": {""status"": ""PASS"", ""reason"": ""categorical operation (resampling) preserves category identity""},
    ""spatial_support_resolution"": {""status"": ""FAIL"", ""reason"": ""target resolution (40m) is coarser than required (20m)""},
    ""units_quantity"": {""status"": ""NOT_APPLICABLE"", ""reason"": ""no specific units or quantities required""},
    ""crs_geometry_area"": {""status"": ""NOT_APPLICABLE"", ""reason"": ""no specific CRS or geometry requirements""},
    ""spectral_semantics"": {""status"": ""NOT_APPLICABLE"", ""reason"": ""no spectral operations involved""},
    ""processing_quality"": {""status"": ""NOT_APPLICABLE"", ""reason"": ""no specific processing quality requirements""},
    ""vertical_semantics"": {""status"": ""NOT_APPLICABLE"", ""reason"": ""no vertical operations involved""},
    ""temporal_causality"": {""status"": ""NOT_APPLICABLE"", ""reason"": ""no temporal operations involved""},
    ""evaluation_independence"": {""status"": ""NOT_APPLICABLE"", ""reason"": ""no evaluation split involved""},
    ""nodata_physical_domain"": {""status"": ""NOT_APPLICABLE"", ""reason"": ""no nodata semantics or value range requirements""},
    ""uncertainty_fitness"": {""status"": ""NOT_APPLICABLE"", ""reason"": ""no uncertainty requirements""}
  },
  ""summary"": ""Target resolution exceeds the required maximum resolution, violating the scientific intent."",
  ""confidence"": 5
}"
SGX3_BLIND_flood_remote_sensing_031,strong_A,Qwen/Qwen2.5-7B-Instruct,PROVEN,1.0,5,"{""provenance"": {""status"": ""PASS"", ""reason"": ""all sources are authoritative products""}, ""categorical_semantics"": {""status"": ""NOT_APPLICABLE"", ""reason"": ""no categorical operations are involved""}, ""spatial_support_resolution"": {""status"": ""PASS"", ""reason"": ""all artifacts have specified resolutions""}, ""units_quantity"": {""status"": ""NOT_APPLICABLE"", ""reason"": ""units are not required for binary data and reflectance""}, ""crs_geometry_area"": {""status"": ""PASS"", ""reason"": ""all artifacts use EPSG:32643 and geodesic area calculation""}, ""spectral_semantics"": {""status"": ""NOT_APPLICABLE"", ""reason"": ""no spectral operations are involved""}, ""processing_quality"": {""status"": ""NOT_APPLICABLE"", ""reason"": ""no processing quality metadata is required""}, ""vertical_semantics"": {""status"": ""NOT_APPLICABLE"", ""reason"": ""no vertical quantities are involved""}, ""temporal_causality"": {""status"": ""PASS"", ""reason"": ""acquisition times are before the available time""}, ""evaluation_independence"": {""status"": ""NOT_APPLICABLE"", ""reason"": ""no evaluation split is present""}, ""nodata_physical_domain"": {""status"": ""NOT_APPLICABLE"", ""reason"": ""nodata semantics are not required for binary data""}, ""uncertainty_fitness"": {""status"": ""NOT_APPLICABLE"", ""reason"": ""uncertainty is not required for binary data and reflectance""}}","Workflow operations are consistent with the provided artifacts and scientific intent, with no violations of the proof obligations.","{
  ""obligations"": {
    ""provenance"": {""status"": ""PASS"", ""reason"": ""all sources are authoritative products""},
    ""categorical_semantics"": {""status"": ""NOT_APPLICABLE"", ""reason"": ""no categorical operations are involved""},
    ""spatial_support_resolution"": {""status"": ""PASS"", ""reason"": ""all artifacts have specified resolutions""},
    ""units_quantity"": {""status"": ""NOT_APPLICABLE"", ""reason"": ""units are not required for binary data and reflectance""},
    ""crs_geometry_area"": {""status"": ""PASS"", ""reason"": ""all artifacts use EPSG:32643 and geodesic area calculation""},
    ""spectral_semantics"": {""status"": ""NOT_APPLICABLE"", ""reason"": ""no spectral operations are involved""},
    ""processing_quality"": {""status"": ""NOT_APPLICABLE"", ""reason"": ""no processing quality metadata is required""},
    ""vertical_semantics"": {""status"": ""NOT_APPLICABLE"", ""reason"": ""no vertical quantities are involved""},
    ""temporal_causality"": {""status"": ""PASS"", ""reason"": ""acquisition times are before the available time""},
    ""evaluation_independence"": {""status"": ""NOT_APPLICABLE"", ""reason"": ""no evaluation split is present""},
    ""nodata_physical_domain"": {""status"": ""NOT_APPLICABLE"", ""reason"": ""nodata semantics are not required for binary data""},
    ""uncertainty_fitness"": {""status"": ""NOT_APPLICABLE"", ""reason"": ""uncertainty is not required for binary data and reflectance""}
  },
  ""summary"": ""Workflow operations are consistent with the provided artifacts and scientific intent, with no violations of the proof obligations."",
  ""confidence"": 5
}"
SGX3_BLIND_eo_ml_validation_010,strong_A,Qwen/Qwen2.5-7B-Instruct,PROVEN,1.0,5,"{""provenance"": {""status"": ""PASS"", ""reason"": ""authoritative source is supplied""}, ""categorical_semantics"": {""status"": ""NOT_APPLICABLE"", ""reason"": ""not required""}, ""spatial_support_resolution"": {""status"": ""PASS"", ""reason"": ""resolution and separation are provided""}, ""units_quantity"": {""status"": ""NOT_APPLICABLE"", ""reason"": ""not required""}, ""crs_geometry_area"": {""status"": ""PASS"", ""reason"": ""CRS is specified""}, ""spectral_semantics"": {""status"": ""NOT_APPLICABLE"", ""reason"": ""not required""}, ""processing_quality"": {""status"": ""NOT_APPLICABLE"", ""reason"": ""not required""}, ""vertical_semantics"": {""status"": ""NOT_APPLICABLE"", ""reason"": ""not required""}, ""temporal_causality"": {""status"": ""NOT_APPLICABLE"", ""reason"": ""not required""}, ""evaluation_independence"": {""status"": ""PASS"", ""reason"": ""spatial dependence range is provided""}, ""nodata_physical_domain"": {""status"": ""NOT_APPLICABLE"", ""reason"": ""not required""}, ""uncertainty_fitness"": {""status"": ""NOT_APPLICABLE"", ""reason"": ""not required""}}","Spatial split operation is valid with provided parameters, but no additional constraints are checked.","{
  ""obligations"": {
    ""provenance"": {""status"": ""PASS"", ""reason"": ""authoritative source is supplied""},
    ""categorical_semantics"": {""status"": ""NOT_APPLICABLE"", ""reason"": ""not required""},
    ""spatial_support_resolution"": {""status"": ""PASS"", ""reason"": ""resolution and separation are provided""},
    ""units_quantity"": {""status"": ""NOT_APPLICABLE"", ""reason"": ""not required""},
    ""crs_geometry_area"": {""status"": ""PASS"", ""reason"": ""CRS is specified""},
    ""spectral_semantics"": {""status"": ""NOT_APPLICABLE"", ""reason"": ""not required""},
    ""processing_quality"": {""status"": ""NOT_APPLICABLE"", ""reason"": ""not required""},
    ""vertical_semantics"": {""status"": ""NOT_APPLICABLE"", ""reason"": ""not required""},
    ""temporal_causality"": {""status"": ""NOT_APPLICABLE"", ""reason"": ""not required""},
    ""evaluation_independence"": {""status"": ""PASS"", ""reason"": ""spatial dependence range is provided""},
    ""nodata_physical_domain"": {""status"": ""NOT_APPLICABLE"", ""reason"": ""not required""},
    ""uncertainty_fitness"": {""status"": ""NOT_APPLICABLE"", ""reason"": ""not required""}
  },
  ""summary"": ""Spatial split operation is valid with provided parameters, but no additional constraints are checked."",
  ""confidence"": 5
}"
SGX3_HELDOUT-FAMILY_multisensor_time_mismatch_013,strong_A,Qwen/Qwen2.5-7B-Instruct,REFUTED,1.0,5,"{""provenance"": {""status"": ""PASS"", ""reason"": ""both sources are authoritative products""}, ""categorical_semantics"": {""status"": ""NOT_APPLICABLE"", ""reason"": ""no categorical operations involved""}, ""spatial_support_resolution"": {""status"": ""PASS"", ""reason"": ""same spatial support and resolution""}, ""units_quantity"": {""status"": ""NOT_APPLICABLE"", ""reason"": ""units are unspecified""}, ""crs_geometry_area"": {""status"": ""PASS"", ""reason"": ""same CRS and no claims of finer information""}, ""spectral_semantics"": {""status"": ""NOT_APPLICABLE"", ""reason"": ""no spectral operations involved""}, ""processing_quality"": {""status"": ""NOT_APPLICABLE"", ""reason"": ""processing levels unspecified""}, ""vertical_semantics"": {""status"": ""NOT_APPLICABLE"", ""reason"": ""no vertical quantities involved""}, ""temporal_causality"": {""status"": ""FAIL"", ""reason"": ""time mismatch between acquisitions (3 hours)""}, ""evaluation_independence"": {""status"": ""NOT_APPLICABLE"", ""reason"": ""no evaluation split involved""}, ""nodata_physical_domain"": {""status"": ""NOT_APPLICABLE"", ""reason"": ""nodata semantics unspecified""}, ""uncertainty_fitness"": {""status"": ""NOT_APPLICABLE"", ""reason"": ""uncertainty not required for comparison""}}",Temporal mismatch between sensor acquisitions,"{
  ""obligations"": {
    ""provenance"": {""status"": ""PASS"", ""reason"": ""both sources are authoritative products""},
    ""categorical_semantics"": {""status"": ""NOT_APPLICABLE"", ""reason"": ""no categorical operations involved""},
    ""spatial_support_resolution"": {""status"": ""PASS"", ""reason"": ""same spatial support and resolution""},
    ""units_quantity"": {""status"": ""NOT_APPLICABLE"", ""reason"": ""units are unspecified""},
    ""crs_geometry_area"": {""status"": ""PASS"", ""reason"": ""same CRS and no claims of finer information""},
    ""spectral_semantics"": {""status"": ""NOT_APPLICABLE"", ""reason"": ""no spectral operations involved""},
    ""processing_quality"": {""status"": ""NOT_APPLICABLE"", ""reason"": ""processing levels unspecified""},
    ""vertical_semantics"": {""status"": ""NOT_APPLICABLE"", ""reason"": ""no vertical quantities involved""},
    ""temporal_causality"": {""status"": ""FAIL"", ""reason"": ""time mismatch between acquisitions (3 hours)""},
    ""evaluation_independence"": {""status"": ""NOT_APPLICABLE"", ""reason"": ""no evaluation split involved""},
    ""nodata_physical_domain"": {""status"": ""NOT_APPLICABLE"", ""reason"": ""nodata semantics unspecified""},
    ""uncertainty_fitness"": {""status"": ""NOT_APPLICABLE"", ""reason"": ""uncertainty not required for comparison""}
  },
  ""summary"": ""Temporal mismatch between sensor acquisitions"",
  ""confidence"": 5
}"
SGX3_BLIND_flood_remote_sensing_000,strong_A,Qwen/Qwen2.5-7B-Instruct,PROVEN,1.0,5,"{""provenance"": {""status"": ""PASS"", ""reason"": ""all sources are authoritative products""}, ""categorical_semantics"": {""status"": ""NOT_APPLICABLE"", ""reason"": ""no categorical operations are involved""}, ""spatial_support_resolution"": {""status"": ""PASS"", ""reason"": ""all artifacts have specified resolutions""}, ""units_quantity"": {""status"": ""NOT_APPLICABLE"", ""reason"": ""units are not required for binary data""}, ""crs_geometry_area"": {""status"": ""PASS"", ""reason"": ""all artifacts use EPSG:32643 and planar area calculation""}, ""spectral_semantics"": {""status"": ""NOT_APPLICABLE"", ""reason"": ""no spectral operations are involved""}, ""processing_quality"": {""status"": ""NOT_APPLICABLE"", ""reason"": ""processing levels are not specified""}, ""vertical_semantics"": {""status"": ""NOT_APPLICABLE"", ""reason"": ""no vertical quantities are involved""}, ""temporal_causality"": {""status"": ""PASS"", ""reason"": ""acquisition times are before available times""}, ""evaluation_independence"": {""status"": ""NOT_APPLICABLE"", ""reason"": ""no evaluation split is present""}, ""nodata_physical_domain"": {""status"": ""NOT_APPLICABLE"", ""reason"": ""nodata semantics are not required for binary data""}, ""uncertainty_fitness"": {""status"": ""NOT_APPLICABLE"", ""reason"": ""uncertainty is not required for binary data""}}","Workflow operations are consistent with the provided artifacts and scientific intent, with no violations found.","{
  ""obligations"": {
    ""provenance"": {""status"": ""PASS"", ""reason"": ""all sources are authoritative products""},
    ""categorical_semantics"": {""status"": ""NOT_APPLICABLE"", ""reason"": ""no categorical operations are involved""},
    ""spatial_support_resolution"": {""status"": ""PASS"", ""reason"": ""all artifacts have specified resolutions""},
    ""units_quantity"": {""status"": ""NOT_APPLICABLE"", ""reason"": ""units are not required for binary data""},
    ""crs_geometry_area"": {""status"": ""PASS"", ""reason"": ""all artifacts use EPSG:32643 and planar area calculation""},
    ""spectral_semantics"": {""status"": ""NOT_APPLICABLE"", ""reason"": ""no spectral operations are involved""},
    ""processing_quality"": {""status"": ""NOT_APPLICABLE"", ""reason"": ""processing levels are not specified""},
    ""vertical_semantics"": {""status"": ""NOT_APPLICABLE"", ""reason"": ""no vertical quantities are involved""},
    ""temporal_causality"": {""status"": ""PASS"", ""reason"": ""acquisition times are before available times""},
    ""evaluation_independence"": {""status"": ""NOT_APPLICABLE"", ""reason"": ""no evaluation split is present""},
    ""nodata_physical_domain"": {""status"": ""NOT_APPLICABLE"", ""reason"": ""nodata semantics are not required for binary data""},
    ""uncertainty_fitness"": {""status"": ""NOT_APPLICABLE"", ""reason"": ""uncertainty is not required for binary data""}
  },
  ""summary"": ""Workflow operations are consistent with the provided artifacts and scientific intent, with no violations found."",
  ""confidence"": 5
}"
SGX3_DEVELOPMENT_unsupported_resolution_gain_001,strong_A,Qwen/Qwen2.5-7B-Instruct,PROVEN,1.0,5,"{""provenance"": {""status"": ""PASS"", ""reason"": ""authoritative source is supplied""}, ""categorical_semantics"": {""status"": ""NOT_APPLICABLE"", ""reason"": ""not required""}, ""spatial_support_resolution"": {""status"": ""PASS"", ""reason"": ""downsampling does not claim new spatial information""}, ""units_quantity"": {""status"": ""NOT_APPLICABLE"", ""reason"": ""not required""}, ""crs_geometry_area"": {""status"": ""NOT_APPLICABLE"", ""reason"": ""not required""}, ""spectral_semantics"": {""status"": ""NOT_APPLICABLE"", ""reason"": ""not required""}, ""processing_quality"": {""status"": ""NOT_APPLICABLE"", ""reason"": ""not required""}, ""vertical_semantics"": {""status"": ""NOT_APPLICABLE"", ""reason"": ""not required""}, ""temporal_causality"": {""status"": ""NOT_APPLICABLE"", ""reason"": ""not required""}, ""evaluation_independence"": {""status"": ""NOT_APPLICABLE"", ""reason"": ""not required""}, ""nodata_physical_domain"": {""status"": ""NOT_APPLICABLE"", ""reason"": ""not required""}, ""uncertainty_fitness"": {""status"": ""NOT_APPLICABLE"", ""reason"": ""not required""}}","Downsampling is performed without claiming new information, and no other obligations are applicable.","{
  ""obligations"": {
    ""provenance"": {""status"": ""PASS"", ""reason"": ""authoritative source is supplied""},
    ""categorical_semantics"": {""status"": ""NOT_APPLICABLE"", ""reason"": ""not required""},
    ""spatial_support_resolution"": {""status"": ""PASS"", ""reason"": ""downsampling does not claim new spatial information""},
    ""units_quantity"": {""status"": ""NOT_APPLICABLE"", ""reason"": ""not required""},
    ""crs_geometry_area"": {""status"": ""NOT_APPLICABLE"", ""reason"": ""not required""},
    ""spectral_semantics"": {""status"": ""NOT_APPLICABLE"", ""reason"": ""not required""},
    ""processing_quality"": {""status"": ""NOT_APPLICABLE"", ""reason"": ""not required""},
    ""vertical_semantics"": {""status"": ""NOT_APPLICABLE"", ""reason"": ""not required""},
    ""temporal_causality"": {""status"": ""NOT_APPLICABLE"", ""reason"": ""not required""},
    ""evaluation_independence"": {""status"": ""NOT_APPLICABLE"", ""reason"": ""not required""},
    ""nodata_physical_domain"": {""status"": ""NOT_APPLICABLE"", ""reason"": ""not required""},
    ""uncertainty_fitness"": {""status"": ""NOT_APPLICABLE"", ""reason"": ""not required""}
  },
  ""summary"": ""Downsampling is performed without claiming new information, and no other obligations are applicable."",
  ""confidence"": 5
}"
SGX3_DEVELOPMENT_nodata_zero_000,strong_A,Qwen/Qwen2.5-7B-Instruct,PROVEN,1.0,5,"{""provenance"": {""status"": ""PASS"", ""reason"": ""authoritative source is supplied""}, ""categorical_semantics"": {""status"": ""NOT_APPLICABLE"", ""reason"": ""not required""}, ""spatial_support_resolution"": {""status"": ""PASS"", ""reason"": ""resolution is defined""}, ""units_quantity"": {""status"": ""NOT_APPLICABLE"", ""reason"": ""not required""}, ""crs_geometry_area"": {""status"": ""PASS"", ""reason"": ""coordinate reference system is defined""}, ""spectral_semantics"": {""status"": ""NOT_APPLICABLE"", ""reason"": ""not required""}, ""processing_quality"": {""status"": ""NOT_APPLICABLE"", ""reason"": ""not required""}, ""vertical_semantics"": {""status"": ""NOT_APPLICABLE"", ""reason"": ""not required""}, ""temporal_causality"": {""status"": ""NOT_APPLICABLE"", ""reason"": ""not required""}, ""evaluation_independence"": {""status"": ""NOT_APPLICABLE"", ""reason"": ""not required""}, ""nodata_physical_domain"": {""status"": ""PASS"", ""reason"": ""nodata semantics are defined and zero is physically valid""}, ""uncertainty_fitness"": {""status"": ""NOT_APPLICABLE"", ""reason"": ""not required""}}",Workflow meets nodata handling requirements but lacks some metadata.,"{
  ""obligations"": {
    ""provenance"": {""status"": ""PASS"", ""reason"": ""authoritative source is supplied""},
    ""categorical_semantics"": {""status"": ""NOT_APPLICABLE"", ""reason"": ""not required""},
    ""spatial_support_resolution"": {""status"": ""PASS"", ""reason"": ""resolution is defined""},
    ""units_quantity"": {""status"": ""NOT_APPLICABLE"", ""reason"": ""not required""},
    ""crs_geometry_area"": {""status"": ""PASS"", ""reason"": ""coordinate reference system is defined""},
    ""spectral_semantics"": {""status"": ""NOT_APPLICABLE"", ""reason"": ""not required""},
    ""processing_quality"": {""status"": ""NOT_APPLICABLE"", ""reason"": ""not required""},
    ""vertical_semantics"": {""status"": ""NOT_APPLICABLE"", ""reason"": ""not required""},
    ""temporal_causality"": {""status"": ""NOT_APPLICABLE"", ""reason"": ""not required""},
    ""evaluation_independence"": {""status"": ""NOT_APPLICABLE"", ""reason"": ""not required""},
    ""nodata_physical_domain"": {""status"": ""PASS"", ""reason"": ""nodata semantics are defined and zero is physically valid""},
    ""uncertainty_fitness"": {""status"": ""NOT_APPLICABLE"", ""reason"": ""not required""}
  },
  ""summary"": ""Workflow meets nodata handling requirements but lacks some metadata."",
  ""confidence"": 5
}"
SGX3_BLIND_eo_ml_validation_021,strong_A,Qwen/Qwen2.5-7B-Instruct,PROVEN,1.0,5,"{""provenance"": {""status"": ""PASS"", ""reason"": ""authoritative source is supplied""}, ""categorical_semantics"": {""status"": ""NOT_APPLICABLE"", ""reason"": ""not required""}, ""spatial_support_resolution"": {""status"": ""PASS"", ""reason"": ""resolution is within acceptable range""}, ""units_quantity"": {""status"": ""NOT_APPLICABLE"", ""reason"": ""not required""}, ""crs_geometry_area"": {""status"": ""PASS"", ""reason"": ""coordinate reference system is specified""}, ""spectral_semantics"": {""status"": ""NOT_APPLICABLE"", ""reason"": ""not required""}, ""processing_quality"": {""status"": ""NOT_APPLICABLE"", ""reason"": ""not required""}, ""vertical_semantics"": {""status"": ""NOT_APPLICABLE"", ""reason"": ""not required""}, ""temporal_causality"": {""status"": ""PASS"", ""reason"": ""temporal split is valid""}, ""evaluation_independence"": {""status"": ""PASS"", ""reason"": ""split is based on temporal criteria""}, ""nodata_physical_domain"": {""status"": ""NOT_APPLICABLE"", ""reason"": ""not required""}, ""uncertainty_fitness"": {""status"": ""NOT_APPLICABLE"", ""reason"": ""not required""}}",Temporal split is valid and does not introduce future information leakage.,"{
  ""obligations"": {
    ""provenance"": {""status"": ""PASS"", ""reason"": ""authoritative source is supplied""},
    ""categorical_semantics"": {""status"": ""NOT_APPLICABLE"", ""reason"": ""not required""},
    ""spatial_support_resolution"": {""status"": ""PASS"", ""reason"": ""resolution is within acceptable range""},
    ""units_quantity"": {""status"": ""NOT_APPLICABLE"", ""reason"": ""not required""},
    ""crs_geometry_area"": {""status"": ""PASS"", ""reason"": ""coordinate reference system is specified""},
    ""spectral_semantics"": {""status"": ""NOT_APPLICABLE"", ""reason"": ""not required""},
    ""processing_quality"": {""status"": ""NOT_APPLICABLE"", ""reason"": ""not required""},
    ""vertical_semantics"": {""status"": ""NOT_APPLICABLE"", ""reason"": ""not required""},
    ""temporal_causality"": {""status"": ""PASS"", ""reason"": ""temporal split is valid""},
    ""evaluation_independence"": {""status"": ""PASS"", ""reason"": ""split is based on temporal criteria""},
    ""nodata_physical_domain"": {""status"": ""NOT_APPLICABLE"", ""reason"": ""not required""},
    ""uncertainty_fitness"": {""status"": ""NOT_APPLICABLE"", ""reason"": ""not required""}
  },
  ""summary"": ""Temporal split is valid and does not introduce future information leakage."",
  ""confidence"": 5
}"
SGX3_HELDOUT-FAMILY_vertical_datum_unknown_001,strong_A,Qwen/Qwen2.5-7B-Instruct,PROVEN,1.0,5,"{""provenance"": {""status"": ""PASS"", ""reason"": ""both sources are authoritative products""}, ""categorical_semantics"": {""status"": ""NOT_APPLICABLE"", ""reason"": ""no categorical operations involved""}, ""spatial_support_resolution"": {""status"": ""PASS"", ""reason"": ""same CRS and resolution""}, ""units_quantity"": {""status"": ""PASS"", ""reason"": ""same units (m)""}, ""crs_geometry_area"": {""status"": ""PASS"", ""reason"": ""same CRS and no claims of finer information""}, ""spectral_semantics"": {""status"": ""NOT_APPLICABLE"", ""reason"": ""no spectral operations involved""}, ""processing_quality"": {""status"": ""NOT_APPLICABLE"", ""reason"": ""no processing level or quality metadata provided""}, ""vertical_semantics"": {""status"": ""PASS"", ""reason"": ""same vertical datum (EGM2008)""}, ""temporal_causality"": {""status"": ""NOT_APPLICABLE"", ""reason"": ""no temporal operations involved""}, ""evaluation_independence"": {""status"": ""NOT_APPLICABLE"", ""reason"": ""no evaluation split involved""}, ""nodata_physical_domain"": {""status"": ""NOT_APPLICABLE"", ""reason"": ""no nodata semantics or value ranges provided""}, ""uncertainty_fitness"": {""status"": ""NOT_APPLICABLE"", ""reason"": ""no uncertainty requirement or evidence provided""}}","Vertical datum compatibility and spatial support are satisfied, but no uncertainty or temporal evidence is provided.","{
  ""obligations"": {
    ""provenance"": {""status"": ""PASS"", ""reason"": ""both sources are authoritative products""},
    ""categorical_semantics"": {""status"": ""NOT_APPLICABLE"", ""reason"": ""no categorical operations involved""},
    ""spatial_support_resolution"": {""status"": ""PASS"", ""reason"": ""same CRS and resolution""},
    ""units_quantity"": {""status"": ""PASS"", ""reason"": ""same units (m)""},
    ""crs_geometry_area"": {""status"": ""PASS"", ""reason"": ""same CRS and no claims of finer information""},
    ""spectral_semantics"": {""status"": ""NOT_APPLICABLE"", ""reason"": ""no spectral operations involved""},
    ""processing_quality"": {""status"": ""NOT_APPLICABLE"", ""reason"": ""no processing level or quality metadata provided""},
    ""vertical_semantics"": {""status"": ""PASS"", ""reason"": ""same vertical datum (EGM2008)""},
    ""temporal_causality"": {""status"": ""NOT_APPLICABLE"", ""reason"": ""no temporal operations involved""},
    ""evaluation_independence"": {""status"": ""NOT_APPLICABLE"", ""reason"": ""no evaluation split involved""},
    ""nodata_physical_domain"": {""status"": ""NOT_APPLICABLE"", ""reason"": ""no nodata semantics or value ranges provided""},
    ""uncertainty_fitness"": {""status"": ""NOT_APPLICABLE"", ""reason"": ""no uncertainty requirement or evidence provided""}
  },
  ""summary"": ""Vertical datum compatibility and spatial support are satisfied, but no uncertainty or temporal evidence is provided."",
  ""confidence"": 5
}"
SGX3_HELDOUT-FAMILY_uncertainty_missing_014,strong_A,Qwen/Qwen2.5-7B-Instruct,PROVEN,1.0,5,"{""provenance"": {""status"": ""PASS"", ""reason"": ""authoritative source is supplied""}, ""categorical_semantics"": {""status"": ""NOT_APPLICABLE"", ""reason"": ""not required""}, ""spatial_support_resolution"": {""status"": ""PASS"", ""reason"": ""resolution meets max_resolution_m requirement""}, ""units_quantity"": {""status"": ""PASS"", ""reason"": ""unit is dimensionless, no specific unit requirement""}, ""crs_geometry_area"": {""status"": ""PASS"", ""reason"": ""coordinate reference system is specified""}, ""spectral_semantics"": {""status"": ""NOT_APPLICABLE"", ""reason"": ""not required""}, ""processing_quality"": {""status"": ""NOT_APPLICABLE"", ""reason"": ""not required""}, ""vertical_semantics"": {""status"": ""NOT_APPLICABLE"", ""reason"": ""not required""}, ""temporal_causality"": {""status"": ""NOT_APPLICABLE"", ""reason"": ""no temporal operations or dependencies""}, ""evaluation_independence"": {""status"": ""NOT_APPLICABLE"", ""reason"": ""no evaluation split""}, ""nodata_physical_domain"": {""status"": ""PASS"", ""reason"": ""nodata semantics are not required""}, ""uncertainty_fitness"": {""status"": ""PASS"", ""reason"": ""uncertainty within max_uncertainty requirement""}}",Workflow meets all applicable proof obligations within specified constraints.,"{
  ""obligations"": {
    ""provenance"": {""status"": ""PASS"", ""reason"": ""authoritative source is supplied""},
    ""categorical_semantics"": {""status"": ""NOT_APPLICABLE"", ""reason"": ""not required""},
    ""spatial_support_resolution"": {""status"": ""PASS"", ""reason"": ""resolution meets max_resolution_m requirement""},
    ""units_quantity"": {""status"": ""PASS"", ""reason"": ""unit is dimensionless, no specific unit requirement""},
    ""crs_geometry_area"": {""status"": ""PASS"", ""reason"": ""coordinate reference system is specified""},
    ""spectral_semantics"": {""status"": ""NOT_APPLICABLE"", ""reason"": ""not required""},
    ""processing_quality"": {""status"": ""NOT_APPLICABLE"", ""reason"": ""not required""},
    ""vertical_semantics"": {""status"": ""NOT_APPLICABLE"", ""reason"": ""not required""},
    ""temporal_causality"": {""status"": ""NOT_APPLICABLE"", ""reason"": ""no temporal operations or dependencies""},
    ""evaluation_independence"": {""status"": ""NOT_APPLICABLE"", ""reason"": ""no evaluation split""},
    ""nodata_physical_domain"": {""status"": ""PASS"", ""reason"": ""nodata semantics are not required""},
    ""uncertainty_fitness"": {""status"": ""PASS"", ""reason"": ""uncertainty within max_uncertainty requirement""}
  },
  ""summary"": ""Workflow meets all applicable proof obligations within specified constraints."",
  ""confidence"": 5
}"
SGX3_BLIND_eo_ml_validation_036,strong_A,Qwen/Qwen2.5-7B-Instruct,PROVEN,1.0,5,"{""provenance"": {""status"": ""PASS"", ""reason"": ""authoritative source is supplied""}, ""categorical_semantics"": {""status"": ""NOT_APPLICABLE"", ""reason"": ""not required""}, ""spatial_support_resolution"": {""status"": ""PASS"", ""reason"": ""resolution and separation are provided""}, ""units_quantity"": {""status"": ""NOT_APPLICABLE"", ""reason"": ""not required""}, ""crs_geometry_area"": {""status"": ""PASS"", ""reason"": ""CRS is specified""}, ""spectral_semantics"": {""status"": ""NOT_APPLICABLE"", ""reason"": ""not required""}, ""processing_quality"": {""status"": ""NOT_APPLICABLE"", ""reason"": ""not required""}, ""vertical_semantics"": {""status"": ""NOT_APPLICABLE"", ""reason"": ""not required""}, ""temporal_causality"": {""status"": ""NOT_APPLICABLE"", ""reason"": ""not required""}, ""evaluation_independence"": {""status"": ""PASS"", ""reason"": ""spatial dependence is within specified range""}, ""nodata_physical_domain"": {""status"": ""NOT_APPLICABLE"", ""reason"": ""not required""}, ""uncertainty_fitness"": {""status"": ""NOT_APPLICABLE"", ""reason"": ""not required""}}",Spatial split operation is valid given the specified parameters and no additional constraints were declared.,"{
  ""obligations"": {
    ""provenance"": {""status"": ""PASS"", ""reason"": ""authoritative source is supplied""},
    ""categorical_semantics"": {""status"": ""NOT_APPLICABLE"", ""reason"": ""not required""},
    ""spatial_support_resolution"": {""status"": ""PASS"", ""reason"": ""resolution and separation are provided""},
    ""units_quantity"": {""status"": ""NOT_APPLICABLE"", ""reason"": ""not required""},
    ""crs_geometry_area"": {""status"": ""PASS"", ""reason"": ""CRS is specified""},
    ""spectral_semantics"": {""status"": ""NOT_APPLICABLE"", ""reason"": ""not required""},
    ""processing_quality"": {""status"": ""NOT_APPLICABLE"", ""reason"": ""not required""},
    ""vertical_semantics"": {""status"": ""NOT_APPLICABLE"", ""reason"": ""not required""},
    ""temporal_causality"": {""status"": ""NOT_APPLICABLE"", ""reason"": ""not required""},
    ""evaluation_independence"": {""status"": ""PASS"", ""reason"": ""spatial dependence is within specified range""},
    ""nodata_physical_domain"": {""status"": ""NOT_APPLICABLE"", ""reason"": ""not required""},
    ""uncertainty_fitness"": {""status"": ""NOT_APPLICABLE"", ""reason"": ""not required""}
  },
  ""summary"": ""Spatial split operation is valid given the specified parameters and no additional constraints were declared."",
  ""confidence"": 5
}"
SGX3_BLIND_flood_remote_sensing_025,strong_A,Qwen/Qwen2.5-7B-Instruct,PROVEN,1.0,5,"{""provenance"": {""status"": ""PASS"", ""reason"": ""all sources are authoritative products""}, ""categorical_semantics"": {""status"": ""NOT_APPLICABLE"", ""reason"": ""no categorical operations are involved""}, ""spatial_support_resolution"": {""status"": ""PASS"", ""reason"": ""all artifacts have the same resolution (10m)""}, ""units_quantity"": {""status"": ""NOT_APPLICABLE"", ""reason"": ""units are not required for binary data and backscatter/reflectance""}, ""crs_geometry_area"": {""status"": ""PASS"", ""reason"": ""all artifacts use the same CRS (EPSG:32643) and method is geodesic""}, ""spectral_semantics"": {""status"": ""NOT_APPLICABLE"", ""reason"": ""no spectral operations are involved""}, ""processing_quality"": {""status"": ""NOT_APPLICABLE"", ""reason"": ""processing levels are not specified""}, ""vertical_semantics"": {""status"": ""NOT_APPLICABLE"", ""reason"": ""no vertical quantities are involved""}, ""temporal_causality"": {""status"": ""PASS"", ""reason"": ""acquisition times are different, no future information leakage""}, ""evaluation_independence"": {""status"": ""NOT_APPLICABLE"", ""reason"": ""no evaluation split is present""}, ""nodata_physical_domain"": {""status"": ""NOT_APPLICABLE"", ""reason"": ""nodata semantics are not required for binary data and backscatter/reflectance""}, ""uncertainty_fitness"": {""status"": ""NOT_APPLICABLE"", ""reason"": ""uncertainty is not required for binary data and backscatter/reflectance""}}","Workflow operations are consistent with the provided artifacts and scientific intent, no contradictions found.","{
  ""obligations"": {
    ""provenance"": {""status"": ""PASS"", ""reason"": ""all sources are authoritative products""},
    ""categorical_semantics"": {""status"": ""NOT_APPLICABLE"", ""reason"": ""no categorical operations are involved""},
    ""spatial_support_resolution"": {""status"": ""PASS"", ""reason"": ""all artifacts have the same resolution (10m)""},
    ""units_quantity"": {""status"": ""NOT_APPLICABLE"", ""reason"": ""units are not required for binary data and backscatter/reflectance""},
    ""crs_geometry_area"": {""status"": ""PASS"", ""reason"": ""all artifacts use the same CRS (EPSG:32643) and method is geodesic""},
    ""spectral_semantics"": {""status"": ""NOT_APPLICABLE"", ""reason"": ""no spectral operations are involved""},
    ""processing_quality"": {""status"": ""NOT_APPLICABLE"", ""reason"": ""processing levels are not specified""},
    ""vertical_semantics"": {""status"": ""NOT_APPLICABLE"", ""reason"": ""no vertical quantities are involved""},
    ""temporal_causality"": {""status"": ""PASS"", ""reason"": ""acquisition times are different, no future information leakage""},
    ""evaluation_independence"": {""status"": ""NOT_APPLICABLE"", ""reason"": ""no evaluation split is present""},
    ""nodata_physical_domain"": {""status"": ""NOT_APPLICABLE"", ""reason"": ""nodata semantics are not required for binary data and backscatter/reflectance""},
    ""uncertainty_fitness"": {""status"": ""NOT_APPLICABLE"", ""reason"": ""uncertainty is not required for binary data and backscatter/reflectance""}
  },
  ""summary"": ""Workflow operations are consistent with the provided artifacts and scientific intent, no contradictions found."",
  ""confidence"": 5
}"
SGX3_HELDOUT-FAMILY_uncertainty_missing_008,strong_A,Qwen/Qwen2.5-7B-Instruct,PROVEN,1.0,5,"{""provenance"": {""status"": ""PASS"", ""reason"": ""authoritative source is supplied""}, ""categorical_semantics"": {""status"": ""NOT_APPLICABLE"", ""reason"": ""not required""}, ""spatial_support_resolution"": {""status"": ""PASS"", ""reason"": ""resolution meets max_resolution_m requirement""}, ""units_quantity"": {""status"": ""PASS"", ""reason"": ""unit is dimensionless, no specific unit requirement""}, ""crs_geometry_area"": {""status"": ""PASS"", ""reason"": ""coordinate reference system is specified""}, ""spectral_semantics"": {""status"": ""NOT_APPLICABLE"", ""reason"": ""not required""}, ""processing_quality"": {""status"": ""NOT_APPLICABLE"", ""reason"": ""not required""}, ""vertical_semantics"": {""status"": ""NOT_APPLICABLE"", ""reason"": ""not required""}, ""temporal_causality"": {""status"": ""NOT_APPLICABLE"", ""reason"": ""no temporal operations or dependencies""}, ""evaluation_independence"": {""status"": ""NOT_APPLICABLE"", ""reason"": ""no evaluation split""}, ""nodata_physical_domain"": {""status"": ""PASS"", ""reason"": ""nodata semantics are not required""}, ""uncertainty_fitness"": {""status"": ""PASS"", ""reason"": ""uncertainty within max_uncertainty requirement""}}",Workflow meets all applicable proof obligations within specified constraints.,"{
  ""obligations"": {
    ""provenance"": {""status"": ""PASS"", ""reason"": ""authoritative source is supplied""},
    ""categorical_semantics"": {""status"": ""NOT_APPLICABLE"", ""reason"": ""not required""},
    ""spatial_support_resolution"": {""status"": ""PASS"", ""reason"": ""resolution meets max_resolution_m requirement""},
    ""units_quantity"": {""status"": ""PASS"", ""reason"": ""unit is dimensionless, no specific unit requirement""},
    ""crs_geometry_area"": {""status"": ""PASS"", ""reason"": ""coordinate reference system is specified""},
    ""spectral_semantics"": {""status"": ""NOT_APPLICABLE"", ""reason"": ""not required""},
    ""processing_quality"": {""status"": ""NOT_APPLICABLE"", ""reason"": ""not required""},
    ""vertical_semantics"": {""status"": ""NOT_APPLICABLE"", ""reason"": ""not required""},
    ""temporal_causality"": {""status"": ""NOT_APPLICABLE"", ""reason"": ""no temporal operations or dependencies""},
    ""evaluation_independence"": {""status"": ""NOT_APPLICABLE"", ""reason"": ""no evaluation split""},
    ""nodata_physical_domain"": {""status"": ""PASS"", ""reason"": ""nodata semantics are not required""},
    ""uncertainty_fitness"": {""status"": ""PASS"", ""reason"": ""uncertainty within max_uncertainty requirement""}
  },
  ""summary"": ""Workflow meets all applicable proof obligations within specified constraints."",
  ""confidence"": 5
}"
SGX3_DEVELOPMENT_future_information_006,strong_A,Qwen/Qwen2.5-7B-Instruct,REFUTED,1.0,5,"{""provenance"": {""status"": ""PASS"", ""reason"": ""authoritative source is supplied""}, ""categorical_semantics"": {""status"": ""NOT_APPLICABLE"", ""reason"": ""not required""}, ""spatial_support_resolution"": {""status"": ""NOT_APPLICABLE"", ""reason"": ""not required""}, ""units_quantity"": {""status"": ""NOT_APPLICABLE"", ""reason"": ""not required""}, ""crs_geometry_area"": {""status"": ""NOT_APPLICABLE"", ""reason"": ""not required""}, ""spectral_semantics"": {""status"": ""NOT_APPLICABLE"", ""reason"": ""not required""}, ""processing_quality"": {""status"": ""NOT_APPLICABLE"", ""reason"": ""not required""}, ""vertical_semantics"": {""status"": ""NOT_APPLICABLE"", ""reason"": ""not required""}, ""temporal_causality"": {""status"": ""FAIL"", ""reason"": ""feature is available after decision time""}, ""evaluation_independence"": {""status"": ""NOT_APPLICABLE"", ""reason"": ""not required""}, ""nodata_physical_domain"": {""status"": ""NOT_APPLICABLE"", ""reason"": ""not required""}, ""uncertainty_fitness"": {""status"": ""NOT_APPLICABLE"", ""reason"": ""not required""}}",future information leakage due to feature availability after decision time,"{
  ""obligations"": {
    ""provenance"": {""status"": ""PASS"", ""reason"": ""authoritative source is supplied""},
    ""categorical_semantics"": {""status"": ""NOT_APPLICABLE"", ""reason"": ""not required""},
    ""spatial_support_resolution"": {""status"": ""NOT_APPLICABLE"", ""reason"": ""not required""},
    ""units_quantity"": {""status"": ""NOT_APPLICABLE"", ""reason"": ""not required""},
    ""crs_geometry_area"": {""status"": ""NOT_APPLICABLE"", ""reason"": ""not required""},
    ""spectral_semantics"": {""status"": ""NOT_APPLICABLE"", ""reason"": ""not required""},
    ""processing_quality"": {""status"": ""NOT_APPLICABLE"", ""reason"": ""not required""},
    ""vertical_semantics"": {""status"": ""NOT_APPLICABLE"", ""reason"": ""not required""},
    ""temporal_causality"": {""status"": ""FAIL"", ""reason"": ""feature is available after decision time""},
    ""evaluation_independence"": {""status"": ""NOT_APPLICABLE"", ""reason"": ""not required""},
    ""nodata_physical_domain"": {""status"": ""NOT_APPLICABLE"", ""reason"": ""not required""},
    ""uncertainty_fitness"": {""status"": ""NOT_APPLICABLE"", ""reason"": ""not required""}
  },
  ""summary"": ""future information leakage due to feature availability after decision time"",
  ""confidence"": 5
}"
SGX3_BLIND_flood_depth_024,strong_A,Qwen/Qwen2.5-7B-Instruct,REFUTED,1.0,5,"{""provenance"": {""status"": ""PASS"", ""reason"": ""both sources are supplied""}, ""categorical_semantics"": {""status"": ""NOT_APPLICABLE"", ""reason"": ""no categorical operations involved""}, ""spatial_support_resolution"": {""status"": ""PASS"", ""reason"": ""both artifacts have the same resolution""}, ""units_quantity"": {""status"": ""FAIL"", ""reason"": ""water level is converted to Kelvin, which is invalid""}, ""crs_geometry_area"": {""status"": ""PASS"", ""reason"": ""both artifacts use the same CRS""}, ""spectral_semantics"": {""status"": ""NOT_APPLICABLE"", ""reason"": ""no spectral operations involved""}, ""processing_quality"": {""status"": ""NOT_APPLICABLE"", ""reason"": ""no processing quality metadata provided""}, ""vertical_semantics"": {""status"": ""PASS"", ""reason"": ""both artifacts use the same vertical datum""}, ""temporal_causality"": {""status"": ""NOT_APPLICABLE"", ""reason"": ""no temporal operations involved""}, ""evaluation_independence"": {""status"": ""NOT_APPLICABLE"", ""reason"": ""no evaluation split involved""}, ""nodata_physical_domain"": {""status"": ""NOT_APPLICABLE"", ""reason"": ""no nodata semantics provided""}, ""uncertainty_fitness"": {""status"": ""NOT_APPLICABLE"", ""reason"": ""no uncertainty requirement specified""}}",invalid unit conversion in the workflow,"{
  ""obligations"": {
    ""provenance"": {""status"": ""PASS"", ""reason"": ""both sources are supplied""},
    ""categorical_semantics"": {""status"": ""NOT_APPLICABLE"", ""reason"": ""no categorical operations involved""},
    ""spatial_support_resolution"": {""status"": ""PASS"", ""reason"": ""both artifacts have the same resolution""},
    ""units_quantity"": {""status"": ""FAIL"", ""reason"": ""water level is converted to Kelvin, which is invalid""},
    ""crs_geometry_area"": {""status"": ""PASS"", ""reason"": ""both artifacts use the same CRS""},
    ""spectral_semantics"": {""status"": ""NOT_APPLICABLE"", ""reason"": ""no spectral operations involved""},
    ""processing_quality"": {""status"": ""NOT_APPLICABLE"", ""reason"": ""no processing quality metadata provided""},
    ""vertical_semantics"": {""status"": ""PASS"", ""reason"": ""both artifacts use the same vertical datum""},
    ""temporal_causality"": {""status"": ""NOT_APPLICABLE"", ""reason"": ""no temporal operations involved""},
    ""evaluation_independence"": {""status"": ""NOT_APPLICABLE"", ""reason"": ""no evaluation split involved""},
    ""nodata_physical_domain"": {""status"": ""NOT_APPLICABLE"", ""reason"": ""no nodata semantics provided""},
    ""uncertainty_fitness"": {""status"": ""NOT_APPLICABLE"", ""reason"": ""no uncertainty requirement specified""}
  },
  ""summary"": ""invalid unit conversion in the workflow"",
  ""confidence"": 5
}"
SGX3_BLIND_eo_ml_validation_039,strong_A,Qwen/Qwen2.5-7B-Instruct,PROVEN,1.0,5,"{""provenance"": {""status"": ""PASS"", ""reason"": ""authoritative source is supplied""}, ""categorical_semantics"": {""status"": ""NOT_APPLICABLE"", ""reason"": ""not required""}, ""spatial_support_resolution"": {""status"": ""PASS"", ""reason"": ""resolution is within the required range (if specified)""}, ""units_quantity"": {""status"": ""NOT_APPLICABLE"", ""reason"": ""not required""}, ""crs_geometry_area"": {""status"": ""PASS"", ""reason"": ""coordinate reference system is specified""}, ""spectral_semantics"": {""status"": ""NOT_APPLICABLE"", ""reason"": ""not required""}, ""processing_quality"": {""status"": ""NOT_APPLICABLE"", ""reason"": ""not required""}, ""vertical_semantics"": {""status"": ""NOT_APPLICABLE"", ""reason"": ""not required""}, ""temporal_causality"": {""status"": ""NOT_APPLICABLE"", ""reason"": ""not required""}, ""evaluation_independence"": {""status"": ""PASS"", ""reason"": ""split mode is 'scene' and overlap fraction is within a reasonable range""}, ""nodata_physical_domain"": {""status"": ""NOT_APPLICABLE"", ""reason"": ""not required""}, ""uncertainty_fitness"": {""status"": ""NOT_APPLICABLE"", ""reason"": ""not required""}}","The workflow for splitting scenes appears to be valid given the provided artifacts and operations, with no explicit requirements for units, quantities, or uncertainties.","{
  ""obligations"": {
    ""provenance"": {""status"": ""PASS"", ""reason"": ""authoritative source is supplied""},
    ""categorical_semantics"": {""status"": ""NOT_APPLICABLE"", ""reason"": ""not required""},
    ""spatial_support_resolution"": {""status"": ""PASS"", ""reason"": ""resolution is within the required range (if specified)""},
    ""units_quantity"": {""status"": ""NOT_APPLICABLE"", ""reason"": ""not required""},
    ""crs_geometry_area"": {""status"": ""PASS"", ""reason"": ""coordinate reference system is specified""},
    ""spectral_semantics"": {""status"": ""NOT_APPLICABLE"", ""reason"": ""not required""},
    ""processing_quality"": {""status"": ""NOT_APPLICABLE"", ""reason"": ""not required""},
    ""vertical_semantics"": {""status"": ""NOT_APPLICABLE"", ""reason"": ""not required""},
    ""temporal_causality"": {""status"": ""NOT_APPLICABLE"", ""reason"": ""not required""},
    ""evaluation_independence"": {""status"": ""PASS"", ""reason"": ""split mode is 'scene' and overlap fraction is within a reasonable range""},
    ""nodata_physical_domain"": {""status"": ""NOT_APPLICABLE"", ""reason"": ""not required""},
    ""uncertainty_fitness"": {""status"": ""NOT_APPLICABLE"", ""reason"": ""not required""}
  },
  ""summary"": ""The workflow for splitting scenes appears to be valid given the provided artifacts and operations, with no explicit requirements for units, quantities, or uncertainties."",
  ""confidence"": 5
}"
SGX3_HELDOUT-FAMILY_uncertainty_missing_009,strong_A,Qwen/Qwen2.5-7B-Instruct,PROVEN,1.0,5,"{""provenance"": {""status"": ""PASS"", ""reason"": ""authoritative source is supplied""}, ""categorical_semantics"": {""status"": ""NOT_APPLICABLE"", ""reason"": ""not required""}, ""spatial_support_resolution"": {""status"": ""PASS"", ""reason"": ""resolution meets max_resolution_m requirement""}, ""units_quantity"": {""status"": ""PASS"", ""reason"": ""unit is dimensionless and required_unit is null""}, ""crs_geometry_area"": {""status"": ""PASS"", ""reason"": ""coordinate reference system is specified""}, ""spectral_semantics"": {""status"": ""NOT_APPLICABLE"", ""reason"": ""not required""}, ""processing_quality"": {""status"": ""NOT_APPLICABLE"", ""reason"": ""not required""}, ""vertical_semantics"": {""status"": ""NOT_APPLICABLE"", ""reason"": ""not required""}, ""temporal_causality"": {""status"": ""NOT_APPLICABLE"", ""reason"": ""no temporal operations are performed""}, ""evaluation_independence"": {""status"": ""NOT_APPLICABLE"", ""reason"": ""no evaluation split is present""}, ""nodata_physical_domain"": {""status"": ""PASS"", ""reason"": ""nodata semantics are not required""}, ""uncertainty_fitness"": {""status"": ""PASS"", ""reason"": ""uncertainty meets max_uncertainty requirement""}}",Workflow meets all applicable proof obligations within specified constraints.,"{
  ""obligations"": {
    ""provenance"": {""status"": ""PASS"", ""reason"": ""authoritative source is supplied""},
    ""categorical_semantics"": {""status"": ""NOT_APPLICABLE"", ""reason"": ""not required""},
    ""spatial_support_resolution"": {""status"": ""PASS"", ""reason"": ""resolution meets max_resolution_m requirement""},
    ""units_quantity"": {""status"": ""PASS"", ""reason"": ""unit is dimensionless and required_unit is null""},
    ""crs_geometry_area"": {""status"": ""PASS"", ""reason"": ""coordinate reference system is specified""},
    ""spectral_semantics"": {""status"": ""NOT_APPLICABLE"", ""reason"": ""not required""},
    ""processing_quality"": {""status"": ""NOT_APPLICABLE"", ""reason"": ""not required""},
    ""vertical_semantics"": {""status"": ""NOT_APPLICABLE"", ""reason"": ""not required""},
    ""temporal_causality"": {""status"": ""NOT_APPLICABLE"", ""reason"": ""no temporal operations are performed""},
    ""evaluation_independence"": {""status"": ""NOT_APPLICABLE"", ""reason"": ""no evaluation split is present""},
    ""nodata_physical_domain"": {""status"": ""PASS"", ""reason"": ""nodata semantics are not required""},
    ""uncertainty_fitness"": {""status"": ""PASS"", ""reason"": ""uncertainty meets max_uncertainty requirement""}
  },
  ""summary"": ""Workflow meets all applicable proof obligations within specified constraints."",
  ""confidence"": 5
}"
SGX3_BLIND_flood_remote_sensing_049,strong_A,Qwen/Qwen2.5-7B-Instruct,PROVEN,1.0,5,"{""provenance"": {""status"": ""PASS"", ""reason"": ""all sources are authoritative products""}, ""categorical_semantics"": {""status"": ""NOT_APPLICABLE"", ""reason"": ""no categorical operations involved""}, ""spatial_support_resolution"": {""status"": ""PASS"", ""reason"": ""all artifacts have specified resolutions""}, ""units_quantity"": {""status"": ""NOT_APPLICABLE"", ""reason"": ""units are unspecified""}, ""crs_geometry_area"": {""status"": ""PASS"", ""reason"": ""all artifacts use EPSG:32643""}, ""spectral_semantics"": {""status"": ""NOT_APPLICABLE"", ""reason"": ""no spectral operations involved""}, ""processing_quality"": {""status"": ""NOT_APPLICABLE"", ""reason"": ""processing levels are unspecified""}, ""vertical_semantics"": {""status"": ""NOT_APPLICABLE"", ""reason"": ""no vertical quantities involved""}, ""temporal_causality"": {""status"": ""PASS"", ""reason"": ""acquisition times are before available times""}, ""evaluation_independence"": {""status"": ""NOT_APPLICABLE"", ""reason"": ""no evaluation split involved""}, ""nodata_physical_domain"": {""status"": ""NOT_APPLICABLE"", ""reason"": ""nodata semantics are unspecified""}, ""uncertainty_fitness"": {""status"": ""NOT_APPLICABLE"", ""reason"": ""uncertainty is unspecified""}}","Workflow operations are consistent with provided artifacts and scientific intent, no violations found.","{
  ""obligations"": {
    ""provenance"": {""status"": ""PASS"", ""reason"": ""all sources are authoritative products""},
    ""categorical_semantics"": {""status"": ""NOT_APPLICABLE"", ""reason"": ""no categorical operations involved""},
    ""spatial_support_resolution"": {""status"": ""PASS"", ""reason"": ""all artifacts have specified resolutions""},
    ""units_quantity"": {""status"": ""NOT_APPLICABLE"", ""reason"": ""units are unspecified""},
    ""crs_geometry_area"": {""status"": ""PASS"", ""reason"": ""all artifacts use EPSG:32643""},
    ""spectral_semantics"": {""status"": ""NOT_APPLICABLE"", ""reason"": ""no spectral operations involved""},
    ""processing_quality"": {""status"": ""NOT_APPLICABLE"", ""reason"": ""processing levels are unspecified""},
    ""vertical_semantics"": {""status"": ""NOT_APPLICABLE"", ""reason"": ""no vertical quantities involved""},
    ""temporal_causality"": {""status"": ""PASS"", ""reason"": ""acquisition times are before available times""},
    ""evaluation_independence"": {""status"": ""NOT_APPLICABLE"", ""reason"": ""no evaluation split involved""},
    ""nodata_physical_domain"": {""status"": ""NOT_APPLICABLE"", ""reason"": ""nodata semantics are unspecified""},
    ""uncertainty_fitness"": {""status"": ""NOT_APPLICABLE"", ""reason"": ""uncertainty is unspecified""}
  },
  ""summary"": ""Workflow operations are consistent with provided artifacts and scientific intent, no violations found."",
  ""confidence"": 5
}"
SGX3_BLIND_flood_depth_011,strong_A,Qwen/Qwen2.5-7B-Instruct,PROVEN,1.0,5,"{""provenance"": {""status"": ""PASS"", ""reason"": ""both sources are supplied""}, ""categorical_semantics"": {""status"": ""NOT_APPLICABLE"", ""reason"": ""no categorical operations involved""}, ""spatial_support_resolution"": {""status"": ""PASS"", ""reason"": ""resolutions match for vertical combination""}, ""units_quantity"": {""status"": ""PASS"", ""reason"": ""units are compatible for vertical combination""}, ""crs_geometry_area"": {""status"": ""PASS"", ""reason"": ""same CRS for both inputs""}, ""spectral_semantics"": {""status"": ""NOT_APPLICABLE"", ""reason"": ""no spectral operations involved""}, ""processing_quality"": {""status"": ""NOT_APPLICABLE"", ""reason"": ""no processing quality checks required""}, ""vertical_semantics"": {""status"": ""PASS"", ""reason"": ""vertical datums are compatible for combination""}, ""temporal_causality"": {""status"": ""NOT_APPLICABLE"", ""reason"": ""no temporal operations involved""}, ""evaluation_independence"": {""status"": ""NOT_APPLICABLE"", ""reason"": ""no evaluation split involved""}, ""nodata_physical_domain"": {""status"": ""NOT_APPLICABLE"", ""reason"": ""no nodata checks required""}, ""uncertainty_fitness"": {""status"": ""NOT_APPLICABLE"", ""reason"": ""no uncertainty requirement specified""}}",Vertical combination is valid given compatible vertical datums and matching resolutions.,"{
  ""obligations"": {
    ""provenance"": {""status"": ""PASS"", ""reason"": ""both sources are supplied""},
    ""categorical_semantics"": {""status"": ""NOT_APPLICABLE"", ""reason"": ""no categorical operations involved""},
    ""spatial_support_resolution"": {""status"": ""PASS"", ""reason"": ""resolutions match for vertical combination""},
    ""units_quantity"": {""status"": ""PASS"", ""reason"": ""units are compatible for vertical combination""},
    ""crs_geometry_area"": {""status"": ""PASS"", ""reason"": ""same CRS for both inputs""},
    ""spectral_semantics"": {""status"": ""NOT_APPLICABLE"", ""reason"": ""no spectral operations involved""},
    ""processing_quality"": {""status"": ""NOT_APPLICABLE"", ""reason"": ""no processing quality checks required""},
    ""vertical_semantics"": {""status"": ""PASS"", ""reason"": ""vertical datums are compatible for combination""},
    ""temporal_causality"": {""status"": ""NOT_APPLICABLE"", ""reason"": ""no temporal operations involved""},
    ""evaluation_independence"": {""status"": ""NOT_APPLICABLE"", ""reason"": ""no evaluation split involved""},
    ""nodata_physical_domain"": {""status"": ""NOT_APPLICABLE"", ""reason"": ""no nodata checks required""},
    ""uncertainty_fitness"": {""status"": ""NOT_APPLICABLE"", ""reason"": ""no uncertainty requirement specified""}
  },
  ""summary"": ""Vertical combination is valid given compatible vertical datums and matching resolutions."",
  ""confidence"": 5
}"
SGX3_HELDOUT-FAMILY_missing_provenance_001,strong_A,Qwen/Qwen2.5-7B-Instruct,REFUTED,1.0,5,"{""provenance"": {""status"": ""PASS"", ""reason"": ""source is supplied""}, ""categorical_semantics"": {""status"": ""NOT_APPLICABLE"", ""reason"": ""not required""}, ""spatial_support_resolution"": {""status"": ""PASS"", ""reason"": ""resolution is supplied""}, ""units_quantity"": {""status"": ""FAIL"", ""reason"": ""unit is missing""}, ""crs_geometry_area"": {""status"": ""PASS"", ""reason"": ""CRS is supplied""}, ""spectral_semantics"": {""status"": ""NOT_APPLICABLE"", ""reason"": ""not required""}, ""processing_quality"": {""status"": ""NOT_APPLICABLE"", ""reason"": ""not required""}, ""vertical_semantics"": {""status"": ""NOT_APPLICABLE"", ""reason"": ""not required""}, ""temporal_causality"": {""status"": ""NOT_APPLICABLE"", ""reason"": ""not required""}, ""evaluation_independence"": {""status"": ""NOT_APPLICABLE"", ""reason"": ""not required""}, ""nodata_physical_domain"": {""status"": ""NOT_APPLICABLE"", ""reason"": ""not required""}, ""uncertainty_fitness"": {""status"": ""NOT_APPLICABLE"", ""reason"": ""not required""}}",Missing unit and required evidence for units_quantity obligation,"{
  ""obligations"": {
    ""provenance"": {""status"": ""PASS"", ""reason"": ""source is supplied""},
    ""categorical_semantics"": {""status"": ""NOT_APPLICABLE"", ""reason"": ""not required""},
    ""spatial_support_resolution"": {""status"": ""PASS"", ""reason"": ""resolution is supplied""},
    ""units_quantity"": {""status"": ""FAIL"", ""reason"": ""unit is missing""},
    ""crs_geometry_area"": {""status"": ""PASS"", ""reason"": ""CRS is supplied""},
    ""spectral_semantics"": {""status"": ""NOT_APPLICABLE"", ""reason"": ""not required""},
    ""processing_quality"": {""status"": ""NOT_APPLICABLE"", ""reason"": ""not required""},
    ""vertical_semantics"": {""status"": ""NOT_APPLICABLE"", ""reason"": ""not required""},
    ""temporal_causality"": {""status"": ""NOT_APPLICABLE"", ""reason"": ""not required""},
    ""evaluation_independence"": {""status"": ""NOT_APPLICABLE"", ""reason"": ""not required""},
    ""nodata_physical_domain"": {""status"": ""NOT_APPLICABLE"", ""reason"": ""not required""},
    ""uncertainty_fitness"": {""status"": ""NOT_APPLICABLE"", ""reason"": ""not required""}
  },
  ""summary"": ""Missing unit and required evidence for units_quantity obligation"",
  ""confidence"": 5
}"
SGX3_BLIND_landslide_forecast_000,strong_A,Qwen/Qwen2.5-7B-Instruct,REFUTED,1.0,5,"{""provenance"": {""status"": ""NOT_APPLICABLE"", ""reason"": ""not required""}, ""categorical_semantics"": {""status"": ""NOT_APPLICABLE"", ""reason"": ""not required""}, ""spatial_support_resolution"": {""status"": ""PASS"", ""reason"": ""both artifacts have EPSG:32643 crs""}, ""units_quantity"": {""status"": ""NOT_APPLICABLE"", ""reason"": ""not required""}, ""crs_geometry_area"": {""status"": ""PASS"", ""reason"": ""both artifacts have EPSG:32643 crs""}, ""spectral_semantics"": {""status"": ""NOT_APPLICABLE"", ""reason"": ""not required""}, ""processing_quality"": {""status"": ""NOT_APPLICABLE"", ""reason"": ""not required""}, ""vertical_semantics"": {""status"": ""PASS"", ""reason"": ""both artifacts have compatible vertical datums (IMERG-feature has none)""}, ""temporal_causality"": {""status"": ""FAIL"", ""reason"": ""IMERG-feature available time is before decision time""}, ""evaluation_independence"": {""status"": ""NOT_APPLICABLE"", ""reason"": ""not required""}, ""nodata_physical_domain"": {""status"": ""NOT_APPLICABLE"", ""reason"": ""not required""}, ""uncertainty_fitness"": {""status"": ""NOT_APPLICABLE"", ""reason"": ""not required""}}",Temporal causality is violated due to IMERG-feature availability before decision time,"{
  ""obligations"": {
    ""provenance"": {""status"": ""NOT_APPLICABLE"", ""reason"": ""not required""},
    ""categorical_semantics"": {""status"": ""NOT_APPLICABLE"", ""reason"": ""not required""},
    ""spatial_support_resolution"": {""status"": ""PASS"", ""reason"": ""both artifacts have EPSG:32643 crs""},
    ""units_quantity"": {""status"": ""NOT_APPLICABLE"", ""reason"": ""not required""},
    ""crs_geometry_area"": {""status"": ""PASS"", ""reason"": ""both artifacts have EPSG:32643 crs""},
    ""spectral_semantics"": {""status"": ""NOT_APPLICABLE"", ""reason"": ""not required""},
    ""processing_quality"": {""status"": ""NOT_APPLICABLE"", ""reason"": ""not required""},
    ""vertical_semantics"": {""status"": ""PASS"", ""reason"": ""both artifacts have compatible vertical datums (IMERG-feature has none)""},
    ""temporal_causality"": {""status"": ""FAIL"", ""reason"": ""IMERG-feature available time is before decision time""},
    ""evaluation_independence"": {""status"": ""NOT_APPLICABLE"", ""reason"": ""not required""},
    ""nodata_physical_domain"": {""status"": ""NOT_APPLICABLE"", ""reason"": ""not required""},
    ""uncertainty_fitness"": {""status"": ""NOT_APPLICABLE"", ""reason"": ""not required""}
  },
  ""summary"": ""Temporal causality is violated due to IMERG-feature availability before decision time"",
  ""confidence"": 5
}"
SGX3_BLIND_flood_remote_sensing_002,strong_A,Qwen/Qwen2.5-7B-Instruct,PROVEN,1.0,5,"{""provenance"": {""status"": ""PASS"", ""reason"": ""all sources are authoritative products""}, ""categorical_semantics"": {""status"": ""NOT_APPLICABLE"", ""reason"": ""no categorical operations are involved""}, ""spatial_support_resolution"": {""status"": ""PASS"", ""reason"": ""all artifacts have specified resolutions""}, ""units_quantity"": {""status"": ""NOT_APPLICABLE"", ""reason"": ""units are not required for binary data""}, ""crs_geometry_area"": {""status"": ""PASS"", ""reason"": ""all artifacts use EPSG:32643 and planar area calculation""}, ""spectral_semantics"": {""status"": ""NOT_APPLICABLE"", ""reason"": ""no spectral operations are involved""}, ""processing_quality"": {""status"": ""NOT_APPLICABLE"", ""reason"": ""no processing quality metadata provided""}, ""vertical_semantics"": {""status"": ""NOT_APPLICABLE"", ""reason"": ""no vertical quantities involved""}, ""temporal_causality"": {""status"": ""PASS"", ""reason"": ""acquisition times are within acceptable tolerance""}, ""evaluation_independence"": {""status"": ""NOT_APPLICABLE"", ""reason"": ""no evaluation split provided""}, ""nodata_physical_domain"": {""status"": ""NOT_APPLICABLE"", ""reason"": ""nodata semantics not required for binary data""}, ""uncertainty_fitness"": {""status"": ""NOT_APPLICABLE"", ""reason"": ""uncertainty not required for binary data""}}",Workflow meets all obligations without requiring additional constraints or evidence.,"{
  ""obligations"": {
    ""provenance"": {""status"": ""PASS"", ""reason"": ""all sources are authoritative products""},
    ""categorical_semantics"": {""status"": ""NOT_APPLICABLE"", ""reason"": ""no categorical operations are involved""},
    ""spatial_support_resolution"": {""status"": ""PASS"", ""reason"": ""all artifacts have specified resolutions""},
    ""units_quantity"": {""status"": ""NOT_APPLICABLE"", ""reason"": ""units are not required for binary data""},
    ""crs_geometry_area"": {""status"": ""PASS"", ""reason"": ""all artifacts use EPSG:32643 and planar area calculation""},
    ""spectral_semantics"": {""status"": ""NOT_APPLICABLE"", ""reason"": ""no spectral operations are involved""},
    ""processing_quality"": {""status"": ""NOT_APPLICABLE"", ""reason"": ""no processing quality metadata provided""},
    ""vertical_semantics"": {""status"": ""NOT_APPLICABLE"", ""reason"": ""no vertical quantities involved""},
    ""temporal_causality"": {""status"": ""PASS"", ""reason"": ""acquisition times are within acceptable tolerance""},
    ""evaluation_independence"": {""status"": ""NOT_APPLICABLE"", ""reason"": ""no evaluation split provided""},
    ""nodata_physical_domain"": {""status"": ""NOT_APPLICABLE"", ""reason"": ""nodata semantics not required for binary data""},
    ""uncertainty_fitness"": {""status"": ""NOT_APPLICABLE"", ""reason"": ""uncertainty not required for binary data""}
  },
  ""summary"": ""Workflow meets all obligations without requiring additional constraints or evidence."",
  ""confidence"": 5
}"
SGX3_DEVELOPMENT_processing_level_002,strong_A,Qwen/Qwen2.5-7B-Instruct,PROVEN,1.0,5,"{""provenance"": {""status"": ""PASS"", ""reason"": ""authoritative source is supplied""}, ""categorical_semantics"": {""status"": ""NOT_APPLICABLE"", ""reason"": ""not required""}, ""spatial_support_resolution"": {""status"": ""PASS"", ""reason"": ""resolution matches required criteria""}, ""units_quantity"": {""status"": ""PASS"", ""reason"": ""unit is not required, so no evidence needed""}, ""crs_geometry_area"": {""status"": ""PASS"", ""reason"": ""coordinate reference system is specified""}, ""spectral_semantics"": {""status"": ""NOT_APPLICABLE"", ""reason"": ""not required""}, ""processing_quality"": {""status"": ""PASS"", ""reason"": ""processing level L2A is appropriate for reflectance""}, ""vertical_semantics"": {""status"": ""NOT_APPLICABLE"", ""reason"": ""not required""}, ""temporal_causality"": {""status"": ""NOT_APPLICABLE"", ""reason"": ""not required""}, ""evaluation_independence"": {""status"": ""NOT_APPLICABLE"", ""reason"": ""not required""}, ""nodata_physical_domain"": {""status"": ""NOT_APPLICABLE"", ""reason"": ""not required""}, ""uncertainty_fitness"": {""status"": ""NOT_APPLICABLE"", ""reason"": ""not required""}}",Workflow meets all applicable obligations for the given intent and artifacts.,"{
  ""obligations"": {
    ""provenance"": {""status"": ""PASS"", ""reason"": ""authoritative source is supplied""},
    ""categorical_semantics"": {""status"": ""NOT_APPLICABLE"", ""reason"": ""not required""},
    ""spatial_support_resolution"": {""status"": ""PASS"", ""reason"": ""resolution matches required criteria""},
    ""units_quantity"": {""status"": ""PASS"", ""reason"": ""unit is not required, so no evidence needed""},
    ""crs_geometry_area"": {""status"": ""PASS"", ""reason"": ""coordinate reference system is specified""},
    ""spectral_semantics"": {""status"": ""NOT_APPLICABLE"", ""reason"": ""not required""},
    ""processing_quality"": {""status"": ""PASS"", ""reason"": ""processing level L2A is appropriate for reflectance""},
    ""vertical_semantics"": {""status"": ""NOT_APPLICABLE"", ""reason"": ""not required""},
    ""temporal_causality"": {""status"": ""NOT_APPLICABLE"", ""reason"": ""not required""},
    ""evaluation_independence"": {""status"": ""NOT_APPLICABLE"", ""reason"": ""not required""},
    ""nodata_physical_domain"": {""status"": ""NOT_APPLICABLE"", ""reason"": ""not required""},
    ""uncertainty_fitness"": {""status"": ""NOT_APPLICABLE"", ""reason"": ""not required""}
  },
  ""summary"": ""Workflow meets all applicable obligations for the given intent and artifacts."",
  ""confidence"": 5
}"
SGX3_HELDOUT-FAMILY_temporal_split_overlap_015,strong_A,Qwen/Qwen2.5-7B-Instruct,REFUTED,1.0,5,"{""provenance"": {""status"": ""PASS"", ""reason"": ""authoritative source is supplied""}, ""categorical_semantics"": {""status"": ""NOT_APPLICABLE"", ""reason"": ""not required""}, ""spatial_support_resolution"": {""status"": ""NOT_APPLICABLE"", ""reason"": ""not required""}, ""units_quantity"": {""status"": ""NOT_APPLICABLE"", ""reason"": ""not required""}, ""crs_geometry_area"": {""status"": ""NOT_APPLICABLE"", ""reason"": ""not required""}, ""spectral_semantics"": {""status"": ""NOT_APPLICABLE"", ""reason"": ""not required""}, ""processing_quality"": {""status"": ""NOT_APPLICABLE"", ""reason"": ""not required""}, ""vertical_semantics"": {""status"": ""NOT_APPLICABLE"", ""reason"": ""not required""}, ""temporal_causality"": {""status"": ""FAIL"", ""reason"": ""test data starts before training ends""}, ""evaluation_independence"": {""status"": ""NOT_APPLICABLE"", ""reason"": ""not required""}, ""nodata_physical_domain"": {""status"": ""NOT_APPLICABLE"", ""reason"": ""not required""}, ""uncertainty_fitness"": {""status"": ""NOT_APPLICABLE"", ""reason"": ""not required""}}",Temporal split violates causality as test data precedes training end,"{
  ""obligations"": {
    ""provenance"": {""status"": ""PASS"", ""reason"": ""authoritative source is supplied""},
    ""categorical_semantics"": {""status"": ""NOT_APPLICABLE"", ""reason"": ""not required""},
    ""spatial_support_resolution"": {""status"": ""NOT_APPLICABLE"", ""reason"": ""not required""},
    ""units_quantity"": {""status"": ""NOT_APPLICABLE"", ""reason"": ""not required""},
    ""crs_geometry_area"": {""status"": ""NOT_APPLICABLE"", ""reason"": ""not required""},
    ""spectral_semantics"": {""status"": ""NOT_APPLICABLE"", ""reason"": ""not required""},
    ""processing_quality"": {""status"": ""NOT_APPLICABLE"", ""reason"": ""not required""},
    ""vertical_semantics"": {""status"": ""NOT_APPLICABLE"", ""reason"": ""not required""},
    ""temporal_causality"": {""status"": ""FAIL"", ""reason"": ""test data starts before training ends""},
    ""evaluation_independence"": {""status"": ""NOT_APPLICABLE"", ""reason"": ""not required""},
    ""nodata_physical_domain"": {""status"": ""NOT_APPLICABLE"", ""reason"": ""not required""},
    ""uncertainty_fitness"": {""status"": ""NOT_APPLICABLE"", ""reason"": ""not required""}
  },
  ""summary"": ""Temporal split violates causality as test data precedes training end"",
  ""confidence"": 5
}"
SGX3_DEVELOPMENT_spectral_role_002,strong_A,Qwen/Qwen2.5-7B-Instruct,PROVEN,1.0,5,"{""provenance"": {""status"": ""PASS"", ""reason"": ""authoritative sources are supplied""}, ""categorical_semantics"": {""status"": ""NOT_APPLICABLE"", ""reason"": ""no categorical operations involved""}, ""spatial_support_resolution"": {""status"": ""PASS"", ""reason"": ""same CRS and resolution""}, ""units_quantity"": {""status"": ""PASS"", ""reason"": ""reflectance is consistent across bands""}, ""crs_geometry_area"": {""status"": ""PASS"", ""reason"": ""same CRS and no claims of finer information""}, ""spectral_semantics"": {""status"": ""PASS"", ""reason"": ""expected NIR role matches provided band_role""}, ""processing_quality"": {""status"": ""PASS"", ""reason"": ""both artifacts at L2A level""}, ""vertical_semantics"": {""status"": ""NOT_APPLICABLE"", ""reason"": ""no vertical quantities involved""}, ""temporal_causality"": {""status"": ""NOT_APPLICABLE"", ""reason"": ""no temporal operations involved""}, ""evaluation_independence"": {""status"": ""NOT_APPLICABLE"", ""reason"": ""no evaluation split involved""}, ""nodata_physical_domain"": {""status"": ""NOT_APPLICABLE"", ""reason"": ""nodata semantics not required""}, ""uncertainty_fitness"": {""status"": ""NOT_APPLICABLE"", ""reason"": ""uncertainty not required for spectral index calculation""}}",Workflow meets all obligations for spectral index calculation given the provided artifacts and operations.,"{
  ""obligations"": {
    ""provenance"": {""status"": ""PASS"", ""reason"": ""authoritative sources are supplied""},
    ""categorical_semantics"": {""status"": ""NOT_APPLICABLE"", ""reason"": ""no categorical operations involved""},
    ""spatial_support_resolution"": {""status"": ""PASS"", ""reason"": ""same CRS and resolution""},
    ""units_quantity"": {""status"": ""PASS"", ""reason"": ""reflectance is consistent across bands""},
    ""crs_geometry_area"": {""status"": ""PASS"", ""reason"": ""same CRS and no claims of finer information""},
    ""spectral_semantics"": {""status"": ""PASS"", ""reason"": ""expected NIR role matches provided band_role""},
    ""processing_quality"": {""status"": ""PASS"", ""reason"": ""both artifacts at L2A level""},
    ""vertical_semantics"": {""status"": ""NOT_APPLICABLE"", ""reason"": ""no vertical quantities involved""},
    ""temporal_causality"": {""status"": ""NOT_APPLICABLE"", ""reason"": ""no temporal operations involved""},
    ""evaluation_independence"": {""status"": ""NOT_APPLICABLE"", ""reason"": ""no evaluation split involved""},
    ""nodata_physical_domain"": {""status"": ""NOT_APPLICABLE"", ""reason"": ""nodata semantics not required""},
    ""uncertainty_fitness"": {""status"": ""NOT_APPLICABLE"", ""reason"": ""uncertainty not required for spectral index calculation""}
  },
  ""summary"": ""Workflow meets all obligations for spectral index calculation given the provided artifacts and operations."",
  ""confidence"": 5
}"
SGX3_BLIND_flood_remote_sensing_014,strong_A,Qwen/Qwen2.5-7B-Instruct,PROVEN,1.0,5,"{""provenance"": {""status"": ""PASS"", ""reason"": ""all sources are authoritative products""}, ""categorical_semantics"": {""status"": ""NOT_APPLICABLE"", ""reason"": ""no categorical operations are involved""}, ""spatial_support_resolution"": {""status"": ""PASS"", ""reason"": ""all artifacts have the same resolution (10m)""}, ""units_quantity"": {""status"": ""NOT_APPLICABLE"", ""reason"": ""units are not required for binary data and backscatter/reflectance""}, ""crs_geometry_area"": {""status"": ""PASS"", ""reason"": ""all artifacts use EPSG:32643 and geodesic area calculation""}, ""spectral_semantics"": {""status"": ""NOT_APPLICABLE"", ""reason"": ""no spectral operations are involved""}, ""processing_quality"": {""status"": ""NOT_APPLICABLE"", ""reason"": ""no processing quality metadata provided""}, ""vertical_semantics"": {""status"": ""NOT_APPLICABLE"", ""reason"": ""no vertical quantities involved""}, ""temporal_causality"": {""status"": ""PASS"", ""reason"": ""acquisition times are different, no future information leakage""}, ""evaluation_independence"": {""status"": ""NOT_APPLICABLE"", ""reason"": ""no evaluation split provided""}, ""nodata_physical_domain"": {""status"": ""NOT_APPLICABLE"", ""reason"": ""nodata semantics not required for binary data and backscatter/reflectance""}, ""uncertainty_fitness"": {""status"": ""NOT_APPLICABLE"", ""reason"": ""uncertainty not required for binary data and backscatter/reflectance""}}","Workflow operations are consistent with the provided artifacts and scientific intent, no contradictions found.","{
  ""obligations"": {
    ""provenance"": {""status"": ""PASS"", ""reason"": ""all sources are authoritative products""},
    ""categorical_semantics"": {""status"": ""NOT_APPLICABLE"", ""reason"": ""no categorical operations are involved""},
    ""spatial_support_resolution"": {""status"": ""PASS"", ""reason"": ""all artifacts have the same resolution (10m)""},
    ""units_quantity"": {""status"": ""NOT_APPLICABLE"", ""reason"": ""units are not required for binary data and backscatter/reflectance""},
    ""crs_geometry_area"": {""status"": ""PASS"", ""reason"": ""all artifacts use EPSG:32643 and geodesic area calculation""},
    ""spectral_semantics"": {""status"": ""NOT_APPLICABLE"", ""reason"": ""no spectral operations are involved""},
    ""processing_quality"": {""status"": ""NOT_APPLICABLE"", ""reason"": ""no processing quality metadata provided""},
    ""vertical_semantics"": {""status"": ""NOT_APPLICABLE"", ""reason"": ""no vertical quantities involved""},
    ""temporal_causality"": {""status"": ""PASS"", ""reason"": ""acquisition times are different, no future information leakage""},
    ""evaluation_independence"": {""status"": ""NOT_APPLICABLE"", ""reason"": ""no evaluation split provided""},
    ""nodata_physical_domain"": {""status"": ""NOT_APPLICABLE"", ""reason"": ""nodata semantics not required for binary data and backscatter/reflectance""},
    ""uncertainty_fitness"": {""status"": ""NOT_APPLICABLE"", ""reason"": ""uncertainty not required for binary data and backscatter/reflectance""}
  },
  ""summary"": ""Workflow operations are consistent with the provided artifacts and scientific intent, no contradictions found."",
  ""confidence"": 5
}"
SGX3_BLIND_eo_ml_validation_030,strong_A,Qwen/Qwen2.5-7B-Instruct,PROVEN,1.0,5,"{""provenance"": {""status"": ""PASS"", ""reason"": ""authoritative source is supplied""}, ""categorical_semantics"": {""status"": ""NOT_APPLICABLE"", ""reason"": ""not required""}, ""spatial_support_resolution"": {""status"": ""PASS"", ""reason"": ""resolution is within the required range (if specified)""}, ""units_quantity"": {""status"": ""NOT_APPLICABLE"", ""reason"": ""not required""}, ""crs_geometry_area"": {""status"": ""PASS"", ""reason"": ""coordinate reference system is specified""}, ""spectral_semantics"": {""status"": ""NOT_APPLICABLE"", ""reason"": ""not required""}, ""processing_quality"": {""status"": ""NOT_APPLICABLE"", ""reason"": ""not required""}, ""vertical_semantics"": {""status"": ""NOT_APPLICABLE"", ""reason"": ""not required""}, ""temporal_causality"": {""status"": ""NOT_APPLICABLE"", ""reason"": ""not required""}, ""evaluation_independence"": {""status"": ""PASS"", ""reason"": ""split mode is 'scene' and overlap fraction is low""}, ""nodata_physical_domain"": {""status"": ""NOT_APPLICABLE"", ""reason"": ""not required""}, ""uncertainty_fitness"": {""status"": ""NOT_APPLICABLE"", ""reason"": ""not required""}}","Workflow passes all obligations except for units and quantities, which are not required given the intent.","{
  ""obligations"": {
    ""provenance"": {""status"": ""PASS"", ""reason"": ""authoritative source is supplied""},
    ""categorical_semantics"": {""status"": ""NOT_APPLICABLE"", ""reason"": ""not required""},
    ""spatial_support_resolution"": {""status"": ""PASS"", ""reason"": ""resolution is within the required range (if specified)""},
    ""units_quantity"": {""status"": ""NOT_APPLICABLE"", ""reason"": ""not required""},
    ""crs_geometry_area"": {""status"": ""PASS"", ""reason"": ""coordinate reference system is specified""},
    ""spectral_semantics"": {""status"": ""NOT_APPLICABLE"", ""reason"": ""not required""},
    ""processing_quality"": {""status"": ""NOT_APPLICABLE"", ""reason"": ""not required""},
    ""vertical_semantics"": {""status"": ""NOT_APPLICABLE"", ""reason"": ""not required""},
    ""temporal_causality"": {""status"": ""NOT_APPLICABLE"", ""reason"": ""not required""},
    ""evaluation_independence"": {""status"": ""PASS"", ""reason"": ""split mode is 'scene' and overlap fraction is low""},
    ""nodata_physical_domain"": {""status"": ""NOT_APPLICABLE"", ""reason"": ""not required""},
    ""uncertainty_fitness"": {""status"": ""NOT_APPLICABLE"", ""reason"": ""not required""}
  },
  ""summary"": ""Workflow passes all obligations except for units and quantities, which are not required given the intent."",
  ""confidence"": 5
}"
SGX3_HELDOUT-FAMILY_multisensor_time_mismatch_014,strong_A,Qwen/Qwen2.5-7B-Instruct,REFUTED,1.0,5,"{""provenance"": {""status"": ""PASS"", ""reason"": ""both sources are authoritative products""}, ""categorical_semantics"": {""status"": ""NOT_APPLICABLE"", ""reason"": ""no categorical operations involved""}, ""spatial_support_resolution"": {""status"": ""PASS"", ""reason"": ""same spatial support and resolution""}, ""units_quantity"": {""status"": ""NOT_APPLICABLE"", ""reason"": ""units are unspecified""}, ""crs_geometry_area"": {""status"": ""PASS"", ""reason"": ""same CRS and no claims of finer information""}, ""spectral_semantics"": {""status"": ""NOT_APPLICABLE"", ""reason"": ""no spectral operations involved""}, ""processing_quality"": {""status"": ""NOT_APPLICABLE"", ""reason"": ""processing levels unspecified""}, ""vertical_semantics"": {""status"": ""NOT_APPLICABLE"", ""reason"": ""no vertical quantities involved""}, ""temporal_causality"": {""status"": ""FAIL"", ""reason"": ""time mismatch between acquisitions (2 days apart)""}, ""evaluation_independence"": {""status"": ""NOT_APPLICABLE"", ""reason"": ""no evaluation split involved""}, ""nodata_physical_domain"": {""status"": ""NOT_APPLICABLE"", ""reason"": ""nodata semantics unspecified""}, ""uncertainty_fitness"": {""status"": ""NOT_APPLICABLE"", ""reason"": ""uncertainty not required for comparison""}}",Temporal mismatch between sensor acquisitions,"{
  ""obligations"": {
    ""provenance"": {""status"": ""PASS"", ""reason"": ""both sources are authoritative products""},
    ""categorical_semantics"": {""status"": ""NOT_APPLICABLE"", ""reason"": ""no categorical operations involved""},
    ""spatial_support_resolution"": {""status"": ""PASS"", ""reason"": ""same spatial support and resolution""},
    ""units_quantity"": {""status"": ""NOT_APPLICABLE"", ""reason"": ""units are unspecified""},
    ""crs_geometry_area"": {""status"": ""PASS"", ""reason"": ""same CRS and no claims of finer information""},
    ""spectral_semantics"": {""status"": ""NOT_APPLICABLE"", ""reason"": ""no spectral operations involved""},
    ""processing_quality"": {""status"": ""NOT_APPLICABLE"", ""reason"": ""processing levels unspecified""},
    ""vertical_semantics"": {""status"": ""NOT_APPLICABLE"", ""reason"": ""no vertical quantities involved""},
    ""temporal_causality"": {""status"": ""FAIL"", ""reason"": ""time mismatch between acquisitions (2 days apart)""},
    ""evaluation_independence"": {""status"": ""NOT_APPLICABLE"", ""reason"": ""no evaluation split involved""},
    ""nodata_physical_domain"": {""status"": ""NOT_APPLICABLE"", ""reason"": ""nodata semantics unspecified""},
    ""uncertainty_fitness"": {""status"": ""NOT_APPLICABLE"", ""reason"": ""uncertainty not required for comparison""}
  },
  ""summary"": ""Temporal mismatch between sensor acquisitions"",
  ""confidence"": 5
}"
SGX3_BLIND_flood_remote_sensing_022,strong_A,Qwen/Qwen2.5-7B-Instruct,PROVEN,1.0,5,"{""provenance"": {""status"": ""PASS"", ""reason"": ""all sources are authoritative products""}, ""categorical_semantics"": {""status"": ""NOT_APPLICABLE"", ""reason"": ""no categorical operations involved""}, ""spatial_support_resolution"": {""status"": ""PASS"", ""reason"": ""all artifacts have specified resolutions""}, ""units_quantity"": {""status"": ""NOT_APPLICABLE"", ""reason"": ""units are unspecified""}, ""crs_geometry_area"": {""status"": ""PASS"", ""reason"": ""all artifacts use EPSG:32643""}, ""spectral_semantics"": {""status"": ""NOT_APPLICABLE"", ""reason"": ""no spectral operations involved""}, ""processing_quality"": {""status"": ""NOT_APPLICABLE"", ""reason"": ""processing levels are unspecified""}, ""vertical_semantics"": {""status"": ""NOT_APPLICABLE"", ""reason"": ""no vertical quantities involved""}, ""temporal_causality"": {""status"": ""PASS"", ""reason"": ""acquisition times are before available times""}, ""evaluation_independence"": {""status"": ""NOT_APPLICABLE"", ""reason"": ""no evaluation split involved""}, ""nodata_physical_domain"": {""status"": ""NOT_APPLICABLE"", ""reason"": ""nodata semantics are unspecified""}, ""uncertainty_fitness"": {""status"": ""NOT_APPLICABLE"", ""reason"": ""uncertainty requirements are unspecified""}}",Workflow operations are consistent with available data and do not violate temporal causality.,"{
  ""obligations"": {
    ""provenance"": {""status"": ""PASS"", ""reason"": ""all sources are authoritative products""},
    ""categorical_semantics"": {""status"": ""NOT_APPLICABLE"", ""reason"": ""no categorical operations involved""},
    ""spatial_support_resolution"": {""status"": ""PASS"", ""reason"": ""all artifacts have specified resolutions""},
    ""units_quantity"": {""status"": ""NOT_APPLICABLE"", ""reason"": ""units are unspecified""},
    ""crs_geometry_area"": {""status"": ""PASS"", ""reason"": ""all artifacts use EPSG:32643""},
    ""spectral_semantics"": {""status"": ""NOT_APPLICABLE"", ""reason"": ""no spectral operations involved""},
    ""processing_quality"": {""status"": ""NOT_APPLICABLE"", ""reason"": ""processing levels are unspecified""},
    ""vertical_semantics"": {""status"": ""NOT_APPLICABLE"", ""reason"": ""no vertical quantities involved""},
    ""temporal_causality"": {""status"": ""PASS"", ""reason"": ""acquisition times are before available times""},
    ""evaluation_independence"": {""status"": ""NOT_APPLICABLE"", ""reason"": ""no evaluation split involved""},
    ""nodata_physical_domain"": {""status"": ""NOT_APPLICABLE"", ""reason"": ""nodata semantics are unspecified""},
    ""uncertainty_fitness"": {""status"": ""NOT_APPLICABLE"", ""reason"": ""uncertainty requirements are unspecified""}
  },
  ""summary"": ""Workflow operations are consistent with available data and do not violate temporal causality."",
  ""confidence"": 5
}"
SGX3_BLIND_flood_remote_sensing_003,strong_A,Qwen/Qwen2.5-7B-Instruct,PROVEN,1.0,5,"{""provenance"": {""status"": ""PASS"", ""reason"": ""all sources are authoritative products""}, ""categorical_semantics"": {""status"": ""NOT_APPLICABLE"", ""reason"": ""no categorical operations are involved""}, ""spatial_support_resolution"": {""status"": ""PASS"", ""reason"": ""all artifacts have specified resolutions""}, ""units_quantity"": {""status"": ""NOT_APPLICABLE"", ""reason"": ""units are not required for binary data""}, ""crs_geometry_area"": {""status"": ""PASS"", ""reason"": ""all artifacts use EPSG:32643 and planar area calculation""}, ""spectral_semantics"": {""status"": ""NOT_APPLICABLE"", ""reason"": ""no spectral operations are involved""}, ""processing_quality"": {""status"": ""NOT_APPLICABLE"", ""reason"": ""no processing quality metadata is required""}, ""vertical_semantics"": {""status"": ""NOT_APPLICABLE"", ""reason"": ""no vertical quantities are involved""}, ""temporal_causality"": {""status"": ""PASS"", ""reason"": ""all operations use data from the same acquisition time""}, ""evaluation_independence"": {""status"": ""NOT_APPLICABLE"", ""reason"": ""no evaluation split is present""}, ""nodata_physical_domain"": {""status"": ""NOT_APPLICABLE"", ""reason"": ""no nodata semantics are required for binary data""}, ""uncertainty_fitness"": {""status"": ""NOT_APPLICABLE"", ""reason"": ""uncertainty is not required for binary data""}}","Workflow operations are consistent with the provided artifacts and scientific intent, with no violations of the proof obligations.","{
  ""obligations"": {
    ""provenance"": {""status"": ""PASS"", ""reason"": ""all sources are authoritative products""},
    ""categorical_semantics"": {""status"": ""NOT_APPLICABLE"", ""reason"": ""no categorical operations are involved""},
    ""spatial_support_resolution"": {""status"": ""PASS"", ""reason"": ""all artifacts have specified resolutions""},
    ""units_quantity"": {""status"": ""NOT_APPLICABLE"", ""reason"": ""units are not required for binary data""},
    ""crs_geometry_area"": {""status"": ""PASS"", ""reason"": ""all artifacts use EPSG:32643 and planar area calculation""},
    ""spectral_semantics"": {""status"": ""NOT_APPLICABLE"", ""reason"": ""no spectral operations are involved""},
    ""processing_quality"": {""status"": ""NOT_APPLICABLE"", ""reason"": ""no processing quality metadata is required""},
    ""vertical_semantics"": {""status"": ""NOT_APPLICABLE"", ""reason"": ""no vertical quantities are involved""},
    ""temporal_causality"": {""status"": ""PASS"", ""reason"": ""all operations use data from the same acquisition time""},
    ""evaluation_independence"": {""status"": ""NOT_APPLICABLE"", ""reason"": ""no evaluation split is present""},
    ""nodata_physical_domain"": {""status"": ""NOT_APPLICABLE"", ""reason"": ""no nodata semantics are required for binary data""},
    ""uncertainty_fitness"": {""status"": ""NOT_APPLICABLE"", ""reason"": ""uncertainty is not required for binary data""}
  },
  ""summary"": ""Workflow operations are consistent with the provided artifacts and scientific intent, with no violations of the proof obligations."",
  ""confidence"": 5
}"
SGX3_BLIND_flood_depth_020,strong_A,Qwen/Qwen2.5-7B-Instruct,PROVEN,1.0,5,"{""provenance"": {""status"": ""PASS"", ""reason"": ""both sources are supplied""}, ""categorical_semantics"": {""status"": ""NOT_APPLICABLE"", ""reason"": ""no categorical operations involved""}, ""spatial_support_resolution"": {""status"": ""PASS"", ""reason"": ""resolutions are compatible for vertical combination""}, ""units_quantity"": {""status"": ""PASS"", ""reason"": ""units are compatible for vertical combination""}, ""crs_geometry_area"": {""status"": ""PASS"", ""reason"": ""same CRS and no area calculations""}, ""spectral_semantics"": {""status"": ""NOT_APPLICABLE"", ""reason"": ""no spectral operations involved""}, ""processing_quality"": {""status"": ""NOT_APPLICABLE"", ""reason"": ""no processing quality checks required""}, ""vertical_semantics"": {""status"": ""PASS"", ""reason"": ""vertical datums are compatible for combination""}, ""temporal_causality"": {""status"": ""NOT_APPLICABLE"", ""reason"": ""no temporal operations involved""}, ""evaluation_independence"": {""status"": ""NOT_APPLICABLE"", ""reason"": ""no evaluation split involved""}, ""nodata_physical_domain"": {""status"": ""NOT_APPLICABLE"", ""reason"": ""no nodata handling required""}, ""uncertainty_fitness"": {""status"": ""NOT_APPLICABLE"", ""reason"": ""no uncertainty requirement specified""}}","Vertical combination is valid given compatible vertical datums and resolutions, but no temporal or uncertainty checks are applicable.","{
  ""obligations"": {
    ""provenance"": {""status"": ""PASS"", ""reason"": ""both sources are supplied""},
    ""categorical_semantics"": {""status"": ""NOT_APPLICABLE"", ""reason"": ""no categorical operations involved""},
    ""spatial_support_resolution"": {""status"": ""PASS"", ""reason"": ""resolutions are compatible for vertical combination""},
    ""units_quantity"": {""status"": ""PASS"", ""reason"": ""units are compatible for vertical combination""},
    ""crs_geometry_area"": {""status"": ""PASS"", ""reason"": ""same CRS and no area calculations""},
    ""spectral_semantics"": {""status"": ""NOT_APPLICABLE"", ""reason"": ""no spectral operations involved""},
    ""processing_quality"": {""status"": ""NOT_APPLICABLE"", ""reason"": ""no processing quality checks required""},
    ""vertical_semantics"": {""status"": ""PASS"", ""reason"": ""vertical datums are compatible for combination""},
    ""temporal_causality"": {""status"": ""NOT_APPLICABLE"", ""reason"": ""no temporal operations involved""},
    ""evaluation_independence"": {""status"": ""NOT_APPLICABLE"", ""reason"": ""no evaluation split involved""},
    ""nodata_physical_domain"": {""status"": ""NOT_APPLICABLE"", ""reason"": ""no nodata handling required""},
    ""uncertainty_fitness"": {""status"": ""NOT_APPLICABLE"", ""reason"": ""no uncertainty requirement specified""}
  },
  ""summary"": ""Vertical combination is valid given compatible vertical datums and resolutions, but no temporal or uncertainty checks are applicable."",
  ""confidence"": 5
}"
SGX3_HELDOUT-FAMILY_scene_overlap_leakage_004,strong_A,Qwen/Qwen2.5-7B-Instruct,PROVEN,1.0,5,"{""provenance"": {""status"": ""PASS"", ""reason"": ""authoritative source is supplied""}, ""categorical_semantics"": {""status"": ""NOT_APPLICABLE"", ""reason"": ""not required""}, ""spatial_support_resolution"": {""status"": ""PASS"", ""reason"": ""resolution is consistent""}, ""units_quantity"": {""status"": ""NOT_APPLICABLE"", ""reason"": ""not required""}, ""crs_geometry_area"": {""status"": ""PASS"", ""reason"": ""consistent CRS""}, ""spectral_semantics"": {""status"": ""NOT_APPLICABLE"", ""reason"": ""not required""}, ""processing_quality"": {""status"": ""NOT_APPLICABLE"", ""reason"": ""not required""}, ""vertical_semantics"": {""status"": ""NOT_APPLICABLE"", ""reason"": ""not required""}, ""temporal_causality"": {""status"": ""NOT_APPLICABLE"", ""reason"": ""not required""}, ""evaluation_independence"": {""status"": ""PASS"", ""reason"": ""scene overlap fraction does not imply spatial dependence""}, ""nodata_physical_domain"": {""status"": ""NOT_APPLICABLE"", ""reason"": ""not required""}, ""uncertainty_fitness"": {""status"": ""NOT_APPLICABLE"", ""reason"": ""not required""}}",Scene overlap splitting is performed without violating any scientific constraints.,"{
  ""obligations"": {
    ""provenance"": {""status"": ""PASS"", ""reason"": ""authoritative source is supplied""},
    ""categorical_semantics"": {""status"": ""NOT_APPLICABLE"", ""reason"": ""not required""},
    ""spatial_support_resolution"": {""status"": ""PASS"", ""reason"": ""resolution is consistent""},
    ""units_quantity"": {""status"": ""NOT_APPLICABLE"", ""reason"": ""not required""},
    ""crs_geometry_area"": {""status"": ""PASS"", ""reason"": ""consistent CRS""},
    ""spectral_semantics"": {""status"": ""NOT_APPLICABLE"", ""reason"": ""not required""},
    ""processing_quality"": {""status"": ""NOT_APPLICABLE"", ""reason"": ""not required""},
    ""vertical_semantics"": {""status"": ""NOT_APPLICABLE"", ""reason"": ""not required""},
    ""temporal_causality"": {""status"": ""NOT_APPLICABLE"", ""reason"": ""not required""},
    ""evaluation_independence"": {""status"": ""PASS"", ""reason"": ""scene overlap fraction does not imply spatial dependence""},
    ""nodata_physical_domain"": {""status"": ""NOT_APPLICABLE"", ""reason"": ""not required""},
    ""uncertainty_fitness"": {""status"": ""NOT_APPLICABLE"", ""reason"": ""not required""}
  },
  ""summary"": ""Scene overlap splitting is performed without violating any scientific constraints."",
  ""confidence"": 5
}"
SGX3_DEVELOPMENT_band_grid_mismatch_001,strong_A,Qwen/Qwen2.5-7B-Instruct,PROVEN,1.0,5,"{""provenance"": {""status"": ""PASS"", ""reason"": ""both sources are authoritative products""}, ""categorical_semantics"": {""status"": ""NOT_APPLICABLE"", ""reason"": ""no categorical operations involved""}, ""spatial_support_resolution"": {""status"": ""PASS"", ""reason"": ""same CRS and resolution""}, ""units_quantity"": {""status"": ""NOT_APPLICABLE"", ""reason"": ""units are unspecified""}, ""crs_geometry_area"": {""status"": ""PASS"", ""reason"": ""same CRS and no claims of finer information""}, ""spectral_semantics"": {""status"": ""PASS"", ""reason"": ""roles match expectations and explicit alignment is used""}, ""processing_quality"": {""status"": ""NOT_APPLICABLE"", ""reason"": ""not required for this operation""}, ""vertical_semantics"": {""status"": ""NOT_APPLICABLE"", ""reason"": ""no vertical quantities involved""}, ""temporal_causality"": {""status"": ""NOT_APPLICABLE"", ""reason"": ""no temporal dependencies involved""}, ""evaluation_independence"": {""status"": ""NOT_APPLICABLE"", ""reason"": ""no evaluation split involved""}, ""nodata_physical_domain"": {""status"": ""NOT_APPLICABLE"", ""reason"": ""nodata semantics are unspecified""}, ""uncertainty_fitness"": {""status"": ""NOT_APPLICABLE"", ""reason"": ""uncertainty not required for this operation""}}",Workflow meets all obligations with no contradictions or missing evidence.,"{
  ""obligations"": {
    ""provenance"": {""status"": ""PASS"", ""reason"": ""both sources are authoritative products""},
    ""categorical_semantics"": {""status"": ""NOT_APPLICABLE"", ""reason"": ""no categorical operations involved""},
    ""spatial_support_resolution"": {""status"": ""PASS"", ""reason"": ""same CRS and resolution""},
    ""units_quantity"": {""status"": ""NOT_APPLICABLE"", ""reason"": ""units are unspecified""},
    ""crs_geometry_area"": {""status"": ""PASS"", ""reason"": ""same CRS and no claims of finer information""},
    ""spectral_semantics"": {""status"": ""PASS"", ""reason"": ""roles match expectations and explicit alignment is used""},
    ""processing_quality"": {""status"": ""NOT_APPLICABLE"", ""reason"": ""not required for this operation""},
    ""vertical_semantics"": {""status"": ""NOT_APPLICABLE"", ""reason"": ""no vertical quantities involved""},
    ""temporal_causality"": {""status"": ""NOT_APPLICABLE"", ""reason"": ""no temporal dependencies involved""},
    ""evaluation_independence"": {""status"": ""NOT_APPLICABLE"", ""reason"": ""no evaluation split involved""},
    ""nodata_physical_domain"": {""status"": ""NOT_APPLICABLE"", ""reason"": ""nodata semantics are unspecified""},
    ""uncertainty_fitness"": {""status"": ""NOT_APPLICABLE"", ""reason"": ""uncertainty not required for this operation""}
  },
  ""summary"": ""Workflow meets all obligations with no contradictions or missing evidence."",
  ""confidence"": 5
}"
SGX3_BLIND_eo_ml_validation_031,strong_A,Qwen/Qwen2.5-7B-Instruct,PROVEN,1.0,5,"{""provenance"": {""status"": ""PASS"", ""reason"": ""authoritative source is supplied""}, ""categorical_semantics"": {""status"": ""NOT_APPLICABLE"", ""reason"": ""not required""}, ""spatial_support_resolution"": {""status"": ""PASS"", ""reason"": ""resolution is within the max resolution constraint (if specified)""}, ""units_quantity"": {""status"": ""NOT_APPLICABLE"", ""reason"": ""not required""}, ""crs_geometry_area"": {""status"": ""PASS"", ""reason"": ""coordinate reference system is specified""}, ""spectral_semantics"": {""status"": ""NOT_APPLICABLE"", ""reason"": ""not required""}, ""processing_quality"": {""status"": ""NOT_APPLICABLE"", ""reason"": ""not required""}, ""vertical_semantics"": {""status"": ""NOT_APPLICABLE"", ""reason"": ""not required""}, ""temporal_causality"": {""status"": ""NOT_APPLICABLE"", ""reason"": ""not required""}, ""evaluation_independence"": {""status"": ""PASS"", ""reason"": ""split mode is scene, which is acceptable for validation""}, ""nodata_physical_domain"": {""status"": ""NOT_APPLICABLE"", ""reason"": ""not required""}, ""uncertainty_fitness"": {""status"": ""NOT_APPLICABLE"", ""reason"": ""not required""}}",Scene-based split is appropriate for validation purposes given the lack of specific constraints on other aspects.,"{
  ""obligations"": {
    ""provenance"": {""status"": ""PASS"", ""reason"": ""authoritative source is supplied""},
    ""categorical_semantics"": {""status"": ""NOT_APPLICABLE"", ""reason"": ""not required""},
    ""spatial_support_resolution"": {""status"": ""PASS"", ""reason"": ""resolution is within the max resolution constraint (if specified)""},
    ""units_quantity"": {""status"": ""NOT_APPLICABLE"", ""reason"": ""not required""},
    ""crs_geometry_area"": {""status"": ""PASS"", ""reason"": ""coordinate reference system is specified""},
    ""spectral_semantics"": {""status"": ""NOT_APPLICABLE"", ""reason"": ""not required""},
    ""processing_quality"": {""status"": ""NOT_APPLICABLE"", ""reason"": ""not required""},
    ""vertical_semantics"": {""status"": ""NOT_APPLICABLE"", ""reason"": ""not required""},
    ""temporal_causality"": {""status"": ""NOT_APPLICABLE"", ""reason"": ""not required""},
    ""evaluation_independence"": {""status"": ""PASS"", ""reason"": ""split mode is scene, which is acceptable for validation""},
    ""nodata_physical_domain"": {""status"": ""NOT_APPLICABLE"", ""reason"": ""not required""},
    ""uncertainty_fitness"": {""status"": ""NOT_APPLICABLE"", ""reason"": ""not required""}
  },
  ""summary"": ""Scene-based split is appropriate for validation purposes given the lack of specific constraints on other aspects."",
  ""confidence"": 5
}"
SGX3_BLIND_landcover_change_037,strong_A,Qwen/Qwen2.5-7B-Instruct,PROVEN,1.0,5,"{""provenance"": {""status"": ""PASS"", ""reason"": ""source is supplied""}, ""categorical_semantics"": {""status"": ""PASS"", ""reason"": ""categorical resampling method (bilinear) preserves category identity""}, ""spatial_support_resolution"": {""status"": ""PASS"", ""reason"": ""target resolution is finer than original, no new information claim contradicted""}, ""units_quantity"": {""status"": ""PASS"", ""reason"": ""unit is not required and not applicable for categorical data""}, ""crs_geometry_area"": {""status"": ""PASS"", ""reason"": ""coordinate system is EPSG:4326, no specific geometry or area issues""}, ""spectral_semantics"": {""status"": ""NOT_APPLICABLE"", ""reason"": ""not required for categorical data""}, ""processing_quality"": {""status"": ""NOT_APPLICABLE"", ""reason"": ""processing level not specified""}, ""vertical_semantics"": {""status"": ""NOT_APPLICABLE"", ""reason"": ""not required for categorical data""}, ""temporal_causality"": {""status"": ""NOT_APPLICABLE"", ""reason"": ""no temporal data involved""}, ""evaluation_independence"": {""status"": ""NOT_APPLICABLE"", ""reason"": ""no evaluation split involved""}, ""nodata_physical_domain"": {""status"": ""NOT_APPLICABLE"", ""reason"": ""nodata semantics not required for categorical data""}, ""uncertainty_fitness"": {""status"": ""NOT_APPLICABLE"", ""reason"": ""uncertainty not required for categorical data""}}",Resampling method preserves categorical identity and target resolution is finer than original without claiming new information.,"{
  ""obligations"": {
    ""provenance"": {""status"": ""PASS"", ""reason"": ""source is supplied""},
    ""categorical_semantics"": {""status"": ""PASS"", ""reason"": ""categorical resampling method (bilinear) preserves category identity""},
    ""spatial_support_resolution"": {""status"": ""PASS"", ""reason"": ""target resolution is finer than original, no new information claim contradicted""},
    ""units_quantity"": {""status"": ""PASS"", ""reason"": ""unit is not required and not applicable for categorical data""},
    ""crs_geometry_area"": {""status"": ""PASS"", ""reason"": ""coordinate system is EPSG:4326, no specific geometry or area issues""},
    ""spectral_semantics"": {""status"": ""NOT_APPLICABLE"", ""reason"": ""not required for categorical data""},
    ""processing_quality"": {""status"": ""NOT_APPLICABLE"", ""reason"": ""processing level not specified""},
    ""vertical_semantics"": {""status"": ""NOT_APPLICABLE"", ""reason"": ""not required for categorical data""},
    ""temporal_causality"": {""status"": ""NOT_APPLICABLE"", ""reason"": ""no temporal data involved""},
    ""evaluation_independence"": {""status"": ""NOT_APPLICABLE"", ""reason"": ""no evaluation split involved""},
    ""nodata_physical_domain"": {""status"": ""NOT_APPLICABLE"", ""reason"": ""nodata semantics not required for categorical data""},
    ""uncertainty_fitness"": {""status"": ""NOT_APPLICABLE"", ""reason"": ""uncertainty not required for categorical data""}
  },
  ""summary"": ""Resampling method preserves categorical identity and target resolution is finer than original without claiming new information."",
  ""confidence"": 5
}"
SGX3_HELDOUT-FAMILY_scene_overlap_leakage_009,strong_A,Qwen/Qwen2.5-7B-Instruct,PROVEN,1.0,5,"{""provenance"": {""status"": ""PASS"", ""reason"": ""authoritative source is supplied""}, ""categorical_semantics"": {""status"": ""NOT_APPLICABLE"", ""reason"": ""not required""}, ""spatial_support_resolution"": {""status"": ""PASS"", ""reason"": ""resolution is consistent""}, ""units_quantity"": {""status"": ""NOT_APPLICABLE"", ""reason"": ""not required""}, ""crs_geometry_area"": {""status"": ""PASS"", ""reason"": ""consistent CRS""}, ""spectral_semantics"": {""status"": ""NOT_APPLICABLE"", ""reason"": ""not required""}, ""processing_quality"": {""status"": ""NOT_APPLICABLE"", ""reason"": ""not required""}, ""vertical_semantics"": {""status"": ""NOT_APPLICABLE"", ""reason"": ""not required""}, ""temporal_causality"": {""status"": ""NOT_APPLICABLE"", ""reason"": ""not required""}, ""evaluation_independence"": {""status"": ""PASS"", ""reason"": ""scene overlap fraction is specified""}, ""nodata_physical_domain"": {""status"": ""NOT_APPLICABLE"", ""reason"": ""not required""}, ""uncertainty_fitness"": {""status"": ""NOT_APPLICABLE"", ""reason"": ""not required""}}",Scene overlap fraction is correctly specified without requiring additional constraints.,"{
  ""obligations"": {
    ""provenance"": {""status"": ""PASS"", ""reason"": ""authoritative source is supplied""},
    ""categorical_semantics"": {""status"": ""NOT_APPLICABLE"", ""reason"": ""not required""},
    ""spatial_support_resolution"": {""status"": ""PASS"", ""reason"": ""resolution is consistent""},
    ""units_quantity"": {""status"": ""NOT_APPLICABLE"", ""reason"": ""not required""},
    ""crs_geometry_area"": {""status"": ""PASS"", ""reason"": ""consistent CRS""},
    ""spectral_semantics"": {""status"": ""NOT_APPLICABLE"", ""reason"": ""not required""},
    ""processing_quality"": {""status"": ""NOT_APPLICABLE"", ""reason"": ""not required""},
    ""vertical_semantics"": {""status"": ""NOT_APPLICABLE"", ""reason"": ""not required""},
    ""temporal_causality"": {""status"": ""NOT_APPLICABLE"", ""reason"": ""not required""},
    ""evaluation_independence"": {""status"": ""PASS"", ""reason"": ""scene overlap fraction is specified""},
    ""nodata_physical_domain"": {""status"": ""NOT_APPLICABLE"", ""reason"": ""not required""},
    ""uncertainty_fitness"": {""status"": ""NOT_APPLICABLE"", ""reason"": ""not required""}
  },
  ""summary"": ""Scene overlap fraction is correctly specified without requiring additional constraints."",
  ""confidence"": 5
}"
SGX3_BLIND_flood_depth_006,strong_A,Qwen/Qwen2.5-7B-Instruct,PROVEN,1.0,5,"{""provenance"": {""status"": ""PASS"", ""reason"": ""both sources are supplied""}, ""categorical_semantics"": {""status"": ""NOT_APPLICABLE"", ""reason"": ""no categorical operations involved""}, ""spatial_support_resolution"": {""status"": ""PASS"", ""reason"": ""both artifacts have the same resolution""}, ""units_quantity"": {""status"": ""PASS"", ""reason"": ""units are consistent (converted to km)""}, ""crs_geometry_area"": {""status"": ""PASS"", ""reason"": ""same CRS and no claims of finer information""}, ""spectral_semantics"": {""status"": ""NOT_APPLICABLE"", ""reason"": ""no spectral operations involved""}, ""processing_quality"": {""status"": ""NOT_APPLICABLE"", ""reason"": ""no processing quality metadata provided""}, ""vertical_semantics"": {""status"": ""PASS"", ""reason"": ""vertical combination is valid""}, ""temporal_causality"": {""status"": ""NOT_APPLICABLE"", ""reason"": ""no temporal operations involved""}, ""evaluation_independence"": {""status"": ""NOT_APPLICABLE"", ""reason"": ""no evaluation split involved""}, ""nodata_physical_domain"": {""status"": ""NOT_APPLICABLE"", ""reason"": ""no nodata semantics provided""}, ""uncertainty_fitness"": {""status"": ""NOT_APPLICABLE"", ""reason"": ""no uncertainty requirement specified""}}","Workflow operations are consistent with the provided artifacts and scientific intent, with no apparent contradictions.","{
  ""obligations"": {
    ""provenance"": {""status"": ""PASS"", ""reason"": ""both sources are supplied""},
    ""categorical_semantics"": {""status"": ""NOT_APPLICABLE"", ""reason"": ""no categorical operations involved""},
    ""spatial_support_resolution"": {""status"": ""PASS"", ""reason"": ""both artifacts have the same resolution""},
    ""units_quantity"": {""status"": ""PASS"", ""reason"": ""units are consistent (converted to km)""},
    ""crs_geometry_area"": {""status"": ""PASS"", ""reason"": ""same CRS and no claims of finer information""},
    ""spectral_semantics"": {""status"": ""NOT_APPLICABLE"", ""reason"": ""no spectral operations involved""},
    ""processing_quality"": {""status"": ""NOT_APPLICABLE"", ""reason"": ""no processing quality metadata provided""},
    ""vertical_semantics"": {""status"": ""PASS"", ""reason"": ""vertical combination is valid""},
    ""temporal_causality"": {""status"": ""NOT_APPLICABLE"", ""reason"": ""no temporal operations involved""},
    ""evaluation_independence"": {""status"": ""NOT_APPLICABLE"", ""reason"": ""no evaluation split involved""},
    ""nodata_physical_domain"": {""status"": ""NOT_APPLICABLE"", ""reason"": ""no nodata semantics provided""},
    ""uncertainty_fitness"": {""status"": ""NOT_APPLICABLE"", ""reason"": ""no uncertainty requirement specified""}
  },
  ""summary"": ""Workflow operations are consistent with the provided artifacts and scientific intent, with no apparent contradictions."",
  ""confidence"": 5
}"
SGX3_BLIND_flood_remote_sensing_011,strong_A,Qwen/Qwen2.5-7B-Instruct,PROVEN,1.0,5,"{""provenance"": {""status"": ""PASS"", ""reason"": ""all sources are authoritative products""}, ""categorical_semantics"": {""status"": ""NOT_APPLICABLE"", ""reason"": ""no categorical operations are involved""}, ""spatial_support_resolution"": {""status"": ""PASS"", ""reason"": ""all artifacts have specified resolutions""}, ""units_quantity"": {""status"": ""NOT_APPLICABLE"", ""reason"": ""units are not required for binary data and reflectance""}, ""crs_geometry_area"": {""status"": ""PASS"", ""reason"": ""all artifacts use EPSG:32643 and geodesic area calculation""}, ""spectral_semantics"": {""status"": ""NOT_APPLICABLE"", ""reason"": ""no spectral operations are involved""}, ""processing_quality"": {""status"": ""NOT_APPLICABLE"", ""reason"": ""no processing quality metadata is required""}, ""vertical_semantics"": {""status"": ""NOT_APPLICABLE"", ""reason"": ""no vertical quantities are involved""}, ""temporal_causality"": {""status"": ""PASS"", ""reason"": ""all acquisitions and availability times align""}, ""evaluation_independence"": {""status"": ""NOT_APPLICABLE"", ""reason"": ""no evaluation split is present""}, ""nodata_physical_domain"": {""status"": ""NOT_APPLICABLE"", ""reason"": ""no nodata semantics are required for binary data""}, ""uncertainty_fitness"": {""status"": ""NOT_APPLICABLE"", ""reason"": ""uncertainty is not required for binary data""}}","Workflow operations are consistent with the provided artifacts and scientific intent, with no violations found.","{
  ""obligations"": {
    ""provenance"": {""status"": ""PASS"", ""reason"": ""all sources are authoritative products""},
    ""categorical_semantics"": {""status"": ""NOT_APPLICABLE"", ""reason"": ""no categorical operations are involved""},
    ""spatial_support_resolution"": {""status"": ""PASS"", ""reason"": ""all artifacts have specified resolutions""},
    ""units_quantity"": {""status"": ""NOT_APPLICABLE"", ""reason"": ""units are not required for binary data and reflectance""},
    ""crs_geometry_area"": {""status"": ""PASS"", ""reason"": ""all artifacts use EPSG:32643 and geodesic area calculation""},
    ""spectral_semantics"": {""status"": ""NOT_APPLICABLE"", ""reason"": ""no spectral operations are involved""},
    ""processing_quality"": {""status"": ""NOT_APPLICABLE"", ""reason"": ""no processing quality metadata is required""},
    ""vertical_semantics"": {""status"": ""NOT_APPLICABLE"", ""reason"": ""no vertical quantities are involved""},
    ""temporal_causality"": {""status"": ""PASS"", ""reason"": ""all acquisitions and availability times align""},
    ""evaluation_independence"": {""status"": ""NOT_APPLICABLE"", ""reason"": ""no evaluation split is present""},
    ""nodata_physical_domain"": {""status"": ""NOT_APPLICABLE"", ""reason"": ""no nodata semantics are required for binary data""},
    ""uncertainty_fitness"": {""status"": ""NOT_APPLICABLE"", ""reason"": ""uncertainty is not required for binary data""}
  },
  ""summary"": ""Workflow operations are consistent with the provided artifacts and scientific intent, with no violations found."",
  ""confidence"": 5
}"
SGX3_HELDOUT-FAMILY_physical_range_violation_002,strong_A,Qwen/Qwen2.5-7B-Instruct,PROVEN,1.0,5,"{""provenance"": {""status"": ""PASS"", ""reason"": ""authoritative source is supplied""}, ""categorical_semantics"": {""status"": ""NOT_APPLICABLE"", ""reason"": ""not required""}, ""spatial_support_resolution"": {""status"": ""NOT_APPLICABLE"", ""reason"": ""not required""}, ""units_quantity"": {""status"": ""PASS"", ""reason"": ""unit is dimensionless and within common range""}, ""crs_geometry_area"": {""status"": ""NOT_APPLICABLE"", ""reason"": ""not required""}, ""spectral_semantics"": {""status"": ""NOT_APPLICABLE"", ""reason"": ""not required""}, ""processing_quality"": {""status"": ""NOT_APPLICABLE"", ""reason"": ""not required""}, ""vertical_semantics"": {""status"": ""NOT_APPLICABLE"", ""reason"": ""not required""}, ""temporal_causality"": {""status"": ""NOT_APPLICABLE"", ""reason"": ""not required""}, ""evaluation_independence"": {""status"": ""NOT_APPLICABLE"", ""reason"": ""not required""}, ""nodata_physical_domain"": {""status"": ""NOT_APPLICABLE"", ""reason"": ""not required""}, ""uncertainty_fitness"": {""status"": ""NOT_APPLICABLE"", ""reason"": ""not required""}}",Value range assertion is within observed range but not strictly necessary for the NDVI quantity.,"{
  ""obligations"": {
    ""provenance"": {""status"": ""PASS"", ""reason"": ""authoritative source is supplied""},
    ""categorical_semantics"": {""status"": ""NOT_APPLICABLE"", ""reason"": ""not required""},
    ""spatial_support_resolution"": {""status"": ""NOT_APPLICABLE"", ""reason"": ""not required""},
    ""units_quantity"": {""status"": ""PASS"", ""reason"": ""unit is dimensionless and within common range""},
    ""crs_geometry_area"": {""status"": ""NOT_APPLICABLE"", ""reason"": ""not required""},
    ""spectral_semantics"": {""status"": ""NOT_APPLICABLE"", ""reason"": ""not required""},
    ""processing_quality"": {""status"": ""NOT_APPLICABLE"", ""reason"": ""not required""},
    ""vertical_semantics"": {""status"": ""NOT_APPLICABLE"", ""reason"": ""not required""},
    ""temporal_causality"": {""status"": ""NOT_APPLICABLE"", ""reason"": ""not required""},
    ""evaluation_independence"": {""status"": ""NOT_APPLICABLE"", ""reason"": ""not required""},
    ""nodata_physical_domain"": {""status"": ""NOT_APPLICABLE"", ""reason"": ""not required""},
    ""uncertainty_fitness"": {""status"": ""NOT_APPLICABLE"", ""reason"": ""not required""}
  },
  ""summary"": ""Value range assertion is within observed range but not strictly necessary for the NDVI quantity."",
  ""confidence"": 5
}"
SGX3_DEVELOPMENT_categorical_interpolation_003,strong_A,Qwen/Qwen2.5-7B-Instruct,PROVEN,1.0,5,"{""provenance"": {""status"": ""PASS"", ""reason"": ""authoritative source is supplied""}, ""categorical_semantics"": {""status"": ""PASS"", ""reason"": ""nearest-neighbor preserves category identity""}, ""spatial_support_resolution"": {""status"": ""PASS"", ""reason"": ""coarsening does not claim new spatial information""}, ""units_quantity"": {""status"": ""NOT_APPLICABLE"", ""reason"": ""not required""}, ""crs_geometry_area"": {""status"": ""PASS"", ""reason"": ""coordinate system is EPSG:4326""}, ""spectral_semantics"": {""status"": ""NOT_APPLICABLE"", ""reason"": ""not required""}, ""processing_quality"": {""status"": ""NOT_APPLICABLE"", ""reason"": ""not required""}, ""vertical_semantics"": {""status"": ""NOT_APPLICABLE"", ""reason"": ""not required""}, ""temporal_causality"": {""status"": ""NOT_APPLICABLE"", ""reason"": ""not required""}, ""evaluation_independence"": {""status"": ""NOT_APPLICABLE"", ""reason"": ""not required""}, ""nodata_physical_domain"": {""status"": ""NOT_APPLICABLE"", ""reason"": ""not required""}, ""uncertainty_fitness"": {""status"": ""NOT_APPLICABLE"", ""reason"": ""not required""}}",Categorical coarsening using nearest-neighbor method is appropriate given the goal and available data.,"{
  ""obligations"": {
    ""provenance"": {""status"": ""PASS"", ""reason"": ""authoritative source is supplied""},
    ""categorical_semantics"": {""status"": ""PASS"", ""reason"": ""nearest-neighbor preserves category identity""},
    ""spatial_support_resolution"": {""status"": ""PASS"", ""reason"": ""coarsening does not claim new spatial information""},
    ""units_quantity"": {""status"": ""NOT_APPLICABLE"", ""reason"": ""not required""},
    ""crs_geometry_area"": {""status"": ""PASS"", ""reason"": ""coordinate system is EPSG:4326""},
    ""spectral_semantics"": {""status"": ""NOT_APPLICABLE"", ""reason"": ""not required""},
    ""processing_quality"": {""status"": ""NOT_APPLICABLE"", ""reason"": ""not required""},
    ""vertical_semantics"": {""status"": ""NOT_APPLICABLE"", ""reason"": ""not required""},
    ""temporal_causality"": {""status"": ""NOT_APPLICABLE"", ""reason"": ""not required""},
    ""evaluation_independence"": {""status"": ""NOT_APPLICABLE"", ""reason"": ""not required""},
    ""nodata_physical_domain"": {""status"": ""NOT_APPLICABLE"", ""reason"": ""not required""},
    ""uncertainty_fitness"": {""status"": ""NOT_APPLICABLE"", ""reason"": ""not required""}
  },
  ""summary"": ""Categorical coarsening using nearest-neighbor method is appropriate given the goal and available data."",
  ""confidence"": 5
}"
SGX3_HELDOUT-FAMILY_temporal_split_overlap_003,strong_A,Qwen/Qwen2.5-7B-Instruct,REFUTED,1.0,5,"{""provenance"": {""status"": ""PASS"", ""reason"": ""authoritative source is supplied""}, ""categorical_semantics"": {""status"": ""NOT_APPLICABLE"", ""reason"": ""not required""}, ""spatial_support_resolution"": {""status"": ""NOT_APPLICABLE"", ""reason"": ""not required""}, ""units_quantity"": {""status"": ""NOT_APPLICABLE"", ""reason"": ""not required""}, ""crs_geometry_area"": {""status"": ""NOT_APPLICABLE"", ""reason"": ""not required""}, ""spectral_semantics"": {""status"": ""NOT_APPLICABLE"", ""reason"": ""not required""}, ""processing_quality"": {""status"": ""NOT_APPLICABLE"", ""reason"": ""not required""}, ""vertical_semantics"": {""status"": ""NOT_APPLICABLE"", ""reason"": ""not required""}, ""temporal_causality"": {""status"": ""FAIL"", ""reason"": ""test data is before training data""}, ""evaluation_independence"": {""status"": ""PASS"", ""reason"": ""no spatial, temporal, or scene dependence""}, ""nodata_physical_domain"": {""status"": ""NOT_APPLICABLE"", ""reason"": ""not required""}, ""uncertainty_fitness"": {""status"": ""NOT_APPLICABLE"", ""reason"": ""not required""}}",Temporal split is causally inconsistent as test data precedes training data.,"{
  ""obligations"": {
    ""provenance"": {""status"": ""PASS"", ""reason"": ""authoritative source is supplied""},
    ""categorical_semantics"": {""status"": ""NOT_APPLICABLE"", ""reason"": ""not required""},
    ""spatial_support_resolution"": {""status"": ""NOT_APPLICABLE"", ""reason"": ""not required""},
    ""units_quantity"": {""status"": ""NOT_APPLICABLE"", ""reason"": ""not required""},
    ""crs_geometry_area"": {""status"": ""NOT_APPLICABLE"", ""reason"": ""not required""},
    ""spectral_semantics"": {""status"": ""NOT_APPLICABLE"", ""reason"": ""not required""},
    ""processing_quality"": {""status"": ""NOT_APPLICABLE"", ""reason"": ""not required""},
    ""vertical_semantics"": {""status"": ""NOT_APPLICABLE"", ""reason"": ""not required""},
    ""temporal_causality"": {""status"": ""FAIL"", ""reason"": ""test data is before training data""},
    ""evaluation_independence"": {""status"": ""PASS"", ""reason"": ""no spatial, temporal, or scene dependence""},
    ""nodata_physical_domain"": {""status"": ""NOT_APPLICABLE"", ""reason"": ""not required""},
    ""uncertainty_fitness"": {""status"": ""NOT_APPLICABLE"", ""reason"": ""not required""}
  },
  ""summary"": ""Temporal split is causally inconsistent as test data precedes training data."",
  ""confidence"": 5
}"
SGX3_DEVELOPMENT_future_information_000,strong_A,Qwen/Qwen2.5-7B-Instruct,REFUTED,1.0,5,"{""provenance"": {""status"": ""PASS"", ""reason"": ""authoritative source is supplied""}, ""categorical_semantics"": {""status"": ""NOT_APPLICABLE"", ""reason"": ""not required""}, ""spatial_support_resolution"": {""status"": ""NOT_APPLICABLE"", ""reason"": ""not required""}, ""units_quantity"": {""status"": ""NOT_APPLICABLE"", ""reason"": ""not required""}, ""crs_geometry_area"": {""status"": ""NOT_APPLICABLE"", ""reason"": ""not required""}, ""spectral_semantics"": {""status"": ""NOT_APPLICABLE"", ""reason"": ""not required""}, ""processing_quality"": {""status"": ""NOT_APPLICABLE"", ""reason"": ""not required""}, ""vertical_semantics"": {""status"": ""NOT_APPLICABLE"", ""reason"": ""not required""}, ""temporal_causality"": {""status"": ""FAIL"", ""reason"": ""feature is available before decision time""}, ""evaluation_independence"": {""status"": ""NOT_APPLICABLE"", ""reason"": ""not required""}, ""nodata_physical_domain"": {""status"": ""NOT_APPLICABLE"", ""reason"": ""not required""}, ""uncertainty_fitness"": {""status"": ""NOT_APPLICABLE"", ""reason"": ""not required""}}","workflow uses past data for future prediction, violating temporal causality","{
  ""obligations"": {
    ""provenance"": {""status"": ""PASS"", ""reason"": ""authoritative source is supplied""},
    ""categorical_semantics"": {""status"": ""NOT_APPLICABLE"", ""reason"": ""not required""},
    ""spatial_support_resolution"": {""status"": ""NOT_APPLICABLE"", ""reason"": ""not required""},
    ""units_quantity"": {""status"": ""NOT_APPLICABLE"", ""reason"": ""not required""},
    ""crs_geometry_area"": {""status"": ""NOT_APPLICABLE"", ""reason"": ""not required""},
    ""spectral_semantics"": {""status"": ""NOT_APPLICABLE"", ""reason"": ""not required""},
    ""processing_quality"": {""status"": ""NOT_APPLICABLE"", ""reason"": ""not required""},
    ""vertical_semantics"": {""status"": ""NOT_APPLICABLE"", ""reason"": ""not required""},
    ""temporal_causality"": {""status"": ""FAIL"", ""reason"": ""feature is available before decision time""},
    ""evaluation_independence"": {""status"": ""NOT_APPLICABLE"", ""reason"": ""not required""},
    ""nodata_physical_domain"": {""status"": ""NOT_APPLICABLE"", ""reason"": ""not required""},
    ""uncertainty_fitness"": {""status"": ""NOT_APPLICABLE"", ""reason"": ""not required""}
  },
  ""summary"": ""workflow uses past data for future prediction, violating temporal causality"",
  ""confidence"": 5
}"
SGX3_HELDOUT-FAMILY_rate_sum_without_duration_005,strong_A,Qwen/Qwen2.5-7B-Instruct,PROVEN,1.0,5,"{""provenance"": {""status"": ""PASS"", ""reason"": ""authoritative source is supplied""}, ""categorical_semantics"": {""status"": ""NOT_APPLICABLE"", ""reason"": ""not required""}, ""spatial_support_resolution"": {""status"": ""PASS"", ""reason"": ""resolution matches the required unit""}, ""units_quantity"": {""status"": ""PASS"", ""reason"": ""units are consistent with the operation""}, ""crs_geometry_area"": {""status"": ""PASS"", ""reason"": ""geographic CRS is appropriate for integration""}, ""spectral_semantics"": {""status"": ""NOT_APPLICABLE"", ""reason"": ""not required""}, ""processing_quality"": {""status"": ""NOT_APPLICABLE"", ""reason"": ""not required""}, ""vertical_semantics"": {""status"": ""NOT_APPLICABLE"", ""reason"": ""not required""}, ""temporal_causality"": {""status"": ""PASS"", ""reason"": ""temporal resolution matches the sample duration""}, ""evaluation_independence"": {""status"": ""NOT_APPLICABLE"", ""reason"": ""not required""}, ""nodata_physical_domain"": {""status"": ""NOT_APPLICABLE"", ""reason"": ""not required""}, ""uncertainty_fitness"": {""status"": ""NOT_APPLICABLE"", ""reason"": ""not required""}}",Workflow is consistent with the provided scientific intent and available data.,"{
  ""obligations"": {
    ""provenance"": {""status"": ""PASS"", ""reason"": ""authoritative source is supplied""},
    ""categorical_semantics"": {""status"": ""NOT_APPLICABLE"", ""reason"": ""not required""},
    ""spatial_support_resolution"": {""status"": ""PASS"", ""reason"": ""resolution matches the required unit""},
    ""units_quantity"": {""status"": ""PASS"", ""reason"": ""units are consistent with the operation""},
    ""crs_geometry_area"": {""status"": ""PASS"", ""reason"": ""geographic CRS is appropriate for integration""},
    ""spectral_semantics"": {""status"": ""NOT_APPLICABLE"", ""reason"": ""not required""},
    ""processing_quality"": {""status"": ""NOT_APPLICABLE"", ""reason"": ""not required""},
    ""vertical_semantics"": {""status"": ""NOT_APPLICABLE"", ""reason"": ""not required""},
    ""temporal_causality"": {""status"": ""PASS"", ""reason"": ""temporal resolution matches the sample duration""},
    ""evaluation_independence"": {""status"": ""NOT_APPLICABLE"", ""reason"": ""not required""},
    ""nodata_physical_domain"": {""status"": ""NOT_APPLICABLE"", ""reason"": ""not required""},
    ""uncertainty_fitness"": {""status"": ""NOT_APPLICABLE"", ""reason"": ""not required""}
  },
  ""summary"": ""Workflow is consistent with the provided scientific intent and available data."",
  ""confidence"": 5
}"
SGX3_BLIND_landslide_forecast_036,strong_A,Qwen/Qwen2.5-7B-Instruct,REFUTED,1.0,5,"{""provenance"": {""status"": ""NOT_APPLICABLE"", ""reason"": ""not required""}, ""categorical_semantics"": {""status"": ""NOT_APPLICABLE"", ""reason"": ""not required""}, ""spatial_support_resolution"": {""status"": ""PASS"", ""reason"": ""both artifacts have EPSG:32643 crs""}, ""units_quantity"": {""status"": ""NOT_APPLICABLE"", ""reason"": ""not required""}, ""crs_geometry_area"": {""status"": ""PASS"", ""reason"": ""both artifacts have EPSG:32643 crs""}, ""spectral_semantics"": {""status"": ""NOT_APPLICABLE"", ""reason"": ""not required""}, ""processing_quality"": {""status"": ""NOT_APPLICABLE"", ""reason"": ""not required""}, ""vertical_semantics"": {""status"": ""PASS"", ""reason"": ""both artifacts have compatible vertical datums (IMERG-feature has no vertical datum)""}, ""temporal_causality"": {""status"": ""FAIL"", ""reason"": ""IMERG-feature available time is after decision time""}, ""evaluation_independence"": {""status"": ""NOT_APPLICABLE"", ""reason"": ""not required""}, ""nodata_physical_domain"": {""status"": ""NOT_APPLICABLE"", ""reason"": ""not required""}, ""uncertainty_fitness"": {""status"": ""NOT_APPLICABLE"", ""reason"": ""not required""}}",Temporal causality obligation failed due to IMERG-feature available time being after decision time,"{
  ""obligations"": {
    ""provenance"": {""status"": ""NOT_APPLICABLE"", ""reason"": ""not required""},
    ""categorical_semantics"": {""status"": ""NOT_APPLICABLE"", ""reason"": ""not required""},
    ""spatial_support_resolution"": {""status"": ""PASS"", ""reason"": ""both artifacts have EPSG:32643 crs""},
    ""units_quantity"": {""status"": ""NOT_APPLICABLE"", ""reason"": ""not required""},
    ""crs_geometry_area"": {""status"": ""PASS"", ""reason"": ""both artifacts have EPSG:32643 crs""},
    ""spectral_semantics"": {""status"": ""NOT_APPLICABLE"", ""reason"": ""not required""},
    ""processing_quality"": {""status"": ""NOT_APPLICABLE"", ""reason"": ""not required""},
    ""vertical_semantics"": {""status"": ""PASS"", ""reason"": ""both artifacts have compatible vertical datums (IMERG-feature has no vertical datum)""},
    ""temporal_causality"": {""status"": ""FAIL"", ""reason"": ""IMERG-feature available time is after decision time""},
    ""evaluation_independence"": {""status"": ""NOT_APPLICABLE"", ""reason"": ""not required""},
    ""nodata_physical_domain"": {""status"": ""NOT_APPLICABLE"", ""reason"": ""not required""},
    ""uncertainty_fitness"": {""status"": ""NOT_APPLICABLE"", ""reason"": ""not required""}
  },
  ""summary"": ""Temporal causality obligation failed due to IMERG-feature available time being after decision time"",
  ""confidence"": 5
}"
SGX3_BLIND_landslide_forecast_045,strong_A,Qwen/Qwen2.5-7B-Instruct,REFUTED,1.0,5,"{""provenance"": {""status"": ""NOT_APPLICABLE"", ""reason"": ""not required""}, ""categorical_semantics"": {""status"": ""NOT_APPLICABLE"", ""reason"": ""not required""}, ""spatial_support_resolution"": {""status"": ""PASS"", ""reason"": ""both artifacts have EPSG:32643 crs""}, ""units_quantity"": {""status"": ""NOT_APPLICABLE"", ""reason"": ""not required""}, ""crs_geometry_area"": {""status"": ""PASS"", ""reason"": ""both artifacts have EPSG:32643 crs""}, ""spectral_semantics"": {""status"": ""NOT_APPLICABLE"", ""reason"": ""not required""}, ""processing_quality"": {""status"": ""NOT_APPLICABLE"", ""reason"": ""not required""}, ""vertical_semantics"": {""status"": ""PASS"", ""reason"": ""both artifacts have compatible vertical datums (IMERG-feature has none)""}, ""temporal_causality"": {""status"": ""FAIL"", ""reason"": ""IMERG-feature available time is after decision time""}, ""evaluation_independence"": {""status"": ""NOT_APPLICABLE"", ""reason"": ""not required""}, ""nodata_physical_domain"": {""status"": ""NOT_APPLICABLE"", ""reason"": ""not required""}, ""uncertainty_fitness"": {""status"": ""NOT_APPLICABLE"", ""reason"": ""not required""}}",Temporal causality obligation failed due to future data usage; other obligations are satisfied.,"{
  ""obligations"": {
    ""provenance"": {""status"": ""NOT_APPLICABLE"", ""reason"": ""not required""},
    ""categorical_semantics"": {""status"": ""NOT_APPLICABLE"", ""reason"": ""not required""},
    ""spatial_support_resolution"": {""status"": ""PASS"", ""reason"": ""both artifacts have EPSG:32643 crs""},
    ""units_quantity"": {""status"": ""NOT_APPLICABLE"", ""reason"": ""not required""},
    ""crs_geometry_area"": {""status"": ""PASS"", ""reason"": ""both artifacts have EPSG:32643 crs""},
    ""spectral_semantics"": {""status"": ""NOT_APPLICABLE"", ""reason"": ""not required""},
    ""processing_quality"": {""status"": ""NOT_APPLICABLE"", ""reason"": ""not required""},
    ""vertical_semantics"": {""status"": ""PASS"", ""reason"": ""both artifacts have compatible vertical datums (IMERG-feature has none)""},
    ""temporal_causality"": {""status"": ""FAIL"", ""reason"": ""IMERG-feature available time is after decision time""},
    ""evaluation_independence"": {""status"": ""NOT_APPLICABLE"", ""reason"": ""not required""},
    ""nodata_physical_domain"": {""status"": ""NOT_APPLICABLE"", ""reason"": ""not required""},
    ""uncertainty_fitness"": {""status"": ""NOT_APPLICABLE"", ""reason"": ""not required""}
  },
  ""summary"": ""Temporal causality obligation failed due to future data usage; other obligations are satisfied."",
  ""confidence"": 5
}"
SGX3_HELDOUT-FAMILY_quality_metadata_loss_001,strong_A,Qwen/Qwen2.5-7B-Instruct,PROVEN,1.0,5,"{""provenance"": {""status"": ""PASS"", ""reason"": ""authoritative source is supplied""}, ""categorical_semantics"": {""status"": ""NOT_APPLICABLE"", ""reason"": ""not required""}, ""spatial_support_resolution"": {""status"": ""PASS"", ""reason"": ""resolution is supplied""}, ""units_quantity"": {""status"": ""NOT_APPLICABLE"", ""reason"": ""not required""}, ""crs_geometry_area"": {""status"": ""PASS"", ""reason"": ""CRS is supplied""}, ""spectral_semantics"": {""status"": ""NOT_APPLICABLE"", ""reason"": ""not required""}, ""processing_quality"": {""status"": ""NOT_APPLICABLE"", ""reason"": ""not required""}, ""vertical_semantics"": {""status"": ""NOT_APPLICABLE"", ""reason"": ""not required""}, ""temporal_causality"": {""status"": ""NOT_APPLICABLE"", ""reason"": ""not required""}, ""evaluation_independence"": {""status"": ""NOT_APPLICABLE"", ""reason"": ""not required""}, ""nodata_physical_domain"": {""status"": ""NOT_APPLICABLE"", ""reason"": ""not required""}, ""uncertainty_fitness"": {""status"": ""NOT_APPLICABLE"", ""reason"": ""not required""}}",Workflow operation does not require specific evidence for the given obligations.,"{
  ""obligations"": {
    ""provenance"": {""status"": ""PASS"", ""reason"": ""authoritative source is supplied""},
    ""categorical_semantics"": {""status"": ""NOT_APPLICABLE"", ""reason"": ""not required""},
    ""spatial_support_resolution"": {""status"": ""PASS"", ""reason"": ""resolution is supplied""},
    ""units_quantity"": {""status"": ""NOT_APPLICABLE"", ""reason"": ""not required""},
    ""crs_geometry_area"": {""status"": ""PASS"", ""reason"": ""CRS is supplied""},
    ""spectral_semantics"": {""status"": ""NOT_APPLICABLE"", ""reason"": ""not required""},
    ""processing_quality"": {""status"": ""NOT_APPLICABLE"", ""reason"": ""not required""},
    ""vertical_semantics"": {""status"": ""NOT_APPLICABLE"", ""reason"": ""not required""},
    ""temporal_causality"": {""status"": ""NOT_APPLICABLE"", ""reason"": ""not required""},
    ""evaluation_independence"": {""status"": ""NOT_APPLICABLE"", ""reason"": ""not required""},
    ""nodata_physical_domain"": {""status"": ""NOT_APPLICABLE"", ""reason"": ""not required""},
    ""uncertainty_fitness"": {""status"": ""NOT_APPLICABLE"", ""reason"": ""not required""}
  },
  ""summary"": ""Workflow operation does not require specific evidence for the given obligations."",
  ""confidence"": 5
}"
SGX3_BLIND_eo_ml_validation_015,strong_A,Qwen/Qwen2.5-7B-Instruct,PROVEN,1.0,5,"{""provenance"": {""status"": ""PASS"", ""reason"": ""authoritative source is supplied""}, ""categorical_semantics"": {""status"": ""NOT_APPLICABLE"", ""reason"": ""not required""}, ""spatial_support_resolution"": {""status"": ""PASS"", ""reason"": ""resolution is within the required range (if specified)""}, ""units_quantity"": {""status"": ""NOT_APPLICABLE"", ""reason"": ""not required""}, ""crs_geometry_area"": {""status"": ""PASS"", ""reason"": ""coordinate reference system is specified""}, ""spectral_semantics"": {""status"": ""NOT_APPLICABLE"", ""reason"": ""not required""}, ""processing_quality"": {""status"": ""NOT_APPLICABLE"", ""reason"": ""not required""}, ""vertical_semantics"": {""status"": ""NOT_APPLICABLE"", ""reason"": ""not required""}, ""temporal_causality"": {""status"": ""NOT_APPLICABLE"", ""reason"": ""not required""}, ""evaluation_independence"": {""status"": ""PASS"", ""reason"": ""split mode is 'scene' and overlap fraction is within a reasonable range""}, ""nodata_physical_domain"": {""status"": ""NOT_APPLICABLE"", ""reason"": ""not required""}, ""uncertainty_fitness"": {""status"": ""NOT_APPLICABLE"", ""reason"": ""not required""}}","Workflow passes all obligations except for units and quantities, which are not required given the intent.","{
  ""obligations"": {
    ""provenance"": {""status"": ""PASS"", ""reason"": ""authoritative source is supplied""},
    ""categorical_semantics"": {""status"": ""NOT_APPLICABLE"", ""reason"": ""not required""},
    ""spatial_support_resolution"": {""status"": ""PASS"", ""reason"": ""resolution is within the required range (if specified)""},
    ""units_quantity"": {""status"": ""NOT_APPLICABLE"", ""reason"": ""not required""},
    ""crs_geometry_area"": {""status"": ""PASS"", ""reason"": ""coordinate reference system is specified""},
    ""spectral_semantics"": {""status"": ""NOT_APPLICABLE"", ""reason"": ""not required""},
    ""processing_quality"": {""status"": ""NOT_APPLICABLE"", ""reason"": ""not required""},
    ""vertical_semantics"": {""status"": ""NOT_APPLICABLE"", ""reason"": ""not required""},
    ""temporal_causality"": {""status"": ""NOT_APPLICABLE"", ""reason"": ""not required""},
    ""evaluation_independence"": {""status"": ""PASS"", ""reason"": ""split mode is 'scene' and overlap fraction is within a reasonable range""},
    ""nodata_physical_domain"": {""status"": ""NOT_APPLICABLE"", ""reason"": ""not required""},
    ""uncertainty_fitness"": {""status"": ""NOT_APPLICABLE"", ""reason"": ""not required""}
  },
  ""summary"": ""Workflow passes all obligations except for units and quantities, which are not required given the intent."",
  ""confidence"": 5
}"
SGX3_BLIND_eo_ml_validation_049,strong_A,Qwen/Qwen2.5-7B-Instruct,REFUTED,1.0,5,"{""provenance"": {""status"": ""PASS"", ""reason"": ""authoritative source is supplied""}, ""categorical_semantics"": {""status"": ""NOT_APPLICABLE"", ""reason"": ""not required""}, ""spatial_support_resolution"": {""status"": ""PASS"", ""reason"": ""resolution is within acceptable range""}, ""units_quantity"": {""status"": ""NOT_APPLICABLE"", ""reason"": ""not required""}, ""crs_geometry_area"": {""status"": ""PASS"", ""reason"": ""coordinate reference system is specified""}, ""spectral_semantics"": {""status"": ""NOT_APPLICABLE"", ""reason"": ""not required""}, ""processing_quality"": {""status"": ""NOT_APPLICABLE"", ""reason"": ""not required""}, ""vertical_semantics"": {""status"": ""NOT_APPLICABLE"", ""reason"": ""not required""}, ""temporal_causality"": {""status"": ""FAIL"", ""reason"": ""test data is from before training data""}, ""evaluation_independence"": {""status"": ""PASS"", ""reason"": ""split mode is temporal, no spatial or scene dependence""}, ""nodata_physical_domain"": {""status"": ""NOT_APPLICABLE"", ""reason"": ""not required""}, ""uncertainty_fitness"": {""status"": ""NOT_APPLICABLE"", ""reason"": ""not required""}}",Temporal split violates causality; temporal split is used correctly otherwise,"{
  ""obligations"": {
    ""provenance"": {""status"": ""PASS"", ""reason"": ""authoritative source is supplied""},
    ""categorical_semantics"": {""status"": ""NOT_APPLICABLE"", ""reason"": ""not required""},
    ""spatial_support_resolution"": {""status"": ""PASS"", ""reason"": ""resolution is within acceptable range""},
    ""units_quantity"": {""status"": ""NOT_APPLICABLE"", ""reason"": ""not required""},
    ""crs_geometry_area"": {""status"": ""PASS"", ""reason"": ""coordinate reference system is specified""},
    ""spectral_semantics"": {""status"": ""NOT_APPLICABLE"", ""reason"": ""not required""},
    ""processing_quality"": {""status"": ""NOT_APPLICABLE"", ""reason"": ""not required""},
    ""vertical_semantics"": {""status"": ""NOT_APPLICABLE"", ""reason"": ""not required""},
    ""temporal_causality"": {""status"": ""FAIL"", ""reason"": ""test data is from before training data""},
    ""evaluation_independence"": {""status"": ""PASS"", ""reason"": ""split mode is temporal, no spatial or scene dependence""},
    ""nodata_physical_domain"": {""status"": ""NOT_APPLICABLE"", ""reason"": ""not required""},
    ""uncertainty_fitness"": {""status"": ""NOT_APPLICABLE"", ""reason"": ""not required""}
  },
  ""summary"": ""Temporal split violates causality; temporal split is used correctly otherwise"",
  ""confidence"": 5
}"
SGX3_DEVELOPMENT_categorical_interpolation_012,strong_A,Qwen/Qwen2.5-7B-Instruct,PROVEN,1.0,5,"{""provenance"": {""status"": ""PASS"", ""reason"": ""authoritative source is supplied""}, ""categorical_semantics"": {""status"": ""PASS"", ""reason"": ""nearest-neighbor preserves category identity""}, ""spatial_support_resolution"": {""status"": ""PASS"", ""reason"": ""coarsening does not claim new spatial information""}, ""units_quantity"": {""status"": ""NOT_APPLICABLE"", ""reason"": ""not required""}, ""crs_geometry_area"": {""status"": ""PASS"", ""reason"": ""coordinate system is EPSG:4326""}, ""spectral_semantics"": {""status"": ""NOT_APPLICABLE"", ""reason"": ""not required""}, ""processing_quality"": {""status"": ""NOT_APPLICABLE"", ""reason"": ""not required""}, ""vertical_semantics"": {""status"": ""NOT_APPLICABLE"", ""reason"": ""not required""}, ""temporal_causality"": {""status"": ""NOT_APPLICABLE"", ""reason"": ""not required""}, ""evaluation_independence"": {""status"": ""NOT_APPLICABLE"", ""reason"": ""not required""}, ""nodata_physical_domain"": {""status"": ""NOT_APPLICABLE"", ""reason"": ""not required""}, ""uncertainty_fitness"": {""status"": ""NOT_APPLICABLE"", ""reason"": ""not required""}}",Categorical coarsening using nearest-neighbor method is appropriate given the categorical scale and spatial resolution.,"{
  ""obligations"": {
    ""provenance"": {""status"": ""PASS"", ""reason"": ""authoritative source is supplied""},
    ""categorical_semantics"": {""status"": ""PASS"", ""reason"": ""nearest-neighbor preserves category identity""},
    ""spatial_support_resolution"": {""status"": ""PASS"", ""reason"": ""coarsening does not claim new spatial information""},
    ""units_quantity"": {""status"": ""NOT_APPLICABLE"", ""reason"": ""not required""},
    ""crs_geometry_area"": {""status"": ""PASS"", ""reason"": ""coordinate system is EPSG:4326""},
    ""spectral_semantics"": {""status"": ""NOT_APPLICABLE"", ""reason"": ""not required""},
    ""processing_quality"": {""status"": ""NOT_APPLICABLE"", ""reason"": ""not required""},
    ""vertical_semantics"": {""status"": ""NOT_APPLICABLE"", ""reason"": ""not required""},
    ""temporal_causality"": {""status"": ""NOT_APPLICABLE"", ""reason"": ""not required""},
    ""evaluation_independence"": {""status"": ""NOT_APPLICABLE"", ""reason"": ""not required""},
    ""nodata_physical_domain"": {""status"": ""NOT_APPLICABLE"", ""reason"": ""not required""},
    ""uncertainty_fitness"": {""status"": ""NOT_APPLICABLE"", ""reason"": ""not required""}
  },
  ""summary"": ""Categorical coarsening using nearest-neighbor method is appropriate given the categorical scale and spatial resolution."",
  ""confidence"": 5
}"
SGX3_DEVELOPMENT_spectral_role_001,strong_A,Qwen/Qwen2.5-7B-Instruct,REFUTED,1.0,5,"{""provenance"": {""status"": ""PASS"", ""reason"": ""authoritative sources are supplied""}, ""categorical_semantics"": {""status"": ""NOT_APPLICABLE"", ""reason"": ""not required""}, ""spatial_support_resolution"": {""status"": ""PASS"", ""reason"": ""same spatial support and resolution""}, ""units_quantity"": {""status"": ""NOT_APPLICABLE"", ""reason"": ""units are not required""}, ""crs_geometry_area"": {""status"": ""PASS"", ""reason"": ""same CRS and spatial support""}, ""spectral_semantics"": {""status"": ""FAIL"", ""reason"": ""expected 'nir' role for second band, but given 'swir16'""}, ""processing_quality"": {""status"": ""NOT_APPLICABLE"", ""reason"": ""not required""}, ""vertical_semantics"": {""status"": ""NOT_APPLICABLE"", ""reason"": ""not required""}, ""temporal_causality"": {""status"": ""NOT_APPLICABLE"", ""reason"": ""not required""}, ""evaluation_independence"": {""status"": ""NOT_APPLICABLE"", ""reason"": ""not required""}, ""nodata_physical_domain"": {""status"": ""NOT_APPLICABLE"", ""reason"": ""not required""}, ""uncertainty_fitness"": {""status"": ""NOT_APPLICABLE"", ""reason"": ""not required""}}",Incorrect spectral role for the second band in the spectral index calculation,"{
  ""obligations"": {
    ""provenance"": {""status"": ""PASS"", ""reason"": ""authoritative sources are supplied""},
    ""categorical_semantics"": {""status"": ""NOT_APPLICABLE"", ""reason"": ""not required""},
    ""spatial_support_resolution"": {""status"": ""PASS"", ""reason"": ""same spatial support and resolution""},
    ""units_quantity"": {""status"": ""NOT_APPLICABLE"", ""reason"": ""units are not required""},
    ""crs_geometry_area"": {""status"": ""PASS"", ""reason"": ""same CRS and spatial support""},
    ""spectral_semantics"": {""status"": ""FAIL"", ""reason"": ""expected 'nir' role for second band, but given 'swir16'""},
    ""processing_quality"": {""status"": ""NOT_APPLICABLE"", ""reason"": ""not required""},
    ""vertical_semantics"": {""status"": ""NOT_APPLICABLE"", ""reason"": ""not required""},
    ""temporal_causality"": {""status"": ""NOT_APPLICABLE"", ""reason"": ""not required""},
    ""evaluation_independence"": {""status"": ""NOT_APPLICABLE"", ""reason"": ""not required""},
    ""nodata_physical_domain"": {""status"": ""NOT_APPLICABLE"", ""reason"": ""not required""},
    ""uncertainty_fitness"": {""status"": ""NOT_APPLICABLE"", ""reason"": ""not required""}
  },
  ""summary"": ""Incorrect spectral role for the second band in the spectral index calculation"",
  ""confidence"": 5
}"
SGX3_BLIND_eo_ml_validation_022,strong_A,Qwen/Qwen2.5-7B-Instruct,PROVEN,1.0,5,"{""provenance"": {""status"": ""PASS"", ""reason"": ""authoritative source is supplied""}, ""categorical_semantics"": {""status"": ""NOT_APPLICABLE"", ""reason"": ""not required""}, ""spatial_support_resolution"": {""status"": ""PASS"", ""reason"": ""resolution is within the required range (if specified)""}, ""units_quantity"": {""status"": ""NOT_APPLICABLE"", ""reason"": ""not required""}, ""crs_geometry_area"": {""status"": ""PASS"", ""reason"": ""coordinate reference system is specified""}, ""spectral_semantics"": {""status"": ""NOT_APPLICABLE"", ""reason"": ""not required""}, ""processing_quality"": {""status"": ""NOT_APPLICABLE"", ""reason"": ""not required""}, ""vertical_semantics"": {""status"": ""NOT_APPLICABLE"", ""reason"": ""not required""}, ""temporal_causality"": {""status"": ""NOT_APPLICABLE"", ""reason"": ""not required""}, ""evaluation_independence"": {""status"": ""PASS"", ""reason"": ""split mode is 'scene' and overlap fraction is within a reasonable range""}, ""nodata_physical_domain"": {""status"": ""NOT_APPLICABLE"", ""reason"": ""not required""}, ""uncertainty_fitness"": {""status"": ""NOT_APPLICABLE"", ""reason"": ""not required""}}","The workflow for splitting scenes appears to be valid given the provided artifacts and operations, with no clear violations of the proof obligations.","{
  ""obligations"": {
    ""provenance"": {""status"": ""PASS"", ""reason"": ""authoritative source is supplied""},
    ""categorical_semantics"": {""status"": ""NOT_APPLICABLE"", ""reason"": ""not required""},
    ""spatial_support_resolution"": {""status"": ""PASS"", ""reason"": ""resolution is within the required range (if specified)""},
    ""units_quantity"": {""status"": ""NOT_APPLICABLE"", ""reason"": ""not required""},
    ""crs_geometry_area"": {""status"": ""PASS"", ""reason"": ""coordinate reference system is specified""},
    ""spectral_semantics"": {""status"": ""NOT_APPLICABLE"", ""reason"": ""not required""},
    ""processing_quality"": {""status"": ""NOT_APPLICABLE"", ""reason"": ""not required""},
    ""vertical_semantics"": {""status"": ""NOT_APPLICABLE"", ""reason"": ""not required""},
    ""temporal_causality"": {""status"": ""NOT_APPLICABLE"", ""reason"": ""not required""},
    ""evaluation_independence"": {""status"": ""PASS"", ""reason"": ""split mode is 'scene' and overlap fraction is within a reasonable range""},
    ""nodata_physical_domain"": {""status"": ""NOT_APPLICABLE"", ""reason"": ""not required""},
    ""uncertainty_fitness"": {""status"": ""NOT_APPLICABLE"", ""reason"": ""not required""}
  },
  ""summary"": ""The workflow for splitting scenes appears to be valid given the provided artifacts and operations, with no clear violations of the proof obligations."",
  ""confidence"": 5
}"
SGX3_BLIND_eo_ml_validation_014,strong_A,Qwen/Qwen2.5-7B-Instruct,PROVEN,1.0,5,"{""provenance"": {""status"": ""PASS"", ""reason"": ""authoritative source is supplied""}, ""categorical_semantics"": {""status"": ""NOT_APPLICABLE"", ""reason"": ""not required""}, ""spatial_support_resolution"": {""status"": ""PASS"", ""reason"": ""resolution and separation are provided""}, ""units_quantity"": {""status"": ""NOT_APPLICABLE"", ""reason"": ""not required""}, ""crs_geometry_area"": {""status"": ""PASS"", ""reason"": ""CRS is specified""}, ""spectral_semantics"": {""status"": ""NOT_APPLICABLE"", ""reason"": ""not required""}, ""processing_quality"": {""status"": ""NOT_APPLICABLE"", ""reason"": ""not required""}, ""vertical_semantics"": {""status"": ""NOT_APPLICABLE"", ""reason"": ""not required""}, ""temporal_causality"": {""status"": ""NOT_APPLICABLE"", ""reason"": ""not required""}, ""evaluation_independence"": {""status"": ""PASS"", ""reason"": ""spatial dependence range is provided""}, ""nodata_physical_domain"": {""status"": ""NOT_APPLICABLE"", ""reason"": ""not required""}, ""uncertainty_fitness"": {""status"": ""NOT_APPLICABLE"", ""reason"": ""not required""}}","Spatial split operation is valid with provided parameters, but no additional constraints are checked.","{
  ""obligations"": {
    ""provenance"": {""status"": ""PASS"", ""reason"": ""authoritative source is supplied""},
    ""categorical_semantics"": {""status"": ""NOT_APPLICABLE"", ""reason"": ""not required""},
    ""spatial_support_resolution"": {""status"": ""PASS"", ""reason"": ""resolution and separation are provided""},
    ""units_quantity"": {""status"": ""NOT_APPLICABLE"", ""reason"": ""not required""},
    ""crs_geometry_area"": {""status"": ""PASS"", ""reason"": ""CRS is specified""},
    ""spectral_semantics"": {""status"": ""NOT_APPLICABLE"", ""reason"": ""not required""},
    ""processing_quality"": {""status"": ""NOT_APPLICABLE"", ""reason"": ""not required""},
    ""vertical_semantics"": {""status"": ""NOT_APPLICABLE"", ""reason"": ""not required""},
    ""temporal_causality"": {""status"": ""NOT_APPLICABLE"", ""reason"": ""not required""},
    ""evaluation_independence"": {""status"": ""PASS"", ""reason"": ""spatial dependence range is provided""},
    ""nodata_physical_domain"": {""status"": ""NOT_APPLICABLE"", ""reason"": ""not required""},
    ""uncertainty_fitness"": {""status"": ""NOT_APPLICABLE"", ""reason"": ""not required""}
  },
  ""summary"": ""Spatial split operation is valid with provided parameters, but no additional constraints are checked."",
  ""confidence"": 5
}"
