case_id,model_name,model_id,verdict,obligation_parse_rate,confidence,obligations_json,summary,raw_output
SGX3_BLIND_flood_remote_sensing_003,strong_B,mistralai/Mistral-7B-Instruct-v0.3,PROVEN,1.0,5,"{""provenance"": {""status"": ""PASS"", ""reason"": ""authoritative-product is supplied""}, ""categorical_semantics"": {""status"": ""NOT_APPLICABLE"", ""reason"": ""no categorical operation is involved""}, ""spatial_support_resolution"": {""status"": ""PASS"", ""reason"": ""resolution is supplied""}, ""units_quantity"": {""status"": ""NOT_APPLICABLE"", ""reason"": ""no quantity semantics are involved""}, ""crs_geometry_area"": {""status"": ""NOT_APPLICABLE"", ""reason"": ""not required""}, ""spectral_semantics"": {""status"": ""NOT_APPLICABLE"", ""reason"": ""not required""}, ""processing_quality"": {""status"": ""NOT_APPLICABLE"", ""reason"": ""not required""}, ""vertical_semantics"": {""status"": ""NOT_APPLICABLE"", ""reason"": ""not required""}, ""temporal_causality"": {""status"": ""NOT_APPLICABLE"", ""reason"": ""not required""}, ""evaluation_independence"": {""status"": ""NOT_APPLICABLE"", ""reason"": ""not required""}, ""nodata_physical_domain"": {""status"": ""NOT_APPLICABLE"", ""reason"": ""not required""}, ""uncertainty_fitness"": {""status"": ""NOT_APPLICABLE"", ""reason"": ""not required""}}","cloud mask is applied to SAR data, then area is calculated in planar coordinates","{
  ""obligations"": {
    ""provenance"": {""status"":""PASS"",""reason"":""authoritative-product is supplied""},
    ""categorical_semantics"": {""status"":""NOT_APPLICABLE"",""reason"":""no categorical operation is involved""},
    ""spatial_support_resolution"": {""status"":""PASS"",""reason"":""resolution is supplied""},
    ""units_quantity"": {""status"":""NOT_APPLICABLE"",""reason"":""no quantity semantics are involved""},
    ""crs_geometry_area"": {""status"":""NOT_APPLICABLE"",""reason"":""not required""},
    ""spectral_semantics"": {""status"":""NOT_APPLICABLE"",""reason"":""not required""},
    ""processing_quality"": {""status"":""NOT_APPLICABLE"",""reason"":""not required""},
    ""vertical_semantics"": {""status"":""NOT_APPLICABLE"",""reason"":""not required""},
    ""temporal_causality"": {""status"":""NOT_APPLICABLE"",""reason"":""not required""},
    ""evaluation_independence"": {""status"":""NOT_APPLICABLE"",""reason"":""not required""},
    ""nodata_physical_domain"": {""status"":""NOT_APPLICABLE"",""reason"":""not required""},
    ""uncertainty_fitness"": {""status"":""NOT_APPLICABLE"",""reason"":""not required""}
  },
  ""summary"":""cloud mask is applied to SAR data, then area is calculated in planar coordinates"",
  ""confidence"":5
}"
SGX3_BLIND_landcover_change_028,strong_B,mistralai/Mistral-7B-Instruct-v0.3,UNPROVEN,1.0,5,"{""provenance"": {""status"": ""MISSING_EVIDENCE"", ""reason"": ""required for scientific certification""}, ""categorical_semantics"": {""status"": ""PASS"", ""reason"": ""label-preserving resampling""}, ""spatial_support_resolution"": {""status"": ""PASS"", ""reason"": ""coarsening does not claim new spatial information""}, ""units_quantity"": {""status"": ""NOT_APPLICABLE"", ""reason"": ""not required""}, ""crs_geometry_area"": {""status"": ""NOT_APPLICABLE"", ""reason"": ""not required""}, ""spectral_semantics"": {""status"": ""NOT_APPLICABLE"", ""reason"": ""not required""}, ""processing_quality"": {""status"": ""NOT_APPLICABLE"", ""reason"": ""not required""}, ""vertical_semantics"": {""status"": ""NOT_APPLICABLE"", ""reason"": ""not required""}, ""temporal_causality"": {""status"": ""NOT_APPLICABLE"", ""reason"": ""not required""}, ""evaluation_independence"": {""status"": ""NOT_APPLICABLE"", ""reason"": ""not required""}, ""nodata_physical_domain"": {""status"": ""NOT_APPLICABLE"", ""reason"": ""not required""}, ""uncertainty_fitness"": {""status"": ""NOT_APPLICABLE"", ""reason"": ""not required""}}",label-preserving categorical coarsening,"{
  ""obligations"": {
    ""provenance"": {""status"":""MISSING_EVIDENCE"",""reason"":""required for scientific certification""},
    ""categorical_semantics"": {""status"":""PASS"",""reason"":""label-preserving resampling""},
    ""spatial_support_resolution"": {""status"":""PASS"",""reason"":""coarsening does not claim new spatial information""},
    ""units_quantity"": {""status"":""NOT_APPLICABLE"",""reason"":""not required""},
    ""crs_geometry_area"": {""status"":""NOT_APPLICABLE"",""reason"":""not required""},
    ""spectral_semantics"": {""status"":""NOT_APPLICABLE"",""reason"":""not required""},
    ""processing_quality"": {""status"":""NOT_APPLICABLE"",""reason"":""not required""},
    ""vertical_semantics"": {""status"":""NOT_APPLICABLE"",""reason"":""not required""},
    ""temporal_causality"": {""status"":""NOT_APPLICABLE"",""reason"":""not required""},
    ""evaluation_independence"": {""status"":""NOT_APPLICABLE"",""reason"":""not required""},
    ""nodata_physical_domain"": {""status"":""NOT_APPLICABLE"",""reason"":""not required""},
    ""uncertainty_fitness"": {""status"":""NOT_APPLICABLE"",""reason"":""not required""}
  },
  ""summary"":""label-preserving categorical coarsening"",
  ""confidence"":5
}"
SGX3_DEVELOPMENT_nodata_zero_000,strong_B,mistralai/Mistral-7B-Instruct-v0.3,PROVEN,1.0,5,"{""provenance"": {""status"": ""PASS"", ""reason"": ""authoritative-product""}, ""categorical_semantics"": {""status"": ""NOT_APPLICABLE"", ""reason"": ""continuous data""}, ""spatial_support_resolution"": {""status"": ""NOT_APPLICABLE"", ""reason"": ""not required""}, ""units_quantity"": {""status"": ""NOT_APPLICABLE"", ""reason"": ""not required""}, ""crs_geometry_area"": {""status"": ""NOT_APPLICABLE"", ""reason"": ""not required""}, ""spectral_semantics"": {""status"": ""NOT_APPLICABLE"", ""reason"": ""not required""}, ""processing_quality"": {""status"": ""NOT_APPLICABLE"", ""reason"": ""not required""}, ""vertical_semantics"": {""status"": ""NOT_APPLICABLE"", ""reason"": ""not required""}, ""temporal_causality"": {""status"": ""NOT_APPLICABLE"", ""reason"": ""not required""}, ""evaluation_independence"": {""status"": ""NOT_APPLICABLE"", ""reason"": ""not required""}, ""nodata_physical_domain"": {""status"": ""PASS"", ""reason"": ""-9999 is physically valid""}, ""uncertainty_fitness"": {""status"": ""NOT_APPLICABLE"", ""reason"": ""not required""}}",fill_nodata operation with valid zero value,"{
  ""obligations"": {
    ""provenance"": {""status"":""PASS"",""reason"":""authoritative-product""},
    ""categorical_semantics"": {""status"":""NOT_APPLICABLE"",""reason"":""continuous data""},
    ""spatial_support_resolution"": {""status"":""NOT_APPLICABLE"",""reason"":""not required""},
    ""units_quantity"": {""status"":""NOT_APPLICABLE"",""reason"":""not required""},
    ""crs_geometry_area"": {""status"":""NOT_APPLICABLE"",""reason"":""not required""},
    ""spectral_semantics"": {""status"":""NOT_APPLICABLE"",""reason"":""not required""},
    ""processing_quality"": {""status"":""NOT_APPLICABLE"",""reason"":""not required""},
    ""vertical_semantics"": {""status"":""NOT_APPLICABLE"",""reason"":""not required""},
    ""temporal_causality"": {""status"":""NOT_APPLICABLE"",""reason"":""not required""},
    ""evaluation_independence"": {""status"":""NOT_APPLICABLE"",""reason"":""not required""},
    ""nodata_physical_domain"": {""status"":""PASS"",""reason"":""-9999 is physically valid""},
    ""uncertainty_fitness"": {""status"":""NOT_APPLICABLE"",""reason"":""not required""}
  },
  ""summary"":""fill_nodata operation with valid zero value"",
  ""confidence"":5
}"
SGX3_DEVELOPMENT_unsupported_resolution_gain_010,strong_B,mistralai/Mistral-7B-Instruct-v0.3,PROVEN,1.0,5,"{""provenance"": {""status"": ""PASS"", ""reason"": ""authoritative-product""}, ""categorical_semantics"": {""status"": ""NOT_APPLICABLE"", ""reason"": ""continuous data""}, ""spatial_support_resolution"": {""status"": ""PASS"", ""reason"": ""resolution change is not claimed to create new information""}, ""units_quantity"": {""status"": ""NOT_APPLICABLE"", ""reason"": ""not required""}, ""crs_geometry_area"": {""status"": ""NOT_APPLICABLE"", ""reason"": ""not required""}, ""spectral_semantics"": {""status"": ""NOT_APPLICABLE"", ""reason"": ""not required""}, ""processing_quality"": {""status"": ""NOT_APPLICABLE"", ""reason"": ""not required""}, ""vertical_semantics"": {""status"": ""NOT_APPLICABLE"", ""reason"": ""not required""}, ""temporal_causality"": {""status"": ""NOT_APPLICABLE"", ""reason"": ""not required""}, ""evaluation_independence"": {""status"": ""NOT_APPLICABLE"", ""reason"": ""not required""}, ""nodata_physical_domain"": {""status"": ""NOT_APPLICABLE"", ""reason"": ""not required""}, ""uncertainty_fitness"": {""status"": ""NOT_APPLICABLE"", ""reason"": ""not required""}}",label-preserving resampling of continuous data,"{
  ""obligations"": {
    ""provenance"": {""status"":""PASS"",""reason"":""authoritative-product""},
    ""categorical_semantics"": {""status"":""NOT_APPLICABLE"",""reason"":""continuous data""},
    ""spatial_support_resolution"": {""status"":""PASS"",""reason"":""resolution change is not claimed to create new information""},
    ""units_quantity"": {""status"":""NOT_APPLICABLE"",""reason"":""not required""},
    ""crs_geometry_area"": {""status"":""NOT_APPLICABLE"",""reason"":""not required""},
    ""spectral_semantics"": {""status"":""NOT_APPLICABLE"",""reason"":""not required""},
    ""processing_quality"": {""status"":""NOT_APPLICABLE"",""reason"":""not required""},
    ""vertical_semantics"": {""status"":""NOT_APPLICABLE"",""reason"":""not required""},
    ""temporal_causality"": {""status"":""NOT_APPLICABLE"",""reason"":""not required""},
    ""evaluation_independence"": {""status"":""NOT_APPLICABLE"",""reason"":""not required""},
    ""nodata_physical_domain"": {""status"":""NOT_APPLICABLE"",""reason"":""not required""},
    ""uncertainty_fitness"": {""status"":""NOT_APPLICABLE"",""reason"":""not required""}
  },
  ""summary"":""label-preserving resampling of continuous data"",
  ""confidence"":5
}"
SGX3_BLIND_flood_remote_sensing_005,strong_B,mistralai/Mistral-7B-Instruct-v0.3,PROVEN,1.0,5,"{""provenance"": {""status"": ""PASS"", ""reason"": ""authoritative-product is supplied""}, ""categorical_semantics"": {""status"": ""NOT_APPLICABLE"", ""reason"": ""no categorical operation is involved""}, ""spatial_support_resolution"": {""status"": ""PASS"", ""reason"": ""resolution is supplied""}, ""units_quantity"": {""status"": ""NOT_APPLICABLE"", ""reason"": ""no quantity semantics are involved""}, ""crs_geometry_area"": {""status"": ""NOT_APPLICABLE"", ""reason"": ""not required""}, ""spectral_semantics"": {""status"": ""NOT_APPLICABLE"", ""reason"": ""not required""}, ""processing_quality"": {""status"": ""NOT_APPLICABLE"", ""reason"": ""not required""}, ""vertical_semantics"": {""status"": ""NOT_APPLICABLE"", ""reason"": ""not required""}, ""temporal_causality"": {""status"": ""NOT_APPLICABLE"", ""reason"": ""not required""}, ""evaluation_independence"": {""status"": ""NOT_APPLICABLE"", ""reason"": ""not required""}, ""nodata_physical_domain"": {""status"": ""NOT_APPLICABLE"", ""reason"": ""not required""}, ""uncertainty_fitness"": {""status"": ""NOT_APPLICABLE"", ""reason"": ""not required""}}","cloud mask is required, sensor comparison is performed, and area is calculated in geodesic units","{
  ""obligations"": {
    ""provenance"": {""status"":""PASS"",""reason"":""authoritative-product is supplied""},
    ""categorical_semantics"": {""status"":""NOT_APPLICABLE"",""reason"":""no categorical operation is involved""},
    ""spatial_support_resolution"": {""status"":""PASS"",""reason"":""resolution is supplied""},
    ""units_quantity"": {""status"":""NOT_APPLICABLE"",""reason"":""no quantity semantics are involved""},
    ""crs_geometry_area"": {""status"":""NOT_APPLICABLE"",""reason"":""not required""},
    ""spectral_semantics"": {""status"":""NOT_APPLICABLE"",""reason"":""not required""},
    ""processing_quality"": {""status"":""NOT_APPLICABLE"",""reason"":""not required""},
    ""vertical_semantics"": {""status"":""NOT_APPLICABLE"",""reason"":""not required""},
    ""temporal_causality"": {""status"":""NOT_APPLICABLE"",""reason"":""not required""},
    ""evaluation_independence"": {""status"":""NOT_APPLICABLE"",""reason"":""not required""},
    ""nodata_physical_domain"": {""status"":""NOT_APPLICABLE"",""reason"":""not required""},
    ""uncertainty_fitness"": {""status"":""NOT_APPLICABLE"",""reason"":""not required""}
  },
  ""summary"":""cloud mask is required, sensor comparison is performed, and area is calculated in geodesic units"",
  ""confidence"":5
}"
SGX3_BLIND_landslide_forecast_034,strong_B,mistralai/Mistral-7B-Instruct-v0.3,REFUTED,1.0,5,"{""provenance"": {""status"": ""PASS"", ""reason"": ""both artifacts have provenance""}, ""categorical_semantics"": {""status"": ""NOT_APPLICABLE"", ""reason"": ""no categorical data""}, ""spatial_support_resolution"": {""status"": ""NOT_APPLICABLE"", ""reason"": ""no resolution requirement""}, ""units_quantity"": {""status"": ""NOT_APPLICABLE"", ""reason"": ""no unit requirement""}, ""crs_geometry_area"": {""status"": ""NOT_APPLICABLE"", ""reason"": ""no CRS requirement""}, ""spectral_semantics"": {""status"": ""NOT_APPLICABLE"", ""reason"": ""no spectral data""}, ""processing_quality"": {""status"": ""NOT_APPLICABLE"", ""reason"": ""no quality requirement""}, ""vertical_semantics"": {""status"": ""PASS"", ""reason"": ""DSM and EGM2008 are compatible""}, ""temporal_causality"": {""status"": ""FAIL"", ""reason"": ""future information leakage""}, ""evaluation_independence"": {""status"": ""NOT_APPLICABLE"", ""reason"": ""no evaluation split""}, ""nodata_physical_domain"": {""status"": ""NOT_APPLICABLE"", ""reason"": ""no NoData requirement""}, ""uncertainty_fitness"": {""status"": ""NOT_APPLICABLE"", ""reason"": ""no uncertainty requirement""}}","rainfall prediction with terrain data, but temporal causality is violated","{
  ""obligations"": {
    ""provenance"": {""status"":""PASS"",""reason"":""both artifacts have provenance""},
    ""categorical_semantics"": {""status"":""NOT_APPLICABLE"",""reason"":""no categorical data""},
    ""spatial_support_resolution"": {""status"":""NOT_APPLICABLE"",""reason"":""no resolution requirement""},
    ""units_quantity"": {""status"":""NOT_APPLICABLE"",""reason"":""no unit requirement""},
    ""crs_geometry_area"": {""status"":""NOT_APPLICABLE"",""reason"":""no CRS requirement""},
    ""spectral_semantics"": {""status"":""NOT_APPLICABLE"",""reason"":""no spectral data""},
    ""processing_quality"": {""status"":""NOT_APPLICABLE"",""reason"":""no quality requirement""},
    ""vertical_semantics"": {""status"":""PASS"",""reason"":""DSM and EGM2008 are compatible""},
    ""temporal_causality"": {""status"":""FAIL"",""reason"":""future information leakage""},
    ""evaluation_independence"": {""status"":""NOT_APPLICABLE"",""reason"":""no evaluation split""},
    ""nodata_physical_domain"": {""status"":""NOT_APPLICABLE"",""reason"":""no NoData requirement""},
    ""uncertainty_fitness"": {""status"":""NOT_APPLICABLE"",""reason"":""no uncertainty requirement""}
  },
  ""summary"":""rainfall prediction with terrain data, but temporal causality is violated"",
  ""confidence"":5
}"
SGX3_BLIND_flood_remote_sensing_025,strong_B,mistralai/Mistral-7B-Instruct-v0.3,PROVEN,1.0,5,"{""provenance"": {""status"": ""PASS"", ""reason"": ""authoritative-product is supplied""}, ""categorical_semantics"": {""status"": ""NOT_APPLICABLE"", ""reason"": ""no categorical operation is involved""}, ""spatial_support_resolution"": {""status"": ""PASS"", ""reason"": ""resolution is supplied""}, ""units_quantity"": {""status"": ""NOT_APPLICABLE"", ""reason"": ""no quantity semantics are involved""}, ""crs_geometry_area"": {""status"": ""NOT_APPLICABLE"", ""reason"": ""not required""}, ""spectral_semantics"": {""status"": ""NOT_APPLICABLE"", ""reason"": ""not required""}, ""processing_quality"": {""status"": ""NOT_APPLICABLE"", ""reason"": ""not required""}, ""vertical_semantics"": {""status"": ""NOT_APPLICABLE"", ""reason"": ""not required""}, ""temporal_causality"": {""status"": ""NOT_APPLICABLE"", ""reason"": ""not required""}, ""evaluation_independence"": {""status"": ""NOT_APPLICABLE"", ""reason"": ""not required""}, ""nodata_physical_domain"": {""status"": ""NOT_APPLICABLE"", ""reason"": ""not required""}, ""uncertainty_fitness"": {""status"": ""NOT_APPLICABLE"", ""reason"": ""not required""}}","cloud mask is applied to SAR data, then area is calculated in geodesic units","{
  ""obligations"": {
    ""provenance"": {""status"":""PASS"",""reason"":""authoritative-product is supplied""},
    ""categorical_semantics"": {""status"":""NOT_APPLICABLE"",""reason"":""no categorical operation is involved""},
    ""spatial_support_resolution"": {""status"":""PASS"",""reason"":""resolution is supplied""},
    ""units_quantity"": {""status"":""NOT_APPLICABLE"",""reason"":""no quantity semantics are involved""},
    ""crs_geometry_area"": {""status"":""NOT_APPLICABLE"",""reason"":""not required""},
    ""spectral_semantics"": {""status"":""NOT_APPLICABLE"",""reason"":""not required""},
    ""processing_quality"": {""status"":""NOT_APPLICABLE"",""reason"":""not required""},
    ""vertical_semantics"": {""status"":""NOT_APPLICABLE"",""reason"":""not required""},
    ""temporal_causality"": {""status"":""NOT_APPLICABLE"",""reason"":""not required""},
    ""evaluation_independence"": {""status"":""NOT_APPLICABLE"",""reason"":""not required""},
    ""nodata_physical_domain"": {""status"":""NOT_APPLICABLE"",""reason"":""not required""},
    ""uncertainty_fitness"": {""status"":""NOT_APPLICABLE"",""reason"":""not required""}
  },
  ""summary"":""cloud mask is applied to SAR data, then area is calculated in geodesic units"",
  ""confidence"":5
}"
SGX3_DEVELOPMENT_processing_level_003,strong_B,mistralai/Mistral-7B-Instruct-v0.3,PROVEN,1.0,5,"{""provenance"": {""status"": ""PASS"", ""reason"": ""authoritative-product""}, ""categorical_semantics"": {""status"": ""NOT_APPLICABLE"", ""reason"": ""continuous data""}, ""spatial_support_resolution"": {""status"": ""PASS"", ""reason"": ""not applicable""}, ""units_quantity"": {""status"": ""NOT_APPLICABLE"", ""reason"": ""not required""}, ""crs_geometry_area"": {""status"": ""NOT_APPLICABLE"", ""reason"": ""not required""}, ""spectral_semantics"": {""status"": ""NOT_APPLICABLE"", ""reason"": ""not required""}, ""processing_quality"": {""status"": ""NOT_APPLICABLE"", ""reason"": ""not required""}, ""vertical_semantics"": {""status"": ""NOT_APPLICABLE"", ""reason"": ""not required""}, ""temporal_causality"": {""status"": ""NOT_APPLICABLE"", ""reason"": ""not required""}, ""evaluation_independence"": {""status"": ""NOT_APPLICABLE"", ""reason"": ""not required""}, ""nodata_physical_domain"": {""status"": ""NOT_APPLICABLE"", ""reason"": ""not required""}, ""uncertainty_fitness"": {""status"": ""NOT_APPLICABLE"", ""reason"": ""not required""}}",requires surface reflectance,"{
  ""obligations"": {
    ""provenance"": {""status"":""PASS"",""reason"":""authoritative-product""},
    ""categorical_semantics"": {""status"":""NOT_APPLICABLE"",""reason"":""continuous data""},
    ""spatial_support_resolution"": {""status"":""PASS"",""reason"":""not applicable""},
    ""units_quantity"": {""status"":""NOT_APPLICABLE"",""reason"":""not required""},
    ""crs_geometry_area"": {""status"":""NOT_APPLICABLE"",""reason"":""not required""},
    ""spectral_semantics"": {""status"":""NOT_APPLICABLE"",""reason"":""not required""},
    ""processing_quality"": {""status"":""NOT_APPLICABLE"",""reason"":""not required""},
    ""vertical_semantics"": {""status"":""NOT_APPLICABLE"",""reason"":""not required""},
    ""temporal_causality"": {""status"":""NOT_APPLICABLE"",""reason"":""not required""},
    ""evaluation_independence"": {""status"":""NOT_APPLICABLE"",""reason"":""not required""},
    ""nodata_physical_domain"": {""status"":""NOT_APPLICABLE"",""reason"":""not required""},
    ""uncertainty_fitness"": {""status"":""NOT_APPLICABLE"",""reason"":""not required""}
  },
  ""summary"":""requires surface reflectance"",
  ""confidence"":5
}"
SGX3_BLIND_flood_depth_033,strong_B,mistralai/Mistral-7B-Instruct-v0.3,PROVEN,1.0,5,"{""provenance"": {""status"": ""PASS"", ""reason"": ""both artifacts have provenance""}, ""categorical_semantics"": {""status"": ""NOT_APPLICABLE"", ""reason"": ""no categorical data""}, ""spatial_support_resolution"": {""status"": ""PASS"", ""reason"": ""both artifacts have resolution""}, ""units_quantity"": {""status"": ""PASS"", ""reason"": ""both artifacts have units and quantities""}, ""crs_geometry_area"": {""status"": ""PASS"", ""reason"": ""both artifacts have CRS""}, ""spectral_semantics"": {""status"": ""NOT_APPLICABLE"", ""reason"": ""no spectral data""}, ""processing_quality"": {""status"": ""NOT_APPLICABLE"", ""reason"": ""no processing level or quality metadata""}, ""vertical_semantics"": {""status"": ""PASS"", ""reason"": ""both artifacts have vertical datum""}, ""temporal_causality"": {""status"": ""NOT_APPLICABLE"", ""reason"": ""no temporal information""}, ""evaluation_independence"": {""status"": ""NOT_APPLICABLE"", ""reason"": ""no evaluation split""}, ""nodata_physical_domain"": {""status"": ""NOT_APPLICABLE"", ""reason"": ""no NoData values""}, ""uncertainty_fitness"": {""status"": ""NOT_APPLICABLE"", ""reason"": ""no uncertainty information""}}",combining elevation and water level with unit conversion,"{
  ""obligations"": {
    ""provenance"": {""status"":""PASS"",""reason"":""both artifacts have provenance""},
    ""categorical_semantics"": {""status"":""NOT_APPLICABLE"",""reason"":""no categorical data""},
    ""spatial_support_resolution"": {""status"":""PASS"",""reason"":""both artifacts have resolution""},
    ""units_quantity"": {""status"":""PASS"",""reason"":""both artifacts have units and quantities""},
    ""crs_geometry_area"": {""status"":""PASS"",""reason"":""both artifacts have CRS""},
    ""spectral_semantics"": {""status"":""NOT_APPLICABLE"",""reason"":""no spectral data""},
    ""processing_quality"": {""status"":""NOT_APPLICABLE"",""reason"":""no processing level or quality metadata""},
    ""vertical_semantics"": {""status"":""PASS"",""reason"":""both artifacts have vertical datum""},
    ""temporal_causality"": {""status"":""NOT_APPLICABLE"",""reason"":""no temporal information""},
    ""evaluation_independence"": {""status"":""NOT_APPLICABLE"",""reason"":""no evaluation split""},
    ""nodata_physical_domain"": {""status"":""NOT_APPLICABLE"",""reason"":""no NoData values""},
    ""uncertainty_fitness"": {""status"":""NOT_APPLICABLE"",""reason"":""no uncertainty information""}
  },
  ""summary"":""combining elevation and water level with unit conversion"",
  ""confidence"":5
}"
SGX3_DEVELOPMENT_processing_level_002,strong_B,mistralai/Mistral-7B-Instruct-v0.3,PROVEN,1.0,5,"{""provenance"": {""status"": ""PASS"", ""reason"": ""authoritative-product""}, ""categorical_semantics"": {""status"": ""NOT_APPLICABLE"", ""reason"": ""continuous data""}, ""spatial_support_resolution"": {""status"": ""PASS"", ""reason"": ""not applicable""}, ""units_quantity"": {""status"": ""NOT_APPLICABLE"", ""reason"": ""not required""}, ""crs_geometry_area"": {""status"": ""NOT_APPLICABLE"", ""reason"": ""not required""}, ""spectral_semantics"": {""status"": ""NOT_APPLICABLE"", ""reason"": ""not required""}, ""processing_quality"": {""status"": ""NOT_APPLICABLE"", ""reason"": ""not required""}, ""vertical_semantics"": {""status"": ""NOT_APPLICABLE"", ""reason"": ""not required""}, ""temporal_causality"": {""status"": ""NOT_APPLICABLE"", ""reason"": ""not required""}, ""evaluation_independence"": {""status"": ""NOT_APPLICABLE"", ""reason"": ""not required""}, ""nodata_physical_domain"": {""status"": ""NOT_APPLICABLE"", ""reason"": ""not required""}, ""uncertainty_fitness"": {""status"": ""NOT_APPLICABLE"", ""reason"": ""not required""}}",The workflow requires surface reflectance,"{
  ""obligations"": {
    ""provenance"": {""status"":""PASS"",""reason"":""authoritative-product""},
    ""categorical_semantics"": {""status"":""NOT_APPLICABLE"",""reason"":""continuous data""},
    ""spatial_support_resolution"": {""status"":""PASS"",""reason"":""not applicable""},
    ""units_quantity"": {""status"":""NOT_APPLICABLE"",""reason"":""not required""},
    ""crs_geometry_area"": {""status"":""NOT_APPLICABLE"",""reason"":""not required""},
    ""spectral_semantics"": {""status"":""NOT_APPLICABLE"",""reason"":""not required""},
    ""processing_quality"": {""status"":""NOT_APPLICABLE"",""reason"":""not required""},
    ""vertical_semantics"": {""status"":""NOT_APPLICABLE"",""reason"":""not required""},
    ""temporal_causality"": {""status"":""NOT_APPLICABLE"",""reason"":""not required""},
    ""evaluation_independence"": {""status"":""NOT_APPLICABLE"",""reason"":""not required""},
    ""nodata_physical_domain"": {""status"":""NOT_APPLICABLE"",""reason"":""not required""},
    ""uncertainty_fitness"": {""status"":""NOT_APPLICABLE"",""reason"":""not required""}
  },
  ""summary"":""The workflow requires surface reflectance"",
  ""confidence"":5
}"
SGX3_BLIND_landcover_change_011,strong_B,mistralai/Mistral-7B-Instruct-v0.3,PROVEN,1.0,5,"{""provenance"": {""status"": ""PASS"", ""reason"": ""ESA WorldCover is supplied""}, ""categorical_semantics"": {""status"": ""PASS"", ""reason"": ""no categorical operation is involved""}, ""spatial_support_resolution"": {""status"": ""PASS"", ""reason"": ""resolution is coarsened""}, ""units_quantity"": {""status"": ""NOT_APPLICABLE"", ""reason"": ""not required""}, ""crs_geometry_area"": {""status"": ""NOT_APPLICABLE"", ""reason"": ""not required""}, ""spectral_semantics"": {""status"": ""NOT_APPLICABLE"", ""reason"": ""not required""}, ""processing_quality"": {""status"": ""NOT_APPLICABLE"", ""reason"": ""not required""}, ""vertical_semantics"": {""status"": ""NOT_APPLICABLE"", ""reason"": ""not required""}, ""temporal_causality"": {""status"": ""NOT_APPLICABLE"", ""reason"": ""not required""}, ""evaluation_independence"": {""status"": ""NOT_APPLICABLE"", ""reason"": ""not required""}, ""nodata_physical_domain"": {""status"": ""NOT_APPLICABLE"", ""reason"": ""not required""}, ""uncertainty_fitness"": {""status"": ""NOT_APPLICABLE"", ""reason"": ""not required""}}",label-preserving categorical coarsening,"{
  ""obligations"": {
    ""provenance"": {""status"":""PASS"",""reason"":""ESA WorldCover is supplied""},
    ""categorical_semantics"": {""status"":""PASS"",""reason"":""no categorical operation is involved""},
    ""spatial_support_resolution"": {""status"":""PASS"",""reason"":""resolution is coarsened""},
    ""units_quantity"": {""status"":""NOT_APPLICABLE"",""reason"":""not required""},
    ""crs_geometry_area"": {""status"":""NOT_APPLICABLE"",""reason"":""not required""},
    ""spectral_semantics"": {""status"":""NOT_APPLICABLE"",""reason"":""not required""},
    ""processing_quality"": {""status"":""NOT_APPLICABLE"",""reason"":""not required""},
    ""vertical_semantics"": {""status"":""NOT_APPLICABLE"",""reason"":""not required""},
    ""temporal_causality"": {""status"":""NOT_APPLICABLE"",""reason"":""not required""},
    ""evaluation_independence"": {""status"":""NOT_APPLICABLE"",""reason"":""not required""},
    ""nodata_physical_domain"": {""status"":""NOT_APPLICABLE"",""reason"":""not required""},
    ""uncertainty_fitness"": {""status"":""NOT_APPLICABLE"",""reason"":""not required""}
  },
  ""summary"":""label-preserving categorical coarsening"",
  ""confidence"":5
}"
SGX3_BLIND_landcover_change_042,strong_B,mistralai/Mistral-7B-Instruct-v0.3,UNPROVEN,1.0,5,"{""provenance"": {""status"": ""MISSING_EVIDENCE"", ""reason"": ""required for scientific certification""}, ""categorical_semantics"": {""status"": ""PASS"", ""reason"": ""label-preserving resampling""}, ""spatial_support_resolution"": {""status"": ""PASS"", ""reason"": ""coarsening does not claim new spatial information""}, ""units_quantity"": {""status"": ""NOT_APPLICABLE"", ""reason"": ""not required""}, ""crs_geometry_area"": {""status"": ""NOT_APPLICABLE"", ""reason"": ""not required""}, ""spectral_semantics"": {""status"": ""NOT_APPLICABLE"", ""reason"": ""not required""}, ""processing_quality"": {""status"": ""NOT_APPLICABLE"", ""reason"": ""not required""}, ""vertical_semantics"": {""status"": ""NOT_APPLICABLE"", ""reason"": ""not required""}, ""temporal_causality"": {""status"": ""NOT_APPLICABLE"", ""reason"": ""not required""}, ""evaluation_independence"": {""status"": ""NOT_APPLICABLE"", ""reason"": ""not required""}, ""nodata_physical_domain"": {""status"": ""NOT_APPLICABLE"", ""reason"": ""not required""}, ""uncertainty_fitness"": {""status"": ""NOT_APPLICABLE"", ""reason"": ""not required""}}",label-preserving categorical coarsening,"{
  ""obligations"": {
    ""provenance"": {""status"":""MISSING_EVIDENCE"",""reason"":""required for scientific certification""},
    ""categorical_semantics"": {""status"":""PASS"",""reason"":""label-preserving resampling""},
    ""spatial_support_resolution"": {""status"":""PASS"",""reason"":""coarsening does not claim new spatial information""},
    ""units_quantity"": {""status"":""NOT_APPLICABLE"",""reason"":""not required""},
    ""crs_geometry_area"": {""status"":""NOT_APPLICABLE"",""reason"":""not required""},
    ""spectral_semantics"": {""status"":""NOT_APPLICABLE"",""reason"":""not required""},
    ""processing_quality"": {""status"":""NOT_APPLICABLE"",""reason"":""not required""},
    ""vertical_semantics"": {""status"":""NOT_APPLICABLE"",""reason"":""not required""},
    ""temporal_causality"": {""status"":""NOT_APPLICABLE"",""reason"":""not required""},
    ""evaluation_independence"": {""status"":""NOT_APPLICABLE"",""reason"":""not required""},
    ""nodata_physical_domain"": {""status"":""NOT_APPLICABLE"",""reason"":""not required""},
    ""uncertainty_fitness"": {""status"":""NOT_APPLICABLE"",""reason"":""not required""}
  },
  ""summary"":""label-preserving categorical coarsening"",
  ""confidence"":5
}"
SGX3_DEVELOPMENT_processing_level_001,strong_B,mistralai/Mistral-7B-Instruct-v0.3,PROVEN,1.0,5,"{""provenance"": {""status"": ""PASS"", ""reason"": ""authoritative-product""}, ""categorical_semantics"": {""status"": ""NOT_APPLICABLE"", ""reason"": ""continuous data""}, ""spatial_support_resolution"": {""status"": ""PASS"", ""reason"": ""not applicable""}, ""units_quantity"": {""status"": ""NOT_APPLICABLE"", ""reason"": ""not required""}, ""crs_geometry_area"": {""status"": ""NOT_APPLICABLE"", ""reason"": ""not required""}, ""spectral_semantics"": {""status"": ""NOT_APPLICABLE"", ""reason"": ""not required""}, ""processing_quality"": {""status"": ""NOT_APPLICABLE"", ""reason"": ""not required""}, ""vertical_semantics"": {""status"": ""NOT_APPLICABLE"", ""reason"": ""not required""}, ""temporal_causality"": {""status"": ""NOT_APPLICABLE"", ""reason"": ""not required""}, ""evaluation_independence"": {""status"": ""NOT_APPLICABLE"", ""reason"": ""not required""}, ""nodata_physical_domain"": {""status"": ""NOT_APPLICABLE"", ""reason"": ""not required""}, ""uncertainty_fitness"": {""status"": ""NOT_APPLICABLE"", ""reason"": ""not required""}}",requires surface reflectance,"{
  ""obligations"": {
    ""provenance"": {""status"":""PASS"",""reason"":""authoritative-product""},
    ""categorical_semantics"": {""status"":""NOT_APPLICABLE"",""reason"":""continuous data""},
    ""spatial_support_resolution"": {""status"":""PASS"",""reason"":""not applicable""},
    ""units_quantity"": {""status"":""NOT_APPLICABLE"",""reason"":""not required""},
    ""crs_geometry_area"": {""status"":""NOT_APPLICABLE"",""reason"":""not required""},
    ""spectral_semantics"": {""status"":""NOT_APPLICABLE"",""reason"":""not required""},
    ""processing_quality"": {""status"":""NOT_APPLICABLE"",""reason"":""not required""},
    ""vertical_semantics"": {""status"":""NOT_APPLICABLE"",""reason"":""not required""},
    ""temporal_causality"": {""status"":""NOT_APPLICABLE"",""reason"":""not required""},
    ""evaluation_independence"": {""status"":""NOT_APPLICABLE"",""reason"":""not required""},
    ""nodata_physical_domain"": {""status"":""NOT_APPLICABLE"",""reason"":""not required""},
    ""uncertainty_fitness"": {""status"":""NOT_APPLICABLE"",""reason"":""not required""}
  },
  ""summary"":""requires surface reflectance"",
  ""confidence"":5
}"
SGX3_BLIND_flood_depth_011,strong_B,mistralai/Mistral-7B-Instruct-v0.3,PROVEN,1.0,5,"{""provenance"": {""status"": ""PASS"", ""reason"": ""both artifacts have provenance""}, ""categorical_semantics"": {""status"": ""NOT_APPLICABLE"", ""reason"": ""no categorical data""}, ""spatial_support_resolution"": {""status"": ""NOT_APPLICABLE"", ""reason"": ""no interpolation or unsupported claims of finer information""}, ""units_quantity"": {""status"": ""PASS"", ""reason"": ""both quantities are in meters""}, ""crs_geometry_area"": {""status"": ""NOT_APPLICABLE"", ""reason"": ""not required""}, ""spectral_semantics"": {""status"": ""NOT_APPLICABLE"", ""reason"": ""no spectral data""}, ""processing_quality"": {""status"": ""NOT_APPLICABLE"", ""reason"": ""not required""}, ""vertical_semantics"": {""status"": ""PASS"", ""reason"": ""both vertical datums are compatible""}, ""temporal_causality"": {""status"": ""NOT_APPLICABLE"", ""reason"": ""not required""}, ""evaluation_independence"": {""status"": ""NOT_APPLICABLE"", ""reason"": ""not required""}, ""nodata_physical_domain"": {""status"": ""NOT_APPLICABLE"", ""reason"": ""not required""}, ""uncertainty_fitness"": {""status"": ""NOT_APPLICABLE"", ""reason"": ""not required""}}",combining vertical data and converting units,"{
  ""obligations"": {
    ""provenance"": {""status"":""PASS"",""reason"":""both artifacts have provenance""},
    ""categorical_semantics"": {""status"":""NOT_APPLICABLE"",""reason"":""no categorical data""},
    ""spatial_support_resolution"": {""status"":""NOT_APPLICABLE"",""reason"":""no interpolation or unsupported claims of finer information""},
    ""units_quantity"": {""status"":""PASS"",""reason"":""both quantities are in meters""},
    ""crs_geometry_area"": {""status"":""NOT_APPLICABLE"",""reason"":""not required""},
    ""spectral_semantics"": {""status"":""NOT_APPLICABLE"",""reason"":""no spectral data""},
    ""processing_quality"": {""status"":""NOT_APPLICABLE"",""reason"":""not required""},
    ""vertical_semantics"": {""status"":""PASS"",""reason"":""both vertical datums are compatible""},
    ""temporal_causality"": {""status"":""NOT_APPLICABLE"",""reason"":""not required""},
    ""evaluation_independence"": {""status"":""NOT_APPLICABLE"",""reason"":""not required""},
    ""nodata_physical_domain"": {""status"":""NOT_APPLICABLE"",""reason"":""not required""},
    ""uncertainty_fitness"": {""status"":""NOT_APPLICABLE"",""reason"":""not required""}
  },
  ""summary"":""combining vertical data and converting units"",
  ""confidence"":5
}"
SGX3_BLIND_landslide_forecast_045,strong_B,mistralai/Mistral-7B-Instruct-v0.3,REFUTED,1.0,5,"{""provenance"": {""status"": ""MISSING_EVIDENCE"", ""reason"": ""required for scientific certification""}, ""categorical_semantics"": {""status"": ""NOT_APPLICABLE"", ""reason"": ""no categorical operation is involved""}, ""spatial_support_resolution"": {""status"": ""NOT_APPLICABLE"", ""reason"": ""not required""}, ""units_quantity"": {""status"": ""NOT_APPLICABLE"", ""reason"": ""not required""}, ""crs_geometry_area"": {""status"": ""NOT_APPLICABLE"", ""reason"": ""not required""}, ""spectral_semantics"": {""status"": ""NOT_APPLICABLE"", ""reason"": ""not required""}, ""processing_quality"": {""status"": ""NOT_APPLICABLE"", ""reason"": ""not required""}, ""vertical_semantics"": {""status"": ""PASS"", ""reason"": ""DTM versus DSM requirements and vertical datum compatibility are satisfied""}, ""temporal_causality"": {""status"": ""FAIL"", ""reason"": ""feature is available after decision time""}, ""evaluation_independence"": {""status"": ""NOT_APPLICABLE"", ""reason"": ""not required""}, ""nodata_physical_domain"": {""status"": ""NOT_APPLICABLE"", ""reason"": ""not required""}, ""uncertainty_fitness"": {""status"": ""NOT_APPLICABLE"", ""reason"": ""not required""}}",The workflow is not suitable for landslide forecasting due to temporal causality violation.,"{
  ""obligations"": {
    ""provenance"": {""status"":""MISSING_EVIDENCE"",""reason"":""required for scientific certification""},
    ""categorical_semantics"": {""status"":""NOT_APPLICABLE"",""reason"":""no categorical operation is involved""},
    ""spatial_support_resolution"": {""status"":""NOT_APPLICABLE"",""reason"":""not required""},
    ""units_quantity"": {""status"":""NOT_APPLICABLE"",""reason"":""not required""},
    ""crs_geometry_area"": {""status"":""NOT_APPLICABLE"",""reason"":""not required""},
    ""spectral_semantics"": {""status"":""NOT_APPLICABLE"",""reason"":""not required""},
    ""processing_quality"": {""status"":""NOT_APPLICABLE"",""reason"":""not required""},
    ""vertical_semantics"": {""status"":""PASS"",""reason"":""DTM versus DSM requirements and vertical datum compatibility are satisfied""},
    ""temporal_causality"": {""status"":""FAIL"",""reason"":""feature is available after decision time""},
    ""evaluation_independence"": {""status"":""NOT_APPLICABLE"",""reason"":""not required""},
    ""nodata_physical_domain"": {""status"":""NOT_APPLICABLE"",""reason"":""not required""},
    ""uncertainty_fitness"": {""status"":""NOT_APPLICABLE"",""reason"":""not required""}
  },
  ""summary"":""The workflow is not suitable for landslide forecasting due to temporal causality violation."",
  ""confidence"":5
}"
SGX3_BLIND_eo_ml_validation_047,strong_B,mistralai/Mistral-7B-Instruct-v0.3,PROVEN,1.0,5,"{""provenance"": {""status"": ""PASS"", ""reason"": ""authoritative-product""}, ""categorical_semantics"": {""status"": ""NOT_APPLICABLE"", ""reason"": ""continuous data""}, ""spatial_support_resolution"": {""status"": ""PASS"", ""reason"": ""not applicable""}, ""units_quantity"": {""status"": ""NOT_APPLICABLE"", ""reason"": ""not applicable""}, ""crs_geometry_area"": {""status"": ""NOT_APPLICABLE"", ""reason"": ""not applicable""}, ""spectral_semantics"": {""status"": ""NOT_APPLICABLE"", ""reason"": ""not applicable""}, ""processing_quality"": {""status"": ""NOT_APPLICABLE"", ""reason"": ""not applicable""}, ""vertical_semantics"": {""status"": ""NOT_APPLICABLE"", ""reason"": ""not applicable""}, ""temporal_causality"": {""status"": ""PASS"", ""reason"": ""temporal split is defined""}, ""evaluation_independence"": {""status"": ""PASS"", ""reason"": ""temporal split is defined""}, ""nodata_physical_domain"": {""status"": ""NOT_APPLICABLE"", ""reason"": ""not applicable""}, ""uncertainty_fitness"": {""status"": ""NOT_APPLICABLE"", ""reason"": ""not applicable""}}",Temporal split operation is performed on continuous data,"{
  ""obligations"": {
    ""provenance"": {""status"":""PASS"",""reason"":""authoritative-product""},
    ""categorical_semantics"": {""status"":""NOT_APPLICABLE"",""reason"":""continuous data""},
    ""spatial_support_resolution"": {""status"":""PASS"",""reason"":""not applicable""},
    ""units_quantity"": {""status"":""NOT_APPLICABLE"",""reason"":""not applicable""},
    ""crs_geometry_area"": {""status"":""NOT_APPLICABLE"",""reason"":""not applicable""},
    ""spectral_semantics"": {""status"":""NOT_APPLICABLE"",""reason"":""not applicable""},
    ""processing_quality"": {""status"":""NOT_APPLICABLE"",""reason"":""not applicable""},
    ""vertical_semantics"": {""status"":""NOT_APPLICABLE"",""reason"":""not applicable""},
    ""temporal_causality"": {""status"":""PASS"",""reason"":""temporal split is defined""},
    ""evaluation_independence"": {""status"":""PASS"",""reason"":""temporal split is defined""},
    ""nodata_physical_domain"": {""status"":""NOT_APPLICABLE"",""reason"":""not applicable""},
    ""uncertainty_fitness"": {""status"":""NOT_APPLICABLE"",""reason"":""not applicable""}
  },
  ""summary"":""Temporal split operation is performed on continuous data"",
  ""confidence"":5
}"
SGX3_HELDOUT-FAMILY_physical_range_violation_010,strong_B,mistralai/Mistral-7B-Instruct-v0.3,PROVEN,1.0,5,"{""provenance"": {""status"": ""PASS"", ""reason"": ""authoritative-product""}, ""categorical_semantics"": {""status"": ""NOT_APPLICABLE"", ""reason"": ""continuous data""}, ""spatial_support_resolution"": {""status"": ""NOT_APPLICABLE"", ""reason"": ""not required""}, ""units_quantity"": {""status"": ""NOT_APPLICABLE"", ""reason"": ""not required""}, ""crs_geometry_area"": {""status"": ""NOT_APPLICABLE"", ""reason"": ""not required""}, ""spectral_semantics"": {""status"": ""NOT_APPLICABLE"", ""reason"": ""not required""}, ""processing_quality"": {""status"": ""NOT_APPLICABLE"", ""reason"": ""not required""}, ""vertical_semantics"": {""status"": ""NOT_APPLICABLE"", ""reason"": ""not required""}, ""temporal_causality"": {""status"": ""NOT_APPLICABLE"", ""reason"": ""not required""}, ""evaluation_independence"": {""status"": ""NOT_APPLICABLE"", ""reason"": ""not required""}, ""nodata_physical_domain"": {""status"": ""NOT_APPLICABLE"", ""reason"": ""not required""}, ""uncertainty_fitness"": {""status"": ""NOT_APPLICABLE"", ""reason"": ""not required""}}",NDVI value range assertion violates supplied range,"{
  ""obligations"": {
    ""provenance"": {""status"":""PASS"",""reason"":""authoritative-product""},
    ""categorical_semantics"": {""status"":""NOT_APPLICABLE"",""reason"":""continuous data""},
    ""spatial_support_resolution"": {""status"":""NOT_APPLICABLE"",""reason"":""not required""},
    ""units_quantity"": {""status"":""NOT_APPLICABLE"",""reason"":""not required""},
    ""crs_geometry_area"": {""status"":""NOT_APPLICABLE"",""reason"":""not required""},
    ""spectral_semantics"": {""status"":""NOT_APPLICABLE"",""reason"":""not required""},
    ""processing_quality"": {""status"":""NOT_APPLICABLE"",""reason"":""not required""},
    ""vertical_semantics"": {""status"":""NOT_APPLICABLE"",""reason"":""not required""},
    ""temporal_causality"": {""status"":""NOT_APPLICABLE"",""reason"":""not required""},
    ""evaluation_independence"": {""status"":""NOT_APPLICABLE"",""reason"":""not required""},
    ""nodata_physical_domain"": {""status"":""NOT_APPLICABLE"",""reason"":""not required""},
    ""uncertainty_fitness"": {""status"":""NOT_APPLICABLE"",""reason"":""not required""}
  },
  ""summary"":""NDVI value range assertion violates supplied range"",
  ""confidence"":5
}"
SGX3_BLIND_landcover_change_007,strong_B,mistralai/Mistral-7B-Instruct-v0.3,PROVEN,1.0,5,"{""provenance"": {""status"": ""PASS"", ""reason"": ""ESA WorldCover is supplied""}, ""categorical_semantics"": {""status"": ""PASS"", ""reason"": ""no categorical operation is involved""}, ""spatial_support_resolution"": {""status"": ""PASS"", ""reason"": ""resolution is coarsened""}, ""units_quantity"": {""status"": ""NOT_APPLICABLE"", ""reason"": ""not required""}, ""crs_geometry_area"": {""status"": ""NOT_APPLICABLE"", ""reason"": ""not required""}, ""spectral_semantics"": {""status"": ""NOT_APPLICABLE"", ""reason"": ""not required""}, ""processing_quality"": {""status"": ""NOT_APPLICABLE"", ""reason"": ""not required""}, ""vertical_semantics"": {""status"": ""NOT_APPLICABLE"", ""reason"": ""not required""}, ""temporal_causality"": {""status"": ""NOT_APPLICABLE"", ""reason"": ""not required""}, ""evaluation_independence"": {""status"": ""NOT_APPLICABLE"", ""reason"": ""not required""}, ""nodata_physical_domain"": {""status"": ""NOT_APPLICABLE"", ""reason"": ""not required""}, ""uncertainty_fitness"": {""status"": ""NOT_APPLICABLE"", ""reason"": ""not required""}}",label-preserving categorical coarsening,"{
  ""obligations"": {
    ""provenance"": {""status"":""PASS"",""reason"":""ESA WorldCover is supplied""},
    ""categorical_semantics"": {""status"":""PASS"",""reason"":""no categorical operation is involved""},
    ""spatial_support_resolution"": {""status"":""PASS"",""reason"":""resolution is coarsened""},
    ""units_quantity"": {""status"":""NOT_APPLICABLE"",""reason"":""not required""},
    ""crs_geometry_area"": {""status"":""NOT_APPLICABLE"",""reason"":""not required""},
    ""spectral_semantics"": {""status"":""NOT_APPLICABLE"",""reason"":""not required""},
    ""processing_quality"": {""status"":""NOT_APPLICABLE"",""reason"":""not required""},
    ""vertical_semantics"": {""status"":""NOT_APPLICABLE"",""reason"":""not required""},
    ""temporal_causality"": {""status"":""NOT_APPLICABLE"",""reason"":""not required""},
    ""evaluation_independence"": {""status"":""NOT_APPLICABLE"",""reason"":""not required""},
    ""nodata_physical_domain"": {""status"":""NOT_APPLICABLE"",""reason"":""not required""},
    ""uncertainty_fitness"": {""status"":""NOT_APPLICABLE"",""reason"":""not required""}
  },
  ""summary"":""label-preserving categorical coarsening"",
  ""confidence"":5
}"
SGX3_HELDOUT-FAMILY_categorical_mean_aggregation_002,strong_B,mistralai/Mistral-7B-Instruct-v0.3,PROVEN,1.0,5,"{""provenance"": {""status"": ""PASS"", ""reason"": ""authoritative-product""}, ""categorical_semantics"": {""status"": ""PASS"", ""reason"": ""median operation preserves class identity""}, ""spatial_support_resolution"": {""status"": ""PASS"", ""reason"": ""not required""}, ""units_quantity"": {""status"": ""NOT_APPLICABLE"", ""reason"": ""not required""}, ""crs_geometry_area"": {""status"": ""NOT_APPLICABLE"", ""reason"": ""not required""}, ""spectral_semantics"": {""status"": ""NOT_APPLICABLE"", ""reason"": ""not required""}, ""processing_quality"": {""status"": ""NOT_APPLICABLE"", ""reason"": ""not required""}, ""vertical_semantics"": {""status"": ""NOT_APPLICABLE"", ""reason"": ""not required""}, ""temporal_causality"": {""status"": ""NOT_APPLICABLE"", ""reason"": ""not required""}, ""evaluation_independence"": {""status"": ""NOT_APPLICABLE"", ""reason"": ""not required""}, ""nodata_physical_domain"": {""status"": ""NOT_APPLICABLE"", ""reason"": ""not required""}, ""uncertainty_fitness"": {""status"": ""NOT_APPLICABLE"", ""reason"": ""not required""}}",label-preserving categorical median aggregation,"{
  ""obligations"": {
    ""provenance"": {""status"":""PASS"",""reason"":""authoritative-product""},
    ""categorical_semantics"": {""status"":""PASS"",""reason"":""median operation preserves class identity""},
    ""spatial_support_resolution"": {""status"":""PASS"",""reason"":""not required""},
    ""units_quantity"": {""status"":""NOT_APPLICABLE"",""reason"":""not required""},
    ""crs_geometry_area"": {""status"":""NOT_APPLICABLE"",""reason"":""not required""},
    ""spectral_semantics"": {""status"":""NOT_APPLICABLE"",""reason"":""not required""},
    ""processing_quality"": {""status"":""NOT_APPLICABLE"",""reason"":""not required""},
    ""vertical_semantics"": {""status"":""NOT_APPLICABLE"",""reason"":""not required""},
    ""temporal_causality"": {""status"":""NOT_APPLICABLE"",""reason"":""not required""},
    ""evaluation_independence"": {""status"":""NOT_APPLICABLE"",""reason"":""not required""},
    ""nodata_physical_domain"": {""status"":""NOT_APPLICABLE"",""reason"":""not required""},
    ""uncertainty_fitness"": {""status"":""NOT_APPLICABLE"",""reason"":""not required""}
  },
  ""summary"":""label-preserving categorical median aggregation"",
  ""confidence"":5
}"
SGX3_HELDOUT-FAMILY_physical_range_violation_002,strong_B,mistralai/Mistral-7B-Instruct-v0.3,PROVEN,1.0,5,"{""provenance"": {""status"": ""PASS"", ""reason"": ""authoritative-product""}, ""categorical_semantics"": {""status"": ""NOT_APPLICABLE"", ""reason"": ""continuous data""}, ""spatial_support_resolution"": {""status"": ""NOT_APPLICABLE"", ""reason"": ""not required""}, ""units_quantity"": {""status"": ""NOT_APPLICABLE"", ""reason"": ""not required""}, ""crs_geometry_area"": {""status"": ""NOT_APPLICABLE"", ""reason"": ""not required""}, ""spectral_semantics"": {""status"": ""NOT_APPLICABLE"", ""reason"": ""not required""}, ""processing_quality"": {""status"": ""NOT_APPLICABLE"", ""reason"": ""not required""}, ""vertical_semantics"": {""status"": ""NOT_APPLICABLE"", ""reason"": ""not required""}, ""temporal_causality"": {""status"": ""NOT_APPLICABLE"", ""reason"": ""not required""}, ""evaluation_independence"": {""status"": ""NOT_APPLICABLE"", ""reason"": ""not required""}, ""nodata_physical_domain"": {""status"": ""NOT_APPLICABLE"", ""reason"": ""not required""}, ""uncertainty_fitness"": {""status"": ""NOT_APPLICABLE"", ""reason"": ""not required""}}",NDVI value range assertion violates supplied range,"{
  ""obligations"": {
    ""provenance"": {""status"":""PASS"",""reason"":""authoritative-product""},
    ""categorical_semantics"": {""status"":""NOT_APPLICABLE"",""reason"":""continuous data""},
    ""spatial_support_resolution"": {""status"":""NOT_APPLICABLE"",""reason"":""not required""},
    ""units_quantity"": {""status"":""NOT_APPLICABLE"",""reason"":""not required""},
    ""crs_geometry_area"": {""status"":""NOT_APPLICABLE"",""reason"":""not required""},
    ""spectral_semantics"": {""status"":""NOT_APPLICABLE"",""reason"":""not required""},
    ""processing_quality"": {""status"":""NOT_APPLICABLE"",""reason"":""not required""},
    ""vertical_semantics"": {""status"":""NOT_APPLICABLE"",""reason"":""not required""},
    ""temporal_causality"": {""status"":""NOT_APPLICABLE"",""reason"":""not required""},
    ""evaluation_independence"": {""status"":""NOT_APPLICABLE"",""reason"":""not required""},
    ""nodata_physical_domain"": {""status"":""NOT_APPLICABLE"",""reason"":""not required""},
    ""uncertainty_fitness"": {""status"":""NOT_APPLICABLE"",""reason"":""not required""}
  },
  ""summary"":""NDVI value range assertion violates supplied range"",
  ""confidence"":5
}"
SGX3_HELDOUT-FAMILY_multisensor_time_mismatch_013,strong_B,mistralai/Mistral-7B-Instruct-v0.3,PROVEN,1.0,5,"{""provenance"": {""status"": ""PASS"", ""reason"": ""authoritative-product""}, ""categorical_semantics"": {""status"": ""NOT_APPLICABLE"", ""reason"": ""continuous data""}, ""spatial_support_resolution"": {""status"": ""PASS"", ""reason"": ""native resolution is supplied""}, ""units_quantity"": {""status"": ""NOT_APPLICABLE"", ""reason"": ""not required""}, ""crs_geometry_area"": {""status"": ""PASS"", ""reason"": ""not required""}, ""spectral_semantics"": {""status"": ""NOT_APPLICABLE"", ""reason"": ""not required""}, ""processing_quality"": {""status"": ""NOT_APPLICABLE"", ""reason"": ""not required""}, ""vertical_semantics"": {""status"": ""NOT_APPLICABLE"", ""reason"": ""not required""}, ""temporal_causality"": {""status"": ""NOT_APPLICABLE"", ""reason"": ""not required""}, ""evaluation_independence"": {""status"": ""NOT_APPLICABLE"", ""reason"": ""not required""}, ""nodata_physical_domain"": {""status"": ""NOT_APPLICABLE"", ""reason"": ""not required""}, ""uncertainty_fitness"": {""status"": ""NOT_APPLICABLE"", ""reason"": ""not required""}}",Multisensor comparison with temporal tolerance,"{
  ""obligations"": {
    ""provenance"": {""status"":""PASS"",""reason"":""authoritative-product""},
    ""categorical_semantics"": {""status"":""NOT_APPLICABLE"",""reason"":""continuous data""},
    ""spatial_support_resolution"": {""status"":""PASS"",""reason"":""native resolution is supplied""},
    ""units_quantity"": {""status"":""NOT_APPLICABLE"",""reason"":""not required""},
    ""crs_geometry_area"": {""status"":""PASS"",""reason"":""not required""},
    ""spectral_semantics"": {""status"":""NOT_APPLICABLE"",""reason"":""not required""},
    ""processing_quality"": {""status"":""NOT_APPLICABLE"",""reason"":""not required""},
    ""vertical_semantics"": {""status"":""NOT_APPLICABLE"",""reason"":""not required""},
    ""temporal_causality"": {""status"":""NOT_APPLICABLE"",""reason"":""not required""},
    ""evaluation_independence"": {""status"":""NOT_APPLICABLE"",""reason"":""not required""},
    ""nodata_physical_domain"": {""status"":""NOT_APPLICABLE"",""reason"":""not required""},
    ""uncertainty_fitness"": {""status"":""NOT_APPLICABLE"",""reason"":""not required""}
  },
  ""summary"":""Multisensor comparison with temporal tolerance"",
  ""confidence"":5
}"
SGX3_BLIND_flood_depth_026,strong_B,mistralai/Mistral-7B-Instruct-v0.3,REFUTED,1.0,5,"{""provenance"": {""status"": ""PASS"", ""reason"": ""both artifacts have provenance""}, ""categorical_semantics"": {""status"": ""NOT_APPLICABLE"", ""reason"": ""no categorical data""}, ""spatial_support_resolution"": {""status"": ""PASS"", ""reason"": ""both artifacts have resolution""}, ""units_quantity"": {""status"": ""FAIL"", ""reason"": ""elevation in m converted to km2, which is not consistent""}, ""crs_geometry_area"": {""status"": ""PASS"", ""reason"": ""both artifacts have CRS""}, ""spectral_semantics"": {""status"": ""NOT_APPLICABLE"", ""reason"": ""no spectral data""}, ""processing_quality"": {""status"": ""NOT_APPLICABLE"", ""reason"": ""no quality metadata""}, ""vertical_semantics"": {""status"": ""MISSING_EVIDENCE"", ""reason"": ""vertical datum compatibility is not established""}, ""temporal_causality"": {""status"": ""NOT_APPLICABLE"", ""reason"": ""no temporal data""}, ""evaluation_independence"": {""status"": ""NOT_APPLICABLE"", ""reason"": ""no evaluation split""}, ""nodata_physical_domain"": {""status"": ""NOT_APPLICABLE"", ""reason"": ""no NoData values""}, ""uncertainty_fitness"": {""status"": ""NOT_APPLICABLE"", ""reason"": ""no uncertainty requirement""}}","elevation converted to inconsistent units, vertical datum compatibility is missing","{
  ""obligations"": {
    ""provenance"": {""status"":""PASS"",""reason"":""both artifacts have provenance""},
    ""categorical_semantics"": {""status"":""NOT_APPLICABLE"",""reason"":""no categorical data""},
    ""spatial_support_resolution"": {""status"":""PASS"",""reason"":""both artifacts have resolution""},
    ""units_quantity"": {""status"":""FAIL"",""reason"":""elevation in m converted to km2, which is not consistent""},
    ""crs_geometry_area"": {""status"":""PASS"",""reason"":""both artifacts have CRS""},
    ""spectral_semantics"": {""status"":""NOT_APPLICABLE"",""reason"":""no spectral data""},
    ""processing_quality"": {""status"":""NOT_APPLICABLE"",""reason"":""no quality metadata""},
    ""vertical_semantics"": {""status"":""MISSING_EVIDENCE"",""reason"":""vertical datum compatibility is not established""},
    ""temporal_causality"": {""status"":""NOT_APPLICABLE"",""reason"":""no temporal data""},
    ""evaluation_independence"": {""status"":""NOT_APPLICABLE"",""reason"":""no evaluation split""},
    ""nodata_physical_domain"": {""status"":""NOT_APPLICABLE"",""reason"":""no NoData values""},
    ""uncertainty_fitness"": {""status"":""NOT_APPLICABLE"",""reason"":""no uncertainty requirement""}
  },
  ""summary"":""elevation converted to inconsistent units, vertical datum compatibility is missing"",
  ""confidence"":5
}"
SGX3_DEVELOPMENT_band_grid_mismatch_002,strong_B,mistralai/Mistral-7B-Instruct-v0.3,PROVEN,1.0,5,"{""provenance"": {""status"": ""PASS"", ""reason"": ""authoritative-product is supplied""}, ""categorical_semantics"": {""status"": ""NOT_APPLICABLE"", ""reason"": ""no categorical operation is involved""}, ""spatial_support_resolution"": {""status"": ""NOT_APPLICABLE"", ""reason"": ""not required""}, ""units_quantity"": {""status"": ""NOT_APPLICABLE"", ""reason"": ""not required""}, ""crs_geometry_area"": {""status"": ""NOT_APPLICABLE"", ""reason"": ""not required""}, ""spectral_semantics"": {""status"": ""PASS"", ""reason"": ""band roles are declared""}, ""processing_quality"": {""status"": ""NOT_APPLICABLE"", ""reason"": ""not required""}, ""vertical_semantics"": {""status"": ""NOT_APPLICABLE"", ""reason"": ""not required""}, ""temporal_causality"": {""status"": ""NOT_APPLICABLE"", ""reason"": ""not required""}, ""evaluation_independence"": {""status"": ""NOT_APPLICABLE"", ""reason"": ""not required""}, ""nodata_physical_domain"": {""status"": ""NOT_APPLICABLE"", ""reason"": ""not required""}, ""uncertainty_fitness"": {""status"": ""NOT_APPLICABLE"", ""reason"": ""not required""}}",spectral index operation with declared band roles,"{
  ""obligations"": {
    ""provenance"": {""status"":""PASS"",""reason"":""authoritative-product is supplied""},
    ""categorical_semantics"": {""status"":""NOT_APPLICABLE"",""reason"":""no categorical operation is involved""},
    ""spatial_support_resolution"": {""status"":""NOT_APPLICABLE"",""reason"":""not required""},
    ""units_quantity"": {""status"":""NOT_APPLICABLE"",""reason"":""not required""},
    ""crs_geometry_area"": {""status"":""NOT_APPLICABLE"",""reason"":""not required""},
    ""spectral_semantics"": {""status"":""PASS"",""reason"":""band roles are declared""},
    ""processing_quality"": {""status"":""NOT_APPLICABLE"",""reason"":""not required""},
    ""vertical_semantics"": {""status"":""NOT_APPLICABLE"",""reason"":""not required""},
    ""temporal_causality"": {""status"":""NOT_APPLICABLE"",""reason"":""not required""},
    ""evaluation_independence"": {""status"":""NOT_APPLICABLE"",""reason"":""not required""},
    ""nodata_physical_domain"": {""status"":""NOT_APPLICABLE"",""reason"":""not required""},
    ""uncertainty_fitness"": {""status"":""NOT_APPLICABLE"",""reason"":""not required""}
  },
  ""summary"":""spectral index operation with declared band roles"",
  ""confidence"":5
}"
SGX3_DEVELOPMENT_spatial_split_leakage_002,strong_B,mistralai/Mistral-7B-Instruct-v0.3,PROVEN,1.0,5,"{""provenance"": {""status"": ""PASS"", ""reason"": ""authoritative-product""}, ""categorical_semantics"": {""status"": ""NOT_APPLICABLE"", ""reason"": ""continuous data""}, ""spatial_support_resolution"": {""status"": ""PASS"", ""reason"": ""resolution is supplied""}, ""units_quantity"": {""status"": ""NOT_APPLICABLE"", ""reason"": ""not required""}, ""crs_geometry_area"": {""status"": ""PASS"", ""reason"": ""CRS is supplied""}, ""spectral_semantics"": {""status"": ""NOT_APPLICABLE"", ""reason"": ""not required""}, ""processing_quality"": {""status"": ""NOT_APPLICABLE"", ""reason"": ""not required""}, ""vertical_semantics"": {""status"": ""NOT_APPLICABLE"", ""reason"": ""not required""}, ""temporal_causality"": {""status"": ""NOT_APPLICABLE"", ""reason"": ""not required""}, ""evaluation_independence"": {""status"": ""NOT_APPLICABLE"", ""reason"": ""not required""}, ""nodata_physical_domain"": {""status"": ""NOT_APPLICABLE"", ""reason"": ""not required""}, ""uncertainty_fitness"": {""status"": ""NOT_APPLICABLE"", ""reason"": ""not required""}}",Spatial split operation with supplied provenance,"{
  ""obligations"": {
    ""provenance"": {""status"":""PASS"",""reason"":""authoritative-product""},
    ""categorical_semantics"": {""status"":""NOT_APPLICABLE"",""reason"":""continuous data""},
    ""spatial_support_resolution"": {""status"":""PASS"",""reason"":""resolution is supplied""},
    ""units_quantity"": {""status"":""NOT_APPLICABLE"",""reason"":""not required""},
    ""crs_geometry_area"": {""status"":""PASS"",""reason"":""CRS is supplied""},
    ""spectral_semantics"": {""status"":""NOT_APPLICABLE"",""reason"":""not required""},
    ""processing_quality"": {""status"":""NOT_APPLICABLE"",""reason"":""not required""},
    ""vertical_semantics"": {""status"":""NOT_APPLICABLE"",""reason"":""not required""},
    ""temporal_causality"": {""status"":""NOT_APPLICABLE"",""reason"":""not required""},
    ""evaluation_independence"": {""status"":""NOT_APPLICABLE"",""reason"":""not required""},
    ""nodata_physical_domain"": {""status"":""NOT_APPLICABLE"",""reason"":""not required""},
    ""uncertainty_fitness"": {""status"":""NOT_APPLICABLE"",""reason"":""not required""}
  },
  ""summary"":""Spatial split operation with supplied provenance"",
  ""confidence"":5
}"
SGX3_HELDOUT-FAMILY_temporal_split_overlap_003,strong_B,mistralai/Mistral-7B-Instruct-v0.3,PROVEN,1.0,5,"{""provenance"": {""status"": ""PASS"", ""reason"": ""authoritative-product""}, ""categorical_semantics"": {""status"": ""NOT_APPLICABLE"", ""reason"": ""continuous data""}, ""spatial_support_resolution"": {""status"": ""NOT_APPLICABLE"", ""reason"": ""not required""}, ""units_quantity"": {""status"": ""NOT_APPLICABLE"", ""reason"": ""not required""}, ""crs_geometry_area"": {""status"": ""NOT_APPLICABLE"", ""reason"": ""not required""}, ""spectral_semantics"": {""status"": ""NOT_APPLICABLE"", ""reason"": ""not required""}, ""processing_quality"": {""status"": ""NOT_APPLICABLE"", ""reason"": ""not required""}, ""vertical_semantics"": {""status"": ""NOT_APPLICABLE"", ""reason"": ""not required""}, ""temporal_causality"": {""status"": ""PASS"", ""reason"": ""temporal split is performed""}, ""evaluation_independence"": {""status"": ""PASS"", ""reason"": ""temporal split is performed""}, ""nodata_physical_domain"": {""status"": ""NOT_APPLICABLE"", ""reason"": ""not required""}, ""uncertainty_fitness"": {""status"": ""NOT_APPLICABLE"", ""reason"": ""not required""}}",temporal split performed,"{
  ""obligations"": {
    ""provenance"": {""status"":""PASS"",""reason"":""authoritative-product""},
    ""categorical_semantics"": {""status"":""NOT_APPLICABLE"",""reason"":""continuous data""},
    ""spatial_support_resolution"": {""status"":""NOT_APPLICABLE"",""reason"":""not required""},
    ""units_quantity"": {""status"":""NOT_APPLICABLE"",""reason"":""not required""},
    ""crs_geometry_area"": {""status"":""NOT_APPLICABLE"",""reason"":""not required""},
    ""spectral_semantics"": {""status"":""NOT_APPLICABLE"",""reason"":""not required""},
    ""processing_quality"": {""status"":""NOT_APPLICABLE"",""reason"":""not required""},
    ""vertical_semantics"": {""status"":""NOT_APPLICABLE"",""reason"":""not required""},
    ""temporal_causality"": {""status"":""PASS"",""reason"":""temporal split is performed""},
    ""evaluation_independence"": {""status"":""PASS"",""reason"":""temporal split is performed""},
    ""nodata_physical_domain"": {""status"":""NOT_APPLICABLE"",""reason"":""not required""},
    ""uncertainty_fitness"": {""status"":""NOT_APPLICABLE"",""reason"":""not required""}
  },
  ""summary"":""temporal split performed"",
  ""confidence"":5
}"
SGX3_DEVELOPMENT_future_information_006,strong_B,mistralai/Mistral-7B-Instruct-v0.3,REFUTED,1.0,5,"{""provenance"": {""status"": ""PASS"", ""reason"": ""authoritative-product is supplied""}, ""categorical_semantics"": {""status"": ""NOT_APPLICABLE"", ""reason"": ""continuous data is involved""}, ""spatial_support_resolution"": {""status"": ""NOT_APPLICABLE"", ""reason"": ""not required""}, ""units_quantity"": {""status"": ""NOT_APPLICABLE"", ""reason"": ""not required""}, ""crs_geometry_area"": {""status"": ""NOT_APPLICABLE"", ""reason"": ""not required""}, ""spectral_semantics"": {""status"": ""NOT_APPLICABLE"", ""reason"": ""not required""}, ""processing_quality"": {""status"": ""NOT_APPLICABLE"", ""reason"": ""not required""}, ""vertical_semantics"": {""status"": ""MISSING_EVIDENCE"", ""reason"": ""vertical datum is absent""}, ""temporal_causality"": {""status"": ""FAIL"", ""reason"": ""feature is available after decision time""}, ""evaluation_independence"": {""status"": ""NOT_APPLICABLE"", ""reason"": ""not required""}, ""nodata_physical_domain"": {""status"": ""NOT_APPLICABLE"", ""reason"": ""not required""}, ""uncertainty_fitness"": {""status"": ""NOT_APPLICABLE"", ""reason"": ""not required""}}",rainfall prediction with missing vertical datum,"{
  ""obligations"": {
    ""provenance"": {""status"":""PASS"",""reason"":""authoritative-product is supplied""},
    ""categorical_semantics"": {""status"":""NOT_APPLICABLE"",""reason"":""continuous data is involved""},
    ""spatial_support_resolution"": {""status"":""NOT_APPLICABLE"",""reason"":""not required""},
    ""units_quantity"": {""status"":""NOT_APPLICABLE"",""reason"":""not required""},
    ""crs_geometry_area"": {""status"":""NOT_APPLICABLE"",""reason"":""not required""},
    ""spectral_semantics"": {""status"":""NOT_APPLICABLE"",""reason"":""not required""},
    ""processing_quality"": {""status"":""NOT_APPLICABLE"",""reason"":""not required""},
    ""vertical_semantics"": {""status"":""MISSING_EVIDENCE"",""reason"":""vertical datum is absent""},
    ""temporal_causality"": {""status"":""FAIL"",""reason"":""feature is available after decision time""},
    ""evaluation_independence"": {""status"":""NOT_APPLICABLE"",""reason"":""not required""},
    ""nodata_physical_domain"": {""status"":""NOT_APPLICABLE"",""reason"":""not required""},
    ""uncertainty_fitness"": {""status"":""NOT_APPLICABLE"",""reason"":""not required""}
  },
  ""summary"":""rainfall prediction with missing vertical datum"",
  ""confidence"":5
}"
SGX3_HELDOUT-FAMILY_scene_overlap_leakage_001,strong_B,mistralai/Mistral-7B-Instruct-v0.3,PROVEN,1.0,5,"{""provenance"": {""status"": ""PASS"", ""reason"": ""authoritative-product""}, ""categorical_semantics"": {""status"": ""NOT_APPLICABLE"", ""reason"": ""continuous data""}, ""spatial_support_resolution"": {""status"": ""PASS"", ""reason"": ""not applicable""}, ""units_quantity"": {""status"": ""NOT_APPLICABLE"", ""reason"": ""not required""}, ""crs_geometry_area"": {""status"": ""NOT_APPLICABLE"", ""reason"": ""not required""}, ""spectral_semantics"": {""status"": ""NOT_APPLICABLE"", ""reason"": ""not required""}, ""processing_quality"": {""status"": ""NOT_APPLICABLE"", ""reason"": ""not required""}, ""vertical_semantics"": {""status"": ""NOT_APPLICABLE"", ""reason"": ""not required""}, ""temporal_causality"": {""status"": ""NOT_APPLICABLE"", ""reason"": ""not required""}, ""evaluation_independence"": {""status"": ""NOT_APPLICABLE"", ""reason"": ""not required""}, ""nodata_physical_domain"": {""status"": ""NOT_APPLICABLE"", ""reason"": ""not required""}, ""uncertainty_fitness"": {""status"": ""NOT_APPLICABLE"", ""reason"": ""not required""}}",Scene overlap splitting is performed,"{
  ""obligations"": {
    ""provenance"": {""status"":""PASS"",""reason"":""authoritative-product""},
    ""categorical_semantics"": {""status"":""NOT_APPLICABLE"",""reason"":""continuous data""},
    ""spatial_support_resolution"": {""status"":""PASS"",""reason"":""not applicable""},
    ""units_quantity"": {""status"":""NOT_APPLICABLE"",""reason"":""not required""},
    ""crs_geometry_area"": {""status"":""NOT_APPLICABLE"",""reason"":""not required""},
    ""spectral_semantics"": {""status"":""NOT_APPLICABLE"",""reason"":""not required""},
    ""processing_quality"": {""status"":""NOT_APPLICABLE"",""reason"":""not required""},
    ""vertical_semantics"": {""status"":""NOT_APPLICABLE"",""reason"":""not required""},
    ""temporal_causality"": {""status"":""NOT_APPLICABLE"",""reason"":""not required""},
    ""evaluation_independence"": {""status"":""NOT_APPLICABLE"",""reason"":""not required""},
    ""nodata_physical_domain"": {""status"":""NOT_APPLICABLE"",""reason"":""not required""},
    ""uncertainty_fitness"": {""status"":""NOT_APPLICABLE"",""reason"":""not required""}
  },
  ""summary"":""Scene overlap splitting is performed"",
  ""confidence"":5
}"
SGX3_DEVELOPMENT_future_information_002,strong_B,mistralai/Mistral-7B-Instruct-v0.3,REFUTED,1.0,5,"{""provenance"": {""status"": ""PASS"", ""reason"": ""authoritative-product is supplied""}, ""categorical_semantics"": {""status"": ""NOT_APPLICABLE"", ""reason"": ""continuous data is involved""}, ""spatial_support_resolution"": {""status"": ""NOT_APPLICABLE"", ""reason"": ""not required""}, ""units_quantity"": {""status"": ""NOT_APPLICABLE"", ""reason"": ""not required""}, ""crs_geometry_area"": {""status"": ""NOT_APPLICABLE"", ""reason"": ""not required""}, ""spectral_semantics"": {""status"": ""NOT_APPLICABLE"", ""reason"": ""not required""}, ""processing_quality"": {""status"": ""NOT_APPLICABLE"", ""reason"": ""not required""}, ""vertical_semantics"": {""status"": ""MISSING_EVIDENCE"", ""reason"": ""vertical datum is absent""}, ""temporal_causality"": {""status"": ""FAIL"", ""reason"": ""feature is available before decision time""}, ""evaluation_independence"": {""status"": ""NOT_APPLICABLE"", ""reason"": ""no evaluation split is involved""}, ""nodata_physical_domain"": {""status"": ""NOT_APPLICABLE"", ""reason"": ""not required""}, ""uncertainty_fitness"": {""status"": ""NOT_APPLICABLE"", ""reason"": ""not required""}}",rainfall prediction with missing vertical datum,"{
  ""obligations"": {
    ""provenance"": {""status"":""PASS"",""reason"":""authoritative-product is supplied""},
    ""categorical_semantics"": {""status"":""NOT_APPLICABLE"",""reason"":""continuous data is involved""},
    ""spatial_support_resolution"": {""status"":""NOT_APPLICABLE"",""reason"":""not required""},
    ""units_quantity"": {""status"":""NOT_APPLICABLE"",""reason"":""not required""},
    ""crs_geometry_area"": {""status"":""NOT_APPLICABLE"",""reason"":""not required""},
    ""spectral_semantics"": {""status"":""NOT_APPLICABLE"",""reason"":""not required""},
    ""processing_quality"": {""status"":""NOT_APPLICABLE"",""reason"":""not required""},
    ""vertical_semantics"": {""status"":""MISSING_EVIDENCE"",""reason"":""vertical datum is absent""},
    ""temporal_causality"": {""status"":""FAIL"",""reason"":""feature is available before decision time""},
    ""evaluation_independence"": {""status"":""NOT_APPLICABLE"",""reason"":""no evaluation split is involved""},
    ""nodata_physical_domain"": {""status"":""NOT_APPLICABLE"",""reason"":""not required""},
    ""uncertainty_fitness"": {""status"":""NOT_APPLICABLE"",""reason"":""not required""}
  },
  ""summary"":""rainfall prediction with missing vertical datum"",
  ""confidence"":5
}"
SGX3_HELDOUT-FAMILY_scene_overlap_leakage_010,strong_B,mistralai/Mistral-7B-Instruct-v0.3,PROVEN,1.0,5,"{""provenance"": {""status"": ""PASS"", ""reason"": ""authoritative-product""}, ""categorical_semantics"": {""status"": ""NOT_APPLICABLE"", ""reason"": ""continuous data""}, ""spatial_support_resolution"": {""status"": ""PASS"", ""reason"": ""not applicable""}, ""units_quantity"": {""status"": ""NOT_APPLICABLE"", ""reason"": ""not required""}, ""crs_geometry_area"": {""status"": ""NOT_APPLICABLE"", ""reason"": ""not required""}, ""spectral_semantics"": {""status"": ""NOT_APPLICABLE"", ""reason"": ""not required""}, ""processing_quality"": {""status"": ""NOT_APPLICABLE"", ""reason"": ""not required""}, ""vertical_semantics"": {""status"": ""NOT_APPLICABLE"", ""reason"": ""not required""}, ""temporal_causality"": {""status"": ""NOT_APPLICABLE"", ""reason"": ""not required""}, ""evaluation_independence"": {""status"": ""NOT_APPLICABLE"", ""reason"": ""not required""}, ""nodata_physical_domain"": {""status"": ""NOT_APPLICABLE"", ""reason"": ""not required""}, ""uncertainty_fitness"": {""status"": ""NOT_APPLICABLE"", ""reason"": ""not required""}}",Scene overlap split operation performed,"{
  ""obligations"": {
    ""provenance"": {""status"":""PASS"",""reason"":""authoritative-product""},
    ""categorical_semantics"": {""status"":""NOT_APPLICABLE"",""reason"":""continuous data""},
    ""spatial_support_resolution"": {""status"":""PASS"",""reason"":""not applicable""},
    ""units_quantity"": {""status"":""NOT_APPLICABLE"",""reason"":""not required""},
    ""crs_geometry_area"": {""status"":""NOT_APPLICABLE"",""reason"":""not required""},
    ""spectral_semantics"": {""status"":""NOT_APPLICABLE"",""reason"":""not required""},
    ""processing_quality"": {""status"":""NOT_APPLICABLE"",""reason"":""not required""},
    ""vertical_semantics"": {""status"":""NOT_APPLICABLE"",""reason"":""not required""},
    ""temporal_causality"": {""status"":""NOT_APPLICABLE"",""reason"":""not required""},
    ""evaluation_independence"": {""status"":""NOT_APPLICABLE"",""reason"":""not required""},
    ""nodata_physical_domain"": {""status"":""NOT_APPLICABLE"",""reason"":""not required""},
    ""uncertainty_fitness"": {""status"":""NOT_APPLICABLE"",""reason"":""not required""}
  },
  ""summary"":""Scene overlap split operation performed"",
  ""confidence"":5
}"
SGX3_BLIND_flood_depth_041,strong_B,mistralai/Mistral-7B-Instruct-v0.3,PROVEN,1.0,5,"{""provenance"": {""status"": ""PASS"", ""reason"": ""both artifacts have provenance""}, ""categorical_semantics"": {""status"": ""NOT_APPLICABLE"", ""reason"": ""no categorical data""}, ""spatial_support_resolution"": {""status"": ""PASS"", ""reason"": ""both artifacts have resolution""}, ""units_quantity"": {""status"": ""PASS"", ""reason"": ""both artifacts have units and quantity""}, ""crs_geometry_area"": {""status"": ""PASS"", ""reason"": ""both artifacts have CRS""}, ""spectral_semantics"": {""status"": ""NOT_APPLICABLE"", ""reason"": ""no spectral data""}, ""processing_quality"": {""status"": ""NOT_APPLICABLE"", ""reason"": ""no processing level or quality metadata""}, ""vertical_semantics"": {""status"": ""PASS"", ""reason"": ""both artifacts have vertical datum""}, ""temporal_causality"": {""status"": ""NOT_APPLICABLE"", ""reason"": ""no temporal information""}, ""evaluation_independence"": {""status"": ""NOT_APPLICABLE"", ""reason"": ""no evaluation split""}, ""nodata_physical_domain"": {""status"": ""NOT_APPLICABLE"", ""reason"": ""no NoData/missing-value semantics""}, ""uncertainty_fitness"": {""status"": ""NOT_APPLICABLE"", ""reason"": ""no uncertainty requirement""}}",combining vertical data and converting units,"{
  ""obligations"": {
    ""provenance"": {""status"":""PASS"",""reason"":""both artifacts have provenance""},
    ""categorical_semantics"": {""status"":""NOT_APPLICABLE"",""reason"":""no categorical data""},
    ""spatial_support_resolution"": {""status"":""PASS"",""reason"":""both artifacts have resolution""},
    ""units_quantity"": {""status"":""PASS"",""reason"":""both artifacts have units and quantity""},
    ""crs_geometry_area"": {""status"":""PASS"",""reason"":""both artifacts have CRS""},
    ""spectral_semantics"": {""status"":""NOT_APPLICABLE"",""reason"":""no spectral data""},
    ""processing_quality"": {""status"":""NOT_APPLICABLE"",""reason"":""no processing level or quality metadata""},
    ""vertical_semantics"": {""status"":""PASS"",""reason"":""both artifacts have vertical datum""},
    ""temporal_causality"": {""status"":""NOT_APPLICABLE"",""reason"":""no temporal information""},
    ""evaluation_independence"": {""status"":""NOT_APPLICABLE"",""reason"":""no evaluation split""},
    ""nodata_physical_domain"": {""status"":""NOT_APPLICABLE"",""reason"":""no NoData/missing-value semantics""},
    ""uncertainty_fitness"": {""status"":""NOT_APPLICABLE"",""reason"":""no uncertainty requirement""}
  },
  ""summary"":""combining vertical data and converting units"",
  ""confidence"":5
}"
SGX3_BLIND_eo_ml_validation_036,strong_B,mistralai/Mistral-7B-Instruct-v0.3,PROVEN,1.0,5,"{""provenance"": {""status"": ""PASS"", ""reason"": ""authoritative-product""}, ""categorical_semantics"": {""status"": ""NOT_APPLICABLE"", ""reason"": ""continuous data""}, ""spatial_support_resolution"": {""status"": ""PASS"", ""reason"": ""native resolution provided""}, ""units_quantity"": {""status"": ""NOT_APPLICABLE"", ""reason"": ""not required""}, ""crs_geometry_area"": {""status"": ""NOT_APPLICABLE"", ""reason"": ""not required""}, ""spectral_semantics"": {""status"": ""NOT_APPLICABLE"", ""reason"": ""not required""}, ""processing_quality"": {""status"": ""NOT_APPLICABLE"", ""reason"": ""not required""}, ""vertical_semantics"": {""status"": ""NOT_APPLICABLE"", ""reason"": ""not required""}, ""temporal_causality"": {""status"": ""NOT_APPLICABLE"", ""reason"": ""not required""}, ""evaluation_independence"": {""status"": ""PASS"", ""reason"": ""spatial separation provided""}, ""nodata_physical_domain"": {""status"": ""NOT_APPLICABLE"", ""reason"": ""not required""}, ""uncertainty_fitness"": {""status"": ""NOT_APPLICABLE"", ""reason"": ""not required""}}",Spatially independent split of continuous data,"{
  ""obligations"": {
    ""provenance"": {""status"":""PASS"",""reason"":""authoritative-product""},
    ""categorical_semantics"": {""status"":""NOT_APPLICABLE"",""reason"":""continuous data""},
    ""spatial_support_resolution"": {""status"":""PASS"",""reason"":""native resolution provided""},
    ""units_quantity"": {""status"":""NOT_APPLICABLE"",""reason"":""not required""},
    ""crs_geometry_area"": {""status"":""NOT_APPLICABLE"",""reason"":""not required""},
    ""spectral_semantics"": {""status"":""NOT_APPLICABLE"",""reason"":""not required""},
    ""processing_quality"": {""status"":""NOT_APPLICABLE"",""reason"":""not required""},
    ""vertical_semantics"": {""status"":""NOT_APPLICABLE"",""reason"":""not required""},
    ""temporal_causality"": {""status"":""NOT_APPLICABLE"",""reason"":""not required""},
    ""evaluation_independence"": {""status"":""PASS"",""reason"":""spatial separation provided""},
    ""nodata_physical_domain"": {""status"":""NOT_APPLICABLE"",""reason"":""not required""},
    ""uncertainty_fitness"": {""status"":""NOT_APPLICABLE"",""reason"":""not required""}
  },
  ""summary"":""Spatially independent split of continuous data"",
  ""confidence"":5
}"
SGX3_BLIND_flood_depth_043,strong_B,mistralai/Mistral-7B-Instruct-v0.3,PROVEN,1.0,5,"{""provenance"": {""status"": ""PASS"", ""reason"": ""both artifacts have provenance""}, ""categorical_semantics"": {""status"": ""NOT_APPLICABLE"", ""reason"": ""no categorical data""}, ""spatial_support_resolution"": {""status"": ""PASS"", ""reason"": ""both artifacts have the same resolution""}, ""units_quantity"": {""status"": ""PASS"", ""reason"": ""both artifacts have units and quantities""}, ""crs_geometry_area"": {""status"": ""NOT_APPLICABLE"", ""reason"": ""not required""}, ""spectral_semantics"": {""status"": ""NOT_APPLICABLE"", ""reason"": ""no spectral data""}, ""processing_quality"": {""status"": ""NOT_APPLICABLE"", ""reason"": ""not required""}, ""vertical_semantics"": {""status"": ""PASS"", ""reason"": ""both vertical datums are compatible""}, ""temporal_causality"": {""status"": ""NOT_APPLICABLE"", ""reason"": ""not required""}, ""evaluation_independence"": {""status"": ""NOT_APPLICABLE"", ""reason"": ""not required""}, ""nodata_physical_domain"": {""status"": ""NOT_APPLICABLE"", ""reason"": ""not required""}, ""uncertainty_fitness"": {""status"": ""NOT_APPLICABLE"", ""reason"": ""not required""}}",combining vertical data and converting units,"{
  ""obligations"": {
    ""provenance"": {""status"":""PASS"",""reason"":""both artifacts have provenance""},
    ""categorical_semantics"": {""status"":""NOT_APPLICABLE"",""reason"":""no categorical data""},
    ""spatial_support_resolution"": {""status"":""PASS"",""reason"":""both artifacts have the same resolution""},
    ""units_quantity"": {""status"":""PASS"",""reason"":""both artifacts have units and quantities""},
    ""crs_geometry_area"": {""status"":""NOT_APPLICABLE"",""reason"":""not required""},
    ""spectral_semantics"": {""status"":""NOT_APPLICABLE"",""reason"":""no spectral data""},
    ""processing_quality"": {""status"":""NOT_APPLICABLE"",""reason"":""not required""},
    ""vertical_semantics"": {""status"":""PASS"",""reason"":""both vertical datums are compatible""},
    ""temporal_causality"": {""status"":""NOT_APPLICABLE"",""reason"":""not required""},
    ""evaluation_independence"": {""status"":""NOT_APPLICABLE"",""reason"":""not required""},
    ""nodata_physical_domain"": {""status"":""NOT_APPLICABLE"",""reason"":""not required""},
    ""uncertainty_fitness"": {""status"":""NOT_APPLICABLE"",""reason"":""not required""}
  },
  ""summary"":""combining vertical data and converting units"",
  ""confidence"":5
}"
SGX3_DEVELOPMENT_categorical_interpolation_006,strong_B,mistralai/Mistral-7B-Instruct-v0.3,PROVEN,1.0,5,"{""provenance"": {""status"": ""PASS"", ""reason"": ""authoritative-product""}, ""categorical_semantics"": {""status"": ""PASS"", ""reason"": ""label-preserving interpolation""}, ""spatial_support_resolution"": {""status"": ""PASS"", ""reason"": ""coarsening does not claim new spatial information""}, ""units_quantity"": {""status"": ""NOT_APPLICABLE"", ""reason"": ""not required""}, ""crs_geometry_area"": {""status"": ""NOT_APPLICABLE"", ""reason"": ""not required""}, ""spectral_semantics"": {""status"": ""NOT_APPLICABLE"", ""reason"": ""not required""}, ""processing_quality"": {""status"": ""NOT_APPLICABLE"", ""reason"": ""not required""}, ""vertical_semantics"": {""status"": ""NOT_APPLICABLE"", ""reason"": ""not required""}, ""temporal_causality"": {""status"": ""NOT_APPLICABLE"", ""reason"": ""not required""}, ""evaluation_independence"": {""status"": ""NOT_APPLICABLE"", ""reason"": ""not required""}, ""nodata_physical_domain"": {""status"": ""NOT_APPLICABLE"", ""reason"": ""not required""}, ""uncertainty_fitness"": {""status"": ""NOT_APPLICABLE"", ""reason"": ""not required""}}",label-preserving categorical coarsening,"{
  ""obligations"": {
    ""provenance"": {""status"":""PASS"",""reason"":""authoritative-product""},
    ""categorical_semantics"": {""status"":""PASS"",""reason"":""label-preserving interpolation""},
    ""spatial_support_resolution"": {""status"":""PASS"",""reason"":""coarsening does not claim new spatial information""},
    ""units_quantity"": {""status"":""NOT_APPLICABLE"",""reason"":""not required""},
    ""crs_geometry_area"": {""status"":""NOT_APPLICABLE"",""reason"":""not required""},
    ""spectral_semantics"": {""status"":""NOT_APPLICABLE"",""reason"":""not required""},
    ""processing_quality"": {""status"":""NOT_APPLICABLE"",""reason"":""not required""},
    ""vertical_semantics"": {""status"":""NOT_APPLICABLE"",""reason"":""not required""},
    ""temporal_causality"": {""status"":""NOT_APPLICABLE"",""reason"":""not required""},
    ""evaluation_independence"": {""status"":""NOT_APPLICABLE"",""reason"":""not required""},
    ""nodata_physical_domain"": {""status"":""NOT_APPLICABLE"",""reason"":""not required""},
    ""uncertainty_fitness"": {""status"":""NOT_APPLICABLE"",""reason"":""not required""}
  },
  ""summary"":""label-preserving categorical coarsening"",
  ""confidence"":5
}"
SGX3_BLIND_flood_remote_sensing_000,strong_B,mistralai/Mistral-7B-Instruct-v0.3,PROVEN,1.0,5,"{""provenance"": {""status"": ""PASS"", ""reason"": ""authoritative-product is supplied""}, ""categorical_semantics"": {""status"": ""NOT_APPLICABLE"", ""reason"": ""no categorical operation is involved""}, ""spatial_support_resolution"": {""status"": ""PASS"", ""reason"": ""resolution is supplied""}, ""units_quantity"": {""status"": ""NOT_APPLICABLE"", ""reason"": ""no quantity semantics are involved""}, ""crs_geometry_area"": {""status"": ""NOT_APPLICABLE"", ""reason"": ""not required""}, ""spectral_semantics"": {""status"": ""NOT_APPLICABLE"", ""reason"": ""not required""}, ""processing_quality"": {""status"": ""NOT_APPLICABLE"", ""reason"": ""not required""}, ""vertical_semantics"": {""status"": ""NOT_APPLICABLE"", ""reason"": ""not required""}, ""temporal_causality"": {""status"": ""NOT_APPLICABLE"", ""reason"": ""not required""}, ""evaluation_independence"": {""status"": ""NOT_APPLICABLE"", ""reason"": ""not required""}, ""nodata_physical_domain"": {""status"": ""NOT_APPLICABLE"", ""reason"": ""not required""}, ""uncertainty_fitness"": {""status"": ""NOT_APPLICABLE"", ""reason"": ""not required""}}","cloud mask is applied to SAR data, then area is calculated for the resulting flood mask","{
  ""obligations"": {
    ""provenance"": {""status"":""PASS"",""reason"":""authoritative-product is supplied""},
    ""categorical_semantics"": {""status"":""NOT_APPLICABLE"",""reason"":""no categorical operation is involved""},
    ""spatial_support_resolution"": {""status"":""PASS"",""reason"":""resolution is supplied""},
    ""units_quantity"": {""status"":""NOT_APPLICABLE"",""reason"":""no quantity semantics are involved""},
    ""crs_geometry_area"": {""status"":""NOT_APPLICABLE"",""reason"":""not required""},
    ""spectral_semantics"": {""status"":""NOT_APPLICABLE"",""reason"":""not required""},
    ""processing_quality"": {""status"":""NOT_APPLICABLE"",""reason"":""not required""},
    ""vertical_semantics"": {""status"":""NOT_APPLICABLE"",""reason"":""not required""},
    ""temporal_causality"": {""status"":""NOT_APPLICABLE"",""reason"":""not required""},
    ""evaluation_independence"": {""status"":""NOT_APPLICABLE"",""reason"":""not required""},
    ""nodata_physical_domain"": {""status"":""NOT_APPLICABLE"",""reason"":""not required""},
    ""uncertainty_fitness"": {""status"":""NOT_APPLICABLE"",""reason"":""not required""}
  },
  ""summary"":""cloud mask is applied to SAR data, then area is calculated for the resulting flood mask"",
  ""confidence"":5
}"
SGX3_BLIND_eo_ml_validation_040,strong_B,mistralai/Mistral-7B-Instruct-v0.3,PROVEN,1.0,5,"{""provenance"": {""status"": ""PASS"", ""reason"": ""authoritative-product""}, ""categorical_semantics"": {""status"": ""NOT_APPLICABLE"", ""reason"": ""continuous data""}, ""spatial_support_resolution"": {""status"": ""PASS"", ""reason"": ""native resolution provided""}, ""units_quantity"": {""status"": ""NOT_APPLICABLE"", ""reason"": ""not required""}, ""crs_geometry_area"": {""status"": ""NOT_APPLICABLE"", ""reason"": ""not required""}, ""spectral_semantics"": {""status"": ""NOT_APPLICABLE"", ""reason"": ""not required""}, ""processing_quality"": {""status"": ""NOT_APPLICABLE"", ""reason"": ""not required""}, ""vertical_semantics"": {""status"": ""NOT_APPLICABLE"", ""reason"": ""not required""}, ""temporal_causality"": {""status"": ""NOT_APPLICABLE"", ""reason"": ""not required""}, ""evaluation_independence"": {""status"": ""NOT_APPLICABLE"", ""reason"": ""not required""}, ""nodata_physical_domain"": {""status"": ""NOT_APPLICABLE"", ""reason"": ""not required""}, ""uncertainty_fitness"": {""status"": ""NOT_APPLICABLE"", ""reason"": ""not required""}}",eo_ml_validation workflow does not require specific scientific proof obligations,"{
  ""obligations"": {
    ""provenance"": {""status"":""PASS"",""reason"":""authoritative-product""},
    ""categorical_semantics"": {""status"":""NOT_APPLICABLE"",""reason"":""continuous data""},
    ""spatial_support_resolution"": {""status"":""PASS"",""reason"":""native resolution provided""},
    ""units_quantity"": {""status"":""NOT_APPLICABLE"",""reason"":""not required""},
    ""crs_geometry_area"": {""status"":""NOT_APPLICABLE"",""reason"":""not required""},
    ""spectral_semantics"": {""status"":""NOT_APPLICABLE"",""reason"":""not required""},
    ""processing_quality"": {""status"":""NOT_APPLICABLE"",""reason"":""not required""},
    ""vertical_semantics"": {""status"":""NOT_APPLICABLE"",""reason"":""not required""},
    ""temporal_causality"": {""status"":""NOT_APPLICABLE"",""reason"":""not required""},
    ""evaluation_independence"": {""status"":""NOT_APPLICABLE"",""reason"":""not required""},
    ""nodata_physical_domain"": {""status"":""NOT_APPLICABLE"",""reason"":""not required""},
    ""uncertainty_fitness"": {""status"":""NOT_APPLICABLE"",""reason"":""not required""}
  },
  ""summary"":""eo_ml_validation workflow does not require specific scientific proof obligations"",
  ""confidence"":5
}"
SGX3_BLIND_landcover_change_047,strong_B,mistralai/Mistral-7B-Instruct-v0.3,UNPROVEN,1.0,5,"{""provenance"": {""status"": ""MISSING_EVIDENCE"", ""reason"": ""required for scientific certification""}, ""categorical_semantics"": {""status"": ""PASS"", ""reason"": ""label-preserving resampling""}, ""spatial_support_resolution"": {""status"": ""PASS"", ""reason"": ""coarsening does not claim new spatial information""}, ""units_quantity"": {""status"": ""NOT_APPLICABLE"", ""reason"": ""not required""}, ""crs_geometry_area"": {""status"": ""NOT_APPLICABLE"", ""reason"": ""not required""}, ""spectral_semantics"": {""status"": ""NOT_APPLICABLE"", ""reason"": ""not required""}, ""processing_quality"": {""status"": ""NOT_APPLICABLE"", ""reason"": ""not required""}, ""vertical_semantics"": {""status"": ""NOT_APPLICABLE"", ""reason"": ""not required""}, ""temporal_causality"": {""status"": ""NOT_APPLICABLE"", ""reason"": ""not required""}, ""evaluation_independence"": {""status"": ""NOT_APPLICABLE"", ""reason"": ""not required""}, ""nodata_physical_domain"": {""status"": ""NOT_APPLICABLE"", ""reason"": ""not required""}, ""uncertainty_fitness"": {""status"": ""NOT_APPLICABLE"", ""reason"": ""not required""}}",label-preserving categorical coarsening,"{
  ""obligations"": {
    ""provenance"": {""status"":""MISSING_EVIDENCE"",""reason"":""required for scientific certification""},
    ""categorical_semantics"": {""status"":""PASS"",""reason"":""label-preserving resampling""},
    ""spatial_support_resolution"": {""status"":""PASS"",""reason"":""coarsening does not claim new spatial information""},
    ""units_quantity"": {""status"":""NOT_APPLICABLE"",""reason"":""not required""},
    ""crs_geometry_area"": {""status"":""NOT_APPLICABLE"",""reason"":""not required""},
    ""spectral_semantics"": {""status"":""NOT_APPLICABLE"",""reason"":""not required""},
    ""processing_quality"": {""status"":""NOT_APPLICABLE"",""reason"":""not required""},
    ""vertical_semantics"": {""status"":""NOT_APPLICABLE"",""reason"":""not required""},
    ""temporal_causality"": {""status"":""NOT_APPLICABLE"",""reason"":""not required""},
    ""evaluation_independence"": {""status"":""NOT_APPLICABLE"",""reason"":""not required""},
    ""nodata_physical_domain"": {""status"":""NOT_APPLICABLE"",""reason"":""not required""},
    ""uncertainty_fitness"": {""status"":""NOT_APPLICABLE"",""reason"":""not required""}
  },
  ""summary"":""label-preserving categorical coarsening"",
  ""confidence"":5
}"
SGX3_BLIND_flood_depth_045,strong_B,mistralai/Mistral-7B-Instruct-v0.3,PROVEN,1.0,5,"{""provenance"": {""status"": ""PASS"", ""reason"": ""both artifacts have provenance""}, ""categorical_semantics"": {""status"": ""NOT_APPLICABLE"", ""reason"": ""no categorical data""}, ""spatial_support_resolution"": {""status"": ""PASS"", ""reason"": ""both artifacts have the same resolution""}, ""units_quantity"": {""status"": ""PASS"", ""reason"": ""both artifacts have the same unit""}, ""crs_geometry_area"": {""status"": ""PASS"", ""reason"": ""both artifacts have the same CRS""}, ""spectral_semantics"": {""status"": ""NOT_APPLICABLE"", ""reason"": ""no spectral data""}, ""processing_quality"": {""status"": ""NOT_APPLICABLE"", ""reason"": ""no processing quality information""}, ""vertical_semantics"": {""status"": ""PASS"", ""reason"": ""both artifacts have the same vertical datum""}, ""temporal_causality"": {""status"": ""NOT_APPLICABLE"", ""reason"": ""no temporal information""}, ""evaluation_independence"": {""status"": ""NOT_APPLICABLE"", ""reason"": ""no evaluation split""}, ""nodata_physical_domain"": {""status"": ""NOT_APPLICABLE"", ""reason"": ""no NoData values""}, ""uncertainty_fitness"": {""status"": ""NOT_APPLICABLE"", ""reason"": ""no uncertainty information""}}",combining and converting units of two vertical data sets,"{
  ""obligations"": {
    ""provenance"": {""status"":""PASS"",""reason"":""both artifacts have provenance""},
    ""categorical_semantics"": {""status"":""NOT_APPLICABLE"",""reason"":""no categorical data""},
    ""spatial_support_resolution"": {""status"":""PASS"",""reason"":""both artifacts have the same resolution""},
    ""units_quantity"": {""status"":""PASS"",""reason"":""both artifacts have the same unit""},
    ""crs_geometry_area"": {""status"":""PASS"",""reason"":""both artifacts have the same CRS""},
    ""spectral_semantics"": {""status"":""NOT_APPLICABLE"",""reason"":""no spectral data""},
    ""processing_quality"": {""status"":""NOT_APPLICABLE"",""reason"":""no processing quality information""},
    ""vertical_semantics"": {""status"":""PASS"",""reason"":""both artifacts have the same vertical datum""},
    ""temporal_causality"": {""status"":""NOT_APPLICABLE"",""reason"":""no temporal information""},
    ""evaluation_independence"": {""status"":""NOT_APPLICABLE"",""reason"":""no evaluation split""},
    ""nodata_physical_domain"": {""status"":""NOT_APPLICABLE"",""reason"":""no NoData values""},
    ""uncertainty_fitness"": {""status"":""NOT_APPLICABLE"",""reason"":""no uncertainty information""}
  },
  ""summary"":""combining and converting units of two vertical data sets"",
  ""confidence"":5
}"
SGX3_DEVELOPMENT_unsupported_resolution_gain_009,strong_B,mistralai/Mistral-7B-Instruct-v0.3,PROVEN,1.0,5,"{""provenance"": {""status"": ""PASS"", ""reason"": ""authoritative-product""}, ""categorical_semantics"": {""status"": ""NOT_APPLICABLE"", ""reason"": ""continuous data""}, ""spatial_support_resolution"": {""status"": ""PASS"", ""reason"": ""resolution coarsening does not claim new physical information""}, ""units_quantity"": {""status"": ""NOT_APPLICABLE"", ""reason"": ""not required""}, ""crs_geometry_area"": {""status"": ""NOT_APPLICABLE"", ""reason"": ""not required""}, ""spectral_semantics"": {""status"": ""NOT_APPLICABLE"", ""reason"": ""not required""}, ""processing_quality"": {""status"": ""NOT_APPLICABLE"", ""reason"": ""not required""}, ""vertical_semantics"": {""status"": ""NOT_APPLICABLE"", ""reason"": ""not required""}, ""temporal_causality"": {""status"": ""NOT_APPLICABLE"", ""reason"": ""not required""}, ""evaluation_independence"": {""status"": ""NOT_APPLICABLE"", ""reason"": ""not required""}, ""nodata_physical_domain"": {""status"": ""NOT_APPLICABLE"", ""reason"": ""not required""}, ""uncertainty_fitness"": {""status"": ""NOT_APPLICABLE"", ""reason"": ""not required""}}",label-preserving categorical coarsening,"{
  ""obligations"": {
    ""provenance"": {""status"":""PASS"",""reason"":""authoritative-product""},
    ""categorical_semantics"": {""status"":""NOT_APPLICABLE"",""reason"":""continuous data""},
    ""spatial_support_resolution"": {""status"":""PASS"",""reason"":""resolution coarsening does not claim new physical information""},
    ""units_quantity"": {""status"":""NOT_APPLICABLE"",""reason"":""not required""},
    ""crs_geometry_area"": {""status"":""NOT_APPLICABLE"",""reason"":""not required""},
    ""spectral_semantics"": {""status"":""NOT_APPLICABLE"",""reason"":""not required""},
    ""processing_quality"": {""status"":""NOT_APPLICABLE"",""reason"":""not required""},
    ""vertical_semantics"": {""status"":""NOT_APPLICABLE"",""reason"":""not required""},
    ""temporal_causality"": {""status"":""NOT_APPLICABLE"",""reason"":""not required""},
    ""evaluation_independence"": {""status"":""NOT_APPLICABLE"",""reason"":""not required""},
    ""nodata_physical_domain"": {""status"":""NOT_APPLICABLE"",""reason"":""not required""},
    ""uncertainty_fitness"": {""status"":""NOT_APPLICABLE"",""reason"":""not required""}
  },
  ""summary"":""label-preserving categorical coarsening"",
  ""confidence"":5
}"
SGX3_BLIND_landcover_change_017,strong_B,mistralai/Mistral-7B-Instruct-v0.3,UNPROVEN,1.0,5,"{""provenance"": {""status"": ""MISSING_EVIDENCE"", ""reason"": ""required for scientific certification""}, ""categorical_semantics"": {""status"": ""PASS"", ""reason"": ""label-preserving resampling""}, ""spatial_support_resolution"": {""status"": ""PASS"", ""reason"": ""coarsening does not claim new spatial information""}, ""units_quantity"": {""status"": ""NOT_APPLICABLE"", ""reason"": ""not required""}, ""crs_geometry_area"": {""status"": ""NOT_APPLICABLE"", ""reason"": ""not required""}, ""spectral_semantics"": {""status"": ""NOT_APPLICABLE"", ""reason"": ""not required""}, ""processing_quality"": {""status"": ""NOT_APPLICABLE"", ""reason"": ""not required""}, ""vertical_semantics"": {""status"": ""NOT_APPLICABLE"", ""reason"": ""not required""}, ""temporal_causality"": {""status"": ""NOT_APPLICABLE"", ""reason"": ""not required""}, ""evaluation_independence"": {""status"": ""NOT_APPLICABLE"", ""reason"": ""not required""}, ""nodata_physical_domain"": {""status"": ""NOT_APPLICABLE"", ""reason"": ""not required""}, ""uncertainty_fitness"": {""status"": ""NOT_APPLICABLE"", ""reason"": ""not required""}}",label-preserving categorical coarsening,"{
  ""obligations"": {
    ""provenance"": {""status"":""MISSING_EVIDENCE"",""reason"":""required for scientific certification""},
    ""categorical_semantics"": {""status"":""PASS"",""reason"":""label-preserving resampling""},
    ""spatial_support_resolution"": {""status"":""PASS"",""reason"":""coarsening does not claim new spatial information""},
    ""units_quantity"": {""status"":""NOT_APPLICABLE"",""reason"":""not required""},
    ""crs_geometry_area"": {""status"":""NOT_APPLICABLE"",""reason"":""not required""},
    ""spectral_semantics"": {""status"":""NOT_APPLICABLE"",""reason"":""not required""},
    ""processing_quality"": {""status"":""NOT_APPLICABLE"",""reason"":""not required""},
    ""vertical_semantics"": {""status"":""NOT_APPLICABLE"",""reason"":""not required""},
    ""temporal_causality"": {""status"":""NOT_APPLICABLE"",""reason"":""not required""},
    ""evaluation_independence"": {""status"":""NOT_APPLICABLE"",""reason"":""not required""},
    ""nodata_physical_domain"": {""status"":""NOT_APPLICABLE"",""reason"":""not required""},
    ""uncertainty_fitness"": {""status"":""NOT_APPLICABLE"",""reason"":""not required""}
  },
  ""summary"":""label-preserving categorical coarsening"",
  ""confidence"":5
}"
SGX3_BLIND_eo_ml_validation_014,strong_B,mistralai/Mistral-7B-Instruct-v0.3,PROVEN,1.0,5,"{""provenance"": {""status"": ""PASS"", ""reason"": ""authoritative-product""}, ""categorical_semantics"": {""status"": ""NOT_APPLICABLE"", ""reason"": ""continuous data""}, ""spatial_support_resolution"": {""status"": ""PASS"", ""reason"": ""resolution is supplied""}, ""units_quantity"": {""status"": ""NOT_APPLICABLE"", ""reason"": ""not required""}, ""crs_geometry_area"": {""status"": ""NOT_APPLICABLE"", ""reason"": ""not required""}, ""spectral_semantics"": {""status"": ""NOT_APPLICABLE"", ""reason"": ""not required""}, ""processing_quality"": {""status"": ""NOT_APPLICABLE"", ""reason"": ""not required""}, ""vertical_semantics"": {""status"": ""NOT_APPLICABLE"", ""reason"": ""not required""}, ""temporal_causality"": {""status"": ""NOT_APPLICABLE"", ""reason"": ""not required""}, ""evaluation_independence"": {""status"": ""PASS"", ""reason"": ""spatial separation is supplied""}, ""nodata_physical_domain"": {""status"": ""NOT_APPLICABLE"", ""reason"": ""not required""}, ""uncertainty_fitness"": {""status"": ""NOT_APPLICABLE"", ""reason"": ""not required""}}",Spatially independent split of continuous data,"{
  ""obligations"": {
    ""provenance"": {""status"":""PASS"",""reason"":""authoritative-product""},
    ""categorical_semantics"": {""status"":""NOT_APPLICABLE"",""reason"":""continuous data""},
    ""spatial_support_resolution"": {""status"":""PASS"",""reason"":""resolution is supplied""},
    ""units_quantity"": {""status"":""NOT_APPLICABLE"",""reason"":""not required""},
    ""crs_geometry_area"": {""status"":""NOT_APPLICABLE"",""reason"":""not required""},
    ""spectral_semantics"": {""status"":""NOT_APPLICABLE"",""reason"":""not required""},
    ""processing_quality"": {""status"":""NOT_APPLICABLE"",""reason"":""not required""},
    ""vertical_semantics"": {""status"":""NOT_APPLICABLE"",""reason"":""not required""},
    ""temporal_causality"": {""status"":""NOT_APPLICABLE"",""reason"":""not required""},
    ""evaluation_independence"": {""status"":""PASS"",""reason"":""spatial separation is supplied""},
    ""nodata_physical_domain"": {""status"":""NOT_APPLICABLE"",""reason"":""not required""},
    ""uncertainty_fitness"": {""status"":""NOT_APPLICABLE"",""reason"":""not required""}
  },
  ""summary"":""Spatially independent split of continuous data"",
  ""confidence"":5
}"
SGX3_BLIND_flood_remote_sensing_012,strong_B,mistralai/Mistral-7B-Instruct-v0.3,PROVEN,1.0,5,"{""provenance"": {""status"": ""PASS"", ""reason"": ""authoritative-product is supplied""}, ""categorical_semantics"": {""status"": ""NOT_APPLICABLE"", ""reason"": ""no categorical operation is involved""}, ""spatial_support_resolution"": {""status"": ""PASS"", ""reason"": ""resolution is supplied""}, ""units_quantity"": {""status"": ""NOT_APPLICABLE"", ""reason"": ""no quantity semantics are involved""}, ""crs_geometry_area"": {""status"": ""NOT_APPLICABLE"", ""reason"": ""not required""}, ""spectral_semantics"": {""status"": ""NOT_APPLICABLE"", ""reason"": ""not required""}, ""processing_quality"": {""status"": ""NOT_APPLICABLE"", ""reason"": ""not required""}, ""vertical_semantics"": {""status"": ""NOT_APPLICABLE"", ""reason"": ""not required""}, ""temporal_causality"": {""status"": ""NOT_APPLICABLE"", ""reason"": ""not required""}, ""evaluation_independence"": {""status"": ""NOT_APPLICABLE"", ""reason"": ""not required""}, ""nodata_physical_domain"": {""status"": ""NOT_APPLICABLE"", ""reason"": ""not required""}, ""uncertainty_fitness"": {""status"": ""NOT_APPLICABLE"", ""reason"": ""not required""}}","cloud mask is applied to SAR data, then area is calculated for the flood mask","{
  ""obligations"": {
    ""provenance"": {""status"":""PASS"",""reason"":""authoritative-product is supplied""},
    ""categorical_semantics"": {""status"":""NOT_APPLICABLE"",""reason"":""no categorical operation is involved""},
    ""spatial_support_resolution"": {""status"":""PASS"",""reason"":""resolution is supplied""},
    ""units_quantity"": {""status"":""NOT_APPLICABLE"",""reason"":""no quantity semantics are involved""},
    ""crs_geometry_area"": {""status"":""NOT_APPLICABLE"",""reason"":""not required""},
    ""spectral_semantics"": {""status"":""NOT_APPLICABLE"",""reason"":""not required""},
    ""processing_quality"": {""status"":""NOT_APPLICABLE"",""reason"":""not required""},
    ""vertical_semantics"": {""status"":""NOT_APPLICABLE"",""reason"":""not required""},
    ""temporal_causality"": {""status"":""NOT_APPLICABLE"",""reason"":""not required""},
    ""evaluation_independence"": {""status"":""NOT_APPLICABLE"",""reason"":""not required""},
    ""nodata_physical_domain"": {""status"":""NOT_APPLICABLE"",""reason"":""not required""},
    ""uncertainty_fitness"": {""status"":""NOT_APPLICABLE"",""reason"":""not required""}
  },
  ""summary"":""cloud mask is applied to SAR data, then area is calculated for the flood mask"",
  ""confidence"":5
}"
SGX3_HELDOUT-FAMILY_uncertainty_missing_001,strong_B,mistralai/Mistral-7B-Instruct-v0.3,UNPROVEN,1.0,5,"{""provenance"": {""status"": ""PASS"", ""reason"": ""authoritative-product""}, ""categorical_semantics"": {""status"": ""NOT_APPLICABLE"", ""reason"": ""continuous data""}, ""spatial_support_resolution"": {""status"": ""PASS"", ""reason"": ""native resolution provided""}, ""units_quantity"": {""status"": ""PASS"", ""reason"": ""dimensionless rate is consistent with declared quantity""}, ""crs_geometry_area"": {""status"": ""PASS"", ""reason"": ""EPSG:32643 is a planar CRS""}, ""spectral_semantics"": {""status"": ""NOT_APPLICABLE"", ""reason"": ""no spectral operation or band role specified""}, ""processing_quality"": {""status"": ""NOT_APPLICABLE"", ""reason"": ""no processing level or quality metadata specified""}, ""vertical_semantics"": {""status"": ""MISSING_EVIDENCE"", ""reason"": ""vertical datum is absent""}, ""temporal_causality"": {""status"": ""NOT_APPLICABLE"", ""reason"": ""temporal information is not provided""}, ""evaluation_independence"": {""status"": ""NOT_APPLICABLE"", ""reason"": ""no evaluation split is present""}, ""nodata_physical_domain"": {""status"": ""NOT_APPLICABLE"", ""reason"": ""NoData semantics are not required""}, ""uncertainty_fitness"": {""status"": ""PASS"", ""reason"": ""uncertainty is provided and within the specified tolerance""}}",Continuous hazard probability data with missing vertical datum,"{
  ""obligations"": {
    ""provenance"": {""status"":""PASS"",""reason"":""authoritative-product""},
    ""categorical_semantics"": {""status"":""NOT_APPLICABLE"",""reason"":""continuous data""},
    ""spatial_support_resolution"": {""status"":""PASS"",""reason"":""native resolution provided""},
    ""units_quantity"": {""status"":""PASS"",""reason"":""dimensionless rate is consistent with declared quantity""},
    ""crs_geometry_area"": {""status"":""PASS"",""reason"":""EPSG:32643 is a planar CRS""},
    ""spectral_semantics"": {""status"":""NOT_APPLICABLE"",""reason"":""no spectral operation or band role specified""},
    ""processing_quality"": {""status"":""NOT_APPLICABLE"",""reason"":""no processing level or quality metadata specified""},
    ""vertical_semantics"": {""status"":""MISSING_EVIDENCE"",""reason"":""vertical datum is absent""},
    ""temporal_causality"": {""status"":""NOT_APPLICABLE"",""reason"":""temporal information is not provided""},
    ""evaluation_independence"": {""status"":""NOT_APPLICABLE"",""reason"":""no evaluation split is present""},
    ""nodata_physical_domain"": {""status"":""NOT_APPLICABLE"",""reason"":""NoData semantics are not required""},
    ""uncertainty_fitness"": {""status"":""PASS"",""reason"":""uncertainty is provided and within the specified tolerance""}
  },
  ""summary"":""Continuous hazard probability data with missing vertical datum"",
  ""confidence"":5
}"
SGX3_BLIND_landslide_forecast_022,strong_B,mistralai/Mistral-7B-Instruct-v0.3,REFUTED,1.0,5,"{""provenance"": {""status"": ""PASS"", ""reason"": ""both artifacts have provenance""}, ""categorical_semantics"": {""status"": ""NOT_APPLICABLE"", ""reason"": ""no categorical data""}, ""spatial_support_resolution"": {""status"": ""NOT_APPLICABLE"", ""reason"": ""no resolution requirement""}, ""units_quantity"": {""status"": ""NOT_APPLICABLE"", ""reason"": ""no unit requirement""}, ""crs_geometry_area"": {""status"": ""NOT_APPLICABLE"", ""reason"": ""no CRS requirement""}, ""spectral_semantics"": {""status"": ""NOT_APPLICABLE"", ""reason"": ""no spectral data""}, ""processing_quality"": {""status"": ""NOT_APPLICABLE"", ""reason"": ""no quality requirement""}, ""vertical_semantics"": {""status"": ""PASS"", ""reason"": ""DSM is compatible with landslide forecast""}, ""temporal_causality"": {""status"": ""FAIL"", ""reason"": ""future information leakage""}, ""evaluation_independence"": {""status"": ""NOT_APPLICABLE"", ""reason"": ""no evaluation split""}, ""nodata_physical_domain"": {""status"": ""NOT_APPLICABLE"", ""reason"": ""no NoData requirement""}, ""uncertainty_fitness"": {""status"": ""NOT_APPLICABLE"", ""reason"": ""no uncertainty requirement""}}",landslide forecast requires bare-earth terrain data and has temporal causality violation,"{
  ""obligations"": {
    ""provenance"": {""status"":""PASS"",""reason"":""both artifacts have provenance""},
    ""categorical_semantics"": {""status"":""NOT_APPLICABLE"",""reason"":""no categorical data""},
    ""spatial_support_resolution"": {""status"":""NOT_APPLICABLE"",""reason"":""no resolution requirement""},
    ""units_quantity"": {""status"":""NOT_APPLICABLE"",""reason"":""no unit requirement""},
    ""crs_geometry_area"": {""status"":""NOT_APPLICABLE"",""reason"":""no CRS requirement""},
    ""spectral_semantics"": {""status"":""NOT_APPLICABLE"",""reason"":""no spectral data""},
    ""processing_quality"": {""status"":""NOT_APPLICABLE"",""reason"":""no quality requirement""},
    ""vertical_semantics"": {""status"":""PASS"",""reason"":""DSM is compatible with landslide forecast""},
    ""temporal_causality"": {""status"":""FAIL"",""reason"":""future information leakage""},
    ""evaluation_independence"": {""status"":""NOT_APPLICABLE"",""reason"":""no evaluation split""},
    ""nodata_physical_domain"": {""status"":""NOT_APPLICABLE"",""reason"":""no NoData requirement""},
    ""uncertainty_fitness"": {""status"":""NOT_APPLICABLE"",""reason"":""no uncertainty requirement""}
  },
  ""summary"":""landslide forecast requires bare-earth terrain data and has temporal causality violation"",
  ""confidence"":5
}"
SGX3_HELDOUT-FAMILY_uncertainty_missing_003,strong_B,mistralai/Mistral-7B-Instruct-v0.3,UNPROVEN,1.0,5,"{""provenance"": {""status"": ""PASS"", ""reason"": ""authoritative-product""}, ""categorical_semantics"": {""status"": ""NOT_APPLICABLE"", ""reason"": ""continuous data""}, ""spatial_support_resolution"": {""status"": ""PASS"", ""reason"": ""native resolution provided""}, ""units_quantity"": {""status"": ""PASS"", ""reason"": ""dimensionless rate is consistent with declared quantity""}, ""crs_geometry_area"": {""status"": ""PASS"", ""reason"": ""EPSG:32643 is a planar CRS""}, ""spectral_semantics"": {""status"": ""NOT_APPLICABLE"", ""reason"": ""no spectral operation or band role specified""}, ""processing_quality"": {""status"": ""NOT_APPLICABLE"", ""reason"": ""no processing level or quality metadata provided""}, ""vertical_semantics"": {""status"": ""MISSING_EVIDENCE"", ""reason"": ""vertical datum is absent""}, ""temporal_causality"": {""status"": ""NOT_APPLICABLE"", ""reason"": ""temporal information is not provided""}, ""evaluation_independence"": {""status"": ""NOT_APPLICABLE"", ""reason"": ""no evaluation split is present""}, ""nodata_physical_domain"": {""status"": ""NOT_APPLICABLE"", ""reason"": ""NoData semantics are not required""}, ""uncertainty_fitness"": {""status"": ""PASS"", ""reason"": ""uncertainty is provided and within the specified tolerance""}}",Continuous hazard probability data with missing vertical datum,"{
  ""obligations"": {
    ""provenance"": {""status"":""PASS"",""reason"":""authoritative-product""},
    ""categorical_semantics"": {""status"":""NOT_APPLICABLE"",""reason"":""continuous data""},
    ""spatial_support_resolution"": {""status"":""PASS"",""reason"":""native resolution provided""},
    ""units_quantity"": {""status"":""PASS"",""reason"":""dimensionless rate is consistent with declared quantity""},
    ""crs_geometry_area"": {""status"":""PASS"",""reason"":""EPSG:32643 is a planar CRS""},
    ""spectral_semantics"": {""status"":""NOT_APPLICABLE"",""reason"":""no spectral operation or band role specified""},
    ""processing_quality"": {""status"":""NOT_APPLICABLE"",""reason"":""no processing level or quality metadata provided""},
    ""vertical_semantics"": {""status"":""MISSING_EVIDENCE"",""reason"":""vertical datum is absent""},
    ""temporal_causality"": {""status"":""NOT_APPLICABLE"",""reason"":""temporal information is not provided""},
    ""evaluation_independence"": {""status"":""NOT_APPLICABLE"",""reason"":""no evaluation split is present""},
    ""nodata_physical_domain"": {""status"":""NOT_APPLICABLE"",""reason"":""NoData semantics are not required""},
    ""uncertainty_fitness"": {""status"":""PASS"",""reason"":""uncertainty is provided and within the specified tolerance""}
  },
  ""summary"":""Continuous hazard probability data with missing vertical datum"",
  ""confidence"":5
}"
SGX3_BLIND_flood_depth_029,strong_B,mistralai/Mistral-7B-Instruct-v0.3,PROVEN,1.0,5,"{""provenance"": {""status"": ""PASS"", ""reason"": ""both artifacts have provenance""}, ""categorical_semantics"": {""status"": ""NOT_APPLICABLE"", ""reason"": ""no categorical data""}, ""spatial_support_resolution"": {""status"": ""PASS"", ""reason"": ""both artifacts have the same resolution""}, ""units_quantity"": {""status"": ""PASS"", ""reason"": ""both artifacts have the same unit""}, ""crs_geometry_area"": {""status"": ""PASS"", ""reason"": ""both artifacts have the same CRS""}, ""spectral_semantics"": {""status"": ""NOT_APPLICABLE"", ""reason"": ""no spectral data""}, ""processing_quality"": {""status"": ""NOT_APPLICABLE"", ""reason"": ""no quality metadata""}, ""vertical_semantics"": {""status"": ""PASS"", ""reason"": ""both artifacts have the same vertical datum""}, ""temporal_causality"": {""status"": ""NOT_APPLICABLE"", ""reason"": ""no temporal data""}, ""evaluation_independence"": {""status"": ""NOT_APPLICABLE"", ""reason"": ""no evaluation split""}, ""nodata_physical_domain"": {""status"": ""NOT_APPLICABLE"", ""reason"": ""no NoData values""}, ""uncertainty_fitness"": {""status"": ""NOT_APPLICABLE"", ""reason"": ""no uncertainty provided""}}",combining elevation and water level with unit conversion,"{
  ""obligations"": {
    ""provenance"": {""status"":""PASS"",""reason"":""both artifacts have provenance""},
    ""categorical_semantics"": {""status"":""NOT_APPLICABLE"",""reason"":""no categorical data""},
    ""spatial_support_resolution"": {""status"":""PASS"",""reason"":""both artifacts have the same resolution""},
    ""units_quantity"": {""status"":""PASS"",""reason"":""both artifacts have the same unit""},
    ""crs_geometry_area"": {""status"":""PASS"",""reason"":""both artifacts have the same CRS""},
    ""spectral_semantics"": {""status"":""NOT_APPLICABLE"",""reason"":""no spectral data""},
    ""processing_quality"": {""status"":""NOT_APPLICABLE"",""reason"":""no quality metadata""},
    ""vertical_semantics"": {""status"":""PASS"",""reason"":""both artifacts have the same vertical datum""},
    ""temporal_causality"": {""status"":""NOT_APPLICABLE"",""reason"":""no temporal data""},
    ""evaluation_independence"": {""status"":""NOT_APPLICABLE"",""reason"":""no evaluation split""},
    ""nodata_physical_domain"": {""status"":""NOT_APPLICABLE"",""reason"":""no NoData values""},
    ""uncertainty_fitness"": {""status"":""NOT_APPLICABLE"",""reason"":""no uncertainty provided""}
  },
  ""summary"":""combining elevation and water level with unit conversion"",
  ""confidence"":5
}"
SGX3_HELDOUT-FAMILY_temporal_split_overlap_015,strong_B,mistralai/Mistral-7B-Instruct-v0.3,PROVEN,1.0,5,"{""provenance"": {""status"": ""PASS"", ""reason"": ""authoritative-product""}, ""categorical_semantics"": {""status"": ""NOT_APPLICABLE"", ""reason"": ""continuous data""}, ""spatial_support_resolution"": {""status"": ""NOT_APPLICABLE"", ""reason"": ""not required""}, ""units_quantity"": {""status"": ""NOT_APPLICABLE"", ""reason"": ""not required""}, ""crs_geometry_area"": {""status"": ""NOT_APPLICABLE"", ""reason"": ""not required""}, ""spectral_semantics"": {""status"": ""NOT_APPLICABLE"", ""reason"": ""not required""}, ""processing_quality"": {""status"": ""NOT_APPLICABLE"", ""reason"": ""not required""}, ""vertical_semantics"": {""status"": ""NOT_APPLICABLE"", ""reason"": ""not required""}, ""temporal_causality"": {""status"": ""PASS"", ""reason"": ""temporal split is performed""}, ""evaluation_independence"": {""status"": ""PASS"", ""reason"": ""not required""}, ""nodata_physical_domain"": {""status"": ""NOT_APPLICABLE"", ""reason"": ""not required""}, ""uncertainty_fitness"": {""status"": ""NOT_APPLICABLE"", ""reason"": ""not required""}}",temporal split performed,"{
  ""obligations"": {
    ""provenance"": {""status"":""PASS"",""reason"":""authoritative-product""},
    ""categorical_semantics"": {""status"":""NOT_APPLICABLE"",""reason"":""continuous data""},
    ""spatial_support_resolution"": {""status"":""NOT_APPLICABLE"",""reason"":""not required""},
    ""units_quantity"": {""status"":""NOT_APPLICABLE"",""reason"":""not required""},
    ""crs_geometry_area"": {""status"":""NOT_APPLICABLE"",""reason"":""not required""},
    ""spectral_semantics"": {""status"":""NOT_APPLICABLE"",""reason"":""not required""},
    ""processing_quality"": {""status"":""NOT_APPLICABLE"",""reason"":""not required""},
    ""vertical_semantics"": {""status"":""NOT_APPLICABLE"",""reason"":""not required""},
    ""temporal_causality"": {""status"":""PASS"",""reason"":""temporal split is performed""},
    ""evaluation_independence"": {""status"":""PASS"",""reason"":""not required""},
    ""nodata_physical_domain"": {""status"":""NOT_APPLICABLE"",""reason"":""not required""},
    ""uncertainty_fitness"": {""status"":""NOT_APPLICABLE"",""reason"":""not required""}
  },
  ""summary"":""temporal split performed"",
  ""confidence"":5
}"
SGX3_BLIND_landcover_change_012,strong_B,mistralai/Mistral-7B-Instruct-v0.3,UNPROVEN,1.0,5,"{""provenance"": {""status"": ""MISSING_EVIDENCE"", ""reason"": ""required for scientific certification""}, ""categorical_semantics"": {""status"": ""PASS"", ""reason"": ""label-preserving resampling""}, ""spatial_support_resolution"": {""status"": ""PASS"", ""reason"": ""coarsening does not claim new spatial information""}, ""units_quantity"": {""status"": ""NOT_APPLICABLE"", ""reason"": ""not required""}, ""crs_geometry_area"": {""status"": ""NOT_APPLICABLE"", ""reason"": ""not required""}, ""spectral_semantics"": {""status"": ""NOT_APPLICABLE"", ""reason"": ""not required""}, ""processing_quality"": {""status"": ""NOT_APPLICABLE"", ""reason"": ""not required""}, ""vertical_semantics"": {""status"": ""NOT_APPLICABLE"", ""reason"": ""not required""}, ""temporal_causality"": {""status"": ""NOT_APPLICABLE"", ""reason"": ""not required""}, ""evaluation_independence"": {""status"": ""NOT_APPLICABLE"", ""reason"": ""not required""}, ""nodata_physical_domain"": {""status"": ""NOT_APPLICABLE"", ""reason"": ""not required""}, ""uncertainty_fitness"": {""status"": ""NOT_APPLICABLE"", ""reason"": ""not required""}}",label-preserving categorical coarsening,"{
  ""obligations"": {
    ""provenance"": {""status"":""MISSING_EVIDENCE"",""reason"":""required for scientific certification""},
    ""categorical_semantics"": {""status"":""PASS"",""reason"":""label-preserving resampling""},
    ""spatial_support_resolution"": {""status"":""PASS"",""reason"":""coarsening does not claim new spatial information""},
    ""units_quantity"": {""status"":""NOT_APPLICABLE"",""reason"":""not required""},
    ""crs_geometry_area"": {""status"":""NOT_APPLICABLE"",""reason"":""not required""},
    ""spectral_semantics"": {""status"":""NOT_APPLICABLE"",""reason"":""not required""},
    ""processing_quality"": {""status"":""NOT_APPLICABLE"",""reason"":""not required""},
    ""vertical_semantics"": {""status"":""NOT_APPLICABLE"",""reason"":""not required""},
    ""temporal_causality"": {""status"":""NOT_APPLICABLE"",""reason"":""not required""},
    ""evaluation_independence"": {""status"":""NOT_APPLICABLE"",""reason"":""not required""},
    ""nodata_physical_domain"": {""status"":""NOT_APPLICABLE"",""reason"":""not required""},
    ""uncertainty_fitness"": {""status"":""NOT_APPLICABLE"",""reason"":""not required""}
  },
  ""summary"":""label-preserving categorical coarsening"",
  ""confidence"":5
}"
SGX3_BLIND_eo_ml_validation_031,strong_B,mistralai/Mistral-7B-Instruct-v0.3,PROVEN,1.0,5,"{""provenance"": {""status"": ""PASS"", ""reason"": ""authoritative-product""}, ""categorical_semantics"": {""status"": ""NOT_APPLICABLE"", ""reason"": ""continuous data""}, ""spatial_support_resolution"": {""status"": ""PASS"", ""reason"": ""native resolution provided""}, ""units_quantity"": {""status"": ""NOT_APPLICABLE"", ""reason"": ""not required""}, ""crs_geometry_area"": {""status"": ""NOT_APPLICABLE"", ""reason"": ""not required""}, ""spectral_semantics"": {""status"": ""NOT_APPLICABLE"", ""reason"": ""not required""}, ""processing_quality"": {""status"": ""NOT_APPLICABLE"", ""reason"": ""not required""}, ""vertical_semantics"": {""status"": ""NOT_APPLICABLE"", ""reason"": ""not required""}, ""temporal_causality"": {""status"": ""NOT_APPLICABLE"", ""reason"": ""not required""}, ""evaluation_independence"": {""status"": ""PASS"", ""reason"": ""scene split specified""}, ""nodata_physical_domain"": {""status"": ""NOT_APPLICABLE"", ""reason"": ""not required""}, ""uncertainty_fitness"": {""status"": ""NOT_APPLICABLE"", ""reason"": ""not required""}}",Scene split for eo_ml_validation,"{
  ""obligations"": {
    ""provenance"": {""status"":""PASS"",""reason"":""authoritative-product""},
    ""categorical_semantics"": {""status"":""NOT_APPLICABLE"",""reason"":""continuous data""},
    ""spatial_support_resolution"": {""status"":""PASS"",""reason"":""native resolution provided""},
    ""units_quantity"": {""status"":""NOT_APPLICABLE"",""reason"":""not required""},
    ""crs_geometry_area"": {""status"":""NOT_APPLICABLE"",""reason"":""not required""},
    ""spectral_semantics"": {""status"":""NOT_APPLICABLE"",""reason"":""not required""},
    ""processing_quality"": {""status"":""NOT_APPLICABLE"",""reason"":""not required""},
    ""vertical_semantics"": {""status"":""NOT_APPLICABLE"",""reason"":""not required""},
    ""temporal_causality"": {""status"":""NOT_APPLICABLE"",""reason"":""not required""},
    ""evaluation_independence"": {""status"":""PASS"",""reason"":""scene split specified""},
    ""nodata_physical_domain"": {""status"":""NOT_APPLICABLE"",""reason"":""not required""},
    ""uncertainty_fitness"": {""status"":""NOT_APPLICABLE"",""reason"":""not required""}
  },
  ""summary"":""Scene split for eo_ml_validation"",
  ""confidence"":5
}"
SGX3_HELDOUT-FAMILY_physical_range_violation_007,strong_B,mistralai/Mistral-7B-Instruct-v0.3,PROVEN,1.0,5,"{""provenance"": {""status"": ""PASS"", ""reason"": ""authoritative-product""}, ""categorical_semantics"": {""status"": ""NOT_APPLICABLE"", ""reason"": ""continuous data""}, ""spatial_support_resolution"": {""status"": ""NOT_APPLICABLE"", ""reason"": ""not required""}, ""units_quantity"": {""status"": ""NOT_APPLICABLE"", ""reason"": ""not required""}, ""crs_geometry_area"": {""status"": ""NOT_APPLICABLE"", ""reason"": ""not required""}, ""spectral_semantics"": {""status"": ""NOT_APPLICABLE"", ""reason"": ""not required""}, ""processing_quality"": {""status"": ""NOT_APPLICABLE"", ""reason"": ""not required""}, ""vertical_semantics"": {""status"": ""NOT_APPLICABLE"", ""reason"": ""not required""}, ""temporal_causality"": {""status"": ""NOT_APPLICABLE"", ""reason"": ""not required""}, ""evaluation_independence"": {""status"": ""NOT_APPLICABLE"", ""reason"": ""not required""}, ""nodata_physical_domain"": {""status"": ""NOT_APPLICABLE"", ""reason"": ""not required""}, ""uncertainty_fitness"": {""status"": ""NOT_APPLICABLE"", ""reason"": ""not required""}}",NDVI value range assertion violates observed range,"{
  ""obligations"": {
    ""provenance"": {""status"":""PASS"",""reason"":""authoritative-product""},
    ""categorical_semantics"": {""status"":""NOT_APPLICABLE"",""reason"":""continuous data""},
    ""spatial_support_resolution"": {""status"":""NOT_APPLICABLE"",""reason"":""not required""},
    ""units_quantity"": {""status"":""NOT_APPLICABLE"",""reason"":""not required""},
    ""crs_geometry_area"": {""status"":""NOT_APPLICABLE"",""reason"":""not required""},
    ""spectral_semantics"": {""status"":""NOT_APPLICABLE"",""reason"":""not required""},
    ""processing_quality"": {""status"":""NOT_APPLICABLE"",""reason"":""not required""},
    ""vertical_semantics"": {""status"":""NOT_APPLICABLE"",""reason"":""not required""},
    ""temporal_causality"": {""status"":""NOT_APPLICABLE"",""reason"":""not required""},
    ""evaluation_independence"": {""status"":""NOT_APPLICABLE"",""reason"":""not required""},
    ""nodata_physical_domain"": {""status"":""NOT_APPLICABLE"",""reason"":""not required""},
    ""uncertainty_fitness"": {""status"":""NOT_APPLICABLE"",""reason"":""not required""}
  },
  ""summary"":""NDVI value range assertion violates observed range"",
  ""confidence"":5
}"
SGX3_BLIND_flood_remote_sensing_022,strong_B,mistralai/Mistral-7B-Instruct-v0.3,UNPROVEN,1.0,5,"{""provenance"": {""status"": ""PASS"", ""reason"": ""authoritative-product is supplied""}, ""categorical_semantics"": {""status"": ""NOT_APPLICABLE"", ""reason"": ""no categorical operation is involved""}, ""spatial_support_resolution"": {""status"": ""PASS"", ""reason"": ""resolution is supplied""}, ""units_quantity"": {""status"": ""NOT_APPLICABLE"", ""reason"": ""no quantity semantics are involved""}, ""crs_geometry_area"": {""status"": ""NOT_APPLICABLE"", ""reason"": ""not required""}, ""spectral_semantics"": {""status"": ""NOT_APPLICABLE"", ""reason"": ""not required""}, ""processing_quality"": {""status"": ""NOT_APPLICABLE"", ""reason"": ""not required""}, ""vertical_semantics"": {""status"": ""MISSING_EVIDENCE"", ""reason"": ""vertical datum is absent""}, ""temporal_causality"": {""status"": ""PASS"", ""reason"": ""temporal resolution is supplied""}, ""evaluation_independence"": {""status"": ""NOT_APPLICABLE"", ""reason"": ""not required""}, ""nodata_physical_domain"": {""status"": ""NOT_APPLICABLE"", ""reason"": ""not required""}, ""uncertainty_fitness"": {""status"": ""NOT_APPLICABLE"", ""reason"": ""not required""}}","cloud mask and sensor comparison are performed, but vertical datum compatibility is missing","{
  ""obligations"": {
    ""provenance"": {""status"":""PASS"",""reason"":""authoritative-product is supplied""},
    ""categorical_semantics"": {""status"":""NOT_APPLICABLE"",""reason"":""no categorical operation is involved""},
    ""spatial_support_resolution"": {""status"":""PASS"",""reason"":""resolution is supplied""},
    ""units_quantity"": {""status"":""NOT_APPLICABLE"",""reason"":""no quantity semantics are involved""},
    ""crs_geometry_area"": {""status"":""NOT_APPLICABLE"",""reason"":""not required""},
    ""spectral_semantics"": {""status"":""NOT_APPLICABLE"",""reason"":""not required""},
    ""processing_quality"": {""status"":""NOT_APPLICABLE"",""reason"":""not required""},
    ""vertical_semantics"": {""status"":""MISSING_EVIDENCE"",""reason"":""vertical datum is absent""},
    ""temporal_causality"": {""status"":""PASS"",""reason"":""temporal resolution is supplied""},
    ""evaluation_independence"": {""status"":""NOT_APPLICABLE"",""reason"":""not required""},
    ""nodata_physical_domain"": {""status"":""NOT_APPLICABLE"",""reason"":""not required""},
    ""uncertainty_fitness"": {""status"":""NOT_APPLICABLE"",""reason"":""not required""}
  },
  ""summary"":""cloud mask and sensor comparison are performed, but vertical datum compatibility is missing"",
  ""confidence"":5
}"
SGX3_BLIND_flood_depth_039,strong_B,mistralai/Mistral-7B-Instruct-v0.3,PROVEN,1.0,5,"{""provenance"": {""status"": ""PASS"", ""reason"": ""both artifacts have provenance""}, ""categorical_semantics"": {""status"": ""NOT_APPLICABLE"", ""reason"": ""no categorical data""}, ""spatial_support_resolution"": {""status"": ""PASS"", ""reason"": ""both artifacts have resolution""}, ""units_quantity"": {""status"": ""PASS"", ""reason"": ""both artifacts have units and no quantity conversion""}, ""crs_geometry_area"": {""status"": ""NOT_APPLICABLE"", ""reason"": ""not required""}, ""spectral_semantics"": {""status"": ""NOT_APPLICABLE"", ""reason"": ""no spectral data""}, ""processing_quality"": {""status"": ""NOT_APPLICABLE"", ""reason"": ""not required""}, ""vertical_semantics"": {""status"": ""PASS"", ""reason"": ""both artifacts have vertical datum""}, ""temporal_causality"": {""status"": ""NOT_APPLICABLE"", ""reason"": ""not required""}, ""evaluation_independence"": {""status"": ""NOT_APPLICABLE"", ""reason"": ""not required""}, ""nodata_physical_domain"": {""status"": ""NOT_APPLICABLE"", ""reason"": ""not required""}, ""uncertainty_fitness"": {""status"": ""NOT_APPLICABLE"", ""reason"": ""not required""}}",combining vertical data and converting units,"{
  ""obligations"": {
    ""provenance"": {""status"":""PASS"",""reason"":""both artifacts have provenance""},
    ""categorical_semantics"": {""status"":""NOT_APPLICABLE"",""reason"":""no categorical data""},
    ""spatial_support_resolution"": {""status"":""PASS"",""reason"":""both artifacts have resolution""},
    ""units_quantity"": {""status"":""PASS"",""reason"":""both artifacts have units and no quantity conversion""},
    ""crs_geometry_area"": {""status"":""NOT_APPLICABLE"",""reason"":""not required""},
    ""spectral_semantics"": {""status"":""NOT_APPLICABLE"",""reason"":""no spectral data""},
    ""processing_quality"": {""status"":""NOT_APPLICABLE"",""reason"":""not required""},
    ""vertical_semantics"": {""status"":""PASS"",""reason"":""both artifacts have vertical datum""},
    ""temporal_causality"": {""status"":""NOT_APPLICABLE"",""reason"":""not required""},
    ""evaluation_independence"": {""status"":""NOT_APPLICABLE"",""reason"":""not required""},
    ""nodata_physical_domain"": {""status"":""NOT_APPLICABLE"",""reason"":""not required""},
    ""uncertainty_fitness"": {""status"":""NOT_APPLICABLE"",""reason"":""not required""}
  },
  ""summary"":""combining vertical data and converting units"",
  ""confidence"":5
}"
SGX3_DEVELOPMENT_nodata_zero_001,strong_B,mistralai/Mistral-7B-Instruct-v0.3,PROVEN,1.0,5,"{""provenance"": {""status"": ""PASS"", ""reason"": ""authoritative-product""}, ""categorical_semantics"": {""status"": ""NOT_APPLICABLE"", ""reason"": ""continuous data""}, ""spatial_support_resolution"": {""status"": ""NOT_APPLICABLE"", ""reason"": ""not required""}, ""units_quantity"": {""status"": ""NOT_APPLICABLE"", ""reason"": ""not required""}, ""crs_geometry_area"": {""status"": ""NOT_APPLICABLE"", ""reason"": ""not required""}, ""spectral_semantics"": {""status"": ""NOT_APPLICABLE"", ""reason"": ""not required""}, ""processing_quality"": {""status"": ""NOT_APPLICABLE"", ""reason"": ""not required""}, ""vertical_semantics"": {""status"": ""NOT_APPLICABLE"", ""reason"": ""not required""}, ""temporal_causality"": {""status"": ""NOT_APPLICABLE"", ""reason"": ""not required""}, ""evaluation_independence"": {""status"": ""NOT_APPLICABLE"", ""reason"": ""not required""}, ""nodata_physical_domain"": {""status"": ""NOT_APPLICABLE"", ""reason"": ""not required""}, ""uncertainty_fitness"": {""status"": ""NOT_APPLICABLE"", ""reason"": ""not required""}}",fill_nodata operation with zero-is-physically-valid,"{
  ""obligations"": {
    ""provenance"": {""status"":""PASS"",""reason"":""authoritative-product""},
    ""categorical_semantics"": {""status"":""NOT_APPLICABLE"",""reason"":""continuous data""},
    ""spatial_support_resolution"": {""status"":""NOT_APPLICABLE"",""reason"":""not required""},
    ""units_quantity"": {""status"":""NOT_APPLICABLE"",""reason"":""not required""},
    ""crs_geometry_area"": {""status"":""NOT_APPLICABLE"",""reason"":""not required""},
    ""spectral_semantics"": {""status"":""NOT_APPLICABLE"",""reason"":""not required""},
    ""processing_quality"": {""status"":""NOT_APPLICABLE"",""reason"":""not required""},
    ""vertical_semantics"": {""status"":""NOT_APPLICABLE"",""reason"":""not required""},
    ""temporal_causality"": {""status"":""NOT_APPLICABLE"",""reason"":""not required""},
    ""evaluation_independence"": {""status"":""NOT_APPLICABLE"",""reason"":""not required""},
    ""nodata_physical_domain"": {""status"":""NOT_APPLICABLE"",""reason"":""not required""},
    ""uncertainty_fitness"": {""status"":""NOT_APPLICABLE"",""reason"":""not required""}
  },
  ""summary"":""fill_nodata operation with zero-is-physically-valid"",
  ""confidence"":5
}"
SGX3_DEVELOPMENT_rate_mean_as_accumulation_004,strong_B,mistralai/Mistral-7B-Instruct-v0.3,REFUTED,1.0,5,"{""provenance"": {""status"": ""PASS"", ""reason"": ""authoritative-product is supplied""}, ""categorical_semantics"": {""status"": ""NOT_APPLICABLE"", ""reason"": ""continuous data is involved""}, ""spatial_support_resolution"": {""status"": ""NOT_APPLICABLE"", ""reason"": ""not required""}, ""units_quantity"": {""status"": ""FAIL"", ""reason"": ""rate is converted to accumulation""}, ""crs_geometry_area"": {""status"": ""NOT_APPLICABLE"", ""reason"": ""not required""}, ""spectral_semantics"": {""status"": ""NOT_APPLICABLE"", ""reason"": ""not required""}, ""processing_quality"": {""status"": ""NOT_APPLICABLE"", ""reason"": ""not required""}, ""vertical_semantics"": {""status"": ""NOT_APPLICABLE"", ""reason"": ""not required""}, ""temporal_causality"": {""status"": ""NOT_APPLICABLE"", ""reason"": ""not required""}, ""evaluation_independence"": {""status"": ""NOT_APPLICABLE"", ""reason"": ""not required""}, ""nodata_physical_domain"": {""status"": ""NOT_APPLICABLE"", ""reason"": ""not required""}, ""uncertainty_fitness"": {""status"": ""NOT_APPLICABLE"", ""reason"": ""not required""}}",rate is converted to accumulation,"{
  ""obligations"": {
    ""provenance"": {""status"":""PASS"",""reason"":""authoritative-product is supplied""},
    ""categorical_semantics"": {""status"":""NOT_APPLICABLE"",""reason"":""continuous data is involved""},
    ""spatial_support_resolution"": {""status"":""NOT_APPLICABLE"",""reason"":""not required""},
    ""units_quantity"": {""status"":""FAIL"",""reason"":""rate is converted to accumulation""},
    ""crs_geometry_area"": {""status"":""NOT_APPLICABLE"",""reason"":""not required""},
    ""spectral_semantics"": {""status"":""NOT_APPLICABLE"",""reason"":""not required""},
    ""processing_quality"": {""status"":""NOT_APPLICABLE"",""reason"":""not required""},
    ""vertical_semantics"": {""status"":""NOT_APPLICABLE"",""reason"":""not required""},
    ""temporal_causality"": {""status"":""NOT_APPLICABLE"",""reason"":""not required""},
    ""evaluation_independence"": {""status"":""NOT_APPLICABLE"",""reason"":""not required""},
    ""nodata_physical_domain"": {""status"":""NOT_APPLICABLE"",""reason"":""not required""},
    ""uncertainty_fitness"": {""status"":""NOT_APPLICABLE"",""reason"":""not required""}
  },
  ""summary"":""rate is converted to accumulation"",
  ""confidence"":5
}"
SGX3_BLIND_eo_ml_validation_022,strong_B,mistralai/Mistral-7B-Instruct-v0.3,PROVEN,1.0,5,"{""provenance"": {""status"": ""PASS"", ""reason"": ""authoritative-product""}, ""categorical_semantics"": {""status"": ""NOT_APPLICABLE"", ""reason"": ""continuous data""}, ""spatial_support_resolution"": {""status"": ""PASS"", ""reason"": ""native resolution provided""}, ""units_quantity"": {""status"": ""NOT_APPLICABLE"", ""reason"": ""not required""}, ""crs_geometry_area"": {""status"": ""NOT_APPLICABLE"", ""reason"": ""not required""}, ""spectral_semantics"": {""status"": ""NOT_APPLICABLE"", ""reason"": ""not required""}, ""processing_quality"": {""status"": ""NOT_APPLICABLE"", ""reason"": ""not required""}, ""vertical_semantics"": {""status"": ""NOT_APPLICABLE"", ""reason"": ""not required""}, ""temporal_causality"": {""status"": ""NOT_APPLICABLE"", ""reason"": ""not required""}, ""evaluation_independence"": {""status"": ""NOT_APPLICABLE"", ""reason"": ""not required""}, ""nodata_physical_domain"": {""status"": ""NOT_APPLICABLE"", ""reason"": ""not required""}, ""uncertainty_fitness"": {""status"": ""NOT_APPLICABLE"", ""reason"": ""not required""}}",eo_ml_validation workflow does not require specific scientific proof obligations,"{
  ""obligations"": {
    ""provenance"": {""status"":""PASS"",""reason"":""authoritative-product""},
    ""categorical_semantics"": {""status"":""NOT_APPLICABLE"",""reason"":""continuous data""},
    ""spatial_support_resolution"": {""status"":""PASS"",""reason"":""native resolution provided""},
    ""units_quantity"": {""status"":""NOT_APPLICABLE"",""reason"":""not required""},
    ""crs_geometry_area"": {""status"":""NOT_APPLICABLE"",""reason"":""not required""},
    ""spectral_semantics"": {""status"":""NOT_APPLICABLE"",""reason"":""not required""},
    ""processing_quality"": {""status"":""NOT_APPLICABLE"",""reason"":""not required""},
    ""vertical_semantics"": {""status"":""NOT_APPLICABLE"",""reason"":""not required""},
    ""temporal_causality"": {""status"":""NOT_APPLICABLE"",""reason"":""not required""},
    ""evaluation_independence"": {""status"":""NOT_APPLICABLE"",""reason"":""not required""},
    ""nodata_physical_domain"": {""status"":""NOT_APPLICABLE"",""reason"":""not required""},
    ""uncertainty_fitness"": {""status"":""NOT_APPLICABLE"",""reason"":""not required""}
  },
  ""summary"":""eo_ml_validation workflow does not require specific scientific proof obligations"",
  ""confidence"":5
}"
SGX3_DEVELOPMENT_unsupported_resolution_gain_013,strong_B,mistralai/Mistral-7B-Instruct-v0.3,PROVEN,1.0,5,"{""provenance"": {""status"": ""PASS"", ""reason"": ""authoritative-product""}, ""categorical_semantics"": {""status"": ""NOT_APPLICABLE"", ""reason"": ""continuous data""}, ""spatial_support_resolution"": {""status"": ""PASS"", ""reason"": ""resolution coarsening does not claim new physical information""}, ""units_quantity"": {""status"": ""NOT_APPLICABLE"", ""reason"": ""not required""}, ""crs_geometry_area"": {""status"": ""NOT_APPLICABLE"", ""reason"": ""not required""}, ""spectral_semantics"": {""status"": ""NOT_APPLICABLE"", ""reason"": ""not required""}, ""processing_quality"": {""status"": ""NOT_APPLICABLE"", ""reason"": ""not required""}, ""vertical_semantics"": {""status"": ""NOT_APPLICABLE"", ""reason"": ""not required""}, ""temporal_causality"": {""status"": ""NOT_APPLICABLE"", ""reason"": ""not required""}, ""evaluation_independence"": {""status"": ""NOT_APPLICABLE"", ""reason"": ""not required""}, ""nodata_physical_domain"": {""status"": ""NOT_APPLICABLE"", ""reason"": ""not required""}, ""uncertainty_fitness"": {""status"": ""NOT_APPLICABLE"", ""reason"": ""not required""}}",label-preserving categorical coarsening,"{
  ""obligations"": {
    ""provenance"": {""status"":""PASS"",""reason"":""authoritative-product""},
    ""categorical_semantics"": {""status"":""NOT_APPLICABLE"",""reason"":""continuous data""},
    ""spatial_support_resolution"": {""status"":""PASS"",""reason"":""resolution coarsening does not claim new physical information""},
    ""units_quantity"": {""status"":""NOT_APPLICABLE"",""reason"":""not required""},
    ""crs_geometry_area"": {""status"":""NOT_APPLICABLE"",""reason"":""not required""},
    ""spectral_semantics"": {""status"":""NOT_APPLICABLE"",""reason"":""not required""},
    ""processing_quality"": {""status"":""NOT_APPLICABLE"",""reason"":""not required""},
    ""vertical_semantics"": {""status"":""NOT_APPLICABLE"",""reason"":""not required""},
    ""temporal_causality"": {""status"":""NOT_APPLICABLE"",""reason"":""not required""},
    ""evaluation_independence"": {""status"":""NOT_APPLICABLE"",""reason"":""not required""},
    ""nodata_physical_domain"": {""status"":""NOT_APPLICABLE"",""reason"":""not required""},
    ""uncertainty_fitness"": {""status"":""NOT_APPLICABLE"",""reason"":""not required""}
  },
  ""summary"":""label-preserving categorical coarsening"",
  ""confidence"":5
}"
SGX3_BLIND_flood_depth_021,strong_B,mistralai/Mistral-7B-Instruct-v0.3,UNPROVEN,1.0,5,"{""provenance"": {""status"": ""PASS"", ""reason"": ""both artifacts have provenance""}, ""categorical_semantics"": {""status"": ""NOT_APPLICABLE"", ""reason"": ""no categorical data""}, ""spatial_support_resolution"": {""status"": ""PASS"", ""reason"": ""both artifacts have resolution""}, ""units_quantity"": {""status"": ""PASS"", ""reason"": ""both artifacts have units and quantity""}, ""crs_geometry_area"": {""status"": ""NOT_APPLICABLE"", ""reason"": ""not required""}, ""spectral_semantics"": {""status"": ""NOT_APPLICABLE"", ""reason"": ""no spectral data""}, ""processing_quality"": {""status"": ""NOT_APPLICABLE"", ""reason"": ""not required""}, ""vertical_semantics"": {""status"": ""MISSING_EVIDENCE"", ""reason"": ""different vertical datums""}, ""temporal_causality"": {""status"": ""NOT_APPLICABLE"", ""reason"": ""not required""}, ""evaluation_independence"": {""status"": ""NOT_APPLICABLE"", ""reason"": ""not required""}, ""nodata_physical_domain"": {""status"": ""NOT_APPLICABLE"", ""reason"": ""not required""}, ""uncertainty_fitness"": {""status"": ""NOT_APPLICABLE"", ""reason"": ""not required""}}",vertical datum compatibility is missing,"{
  ""obligations"": {
    ""provenance"": {""status"":""PASS"",""reason"":""both artifacts have provenance""},
    ""categorical_semantics"": {""status"":""NOT_APPLICABLE"",""reason"":""no categorical data""},
    ""spatial_support_resolution"": {""status"":""PASS"",""reason"":""both artifacts have resolution""},
    ""units_quantity"": {""status"":""PASS"",""reason"":""both artifacts have units and quantity""},
    ""crs_geometry_area"": {""status"":""NOT_APPLICABLE"",""reason"":""not required""},
    ""spectral_semantics"": {""status"":""NOT_APPLICABLE"",""reason"":""no spectral data""},
    ""processing_quality"": {""status"":""NOT_APPLICABLE"",""reason"":""not required""},
    ""vertical_semantics"": {""status"":""MISSING_EVIDENCE"",""reason"":""different vertical datums""},
    ""temporal_causality"": {""status"":""NOT_APPLICABLE"",""reason"":""not required""},
    ""evaluation_independence"": {""status"":""NOT_APPLICABLE"",""reason"":""not required""},
    ""nodata_physical_domain"": {""status"":""NOT_APPLICABLE"",""reason"":""not required""},
    ""uncertainty_fitness"": {""status"":""NOT_APPLICABLE"",""reason"":""not required""}
  },
  ""summary"":""vertical datum compatibility is missing"",
  ""confidence"":5
}"
SGX3_BLIND_eo_ml_validation_027,strong_B,mistralai/Mistral-7B-Instruct-v0.3,PROVEN,1.0,5,"{""provenance"": {""status"": ""PASS"", ""reason"": ""authoritative-product""}, ""categorical_semantics"": {""status"": ""NOT_APPLICABLE"", ""reason"": ""continuous data""}, ""spatial_support_resolution"": {""status"": ""PASS"", ""reason"": ""native resolution provided""}, ""units_quantity"": {""status"": ""NOT_APPLICABLE"", ""reason"": ""not required""}, ""crs_geometry_area"": {""status"": ""NOT_APPLICABLE"", ""reason"": ""not required""}, ""spectral_semantics"": {""status"": ""NOT_APPLICABLE"", ""reason"": ""not required""}, ""processing_quality"": {""status"": ""NOT_APPLICABLE"", ""reason"": ""not required""}, ""vertical_semantics"": {""status"": ""NOT_APPLICABLE"", ""reason"": ""not required""}, ""temporal_causality"": {""status"": ""NOT_APPLICABLE"", ""reason"": ""not required""}, ""evaluation_independence"": {""status"": ""NOT_APPLICABLE"", ""reason"": ""not required""}, ""nodata_physical_domain"": {""status"": ""NOT_APPLICABLE"", ""reason"": ""not required""}, ""uncertainty_fitness"": {""status"": ""NOT_APPLICABLE"", ""reason"": ""not required""}}",eo_ml_validation workflow does not require specific scientific proof obligations,"{
  ""obligations"": {
    ""provenance"": {""status"":""PASS"",""reason"":""authoritative-product""},
    ""categorical_semantics"": {""status"":""NOT_APPLICABLE"",""reason"":""continuous data""},
    ""spatial_support_resolution"": {""status"":""PASS"",""reason"":""native resolution provided""},
    ""units_quantity"": {""status"":""NOT_APPLICABLE"",""reason"":""not required""},
    ""crs_geometry_area"": {""status"":""NOT_APPLICABLE"",""reason"":""not required""},
    ""spectral_semantics"": {""status"":""NOT_APPLICABLE"",""reason"":""not required""},
    ""processing_quality"": {""status"":""NOT_APPLICABLE"",""reason"":""not required""},
    ""vertical_semantics"": {""status"":""NOT_APPLICABLE"",""reason"":""not required""},
    ""temporal_causality"": {""status"":""NOT_APPLICABLE"",""reason"":""not required""},
    ""evaluation_independence"": {""status"":""NOT_APPLICABLE"",""reason"":""not required""},
    ""nodata_physical_domain"": {""status"":""NOT_APPLICABLE"",""reason"":""not required""},
    ""uncertainty_fitness"": {""status"":""NOT_APPLICABLE"",""reason"":""not required""}
  },
  ""summary"":""eo_ml_validation workflow does not require specific scientific proof obligations"",
  ""confidence"":5
}"
SGX3_HELDOUT-FAMILY_rate_sum_without_duration_005,strong_B,mistralai/Mistral-7B-Instruct-v0.3,PROVEN,1.0,5,"{""provenance"": {""status"": ""PASS"", ""reason"": ""authoritative-product is supplied""}, ""categorical_semantics"": {""status"": ""NOT_APPLICABLE"", ""reason"": ""continuous data is involved""}, ""spatial_support_resolution"": {""status"": ""NOT_APPLICABLE"", ""reason"": ""not required""}, ""units_quantity"": {""status"": ""NOT_APPLICABLE"", ""reason"": ""not required""}, ""crs_geometry_area"": {""status"": ""NOT_APPLICABLE"", ""reason"": ""not required""}, ""spectral_semantics"": {""status"": ""NOT_APPLICABLE"", ""reason"": ""not required""}, ""processing_quality"": {""status"": ""NOT_APPLICABLE"", ""reason"": ""not required""}, ""vertical_semantics"": {""status"": ""NOT_APPLICABLE"", ""reason"": ""not required""}, ""temporal_causality"": {""status"": ""NOT_APPLICABLE"", ""reason"": ""not required""}, ""evaluation_independence"": {""status"": ""NOT_APPLICABLE"", ""reason"": ""not required""}, ""nodata_physical_domain"": {""status"": ""NOT_APPLICABLE"", ""reason"": ""not required""}, ""uncertainty_fitness"": {""status"": ""NOT_APPLICABLE"", ""reason"": ""not required""}}",rate sum without duration operation performed on continuous data,"{
  ""obligations"": {
    ""provenance"": {""status"":""PASS"",""reason"":""authoritative-product is supplied""},
    ""categorical_semantics"": {""status"":""NOT_APPLICABLE"",""reason"":""continuous data is involved""},
    ""spatial_support_resolution"": {""status"":""NOT_APPLICABLE"",""reason"":""not required""},
    ""units_quantity"": {""status"":""NOT_APPLICABLE"",""reason"":""not required""},
    ""crs_geometry_area"": {""status"":""NOT_APPLICABLE"",""reason"":""not required""},
    ""spectral_semantics"": {""status"":""NOT_APPLICABLE"",""reason"":""not required""},
    ""processing_quality"": {""status"":""NOT_APPLICABLE"",""reason"":""not required""},
    ""vertical_semantics"": {""status"":""NOT_APPLICABLE"",""reason"":""not required""},
    ""temporal_causality"": {""status"":""NOT_APPLICABLE"",""reason"":""not required""},
    ""evaluation_independence"": {""status"":""NOT_APPLICABLE"",""reason"":""not required""},
    ""nodata_physical_domain"": {""status"":""NOT_APPLICABLE"",""reason"":""not required""},
    ""uncertainty_fitness"": {""status"":""NOT_APPLICABLE"",""reason"":""not required""}
  },
  ""summary"":""rate sum without duration operation performed on continuous data"",
  ""confidence"":5
}"
SGX3_BLIND_landslide_forecast_016,strong_B,mistralai/Mistral-7B-Instruct-v0.3,REFUTED,1.0,5,"{""provenance"": {""status"": ""MISSING_EVIDENCE"", ""reason"": ""required for scientific certification""}, ""categorical_semantics"": {""status"": ""NOT_APPLICABLE"", ""reason"": ""no categorical operation is involved""}, ""spatial_support_resolution"": {""status"": ""NOT_APPLICABLE"", ""reason"": ""not required""}, ""units_quantity"": {""status"": ""NOT_APPLICABLE"", ""reason"": ""not required""}, ""crs_geometry_area"": {""status"": ""NOT_APPLICABLE"", ""reason"": ""not required""}, ""spectral_semantics"": {""status"": ""NOT_APPLICABLE"", ""reason"": ""not required""}, ""processing_quality"": {""status"": ""NOT_APPLICABLE"", ""reason"": ""not required""}, ""vertical_semantics"": {""status"": ""PASS"", ""reason"": ""DSM versus DTM requirements are satisfied""}, ""temporal_causality"": {""status"": ""FAIL"", ""reason"": ""feature is available after decision time""}, ""evaluation_independence"": {""status"": ""NOT_APPLICABLE"", ""reason"": ""not required""}, ""nodata_physical_domain"": {""status"": ""NOT_APPLICABLE"", ""reason"": ""not required""}, ""uncertainty_fitness"": {""status"": ""NOT_APPLICABLE"", ""reason"": ""not required""}}",landslide forecast workflow does not satisfy provenance obligation,"{
  ""obligations"": {
    ""provenance"": {""status"":""MISSING_EVIDENCE"",""reason"":""required for scientific certification""},
    ""categorical_semantics"": {""status"":""NOT_APPLICABLE"",""reason"":""no categorical operation is involved""},
    ""spatial_support_resolution"": {""status"":""NOT_APPLICABLE"",""reason"":""not required""},
    ""units_quantity"": {""status"":""NOT_APPLICABLE"",""reason"":""not required""},
    ""crs_geometry_area"": {""status"":""NOT_APPLICABLE"",""reason"":""not required""},
    ""spectral_semantics"": {""status"":""NOT_APPLICABLE"",""reason"":""not required""},
    ""processing_quality"": {""status"":""NOT_APPLICABLE"",""reason"":""not required""},
    ""vertical_semantics"": {""status"":""PASS"",""reason"":""DSM versus DTM requirements are satisfied""},
    ""temporal_causality"": {""status"":""FAIL"",""reason"":""feature is available after decision time""},
    ""evaluation_independence"": {""status"":""NOT_APPLICABLE"",""reason"":""not required""},
    ""nodata_physical_domain"": {""status"":""NOT_APPLICABLE"",""reason"":""not required""},
    ""uncertainty_fitness"": {""status"":""NOT_APPLICABLE"",""reason"":""not required""}
  },
  ""summary"":""landslide forecast workflow does not satisfy provenance obligation"",
  ""confidence"":5
}"
SGX3_BLIND_eo_ml_validation_017,strong_B,mistralai/Mistral-7B-Instruct-v0.3,PROVEN,1.0,5,"{""provenance"": {""status"": ""PASS"", ""reason"": ""authoritative-product""}, ""categorical_semantics"": {""status"": ""NOT_APPLICABLE"", ""reason"": ""continuous data""}, ""spatial_support_resolution"": {""status"": ""PASS"", ""reason"": ""native resolution provided""}, ""units_quantity"": {""status"": ""NOT_APPLICABLE"", ""reason"": ""not required""}, ""crs_geometry_area"": {""status"": ""NOT_APPLICABLE"", ""reason"": ""not required""}, ""spectral_semantics"": {""status"": ""NOT_APPLICABLE"", ""reason"": ""not required""}, ""processing_quality"": {""status"": ""NOT_APPLICABLE"", ""reason"": ""not required""}, ""vertical_semantics"": {""status"": ""NOT_APPLICABLE"", ""reason"": ""not required""}, ""temporal_causality"": {""status"": ""NOT_APPLICABLE"", ""reason"": ""not required""}, ""evaluation_independence"": {""status"": ""PASS"", ""reason"": ""scene split specified""}, ""nodata_physical_domain"": {""status"": ""NOT_APPLICABLE"", ""reason"": ""not required""}, ""uncertainty_fitness"": {""status"": ""NOT_APPLICABLE"", ""reason"": ""not required""}}",Scene split for eo_ml_validation,"{
  ""obligations"": {
    ""provenance"": {""status"":""PASS"",""reason"":""authoritative-product""},
    ""categorical_semantics"": {""status"":""NOT_APPLICABLE"",""reason"":""continuous data""},
    ""spatial_support_resolution"": {""status"":""PASS"",""reason"":""native resolution provided""},
    ""units_quantity"": {""status"":""NOT_APPLICABLE"",""reason"":""not required""},
    ""crs_geometry_area"": {""status"":""NOT_APPLICABLE"",""reason"":""not required""},
    ""spectral_semantics"": {""status"":""NOT_APPLICABLE"",""reason"":""not required""},
    ""processing_quality"": {""status"":""NOT_APPLICABLE"",""reason"":""not required""},
    ""vertical_semantics"": {""status"":""NOT_APPLICABLE"",""reason"":""not required""},
    ""temporal_causality"": {""status"":""NOT_APPLICABLE"",""reason"":""not required""},
    ""evaluation_independence"": {""status"":""PASS"",""reason"":""scene split specified""},
    ""nodata_physical_domain"": {""status"":""NOT_APPLICABLE"",""reason"":""not required""},
    ""uncertainty_fitness"": {""status"":""NOT_APPLICABLE"",""reason"":""not required""}
  },
  ""summary"":""Scene split for eo_ml_validation"",
  ""confidence"":5
}"
SGX3_BLIND_eo_ml_validation_043,strong_B,mistralai/Mistral-7B-Instruct-v0.3,PROVEN,1.0,5,"{""provenance"": {""status"": ""PASS"", ""reason"": ""authoritative-product""}, ""categorical_semantics"": {""status"": ""NOT_APPLICABLE"", ""reason"": ""continuous data""}, ""spatial_support_resolution"": {""status"": ""PASS"", ""reason"": ""not applicable""}, ""units_quantity"": {""status"": ""NOT_APPLICABLE"", ""reason"": ""not applicable""}, ""crs_geometry_area"": {""status"": ""NOT_APPLICABLE"", ""reason"": ""not applicable""}, ""spectral_semantics"": {""status"": ""NOT_APPLICABLE"", ""reason"": ""not applicable""}, ""processing_quality"": {""status"": ""NOT_APPLICABLE"", ""reason"": ""not applicable""}, ""vertical_semantics"": {""status"": ""NOT_APPLICABLE"", ""reason"": ""not applicable""}, ""temporal_causality"": {""status"": ""PASS"", ""reason"": ""temporal split is defined""}, ""evaluation_independence"": {""status"": ""PASS"", ""reason"": ""temporal split is defined""}, ""nodata_physical_domain"": {""status"": ""NOT_APPLICABLE"", ""reason"": ""not applicable""}, ""uncertainty_fitness"": {""status"": ""NOT_APPLICABLE"", ""reason"": ""not applicable""}}",Temporal split operation is performed on continuous data,"{
  ""obligations"": {
    ""provenance"": {""status"":""PASS"",""reason"":""authoritative-product""},
    ""categorical_semantics"": {""status"":""NOT_APPLICABLE"",""reason"":""continuous data""},
    ""spatial_support_resolution"": {""status"":""PASS"",""reason"":""not applicable""},
    ""units_quantity"": {""status"":""NOT_APPLICABLE"",""reason"":""not applicable""},
    ""crs_geometry_area"": {""status"":""NOT_APPLICABLE"",""reason"":""not applicable""},
    ""spectral_semantics"": {""status"":""NOT_APPLICABLE"",""reason"":""not applicable""},
    ""processing_quality"": {""status"":""NOT_APPLICABLE"",""reason"":""not applicable""},
    ""vertical_semantics"": {""status"":""NOT_APPLICABLE"",""reason"":""not applicable""},
    ""temporal_causality"": {""status"":""PASS"",""reason"":""temporal split is defined""},
    ""evaluation_independence"": {""status"":""PASS"",""reason"":""temporal split is defined""},
    ""nodata_physical_domain"": {""status"":""NOT_APPLICABLE"",""reason"":""not applicable""},
    ""uncertainty_fitness"": {""status"":""NOT_APPLICABLE"",""reason"":""not applicable""}
  },
  ""summary"":""Temporal split operation is performed on continuous data"",
  ""confidence"":5
}"
SGX3_DEVELOPMENT_angular_area_002,strong_B,mistralai/Mistral-7B-Instruct-v0.3,PROVEN,1.0,5,"{""provenance"": {""status"": ""PASS"", ""reason"": ""authoritative-product""}, ""categorical_semantics"": {""status"": ""NOT_APPLICABLE"", ""reason"": ""binary data, no categorical operation""}, ""spatial_support_resolution"": {""status"": ""PASS"", ""reason"": ""resolution is provided""}, ""units_quantity"": {""status"": ""PASS"", ""reason"": ""unit is provided, quantity is not required""}, ""crs_geometry_area"": {""status"": ""PASS"", ""reason"": ""EPSG:4326 is a planar CRS""}, ""spectral_semantics"": {""status"": ""NOT_APPLICABLE"", ""reason"": ""binary data, no spectral operation""}, ""processing_quality"": {""status"": ""NOT_APPLICABLE"", ""reason"": ""no processing level provided""}, ""vertical_semantics"": {""status"": ""NOT_APPLICABLE"", ""reason"": ""no vertical quantity involved""}, ""temporal_causality"": {""status"": ""NOT_APPLICABLE"", ""reason"": ""temporal information is not required""}, ""evaluation_independence"": {""status"": ""NOT_APPLICABLE"", ""reason"": ""no evaluation split provided""}, ""nodata_physical_domain"": {""status"": ""NOT_APPLICABLE"", ""reason"": ""no NoData semantics provided""}, ""uncertainty_fitness"": {""status"": ""NOT_APPLICABLE"", ""reason"": ""uncertainty is not required""}}",Planar area calculation on binary data,"{
  ""obligations"": {
    ""provenance"": {""status"":""PASS"",""reason"":""authoritative-product""},
    ""categorical_semantics"": {""status"":""NOT_APPLICABLE"",""reason"":""binary data, no categorical operation""},
    ""spatial_support_resolution"": {""status"":""PASS"",""reason"":""resolution is provided""},
    ""units_quantity"": {""status"":""PASS"",""reason"":""unit is provided, quantity is not required""},
    ""crs_geometry_area"": {""status"":""PASS"",""reason"":""EPSG:4326 is a planar CRS""},
    ""spectral_semantics"": {""status"":""NOT_APPLICABLE"",""reason"":""binary data, no spectral operation""},
    ""processing_quality"": {""status"":""NOT_APPLICABLE"",""reason"":""no processing level provided""},
    ""vertical_semantics"": {""status"":""NOT_APPLICABLE"",""reason"":""no vertical quantity involved""},
    ""temporal_causality"": {""status"":""NOT_APPLICABLE"",""reason"":""temporal information is not required""},
    ""evaluation_independence"": {""status"":""NOT_APPLICABLE"",""reason"":""no evaluation split provided""},
    ""nodata_physical_domain"": {""status"":""NOT_APPLICABLE"",""reason"":""no NoData semantics provided""},
    ""uncertainty_fitness"": {""status"":""NOT_APPLICABLE"",""reason"":""uncertainty is not required""}
  },
  ""summary"":""Planar area calculation on binary data"",
  ""confidence"":5
}"
SGX3_BLIND_flood_remote_sensing_007,strong_B,mistralai/Mistral-7B-Instruct-v0.3,PROVEN,1.0,5,"{""provenance"": {""status"": ""PASS"", ""reason"": ""authoritative-product is supplied""}, ""categorical_semantics"": {""status"": ""NOT_APPLICABLE"", ""reason"": ""no categorical operation is involved""}, ""spatial_support_resolution"": {""status"": ""PASS"", ""reason"": ""resolution is supplied""}, ""units_quantity"": {""status"": ""NOT_APPLICABLE"", ""reason"": ""no quantity semantics are involved""}, ""crs_geometry_area"": {""status"": ""NOT_APPLICABLE"", ""reason"": ""not required""}, ""spectral_semantics"": {""status"": ""NOT_APPLICABLE"", ""reason"": ""not required""}, ""processing_quality"": {""status"": ""NOT_APPLICABLE"", ""reason"": ""not required""}, ""vertical_semantics"": {""status"": ""NOT_APPLICABLE"", ""reason"": ""not required""}, ""temporal_causality"": {""status"": ""NOT_APPLICABLE"", ""reason"": ""not required""}, ""evaluation_independence"": {""status"": ""NOT_APPLICABLE"", ""reason"": ""not required""}, ""nodata_physical_domain"": {""status"": ""NOT_APPLICABLE"", ""reason"": ""not required""}, ""uncertainty_fitness"": {""status"": ""NOT_APPLICABLE"", ""reason"": ""not required""}}","cloud mask is applied to SAR data, followed by sensor comparison and area calculation","{
  ""obligations"": {
    ""provenance"": {""status"":""PASS"",""reason"":""authoritative-product is supplied""},
    ""categorical_semantics"": {""status"":""NOT_APPLICABLE"",""reason"":""no categorical operation is involved""},
    ""spatial_support_resolution"": {""status"":""PASS"",""reason"":""resolution is supplied""},
    ""units_quantity"": {""status"":""NOT_APPLICABLE"",""reason"":""no quantity semantics are involved""},
    ""crs_geometry_area"": {""status"":""NOT_APPLICABLE"",""reason"":""not required""},
    ""spectral_semantics"": {""status"":""NOT_APPLICABLE"",""reason"":""not required""},
    ""processing_quality"": {""status"":""NOT_APPLICABLE"",""reason"":""not required""},
    ""vertical_semantics"": {""status"":""NOT_APPLICABLE"",""reason"":""not required""},
    ""temporal_causality"": {""status"":""NOT_APPLICABLE"",""reason"":""not required""},
    ""evaluation_independence"": {""status"":""NOT_APPLICABLE"",""reason"":""not required""},
    ""nodata_physical_domain"": {""status"":""NOT_APPLICABLE"",""reason"":""not required""},
    ""uncertainty_fitness"": {""status"":""NOT_APPLICABLE"",""reason"":""not required""}
  },
  ""summary"":""cloud mask is applied to SAR data, followed by sensor comparison and area calculation"",
  ""confidence"":5
}"
SGX3_HELDOUT-FAMILY_uncertainty_missing_012,strong_B,mistralai/Mistral-7B-Instruct-v0.3,UNPROVEN,1.0,5,"{""provenance"": {""status"": ""PASS"", ""reason"": ""authoritative-product""}, ""categorical_semantics"": {""status"": ""NOT_APPLICABLE"", ""reason"": ""continuous data""}, ""spatial_support_resolution"": {""status"": ""PASS"", ""reason"": ""native resolution provided""}, ""units_quantity"": {""status"": ""PASS"", ""reason"": ""dimensionless rate is consistent with declared quantity""}, ""crs_geometry_area"": {""status"": ""PASS"", ""reason"": ""EPSG:32643 is a planar CRS""}, ""spectral_semantics"": {""status"": ""NOT_APPLICABLE"", ""reason"": ""no spectral operation or band role specified""}, ""processing_quality"": {""status"": ""NOT_APPLICABLE"", ""reason"": ""no processing level or quality metadata provided""}, ""vertical_semantics"": {""status"": ""MISSING_EVIDENCE"", ""reason"": ""vertical datum is absent""}, ""temporal_causality"": {""status"": ""NOT_APPLICABLE"", ""reason"": ""temporal information is not provided""}, ""evaluation_independence"": {""status"": ""NOT_APPLICABLE"", ""reason"": ""no evaluation split is present""}, ""nodata_physical_domain"": {""status"": ""NOT_APPLICABLE"", ""reason"": ""NoData semantics are not required""}, ""uncertainty_fitness"": {""status"": ""PASS"", ""reason"": ""uncertainty is provided and within the specified tolerance""}}",Continuous hazard probability data with missing vertical datum,"{
  ""obligations"": {
    ""provenance"": {""status"":""PASS"",""reason"":""authoritative-product""},
    ""categorical_semantics"": {""status"":""NOT_APPLICABLE"",""reason"":""continuous data""},
    ""spatial_support_resolution"": {""status"":""PASS"",""reason"":""native resolution provided""},
    ""units_quantity"": {""status"":""PASS"",""reason"":""dimensionless rate is consistent with declared quantity""},
    ""crs_geometry_area"": {""status"":""PASS"",""reason"":""EPSG:32643 is a planar CRS""},
    ""spectral_semantics"": {""status"":""NOT_APPLICABLE"",""reason"":""no spectral operation or band role specified""},
    ""processing_quality"": {""status"":""NOT_APPLICABLE"",""reason"":""no processing level or quality metadata provided""},
    ""vertical_semantics"": {""status"":""MISSING_EVIDENCE"",""reason"":""vertical datum is absent""},
    ""temporal_causality"": {""status"":""NOT_APPLICABLE"",""reason"":""temporal information is not provided""},
    ""evaluation_independence"": {""status"":""NOT_APPLICABLE"",""reason"":""no evaluation split is present""},
    ""nodata_physical_domain"": {""status"":""NOT_APPLICABLE"",""reason"":""NoData semantics are not required""},
    ""uncertainty_fitness"": {""status"":""PASS"",""reason"":""uncertainty is provided and within the specified tolerance""}
  },
  ""summary"":""Continuous hazard probability data with missing vertical datum"",
  ""confidence"":5
}"
SGX3_DEVELOPMENT_spectral_role_000,strong_B,mistralai/Mistral-7B-Instruct-v0.3,PROVEN,1.0,5,"{""provenance"": {""status"": ""PASS"", ""reason"": ""authoritative-product""}, ""categorical_semantics"": {""status"": ""NOT_APPLICABLE"", ""reason"": ""continuous data""}, ""spatial_support_resolution"": {""status"": ""PASS"", ""reason"": ""not applicable""}, ""units_quantity"": {""status"": ""NOT_APPLICABLE"", ""reason"": ""not required""}, ""crs_geometry_area"": {""status"": ""NOT_APPLICABLE"", ""reason"": ""not required""}, ""spectral_semantics"": {""status"": ""PASS"", ""reason"": ""explicit_alignment=true""}, ""processing_quality"": {""status"": ""NOT_APPLICABLE"", ""reason"": ""not required""}, ""vertical_semantics"": {""status"": ""NOT_APPLICABLE"", ""reason"": ""not required""}, ""temporal_causality"": {""status"": ""NOT_APPLICABLE"", ""reason"": ""not required""}, ""evaluation_independence"": {""status"": ""NOT_APPLICABLE"", ""reason"": ""not required""}, ""nodata_physical_domain"": {""status"": ""NOT_APPLICABLE"", ""reason"": ""not required""}, ""uncertainty_fitness"": {""status"": ""NOT_APPLICABLE"", ""reason"": ""not required""}}",spectral index operation with explicit alignment,"{
  ""obligations"": {
    ""provenance"": {""status"":""PASS"",""reason"":""authoritative-product""},
    ""categorical_semantics"": {""status"":""NOT_APPLICABLE"",""reason"":""continuous data""},
    ""spatial_support_resolution"": {""status"":""PASS"",""reason"":""not applicable""},
    ""units_quantity"": {""status"":""NOT_APPLICABLE"",""reason"":""not required""},
    ""crs_geometry_area"": {""status"":""NOT_APPLICABLE"",""reason"":""not required""},
    ""spectral_semantics"": {""status"":""PASS"",""reason"":""explicit_alignment=true""},
    ""processing_quality"": {""status"":""NOT_APPLICABLE"",""reason"":""not required""},
    ""vertical_semantics"": {""status"":""NOT_APPLICABLE"",""reason"":""not required""},
    ""temporal_causality"": {""status"":""NOT_APPLICABLE"",""reason"":""not required""},
    ""evaluation_independence"": {""status"":""NOT_APPLICABLE"",""reason"":""not required""},
    ""nodata_physical_domain"": {""status"":""NOT_APPLICABLE"",""reason"":""not required""},
    ""uncertainty_fitness"": {""status"":""NOT_APPLICABLE"",""reason"":""not required""}
  },
  ""summary"":""spectral index operation with explicit alignment"",
  ""confidence"":5
}"
SGX3_DEVELOPMENT_categorical_interpolation_003,strong_B,mistralai/Mistral-7B-Instruct-v0.3,PROVEN,1.0,5,"{""provenance"": {""status"": ""PASS"", ""reason"": ""authoritative-product""}, ""categorical_semantics"": {""status"": ""PASS"", ""reason"": ""nearest-neighbor preserves category identity""}, ""spatial_support_resolution"": {""status"": ""PASS"", ""reason"": ""coarsening does not claim new spatial information""}, ""units_quantity"": {""status"": ""NOT_APPLICABLE"", ""reason"": ""not required""}, ""crs_geometry_area"": {""status"": ""NOT_APPLICABLE"", ""reason"": ""not required""}, ""spectral_semantics"": {""status"": ""NOT_APPLICABLE"", ""reason"": ""not required""}, ""processing_quality"": {""status"": ""NOT_APPLICABLE"", ""reason"": ""not required""}, ""vertical_semantics"": {""status"": ""NOT_APPLICABLE"", ""reason"": ""not required""}, ""temporal_causality"": {""status"": ""NOT_APPLICABLE"", ""reason"": ""not required""}, ""evaluation_independence"": {""status"": ""NOT_APPLICABLE"", ""reason"": ""not required""}, ""nodata_physical_domain"": {""status"": ""NOT_APPLICABLE"", ""reason"": ""not required""}, ""uncertainty_fitness"": {""status"": ""NOT_APPLICABLE"", ""reason"": ""not required""}}",label-preserving categorical coarsening,"{
  ""obligations"": {
    ""provenance"": {""status"":""PASS"",""reason"":""authoritative-product""},
    ""categorical_semantics"": {""status"":""PASS"",""reason"":""nearest-neighbor preserves category identity""},
    ""spatial_support_resolution"": {""status"":""PASS"",""reason"":""coarsening does not claim new spatial information""},
    ""units_quantity"": {""status"":""NOT_APPLICABLE"",""reason"":""not required""},
    ""crs_geometry_area"": {""status"":""NOT_APPLICABLE"",""reason"":""not required""},
    ""spectral_semantics"": {""status"":""NOT_APPLICABLE"",""reason"":""not required""},
    ""processing_quality"": {""status"":""NOT_APPLICABLE"",""reason"":""not required""},
    ""vertical_semantics"": {""status"":""NOT_APPLICABLE"",""reason"":""not required""},
    ""temporal_causality"": {""status"":""NOT_APPLICABLE"",""reason"":""not required""},
    ""evaluation_independence"": {""status"":""NOT_APPLICABLE"",""reason"":""not required""},
    ""nodata_physical_domain"": {""status"":""NOT_APPLICABLE"",""reason"":""not required""},
    ""uncertainty_fitness"": {""status"":""NOT_APPLICABLE"",""reason"":""not required""}
  },
  ""summary"":""label-preserving categorical coarsening"",
  ""confidence"":5
}"
SGX3_DEVELOPMENT_categorical_interpolation_012,strong_B,mistralai/Mistral-7B-Instruct-v0.3,PROVEN,1.0,5,"{""provenance"": {""status"": ""PASS"", ""reason"": ""authoritative-product""}, ""categorical_semantics"": {""status"": ""PASS"", ""reason"": ""nearest-neighbor preserves category identity""}, ""spatial_support_resolution"": {""status"": ""PASS"", ""reason"": ""coarsening does not claim new spatial information""}, ""units_quantity"": {""status"": ""NOT_APPLICABLE"", ""reason"": ""not required""}, ""crs_geometry_area"": {""status"": ""NOT_APPLICABLE"", ""reason"": ""not required""}, ""spectral_semantics"": {""status"": ""NOT_APPLICABLE"", ""reason"": ""not required""}, ""processing_quality"": {""status"": ""NOT_APPLICABLE"", ""reason"": ""not required""}, ""vertical_semantics"": {""status"": ""NOT_APPLICABLE"", ""reason"": ""not required""}, ""temporal_causality"": {""status"": ""NOT_APPLICABLE"", ""reason"": ""not required""}, ""evaluation_independence"": {""status"": ""NOT_APPLICABLE"", ""reason"": ""not required""}, ""nodata_physical_domain"": {""status"": ""NOT_APPLICABLE"", ""reason"": ""not required""}, ""uncertainty_fitness"": {""status"": ""NOT_APPLICABLE"", ""reason"": ""not required""}}",label-preserving categorical coarsening,"{
  ""obligations"": {
    ""provenance"": {""status"":""PASS"",""reason"":""authoritative-product""},
    ""categorical_semantics"": {""status"":""PASS"",""reason"":""nearest-neighbor preserves category identity""},
    ""spatial_support_resolution"": {""status"":""PASS"",""reason"":""coarsening does not claim new spatial information""},
    ""units_quantity"": {""status"":""NOT_APPLICABLE"",""reason"":""not required""},
    ""crs_geometry_area"": {""status"":""NOT_APPLICABLE"",""reason"":""not required""},
    ""spectral_semantics"": {""status"":""NOT_APPLICABLE"",""reason"":""not required""},
    ""processing_quality"": {""status"":""NOT_APPLICABLE"",""reason"":""not required""},
    ""vertical_semantics"": {""status"":""NOT_APPLICABLE"",""reason"":""not required""},
    ""temporal_causality"": {""status"":""NOT_APPLICABLE"",""reason"":""not required""},
    ""evaluation_independence"": {""status"":""NOT_APPLICABLE"",""reason"":""not required""},
    ""nodata_physical_domain"": {""status"":""NOT_APPLICABLE"",""reason"":""not required""},
    ""uncertainty_fitness"": {""status"":""NOT_APPLICABLE"",""reason"":""not required""}
  },
  ""summary"":""label-preserving categorical coarsening"",
  ""confidence"":5
}"
SGX3_DEVELOPMENT_spatial_split_leakage_006,strong_B,mistralai/Mistral-7B-Instruct-v0.3,PROVEN,1.0,5,"{""provenance"": {""status"": ""PASS"", ""reason"": ""authoritative-product""}, ""categorical_semantics"": {""status"": ""NOT_APPLICABLE"", ""reason"": ""continuous data""}, ""spatial_support_resolution"": {""status"": ""PASS"", ""reason"": ""resolution is supplied""}, ""units_quantity"": {""status"": ""NOT_APPLICABLE"", ""reason"": ""not required""}, ""crs_geometry_area"": {""status"": ""PASS"", ""reason"": ""CRS is supplied""}, ""spectral_semantics"": {""status"": ""NOT_APPLICABLE"", ""reason"": ""not required""}, ""processing_quality"": {""status"": ""NOT_APPLICABLE"", ""reason"": ""not required""}, ""vertical_semantics"": {""status"": ""NOT_APPLICABLE"", ""reason"": ""not required""}, ""temporal_causality"": {""status"": ""NOT_APPLICABLE"", ""reason"": ""not required""}, ""evaluation_independence"": {""status"": ""NOT_APPLICABLE"", ""reason"": ""not required""}, ""nodata_physical_domain"": {""status"": ""NOT_APPLICABLE"", ""reason"": ""not required""}, ""uncertainty_fitness"": {""status"": ""NOT_APPLICABLE"", ""reason"": ""not required""}}",Spatial split operation with supplied provenance,"{
  ""obligations"": {
    ""provenance"": {""status"":""PASS"",""reason"":""authoritative-product""},
    ""categorical_semantics"": {""status"":""NOT_APPLICABLE"",""reason"":""continuous data""},
    ""spatial_support_resolution"": {""status"":""PASS"",""reason"":""resolution is supplied""},
    ""units_quantity"": {""status"":""NOT_APPLICABLE"",""reason"":""not required""},
    ""crs_geometry_area"": {""status"":""PASS"",""reason"":""CRS is supplied""},
    ""spectral_semantics"": {""status"":""NOT_APPLICABLE"",""reason"":""not required""},
    ""processing_quality"": {""status"":""NOT_APPLICABLE"",""reason"":""not required""},
    ""vertical_semantics"": {""status"":""NOT_APPLICABLE"",""reason"":""not required""},
    ""temporal_causality"": {""status"":""NOT_APPLICABLE"",""reason"":""not required""},
    ""evaluation_independence"": {""status"":""NOT_APPLICABLE"",""reason"":""not required""},
    ""nodata_physical_domain"": {""status"":""NOT_APPLICABLE"",""reason"":""not required""},
    ""uncertainty_fitness"": {""status"":""NOT_APPLICABLE"",""reason"":""not required""}
  },
  ""summary"":""Spatial split operation with supplied provenance"",
  ""confidence"":5
}"
SGX3_BLIND_flood_remote_sensing_035,strong_B,mistralai/Mistral-7B-Instruct-v0.3,PROVEN,1.0,5,"{""provenance"": {""status"": ""PASS"", ""reason"": ""authoritative-product is supplied""}, ""categorical_semantics"": {""status"": ""NOT_APPLICABLE"", ""reason"": ""no categorical operation is involved""}, ""spatial_support_resolution"": {""status"": ""PASS"", ""reason"": ""resolution is supplied""}, ""units_quantity"": {""status"": ""NOT_APPLICABLE"", ""reason"": ""no quantity semantics are involved""}, ""crs_geometry_area"": {""status"": ""NOT_APPLICABLE"", ""reason"": ""not required""}, ""spectral_semantics"": {""status"": ""NOT_APPLICABLE"", ""reason"": ""not required""}, ""processing_quality"": {""status"": ""NOT_APPLICABLE"", ""reason"": ""not required""}, ""vertical_semantics"": {""status"": ""NOT_APPLICABLE"", ""reason"": ""not required""}, ""temporal_causality"": {""status"": ""NOT_APPLICABLE"", ""reason"": ""not required""}, ""evaluation_independence"": {""status"": ""NOT_APPLICABLE"", ""reason"": ""not required""}, ""nodata_physical_domain"": {""status"": ""NOT_APPLICABLE"", ""reason"": ""not required""}, ""uncertainty_fitness"": {""status"": ""NOT_APPLICABLE"", ""reason"": ""not required""}}","cloud mask is required, sensor comparison is performed, and geodesic area is calculated","{
  ""obligations"": {
    ""provenance"": {""status"":""PASS"",""reason"":""authoritative-product is supplied""},
    ""categorical_semantics"": {""status"":""NOT_APPLICABLE"",""reason"":""no categorical operation is involved""},
    ""spatial_support_resolution"": {""status"":""PASS"",""reason"":""resolution is supplied""},
    ""units_quantity"": {""status"":""NOT_APPLICABLE"",""reason"":""no quantity semantics are involved""},
    ""crs_geometry_area"": {""status"":""NOT_APPLICABLE"",""reason"":""not required""},
    ""spectral_semantics"": {""status"":""NOT_APPLICABLE"",""reason"":""not required""},
    ""processing_quality"": {""status"":""NOT_APPLICABLE"",""reason"":""not required""},
    ""vertical_semantics"": {""status"":""NOT_APPLICABLE"",""reason"":""not required""},
    ""temporal_causality"": {""status"":""NOT_APPLICABLE"",""reason"":""not required""},
    ""evaluation_independence"": {""status"":""NOT_APPLICABLE"",""reason"":""not required""},
    ""nodata_physical_domain"": {""status"":""NOT_APPLICABLE"",""reason"":""not required""},
    ""uncertainty_fitness"": {""status"":""NOT_APPLICABLE"",""reason"":""not required""}
  },
  ""summary"":""cloud mask is required, sensor comparison is performed, and geodesic area is calculated"",
  ""confidence"":5
}"
SGX3_BLIND_landslide_forecast_025,strong_B,mistralai/Mistral-7B-Instruct-v0.3,REFUTED,1.0,5,"{""provenance"": {""status"": ""MISSING_EVIDENCE"", ""reason"": ""required for scientific certification""}, ""categorical_semantics"": {""status"": ""NOT_APPLICABLE"", ""reason"": ""no categorical operation is involved""}, ""spatial_support_resolution"": {""status"": ""NOT_APPLICABLE"", ""reason"": ""not required""}, ""units_quantity"": {""status"": ""NOT_APPLICABLE"", ""reason"": ""not required""}, ""crs_geometry_area"": {""status"": ""NOT_APPLICABLE"", ""reason"": ""not required""}, ""spectral_semantics"": {""status"": ""NOT_APPLICABLE"", ""reason"": ""not required""}, ""processing_quality"": {""status"": ""NOT_APPLICABLE"", ""reason"": ""not required""}, ""vertical_semantics"": {""status"": ""PASS"", ""reason"": ""DSM versus DTM requirements are satisfied""}, ""temporal_causality"": {""status"": ""FAIL"", ""reason"": ""feature is available before decision time""}, ""evaluation_independence"": {""status"": ""NOT_APPLICABLE"", ""reason"": ""no evaluation split is involved""}, ""nodata_physical_domain"": {""status"": ""NOT_APPLICABLE"", ""reason"": ""not required""}, ""uncertainty_fitness"": {""status"": ""NOT_APPLICABLE"", ""reason"": ""not required""}}",landslide forecast workflow does not satisfy provenance requirement,"{
  ""obligations"": {
    ""provenance"": {""status"":""MISSING_EVIDENCE"",""reason"":""required for scientific certification""},
    ""categorical_semantics"": {""status"":""NOT_APPLICABLE"",""reason"":""no categorical operation is involved""},
    ""spatial_support_resolution"": {""status"":""NOT_APPLICABLE"",""reason"":""not required""},
    ""units_quantity"": {""status"":""NOT_APPLICABLE"",""reason"":""not required""},
    ""crs_geometry_area"": {""status"":""NOT_APPLICABLE"",""reason"":""not required""},
    ""spectral_semantics"": {""status"":""NOT_APPLICABLE"",""reason"":""not required""},
    ""processing_quality"": {""status"":""NOT_APPLICABLE"",""reason"":""not required""},
    ""vertical_semantics"": {""status"":""PASS"",""reason"":""DSM versus DTM requirements are satisfied""},
    ""temporal_causality"": {""status"":""FAIL"",""reason"":""feature is available before decision time""},
    ""evaluation_independence"": {""status"":""NOT_APPLICABLE"",""reason"":""no evaluation split is involved""},
    ""nodata_physical_domain"": {""status"":""NOT_APPLICABLE"",""reason"":""not required""},
    ""uncertainty_fitness"": {""status"":""NOT_APPLICABLE"",""reason"":""not required""}
  },
  ""summary"":""landslide forecast workflow does not satisfy provenance requirement"",
  ""confidence"":5
}"
SGX3_DEVELOPMENT_band_grid_mismatch_001,strong_B,mistralai/Mistral-7B-Instruct-v0.3,PROVEN,1.0,5,"{""provenance"": {""status"": ""PASS"", ""reason"": ""authoritative-product""}, ""categorical_semantics"": {""status"": ""NOT_APPLICABLE"", ""reason"": ""continuous data""}, ""spatial_support_resolution"": {""status"": ""PASS"", ""reason"": ""not applicable""}, ""units_quantity"": {""status"": ""NOT_APPLICABLE"", ""reason"": ""not required""}, ""crs_geometry_area"": {""status"": ""NOT_APPLICABLE"", ""reason"": ""not required""}, ""spectral_semantics"": {""status"": ""PASS"", ""reason"": ""explicit alignment""}, ""processing_quality"": {""status"": ""NOT_APPLICABLE"", ""reason"": ""not required""}, ""vertical_semantics"": {""status"": ""NOT_APPLICABLE"", ""reason"": ""not required""}, ""temporal_causality"": {""status"": ""NOT_APPLICABLE"", ""reason"": ""not required""}, ""evaluation_independence"": {""status"": ""NOT_APPLICABLE"", ""reason"": ""not required""}, ""nodata_physical_domain"": {""status"": ""NOT_APPLICABLE"", ""reason"": ""not required""}, ""uncertainty_fitness"": {""status"": ""NOT_APPLICABLE"", ""reason"": ""not required""}}",Spectral index operation with explicit alignment,"{
  ""obligations"": {
    ""provenance"": {""status"":""PASS"",""reason"":""authoritative-product""},
    ""categorical_semantics"": {""status"":""NOT_APPLICABLE"",""reason"":""continuous data""},
    ""spatial_support_resolution"": {""status"":""PASS"",""reason"":""not applicable""},
    ""units_quantity"": {""status"":""NOT_APPLICABLE"",""reason"":""not required""},
    ""crs_geometry_area"": {""status"":""NOT_APPLICABLE"",""reason"":""not required""},
    ""spectral_semantics"": {""status"":""PASS"",""reason"":""explicit alignment""},
    ""processing_quality"": {""status"":""NOT_APPLICABLE"",""reason"":""not required""},
    ""vertical_semantics"": {""status"":""NOT_APPLICABLE"",""reason"":""not required""},
    ""temporal_causality"": {""status"":""NOT_APPLICABLE"",""reason"":""not required""},
    ""evaluation_independence"": {""status"":""NOT_APPLICABLE"",""reason"":""not required""},
    ""nodata_physical_domain"": {""status"":""NOT_APPLICABLE"",""reason"":""not required""},
    ""uncertainty_fitness"": {""status"":""NOT_APPLICABLE"",""reason"":""not required""}
  },
  ""summary"":""Spectral index operation with explicit alignment"",
  ""confidence"":5
}"
SGX3_HELDOUT-FAMILY_temporal_split_overlap_000,strong_B,mistralai/Mistral-7B-Instruct-v0.3,PROVEN,1.0,5,"{""provenance"": {""status"": ""PASS"", ""reason"": ""authoritative-product""}, ""categorical_semantics"": {""status"": ""NOT_APPLICABLE"", ""reason"": ""continuous data""}, ""spatial_support_resolution"": {""status"": ""NOT_APPLICABLE"", ""reason"": ""not required""}, ""units_quantity"": {""status"": ""NOT_APPLICABLE"", ""reason"": ""not required""}, ""crs_geometry_area"": {""status"": ""NOT_APPLICABLE"", ""reason"": ""not required""}, ""spectral_semantics"": {""status"": ""NOT_APPLICABLE"", ""reason"": ""not required""}, ""processing_quality"": {""status"": ""NOT_APPLICABLE"", ""reason"": ""not required""}, ""vertical_semantics"": {""status"": ""NOT_APPLICABLE"", ""reason"": ""not required""}, ""temporal_causality"": {""status"": ""PASS"", ""reason"": ""temporal split is performed""}, ""evaluation_independence"": {""status"": ""NOT_APPLICABLE"", ""reason"": ""not required""}, ""nodata_physical_domain"": {""status"": ""NOT_APPLICABLE"", ""reason"": ""not required""}, ""uncertainty_fitness"": {""status"": ""NOT_APPLICABLE"", ""reason"": ""not required""}}",temporal split performed,"{
  ""obligations"": {
    ""provenance"": {""status"":""PASS"",""reason"":""authoritative-product""},
    ""categorical_semantics"": {""status"":""NOT_APPLICABLE"",""reason"":""continuous data""},
    ""spatial_support_resolution"": {""status"":""NOT_APPLICABLE"",""reason"":""not required""},
    ""units_quantity"": {""status"":""NOT_APPLICABLE"",""reason"":""not required""},
    ""crs_geometry_area"": {""status"":""NOT_APPLICABLE"",""reason"":""not required""},
    ""spectral_semantics"": {""status"":""NOT_APPLICABLE"",""reason"":""not required""},
    ""processing_quality"": {""status"":""NOT_APPLICABLE"",""reason"":""not required""},
    ""vertical_semantics"": {""status"":""NOT_APPLICABLE"",""reason"":""not required""},
    ""temporal_causality"": {""status"":""PASS"",""reason"":""temporal split is performed""},
    ""evaluation_independence"": {""status"":""NOT_APPLICABLE"",""reason"":""not required""},
    ""nodata_physical_domain"": {""status"":""NOT_APPLICABLE"",""reason"":""not required""},
    ""uncertainty_fitness"": {""status"":""NOT_APPLICABLE"",""reason"":""not required""}
  },
  ""summary"":""temporal split performed"",
  ""confidence"":5
}"
SGX3_BLIND_flood_depth_027,strong_B,mistralai/Mistral-7B-Instruct-v0.3,PROVEN,1.0,5,"{""provenance"": {""status"": ""PASS"", ""reason"": ""both artifacts have provenance""}, ""categorical_semantics"": {""status"": ""NOT_APPLICABLE"", ""reason"": ""no categorical data""}, ""spatial_support_resolution"": {""status"": ""NOT_APPLICABLE"", ""reason"": ""no resolution issues""}, ""units_quantity"": {""status"": ""PASS"", ""reason"": ""both quantities are continuous and units are consistent""}, ""crs_geometry_area"": {""status"": ""NOT_APPLICABLE"", ""reason"": ""no CRS/geodesy issues""}, ""spectral_semantics"": {""status"": ""NOT_APPLICABLE"", ""reason"": ""no spectral data""}, ""processing_quality"": {""status"": ""NOT_APPLICABLE"", ""reason"": ""no processing quality issues""}, ""vertical_semantics"": {""status"": ""PASS"", ""reason"": ""both vertical datums are compatible""}, ""temporal_causality"": {""status"": ""NOT_APPLICABLE"", ""reason"": ""no temporal issues""}, ""evaluation_independence"": {""status"": ""NOT_APPLICABLE"", ""reason"": ""no evaluation split""}, ""nodata_physical_domain"": {""status"": ""NOT_APPLICABLE"", ""reason"": ""no NoData issues""}, ""uncertainty_fitness"": {""status"": ""NOT_APPLICABLE"", ""reason"": ""no uncertainty requirement""}}",continuous data combination and unit conversion,"{
  ""obligations"": {
    ""provenance"": {""status"":""PASS"",""reason"":""both artifacts have provenance""},
    ""categorical_semantics"": {""status"":""NOT_APPLICABLE"",""reason"":""no categorical data""},
    ""spatial_support_resolution"": {""status"":""NOT_APPLICABLE"",""reason"":""no resolution issues""},
    ""units_quantity"": {""status"":""PASS"",""reason"":""both quantities are continuous and units are consistent""},
    ""crs_geometry_area"": {""status"":""NOT_APPLICABLE"",""reason"":""no CRS/geodesy issues""},
    ""spectral_semantics"": {""status"":""NOT_APPLICABLE"",""reason"":""no spectral data""},
    ""processing_quality"": {""status"":""NOT_APPLICABLE"",""reason"":""no processing quality issues""},
    ""vertical_semantics"": {""status"":""PASS"",""reason"":""both vertical datums are compatible""},
    ""temporal_causality"": {""status"":""NOT_APPLICABLE"",""reason"":""no temporal issues""},
    ""evaluation_independence"": {""status"":""NOT_APPLICABLE"",""reason"":""no evaluation split""},
    ""nodata_physical_domain"": {""status"":""NOT_APPLICABLE"",""reason"":""no NoData issues""},
    ""uncertainty_fitness"": {""status"":""NOT_APPLICABLE"",""reason"":""no uncertainty requirement""}
  },
  ""summary"":""continuous data combination and unit conversion"",
  ""confidence"":5
}"
SGX3_BLIND_landslide_forecast_021,strong_B,mistralai/Mistral-7B-Instruct-v0.3,REFUTED,1.0,1,"{""provenance"": {""status"": ""MISSING_EVIDENCE"", ""reason"": ""required for scientific certification""}, ""categorical_semantics"": {""status"": ""NOT_APPLICABLE"", ""reason"": ""no categorical operation is involved""}, ""spatial_support_resolution"": {""status"": ""NOT_APPLICABLE"", ""reason"": ""not required""}, ""units_quantity"": {""status"": ""NOT_APPLICABLE"", ""reason"": ""not required""}, ""crs_geometry_area"": {""status"": ""NOT_APPLICABLE"", ""reason"": ""not required""}, ""spectral_semantics"": {""status"": ""NOT_APPLICABLE"", ""reason"": ""not required""}, ""processing_quality"": {""status"": ""NOT_APPLICABLE"", ""reason"": ""not required""}, ""vertical_semantics"": {""status"": ""PASS"", ""reason"": ""DSM versus DTM requirements are satisfied""}, ""temporal_causality"": {""status"": ""FAIL"", ""reason"": ""feature is available before decision time""}, ""evaluation_independence"": {""status"": ""NOT_APPLICABLE"", ""reason"": ""no evaluation split is involved""}, ""nodata_physical_domain"": {""status"": ""NOT_APPLICABLE"", ""reason"": ""not required""}, ""uncertainty_fitness"": {""status"": ""NOT_APPLICABLE"", ""reason"": ""not required""}}","The workflow does not satisfy the provenance obligation, and the rainfall feature is available before the decision time.","{
  ""obligations"": {
    ""provenance"": {""status"":""MISSING_EVIDENCE"",""reason"":""required for scientific certification""},
    ""categorical_semantics"": {""status"":""NOT_APPLICABLE"",""reason"":""no categorical operation is involved""},
    ""spatial_support_resolution"": {""status"":""NOT_APPLICABLE"",""reason"":""not required""},
    ""units_quantity"": {""status"":""NOT_APPLICABLE"",""reason"":""not required""},
    ""crs_geometry_area"": {""status"":""NOT_APPLICABLE"",""reason"":""not required""},
    ""spectral_semantics"": {""status"":""NOT_APPLICABLE"",""reason"":""not required""},
    ""processing_quality"": {""status"":""NOT_APPLICABLE"",""reason"":""not required""},
    ""vertical_semantics"": {""status"":""PASS"",""reason"":""DSM versus DTM requirements are satisfied""},
    ""temporal_causality"": {""status"":""FAIL"",""reason"":""feature is available before decision time""},
    ""evaluation_independence"": {""status"":""NOT_APPLICABLE"",""reason"":""no evaluation split is involved""},
    ""nodata_physical_domain"": {""status"":""NOT_APPLICABLE"",""reason"":""not required""},
    ""uncertainty_fitness"": {""status"":""NOT_APPLICABLE"",""reason"":""not required""}
  },
  ""summary"":""The workflow does not satisfy the provenance obligation, and the rainfall feature is available before the decision time."",
  ""confidence"":1
}"
SGX3_BLIND_flood_depth_012,strong_B,mistralai/Mistral-7B-Instruct-v0.3,PROVEN,1.0,5,"{""provenance"": {""status"": ""PASS"", ""reason"": ""both artifacts have provenance""}, ""categorical_semantics"": {""status"": ""NOT_APPLICABLE"", ""reason"": ""no categorical data""}, ""spatial_support_resolution"": {""status"": ""PASS"", ""reason"": ""both artifacts have resolution""}, ""units_quantity"": {""status"": ""PASS"", ""reason"": ""both artifacts have units and quantity""}, ""crs_geometry_area"": {""status"": ""NOT_APPLICABLE"", ""reason"": ""not required""}, ""spectral_semantics"": {""status"": ""NOT_APPLICABLE"", ""reason"": ""no spectral data""}, ""processing_quality"": {""status"": ""NOT_APPLICABLE"", ""reason"": ""not required""}, ""vertical_semantics"": {""status"": ""PASS"", ""reason"": ""both artifacts have vertical datum""}, ""temporal_causality"": {""status"": ""NOT_APPLICABLE"", ""reason"": ""not required""}, ""evaluation_independence"": {""status"": ""NOT_APPLICABLE"", ""reason"": ""not required""}, ""nodata_physical_domain"": {""status"": ""NOT_APPLICABLE"", ""reason"": ""not required""}, ""uncertainty_fitness"": {""status"": ""NOT_APPLICABLE"", ""reason"": ""not required""}}",combining vertical data and converting units,"{
  ""obligations"": {
    ""provenance"": {""status"":""PASS"",""reason"":""both artifacts have provenance""},
    ""categorical_semantics"": {""status"":""NOT_APPLICABLE"",""reason"":""no categorical data""},
    ""spatial_support_resolution"": {""status"":""PASS"",""reason"":""both artifacts have resolution""},
    ""units_quantity"": {""status"":""PASS"",""reason"":""both artifacts have units and quantity""},
    ""crs_geometry_area"": {""status"":""NOT_APPLICABLE"",""reason"":""not required""},
    ""spectral_semantics"": {""status"":""NOT_APPLICABLE"",""reason"":""no spectral data""},
    ""processing_quality"": {""status"":""NOT_APPLICABLE"",""reason"":""not required""},
    ""vertical_semantics"": {""status"":""PASS"",""reason"":""both artifacts have vertical datum""},
    ""temporal_causality"": {""status"":""NOT_APPLICABLE"",""reason"":""not required""},
    ""evaluation_independence"": {""status"":""NOT_APPLICABLE"",""reason"":""not required""},
    ""nodata_physical_domain"": {""status"":""NOT_APPLICABLE"",""reason"":""not required""},
    ""uncertainty_fitness"": {""status"":""NOT_APPLICABLE"",""reason"":""not required""}
  },
  ""summary"":""combining vertical data and converting units"",
  ""confidence"":5
}"
SGX3_HELDOUT-FAMILY_multisensor_time_mismatch_008,strong_B,mistralai/Mistral-7B-Instruct-v0.3,UNPROVEN,1.0,5,"{""provenance"": {""status"": ""PASS"", ""reason"": ""authoritative-product is supplied""}, ""categorical_semantics"": {""status"": ""NOT_APPLICABLE"", ""reason"": ""no categorical operation is involved""}, ""spatial_support_resolution"": {""status"": ""PASS"", ""reason"": ""native resolution is supplied""}, ""units_quantity"": {""status"": ""NOT_APPLICABLE"", ""reason"": ""not required""}, ""crs_geometry_area"": {""status"": ""PASS"", ""reason"": ""not required""}, ""spectral_semantics"": {""status"": ""NOT_APPLICABLE"", ""reason"": ""not required""}, ""processing_quality"": {""status"": ""NOT_APPLICABLE"", ""reason"": ""not required""}, ""vertical_semantics"": {""status"": ""NOT_APPLICABLE"", ""reason"": ""not required""}, ""temporal_causality"": {""status"": ""MISSING_EVIDENCE"", ""reason"": ""temporal tolerance is supplied but not temporal resolution""}, ""evaluation_independence"": {""status"": ""NOT_APPLICABLE"", ""reason"": ""not required""}, ""nodata_physical_domain"": {""status"": ""NOT_APPLICABLE"", ""reason"": ""not required""}, ""uncertainty_fitness"": {""status"": ""NOT_APPLICABLE"", ""reason"": ""not required""}}",multisensor comparison with temporal tolerance,"{
  ""obligations"": {
    ""provenance"": {""status"":""PASS"",""reason"":""authoritative-product is supplied""},
    ""categorical_semantics"": {""status"":""NOT_APPLICABLE"",""reason"":""no categorical operation is involved""},
    ""spatial_support_resolution"": {""status"":""PASS"",""reason"":""native resolution is supplied""},
    ""units_quantity"": {""status"":""NOT_APPLICABLE"",""reason"":""not required""},
    ""crs_geometry_area"": {""status"":""PASS"",""reason"":""not required""},
    ""spectral_semantics"": {""status"":""NOT_APPLICABLE"",""reason"":""not required""},
    ""processing_quality"": {""status"":""NOT_APPLICABLE"",""reason"":""not required""},
    ""vertical_semantics"": {""status"":""NOT_APPLICABLE"",""reason"":""not required""},
    ""temporal_causality"": {""status"":""MISSING_EVIDENCE"",""reason"":""temporal tolerance is supplied but not temporal resolution""},
    ""evaluation_independence"": {""status"":""NOT_APPLICABLE"",""reason"":""not required""},
    ""nodata_physical_domain"": {""status"":""NOT_APPLICABLE"",""reason"":""not required""},
    ""uncertainty_fitness"": {""status"":""NOT_APPLICABLE"",""reason"":""not required""}
  },
  ""summary"":""multisensor comparison with temporal tolerance"",
  ""confidence"":5
}"
SGX3_DEVELOPMENT_categorical_interpolation_004,strong_B,mistralai/Mistral-7B-Instruct-v0.3,PROVEN,1.0,5,"{""provenance"": {""status"": ""PASS"", ""reason"": ""authoritative-product""}, ""categorical_semantics"": {""status"": ""PASS"", ""reason"": ""nearest-neighbor preserves category identity""}, ""spatial_support_resolution"": {""status"": ""PASS"", ""reason"": ""coarsening does not claim new spatial information""}, ""units_quantity"": {""status"": ""NOT_APPLICABLE"", ""reason"": ""not required""}, ""crs_geometry_area"": {""status"": ""NOT_APPLICABLE"", ""reason"": ""not required""}, ""spectral_semantics"": {""status"": ""NOT_APPLICABLE"", ""reason"": ""not required""}, ""processing_quality"": {""status"": ""NOT_APPLICABLE"", ""reason"": ""not required""}, ""vertical_semantics"": {""status"": ""NOT_APPLICABLE"", ""reason"": ""not required""}, ""temporal_causality"": {""status"": ""NOT_APPLICABLE"", ""reason"": ""not required""}, ""evaluation_independence"": {""status"": ""NOT_APPLICABLE"", ""reason"": ""not required""}, ""nodata_physical_domain"": {""status"": ""NOT_APPLICABLE"", ""reason"": ""not required""}, ""uncertainty_fitness"": {""status"": ""NOT_APPLICABLE"", ""reason"": ""not required""}}",label-preserving categorical coarsening,"{
  ""obligations"": {
    ""provenance"": {""status"":""PASS"",""reason"":""authoritative-product""},
    ""categorical_semantics"": {""status"":""PASS"",""reason"":""nearest-neighbor preserves category identity""},
    ""spatial_support_resolution"": {""status"":""PASS"",""reason"":""coarsening does not claim new spatial information""},
    ""units_quantity"": {""status"":""NOT_APPLICABLE"",""reason"":""not required""},
    ""crs_geometry_area"": {""status"":""NOT_APPLICABLE"",""reason"":""not required""},
    ""spectral_semantics"": {""status"":""NOT_APPLICABLE"",""reason"":""not required""},
    ""processing_quality"": {""status"":""NOT_APPLICABLE"",""reason"":""not required""},
    ""vertical_semantics"": {""status"":""NOT_APPLICABLE"",""reason"":""not required""},
    ""temporal_causality"": {""status"":""NOT_APPLICABLE"",""reason"":""not required""},
    ""evaluation_independence"": {""status"":""NOT_APPLICABLE"",""reason"":""not required""},
    ""nodata_physical_domain"": {""status"":""NOT_APPLICABLE"",""reason"":""not required""},
    ""uncertainty_fitness"": {""status"":""NOT_APPLICABLE"",""reason"":""not required""}
  },
  ""summary"":""label-preserving categorical coarsening"",
  ""confidence"":5
}"
SGX3_BLIND_flood_depth_020,strong_B,mistralai/Mistral-7B-Instruct-v0.3,REFUTED,1.0,5,"{""provenance"": {""status"": ""PASS"", ""reason"": ""both artifacts have provenance""}, ""categorical_semantics"": {""status"": ""NOT_APPLICABLE"", ""reason"": ""no categorical data""}, ""spatial_support_resolution"": {""status"": ""PASS"", ""reason"": ""both artifacts have resolution""}, ""units_quantity"": {""status"": ""FAIL"", ""reason"": ""elevation in m converted to km2, which is not consistent""}, ""crs_geometry_area"": {""status"": ""PASS"", ""reason"": ""both artifacts have CRS""}, ""spectral_semantics"": {""status"": ""NOT_APPLICABLE"", ""reason"": ""no spectral data""}, ""processing_quality"": {""status"": ""NOT_APPLICABLE"", ""reason"": ""no quality metadata""}, ""vertical_semantics"": {""status"": ""MISSING_EVIDENCE"", ""reason"": ""vertical datum compatibility is not established""}, ""temporal_causality"": {""status"": ""NOT_APPLICABLE"", ""reason"": ""no temporal data""}, ""evaluation_independence"": {""status"": ""NOT_APPLICABLE"", ""reason"": ""no evaluation split""}, ""nodata_physical_domain"": {""status"": ""NOT_APPLICABLE"", ""reason"": ""no NoData values""}, ""uncertainty_fitness"": {""status"": ""NOT_APPLICABLE"", ""reason"": ""no uncertainty requirement""}}","elevation converted to inconsistent units, vertical datum compatibility is missing","{
  ""obligations"": {
    ""provenance"": {""status"":""PASS"",""reason"":""both artifacts have provenance""},
    ""categorical_semantics"": {""status"":""NOT_APPLICABLE"",""reason"":""no categorical data""},
    ""spatial_support_resolution"": {""status"":""PASS"",""reason"":""both artifacts have resolution""},
    ""units_quantity"": {""status"":""FAIL"",""reason"":""elevation in m converted to km2, which is not consistent""},
    ""crs_geometry_area"": {""status"":""PASS"",""reason"":""both artifacts have CRS""},
    ""spectral_semantics"": {""status"":""NOT_APPLICABLE"",""reason"":""no spectral data""},
    ""processing_quality"": {""status"":""NOT_APPLICABLE"",""reason"":""no quality metadata""},
    ""vertical_semantics"": {""status"":""MISSING_EVIDENCE"",""reason"":""vertical datum compatibility is not established""},
    ""temporal_causality"": {""status"":""NOT_APPLICABLE"",""reason"":""no temporal data""},
    ""evaluation_independence"": {""status"":""NOT_APPLICABLE"",""reason"":""no evaluation split""},
    ""nodata_physical_domain"": {""status"":""NOT_APPLICABLE"",""reason"":""no NoData values""},
    ""uncertainty_fitness"": {""status"":""NOT_APPLICABLE"",""reason"":""no uncertainty requirement""}
  },
  ""summary"":""elevation converted to inconsistent units, vertical datum compatibility is missing"",
  ""confidence"":5
}"
SGX3_DEVELOPMENT_unsupported_resolution_gain_014,strong_B,mistralai/Mistral-7B-Instruct-v0.3,PROVEN,1.0,5,"{""provenance"": {""status"": ""PASS"", ""reason"": ""authoritative-product""}, ""categorical_semantics"": {""status"": ""NOT_APPLICABLE"", ""reason"": ""continuous data""}, ""spatial_support_resolution"": {""status"": ""PASS"", ""reason"": ""resolution change is not claimed to create new information""}, ""units_quantity"": {""status"": ""NOT_APPLICABLE"", ""reason"": ""not required""}, ""crs_geometry_area"": {""status"": ""NOT_APPLICABLE"", ""reason"": ""not required""}, ""spectral_semantics"": {""status"": ""NOT_APPLICABLE"", ""reason"": ""not required""}, ""processing_quality"": {""status"": ""NOT_APPLICABLE"", ""reason"": ""not required""}, ""vertical_semantics"": {""status"": ""NOT_APPLICABLE"", ""reason"": ""not required""}, ""temporal_causality"": {""status"": ""NOT_APPLICABLE"", ""reason"": ""not required""}, ""evaluation_independence"": {""status"": ""NOT_APPLICABLE"", ""reason"": ""not required""}, ""nodata_physical_domain"": {""status"": ""NOT_APPLICABLE"", ""reason"": ""not required""}, ""uncertainty_fitness"": {""status"": ""NOT_APPLICABLE"", ""reason"": ""not required""}}",label-preserving resampling of continuous data,"{
  ""obligations"": {
    ""provenance"": {""status"":""PASS"",""reason"":""authoritative-product""},
    ""categorical_semantics"": {""status"":""NOT_APPLICABLE"",""reason"":""continuous data""},
    ""spatial_support_resolution"": {""status"":""PASS"",""reason"":""resolution change is not claimed to create new information""},
    ""units_quantity"": {""status"":""NOT_APPLICABLE"",""reason"":""not required""},
    ""crs_geometry_area"": {""status"":""NOT_APPLICABLE"",""reason"":""not required""},
    ""spectral_semantics"": {""status"":""NOT_APPLICABLE"",""reason"":""not required""},
    ""processing_quality"": {""status"":""NOT_APPLICABLE"",""reason"":""not required""},
    ""vertical_semantics"": {""status"":""NOT_APPLICABLE"",""reason"":""not required""},
    ""temporal_causality"": {""status"":""NOT_APPLICABLE"",""reason"":""not required""},
    ""evaluation_independence"": {""status"":""NOT_APPLICABLE"",""reason"":""not required""},
    ""nodata_physical_domain"": {""status"":""NOT_APPLICABLE"",""reason"":""not required""},
    ""uncertainty_fitness"": {""status"":""NOT_APPLICABLE"",""reason"":""not required""}
  },
  ""summary"":""label-preserving resampling of continuous data"",
  ""confidence"":5
}"
SGX3_HELDOUT-FAMILY_temporal_split_overlap_011,strong_B,mistralai/Mistral-7B-Instruct-v0.3,PROVEN,1.0,5,"{""provenance"": {""status"": ""PASS"", ""reason"": ""authoritative-product""}, ""categorical_semantics"": {""status"": ""NOT_APPLICABLE"", ""reason"": ""continuous data""}, ""spatial_support_resolution"": {""status"": ""NOT_APPLICABLE"", ""reason"": ""not required""}, ""units_quantity"": {""status"": ""NOT_APPLICABLE"", ""reason"": ""not required""}, ""crs_geometry_area"": {""status"": ""NOT_APPLICABLE"", ""reason"": ""not required""}, ""spectral_semantics"": {""status"": ""NOT_APPLICABLE"", ""reason"": ""not required""}, ""processing_quality"": {""status"": ""NOT_APPLICABLE"", ""reason"": ""not required""}, ""vertical_semantics"": {""status"": ""NOT_APPLICABLE"", ""reason"": ""not required""}, ""temporal_causality"": {""status"": ""PASS"", ""reason"": ""temporal split is performed""}, ""evaluation_independence"": {""status"": ""NOT_APPLICABLE"", ""reason"": ""not required""}, ""nodata_physical_domain"": {""status"": ""NOT_APPLICABLE"", ""reason"": ""not required""}, ""uncertainty_fitness"": {""status"": ""NOT_APPLICABLE"", ""reason"": ""not required""}}",temporal split performed,"{
  ""obligations"": {
    ""provenance"": {""status"":""PASS"",""reason"":""authoritative-product""},
    ""categorical_semantics"": {""status"":""NOT_APPLICABLE"",""reason"":""continuous data""},
    ""spatial_support_resolution"": {""status"":""NOT_APPLICABLE"",""reason"":""not required""},
    ""units_quantity"": {""status"":""NOT_APPLICABLE"",""reason"":""not required""},
    ""crs_geometry_area"": {""status"":""NOT_APPLICABLE"",""reason"":""not required""},
    ""spectral_semantics"": {""status"":""NOT_APPLICABLE"",""reason"":""not required""},
    ""processing_quality"": {""status"":""NOT_APPLICABLE"",""reason"":""not required""},
    ""vertical_semantics"": {""status"":""NOT_APPLICABLE"",""reason"":""not required""},
    ""temporal_causality"": {""status"":""PASS"",""reason"":""temporal split is performed""},
    ""evaluation_independence"": {""status"":""NOT_APPLICABLE"",""reason"":""not required""},
    ""nodata_physical_domain"": {""status"":""NOT_APPLICABLE"",""reason"":""not required""},
    ""uncertainty_fitness"": {""status"":""NOT_APPLICABLE"",""reason"":""not required""}
  },
  ""summary"":""temporal split performed"",
  ""confidence"":5
}"
SGX3_BLIND_landcover_change_013,strong_B,mistralai/Mistral-7B-Instruct-v0.3,PROVEN,1.0,5,"{""provenance"": {""status"": ""PASS"", ""reason"": ""ESA WorldCover is supplied""}, ""categorical_semantics"": {""status"": ""PASS"", ""reason"": ""no categorical operation is involved""}, ""spatial_support_resolution"": {""status"": ""PASS"", ""reason"": ""resolution is coarsened""}, ""units_quantity"": {""status"": ""NOT_APPLICABLE"", ""reason"": ""not required""}, ""crs_geometry_area"": {""status"": ""NOT_APPLICABLE"", ""reason"": ""not required""}, ""spectral_semantics"": {""status"": ""NOT_APPLICABLE"", ""reason"": ""not required""}, ""processing_quality"": {""status"": ""NOT_APPLICABLE"", ""reason"": ""not required""}, ""vertical_semantics"": {""status"": ""NOT_APPLICABLE"", ""reason"": ""not required""}, ""temporal_causality"": {""status"": ""NOT_APPLICABLE"", ""reason"": ""not required""}, ""evaluation_independence"": {""status"": ""NOT_APPLICABLE"", ""reason"": ""not required""}, ""nodata_physical_domain"": {""status"": ""NOT_APPLICABLE"", ""reason"": ""not required""}, ""uncertainty_fitness"": {""status"": ""NOT_APPLICABLE"", ""reason"": ""not required""}}",label-preserving categorical coarsening,"{
  ""obligations"": {
    ""provenance"": {""status"":""PASS"",""reason"":""ESA WorldCover is supplied""},
    ""categorical_semantics"": {""status"":""PASS"",""reason"":""no categorical operation is involved""},
    ""spatial_support_resolution"": {""status"":""PASS"",""reason"":""resolution is coarsened""},
    ""units_quantity"": {""status"":""NOT_APPLICABLE"",""reason"":""not required""},
    ""crs_geometry_area"": {""status"":""NOT_APPLICABLE"",""reason"":""not required""},
    ""spectral_semantics"": {""status"":""NOT_APPLICABLE"",""reason"":""not required""},
    ""processing_quality"": {""status"":""NOT_APPLICABLE"",""reason"":""not required""},
    ""vertical_semantics"": {""status"":""NOT_APPLICABLE"",""reason"":""not required""},
    ""temporal_causality"": {""status"":""NOT_APPLICABLE"",""reason"":""not required""},
    ""evaluation_independence"": {""status"":""NOT_APPLICABLE"",""reason"":""not required""},
    ""nodata_physical_domain"": {""status"":""NOT_APPLICABLE"",""reason"":""not required""},
    ""uncertainty_fitness"": {""status"":""NOT_APPLICABLE"",""reason"":""not required""}
  },
  ""summary"":""label-preserving categorical coarsening"",
  ""confidence"":5
}"
SGX3_HELDOUT-FAMILY_missing_provenance_001,strong_B,mistralai/Mistral-7B-Instruct-v0.3,UNPROVEN,1.0,5,"{""provenance"": {""status"": ""PASS"", ""reason"": ""official-product""}, ""categorical_semantics"": {""status"": ""NOT_APPLICABLE"", ""reason"": ""continuous data""}, ""spatial_support_resolution"": {""status"": ""NOT_APPLICABLE"", ""reason"": ""not required""}, ""units_quantity"": {""status"": ""NOT_APPLICABLE"", ""reason"": ""not required""}, ""crs_geometry_area"": {""status"": ""NOT_APPLICABLE"", ""reason"": ""not required""}, ""spectral_semantics"": {""status"": ""NOT_APPLICABLE"", ""reason"": ""not required""}, ""processing_quality"": {""status"": ""NOT_APPLICABLE"", ""reason"": ""not required""}, ""vertical_semantics"": {""status"": ""MISSING_EVIDENCE"", ""reason"": ""vertical_datum is absent""}, ""temporal_causality"": {""status"": ""NOT_APPLICABLE"", ""reason"": ""not required""}, ""evaluation_independence"": {""status"": ""NOT_APPLICABLE"", ""reason"": ""not required""}, ""nodata_physical_domain"": {""status"": ""NOT_APPLICABLE"", ""reason"": ""not required""}, ""uncertainty_fitness"": {""status"": ""NOT_APPLICABLE"", ""reason"": ""not required""}}",Missing vertical datum for elevation data,"{
  ""obligations"": {
    ""provenance"": {""status"":""PASS"",""reason"":""official-product""},
    ""categorical_semantics"": {""status"":""NOT_APPLICABLE"",""reason"":""continuous data""},
    ""spatial_support_resolution"": {""status"":""NOT_APPLICABLE"",""reason"":""not required""},
    ""units_quantity"": {""status"":""NOT_APPLICABLE"",""reason"":""not required""},
    ""crs_geometry_area"": {""status"":""NOT_APPLICABLE"",""reason"":""not required""},
    ""spectral_semantics"": {""status"":""NOT_APPLICABLE"",""reason"":""not required""},
    ""processing_quality"": {""status"":""NOT_APPLICABLE"",""reason"":""not required""},
    ""vertical_semantics"": {""status"":""MISSING_EVIDENCE"",""reason"":""vertical_datum is absent""},
    ""temporal_causality"": {""status"":""NOT_APPLICABLE"",""reason"":""not required""},
    ""evaluation_independence"": {""status"":""NOT_APPLICABLE"",""reason"":""not required""},
    ""nodata_physical_domain"": {""status"":""NOT_APPLICABLE"",""reason"":""not required""},
    ""uncertainty_fitness"": {""status"":""NOT_APPLICABLE"",""reason"":""not required""}
  },
  ""summary"":""Missing vertical datum for elevation data"",
  ""confidence"":5
}"
SGX3_BLIND_flood_remote_sensing_018,strong_B,mistralai/Mistral-7B-Instruct-v0.3,PROVEN,1.0,5,"{""provenance"": {""status"": ""PASS"", ""reason"": ""authoritative-product is supplied""}, ""categorical_semantics"": {""status"": ""NOT_APPLICABLE"", ""reason"": ""no categorical operation is involved""}, ""spatial_support_resolution"": {""status"": ""PASS"", ""reason"": ""resolution is supplied""}, ""units_quantity"": {""status"": ""NOT_APPLICABLE"", ""reason"": ""no quantity semantics are involved""}, ""crs_geometry_area"": {""status"": ""NOT_APPLICABLE"", ""reason"": ""not required""}, ""spectral_semantics"": {""status"": ""NOT_APPLICABLE"", ""reason"": ""not required""}, ""processing_quality"": {""status"": ""NOT_APPLICABLE"", ""reason"": ""not required""}, ""vertical_semantics"": {""status"": ""NOT_APPLICABLE"", ""reason"": ""not required""}, ""temporal_causality"": {""status"": ""NOT_APPLICABLE"", ""reason"": ""not required""}, ""evaluation_independence"": {""status"": ""NOT_APPLICABLE"", ""reason"": ""not required""}, ""nodata_physical_domain"": {""status"": ""NOT_APPLICABLE"", ""reason"": ""not required""}, ""uncertainty_fitness"": {""status"": ""NOT_APPLICABLE"", ""reason"": ""not required""}}","cloud mask is applied to SAR data, then area is calculated in planar coordinates","{
  ""obligations"": {
    ""provenance"": {""status"":""PASS"",""reason"":""authoritative-product is supplied""},
    ""categorical_semantics"": {""status"":""NOT_APPLICABLE"",""reason"":""no categorical operation is involved""},
    ""spatial_support_resolution"": {""status"":""PASS"",""reason"":""resolution is supplied""},
    ""units_quantity"": {""status"":""NOT_APPLICABLE"",""reason"":""no quantity semantics are involved""},
    ""crs_geometry_area"": {""status"":""NOT_APPLICABLE"",""reason"":""not required""},
    ""spectral_semantics"": {""status"":""NOT_APPLICABLE"",""reason"":""not required""},
    ""processing_quality"": {""status"":""NOT_APPLICABLE"",""reason"":""not required""},
    ""vertical_semantics"": {""status"":""NOT_APPLICABLE"",""reason"":""not required""},
    ""temporal_causality"": {""status"":""NOT_APPLICABLE"",""reason"":""not required""},
    ""evaluation_independence"": {""status"":""NOT_APPLICABLE"",""reason"":""not required""},
    ""nodata_physical_domain"": {""status"":""NOT_APPLICABLE"",""reason"":""not required""},
    ""uncertainty_fitness"": {""status"":""NOT_APPLICABLE"",""reason"":""not required""}
  },
  ""summary"":""cloud mask is applied to SAR data, then area is calculated in planar coordinates"",
  ""confidence"":5
}"
SGX3_DEVELOPMENT_unsupported_resolution_gain_008,strong_B,mistralai/Mistral-7B-Instruct-v0.3,PROVEN,1.0,5,"{""provenance"": {""status"": ""PASS"", ""reason"": ""authoritative-product is supplied""}, ""categorical_semantics"": {""status"": ""NOT_APPLICABLE"", ""reason"": ""continuous data is involved""}, ""spatial_support_resolution"": {""status"": ""PASS"", ""reason"": ""resolution is provided""}, ""units_quantity"": {""status"": ""NOT_APPLICABLE"", ""reason"": ""unit is not required""}, ""crs_geometry_area"": {""status"": ""NOT_APPLICABLE"", ""reason"": ""not required""}, ""spectral_semantics"": {""status"": ""NOT_APPLICABLE"", ""reason"": ""not required""}, ""processing_quality"": {""status"": ""NOT_APPLICABLE"", ""reason"": ""not required""}, ""vertical_semantics"": {""status"": ""NOT_APPLICABLE"", ""reason"": ""not required""}, ""temporal_causality"": {""status"": ""NOT_APPLICABLE"", ""reason"": ""not required""}, ""evaluation_independence"": {""status"": ""NOT_APPLICABLE"", ""reason"": ""not required""}, ""nodata_physical_domain"": {""status"": ""NOT_APPLICABLE"", ""reason"": ""not required""}, ""uncertainty_fitness"": {""status"": ""NOT_APPLICABLE"", ""reason"": ""not required""}}",label-preserving resampling of continuous data,"{
  ""obligations"": {
    ""provenance"": {""status"":""PASS"",""reason"":""authoritative-product is supplied""},
    ""categorical_semantics"": {""status"":""NOT_APPLICABLE"",""reason"":""continuous data is involved""},
    ""spatial_support_resolution"": {""status"":""PASS"",""reason"":""resolution is provided""},
    ""units_quantity"": {""status"":""NOT_APPLICABLE"",""reason"":""unit is not required""},
    ""crs_geometry_area"": {""status"":""NOT_APPLICABLE"",""reason"":""not required""},
    ""spectral_semantics"": {""status"":""NOT_APPLICABLE"",""reason"":""not required""},
    ""processing_quality"": {""status"":""NOT_APPLICABLE"",""reason"":""not required""},
    ""vertical_semantics"": {""status"":""NOT_APPLICABLE"",""reason"":""not required""},
    ""temporal_causality"": {""status"":""NOT_APPLICABLE"",""reason"":""not required""},
    ""evaluation_independence"": {""status"":""NOT_APPLICABLE"",""reason"":""not required""},
    ""nodata_physical_domain"": {""status"":""NOT_APPLICABLE"",""reason"":""not required""},
    ""uncertainty_fitness"": {""status"":""NOT_APPLICABLE"",""reason"":""not required""}
  },
  ""summary"":""label-preserving resampling of continuous data"",
  ""confidence"":5
}"
SGX3_BLIND_eo_ml_validation_049,strong_B,mistralai/Mistral-7B-Instruct-v0.3,PROVEN,1.0,5,"{""provenance"": {""status"": ""PASS"", ""reason"": ""authoritative-product""}, ""categorical_semantics"": {""status"": ""NOT_APPLICABLE"", ""reason"": ""continuous data""}, ""spatial_support_resolution"": {""status"": ""PASS"", ""reason"": ""not applicable""}, ""units_quantity"": {""status"": ""NOT_APPLICABLE"", ""reason"": ""not applicable""}, ""crs_geometry_area"": {""status"": ""NOT_APPLICABLE"", ""reason"": ""not applicable""}, ""spectral_semantics"": {""status"": ""NOT_APPLICABLE"", ""reason"": ""not applicable""}, ""processing_quality"": {""status"": ""NOT_APPLICABLE"", ""reason"": ""not applicable""}, ""vertical_semantics"": {""status"": ""NOT_APPLICABLE"", ""reason"": ""not applicable""}, ""temporal_causality"": {""status"": ""PASS"", ""reason"": ""temporal split is defined""}, ""evaluation_independence"": {""status"": ""PASS"", ""reason"": ""temporal split is defined""}, ""nodata_physical_domain"": {""status"": ""NOT_APPLICABLE"", ""reason"": ""not applicable""}, ""uncertainty_fitness"": {""status"": ""NOT_APPLICABLE"", ""reason"": ""not applicable""}}",Temporal split operation is performed on continuous data,"{
  ""obligations"": {
    ""provenance"": {""status"":""PASS"",""reason"":""authoritative-product""},
    ""categorical_semantics"": {""status"":""NOT_APPLICABLE"",""reason"":""continuous data""},
    ""spatial_support_resolution"": {""status"":""PASS"",""reason"":""not applicable""},
    ""units_quantity"": {""status"":""NOT_APPLICABLE"",""reason"":""not applicable""},
    ""crs_geometry_area"": {""status"":""NOT_APPLICABLE"",""reason"":""not applicable""},
    ""spectral_semantics"": {""status"":""NOT_APPLICABLE"",""reason"":""not applicable""},
    ""processing_quality"": {""status"":""NOT_APPLICABLE"",""reason"":""not applicable""},
    ""vertical_semantics"": {""status"":""NOT_APPLICABLE"",""reason"":""not applicable""},
    ""temporal_causality"": {""status"":""PASS"",""reason"":""temporal split is defined""},
    ""evaluation_independence"": {""status"":""PASS"",""reason"":""temporal split is defined""},
    ""nodata_physical_domain"": {""status"":""NOT_APPLICABLE"",""reason"":""not applicable""},
    ""uncertainty_fitness"": {""status"":""NOT_APPLICABLE"",""reason"":""not applicable""}
  },
  ""summary"":""Temporal split operation is performed on continuous data"",
  ""confidence"":5
}"
SGX3_DEVELOPMENT_spectral_role_002,strong_B,mistralai/Mistral-7B-Instruct-v0.3,PROVEN,1.0,5,"{""provenance"": {""status"": ""PASS"", ""reason"": ""authoritative-product""}, ""categorical_semantics"": {""status"": ""NOT_APPLICABLE"", ""reason"": ""continuous data""}, ""spatial_support_resolution"": {""status"": ""PASS"", ""reason"": ""not applicable""}, ""units_quantity"": {""status"": ""NOT_APPLICABLE"", ""reason"": ""not required""}, ""crs_geometry_area"": {""status"": ""NOT_APPLICABLE"", ""reason"": ""not required""}, ""spectral_semantics"": {""status"": ""PASS"", ""reason"": ""explicit band roles""}, ""processing_quality"": {""status"": ""NOT_APPLICABLE"", ""reason"": ""not required""}, ""vertical_semantics"": {""status"": ""NOT_APPLICABLE"", ""reason"": ""not required""}, ""temporal_causality"": {""status"": ""NOT_APPLICABLE"", ""reason"": ""not required""}, ""evaluation_independence"": {""status"": ""NOT_APPLICABLE"", ""reason"": ""not required""}, ""nodata_physical_domain"": {""status"": ""NOT_APPLICABLE"", ""reason"": ""not required""}, ""uncertainty_fitness"": {""status"": ""NOT_APPLICABLE"", ""reason"": ""not required""}}",spectral index operation with explicit band roles,"{
  ""obligations"": {
    ""provenance"": {""status"":""PASS"",""reason"":""authoritative-product""},
    ""categorical_semantics"": {""status"":""NOT_APPLICABLE"",""reason"":""continuous data""},
    ""spatial_support_resolution"": {""status"":""PASS"",""reason"":""not applicable""},
    ""units_quantity"": {""status"":""NOT_APPLICABLE"",""reason"":""not required""},
    ""crs_geometry_area"": {""status"":""NOT_APPLICABLE"",""reason"":""not required""},
    ""spectral_semantics"": {""status"":""PASS"",""reason"":""explicit band roles""},
    ""processing_quality"": {""status"":""NOT_APPLICABLE"",""reason"":""not required""},
    ""vertical_semantics"": {""status"":""NOT_APPLICABLE"",""reason"":""not required""},
    ""temporal_causality"": {""status"":""NOT_APPLICABLE"",""reason"":""not required""},
    ""evaluation_independence"": {""status"":""NOT_APPLICABLE"",""reason"":""not required""},
    ""nodata_physical_domain"": {""status"":""NOT_APPLICABLE"",""reason"":""not required""},
    ""uncertainty_fitness"": {""status"":""NOT_APPLICABLE"",""reason"":""not required""}
  },
  ""summary"":""spectral index operation with explicit band roles"",
  ""confidence"":5
}"
SGX3_HELDOUT-FAMILY_rate_sum_without_duration_002,strong_B,mistralai/Mistral-7B-Instruct-v0.3,PROVEN,1.0,5,"{""provenance"": {""status"": ""PASS"", ""reason"": ""authoritative-product is supplied""}, ""categorical_semantics"": {""status"": ""NOT_APPLICABLE"", ""reason"": ""continuous data is involved""}, ""spatial_support_resolution"": {""status"": ""NOT_APPLICABLE"", ""reason"": ""not required""}, ""units_quantity"": {""status"": ""NOT_APPLICABLE"", ""reason"": ""not required""}, ""crs_geometry_area"": {""status"": ""NOT_APPLICABLE"", ""reason"": ""not required""}, ""spectral_semantics"": {""status"": ""NOT_APPLICABLE"", ""reason"": ""not required""}, ""processing_quality"": {""status"": ""NOT_APPLICABLE"", ""reason"": ""not required""}, ""vertical_semantics"": {""status"": ""NOT_APPLICABLE"", ""reason"": ""not required""}, ""temporal_causality"": {""status"": ""NOT_APPLICABLE"", ""reason"": ""not required""}, ""evaluation_independence"": {""status"": ""NOT_APPLICABLE"", ""reason"": ""not required""}, ""nodata_physical_domain"": {""status"": ""NOT_APPLICABLE"", ""reason"": ""not required""}, ""uncertainty_fitness"": {""status"": ""NOT_APPLICABLE"", ""reason"": ""not required""}}",rate sum without duration operation performed on continuous data,"{
  ""obligations"": {
    ""provenance"": {""status"":""PASS"",""reason"":""authoritative-product is supplied""},
    ""categorical_semantics"": {""status"":""NOT_APPLICABLE"",""reason"":""continuous data is involved""},
    ""spatial_support_resolution"": {""status"":""NOT_APPLICABLE"",""reason"":""not required""},
    ""units_quantity"": {""status"":""NOT_APPLICABLE"",""reason"":""not required""},
    ""crs_geometry_area"": {""status"":""NOT_APPLICABLE"",""reason"":""not required""},
    ""spectral_semantics"": {""status"":""NOT_APPLICABLE"",""reason"":""not required""},
    ""processing_quality"": {""status"":""NOT_APPLICABLE"",""reason"":""not required""},
    ""vertical_semantics"": {""status"":""NOT_APPLICABLE"",""reason"":""not required""},
    ""temporal_causality"": {""status"":""NOT_APPLICABLE"",""reason"":""not required""},
    ""evaluation_independence"": {""status"":""NOT_APPLICABLE"",""reason"":""not required""},
    ""nodata_physical_domain"": {""status"":""NOT_APPLICABLE"",""reason"":""not required""},
    ""uncertainty_fitness"": {""status"":""NOT_APPLICABLE"",""reason"":""not required""}
  },
  ""summary"":""rate sum without duration operation performed on continuous data"",
  ""confidence"":5
}"
SGX3_HELDOUT-FAMILY_uncertainty_missing_014,strong_B,mistralai/Mistral-7B-Instruct-v0.3,UNPROVEN,1.0,5,"{""provenance"": {""status"": ""PASS"", ""reason"": ""authoritative-product""}, ""categorical_semantics"": {""status"": ""NOT_APPLICABLE"", ""reason"": ""continuous data""}, ""spatial_support_resolution"": {""status"": ""PASS"", ""reason"": ""native resolution provided""}, ""units_quantity"": {""status"": ""PASS"", ""reason"": ""dimensionless rate is consistent with declared quantity""}, ""crs_geometry_area"": {""status"": ""PASS"", ""reason"": ""EPSG:32643 is a planar CRS""}, ""spectral_semantics"": {""status"": ""NOT_APPLICABLE"", ""reason"": ""no spectral operation or band role specified""}, ""processing_quality"": {""status"": ""NOT_APPLICABLE"", ""reason"": ""no processing level or quality metadata provided""}, ""vertical_semantics"": {""status"": ""MISSING_EVIDENCE"", ""reason"": ""vertical datum is absent""}, ""temporal_causality"": {""status"": ""NOT_APPLICABLE"", ""reason"": ""temporal information is not provided""}, ""evaluation_independence"": {""status"": ""NOT_APPLICABLE"", ""reason"": ""no evaluation split is present""}, ""nodata_physical_domain"": {""status"": ""NOT_APPLICABLE"", ""reason"": ""NoData semantics are not required""}, ""uncertainty_fitness"": {""status"": ""PASS"", ""reason"": ""uncertainty is provided and within the specified tolerance""}}",Continuous hazard probability data with missing vertical datum,"{
  ""obligations"": {
    ""provenance"": {""status"":""PASS"",""reason"":""authoritative-product""},
    ""categorical_semantics"": {""status"":""NOT_APPLICABLE"",""reason"":""continuous data""},
    ""spatial_support_resolution"": {""status"":""PASS"",""reason"":""native resolution provided""},
    ""units_quantity"": {""status"":""PASS"",""reason"":""dimensionless rate is consistent with declared quantity""},
    ""crs_geometry_area"": {""status"":""PASS"",""reason"":""EPSG:32643 is a planar CRS""},
    ""spectral_semantics"": {""status"":""NOT_APPLICABLE"",""reason"":""no spectral operation or band role specified""},
    ""processing_quality"": {""status"":""NOT_APPLICABLE"",""reason"":""no processing level or quality metadata provided""},
    ""vertical_semantics"": {""status"":""MISSING_EVIDENCE"",""reason"":""vertical datum is absent""},
    ""temporal_causality"": {""status"":""NOT_APPLICABLE"",""reason"":""temporal information is not provided""},
    ""evaluation_independence"": {""status"":""NOT_APPLICABLE"",""reason"":""no evaluation split is present""},
    ""nodata_physical_domain"": {""status"":""NOT_APPLICABLE"",""reason"":""NoData semantics are not required""},
    ""uncertainty_fitness"": {""status"":""PASS"",""reason"":""uncertainty is provided and within the specified tolerance""}
  },
  ""summary"":""Continuous hazard probability data with missing vertical datum"",
  ""confidence"":5
}"
SGX3_BLIND_landcover_change_001,strong_B,mistralai/Mistral-7B-Instruct-v0.3,PROVEN,1.0,5,"{""provenance"": {""status"": ""PASS"", ""reason"": ""ESA WorldCover is supplied""}, ""categorical_semantics"": {""status"": ""PASS"", ""reason"": ""label-preserving resampling operation""}, ""spatial_support_resolution"": {""status"": ""PASS"", ""reason"": ""resolution is coarsened""}, ""units_quantity"": {""status"": ""NOT_APPLICABLE"", ""reason"": ""not required""}, ""crs_geometry_area"": {""status"": ""NOT_APPLICABLE"", ""reason"": ""not required""}, ""spectral_semantics"": {""status"": ""NOT_APPLICABLE"", ""reason"": ""not required""}, ""processing_quality"": {""status"": ""NOT_APPLICABLE"", ""reason"": ""not required""}, ""vertical_semantics"": {""status"": ""NOT_APPLICABLE"", ""reason"": ""not required""}, ""temporal_causality"": {""status"": ""NOT_APPLICABLE"", ""reason"": ""not required""}, ""evaluation_independence"": {""status"": ""NOT_APPLICABLE"", ""reason"": ""not required""}, ""nodata_physical_domain"": {""status"": ""NOT_APPLICABLE"", ""reason"": ""not required""}, ""uncertainty_fitness"": {""status"": ""NOT_APPLICABLE"", ""reason"": ""not required""}}",label-preserving categorical coarsening,"{
  ""obligations"": {
    ""provenance"": {""status"":""PASS"",""reason"":""ESA WorldCover is supplied""},
    ""categorical_semantics"": {""status"":""PASS"",""reason"":""label-preserving resampling operation""},
    ""spatial_support_resolution"": {""status"":""PASS"",""reason"":""resolution is coarsened""},
    ""units_quantity"": {""status"":""NOT_APPLICABLE"",""reason"":""not required""},
    ""crs_geometry_area"": {""status"":""NOT_APPLICABLE"",""reason"":""not required""},
    ""spectral_semantics"": {""status"":""NOT_APPLICABLE"",""reason"":""not required""},
    ""processing_quality"": {""status"":""NOT_APPLICABLE"",""reason"":""not required""},
    ""vertical_semantics"": {""status"":""NOT_APPLICABLE"",""reason"":""not required""},
    ""temporal_causality"": {""status"":""NOT_APPLICABLE"",""reason"":""not required""},
    ""evaluation_independence"": {""status"":""NOT_APPLICABLE"",""reason"":""not required""},
    ""nodata_physical_domain"": {""status"":""NOT_APPLICABLE"",""reason"":""not required""},
    ""uncertainty_fitness"": {""status"":""NOT_APPLICABLE"",""reason"":""not required""}
  },
  ""summary"":""label-preserving categorical coarsening"",
  ""confidence"":5
}"
SGX3_BLIND_landcover_change_044,strong_B,mistralai/Mistral-7B-Instruct-v0.3,PROVEN,1.0,5,"{""provenance"": {""status"": ""PASS"", ""reason"": ""ESA WorldCover is supplied""}, ""categorical_semantics"": {""status"": ""PASS"", ""reason"": ""mode preserves category identity""}, ""spatial_support_resolution"": {""status"": ""PASS"", ""reason"": ""coarsening does not claim new spatial information""}, ""units_quantity"": {""status"": ""NOT_APPLICABLE"", ""reason"": ""not required""}, ""crs_geometry_area"": {""status"": ""NOT_APPLICABLE"", ""reason"": ""not required""}, ""spectral_semantics"": {""status"": ""NOT_APPLICABLE"", ""reason"": ""not required""}, ""processing_quality"": {""status"": ""NOT_APPLICABLE"", ""reason"": ""not required""}, ""vertical_semantics"": {""status"": ""NOT_APPLICABLE"", ""reason"": ""not required""}, ""temporal_causality"": {""status"": ""NOT_APPLICABLE"", ""reason"": ""not required""}, ""evaluation_independence"": {""status"": ""NOT_APPLICABLE"", ""reason"": ""not required""}, ""nodata_physical_domain"": {""status"": ""NOT_APPLICABLE"", ""reason"": ""not required""}, ""uncertainty_fitness"": {""status"": ""NOT_APPLICABLE"", ""reason"": ""not required""}}",label-preserving categorical coarsening,"{
  ""obligations"": {
    ""provenance"": {""status"":""PASS"",""reason"":""ESA WorldCover is supplied""},
    ""categorical_semantics"": {""status"":""PASS"",""reason"":""mode preserves category identity""},
    ""spatial_support_resolution"": {""status"":""PASS"",""reason"":""coarsening does not claim new spatial information""},
    ""units_quantity"": {""status"":""NOT_APPLICABLE"",""reason"":""not required""},
    ""crs_geometry_area"": {""status"":""NOT_APPLICABLE"",""reason"":""not required""},
    ""spectral_semantics"": {""status"":""NOT_APPLICABLE"",""reason"":""not required""},
    ""processing_quality"": {""status"":""NOT_APPLICABLE"",""reason"":""not required""},
    ""vertical_semantics"": {""status"":""NOT_APPLICABLE"",""reason"":""not required""},
    ""temporal_causality"": {""status"":""NOT_APPLICABLE"",""reason"":""not required""},
    ""evaluation_independence"": {""status"":""NOT_APPLICABLE"",""reason"":""not required""},
    ""nodata_physical_domain"": {""status"":""NOT_APPLICABLE"",""reason"":""not required""},
    ""uncertainty_fitness"": {""status"":""NOT_APPLICABLE"",""reason"":""not required""}
  },
  ""summary"":""label-preserving categorical coarsening"",
  ""confidence"":5
}"
SGX3_BLIND_landcover_change_043,strong_B,mistralai/Mistral-7B-Instruct-v0.3,PROVEN,1.0,5,"{""provenance"": {""status"": ""PASS"", ""reason"": ""ESA WorldCover is supplied""}, ""categorical_semantics"": {""status"": ""PASS"", ""reason"": ""no categorical operation is involved""}, ""spatial_support_resolution"": {""status"": ""PASS"", ""reason"": ""resolution is coarsened""}, ""units_quantity"": {""status"": ""NOT_APPLICABLE"", ""reason"": ""not required""}, ""crs_geometry_area"": {""status"": ""NOT_APPLICABLE"", ""reason"": ""not required""}, ""spectral_semantics"": {""status"": ""NOT_APPLICABLE"", ""reason"": ""not required""}, ""processing_quality"": {""status"": ""NOT_APPLICABLE"", ""reason"": ""not required""}, ""vertical_semantics"": {""status"": ""NOT_APPLICABLE"", ""reason"": ""not required""}, ""temporal_causality"": {""status"": ""NOT_APPLICABLE"", ""reason"": ""not required""}, ""evaluation_independence"": {""status"": ""NOT_APPLICABLE"", ""reason"": ""not required""}, ""nodata_physical_domain"": {""status"": ""NOT_APPLICABLE"", ""reason"": ""not required""}, ""uncertainty_fitness"": {""status"": ""NOT_APPLICABLE"", ""reason"": ""not required""}}",label-preserving categorical coarsening,"{
  ""obligations"": {
    ""provenance"": {""status"":""PASS"",""reason"":""ESA WorldCover is supplied""},
    ""categorical_semantics"": {""status"":""PASS"",""reason"":""no categorical operation is involved""},
    ""spatial_support_resolution"": {""status"":""PASS"",""reason"":""resolution is coarsened""},
    ""units_quantity"": {""status"":""NOT_APPLICABLE"",""reason"":""not required""},
    ""crs_geometry_area"": {""status"":""NOT_APPLICABLE"",""reason"":""not required""},
    ""spectral_semantics"": {""status"":""NOT_APPLICABLE"",""reason"":""not required""},
    ""processing_quality"": {""status"":""NOT_APPLICABLE"",""reason"":""not required""},
    ""vertical_semantics"": {""status"":""NOT_APPLICABLE"",""reason"":""not required""},
    ""temporal_causality"": {""status"":""NOT_APPLICABLE"",""reason"":""not required""},
    ""evaluation_independence"": {""status"":""NOT_APPLICABLE"",""reason"":""not required""},
    ""nodata_physical_domain"": {""status"":""NOT_APPLICABLE"",""reason"":""not required""},
    ""uncertainty_fitness"": {""status"":""NOT_APPLICABLE"",""reason"":""not required""}
  },
  ""summary"":""label-preserving categorical coarsening"",
  ""confidence"":5
}"
SGX3_BLIND_landslide_forecast_036,strong_B,mistralai/Mistral-7B-Instruct-v0.3,REFUTED,1.0,5,"{""provenance"": {""status"": ""MISSING_EVIDENCE"", ""reason"": ""required for scientific certification""}, ""categorical_semantics"": {""status"": ""NOT_APPLICABLE"", ""reason"": ""no categorical operation is involved""}, ""spatial_support_resolution"": {""status"": ""NOT_APPLICABLE"", ""reason"": ""not required""}, ""units_quantity"": {""status"": ""NOT_APPLICABLE"", ""reason"": ""not required""}, ""crs_geometry_area"": {""status"": ""NOT_APPLICABLE"", ""reason"": ""not required""}, ""spectral_semantics"": {""status"": ""NOT_APPLICABLE"", ""reason"": ""not required""}, ""processing_quality"": {""status"": ""NOT_APPLICABLE"", ""reason"": ""not required""}, ""vertical_semantics"": {""status"": ""PASS"", ""reason"": ""DSM versus DTM requirements are satisfied""}, ""temporal_causality"": {""status"": ""FAIL"", ""reason"": ""feature is available after decision time""}, ""evaluation_independence"": {""status"": ""NOT_APPLICABLE"", ""reason"": ""not required""}, ""nodata_physical_domain"": {""status"": ""NOT_APPLICABLE"", ""reason"": ""not required""}, ""uncertainty_fitness"": {""status"": ""NOT_APPLICABLE"", ""reason"": ""not required""}}",The workflow does not satisfy the temporal causality obligation.,"{
  ""obligations"": {
    ""provenance"": {""status"":""MISSING_EVIDENCE"",""reason"":""required for scientific certification""},
    ""categorical_semantics"": {""status"":""NOT_APPLICABLE"",""reason"":""no categorical operation is involved""},
    ""spatial_support_resolution"": {""status"":""NOT_APPLICABLE"",""reason"":""not required""},
    ""units_quantity"": {""status"":""NOT_APPLICABLE"",""reason"":""not required""},
    ""crs_geometry_area"": {""status"":""NOT_APPLICABLE"",""reason"":""not required""},
    ""spectral_semantics"": {""status"":""NOT_APPLICABLE"",""reason"":""not required""},
    ""processing_quality"": {""status"":""NOT_APPLICABLE"",""reason"":""not required""},
    ""vertical_semantics"": {""status"":""PASS"",""reason"":""DSM versus DTM requirements are satisfied""},
    ""temporal_causality"": {""status"":""FAIL"",""reason"":""feature is available after decision time""},
    ""evaluation_independence"": {""status"":""NOT_APPLICABLE"",""reason"":""not required""},
    ""nodata_physical_domain"": {""status"":""NOT_APPLICABLE"",""reason"":""not required""},
    ""uncertainty_fitness"": {""status"":""NOT_APPLICABLE"",""reason"":""not required""}
  },
  ""summary"":""The workflow does not satisfy the temporal causality obligation."",
  ""confidence"":5
}"
SGX3_HELDOUT-FAMILY_uncertainty_missing_008,strong_B,mistralai/Mistral-7B-Instruct-v0.3,UNPROVEN,1.0,5,"{""provenance"": {""status"": ""PASS"", ""reason"": ""authoritative-product""}, ""categorical_semantics"": {""status"": ""NOT_APPLICABLE"", ""reason"": ""continuous data""}, ""spatial_support_resolution"": {""status"": ""PASS"", ""reason"": ""native resolution provided""}, ""units_quantity"": {""status"": ""PASS"", ""reason"": ""dimensionless rate is consistent with declared quantity""}, ""crs_geometry_area"": {""status"": ""PASS"", ""reason"": ""EPSG:32643 is a planar CRS""}, ""spectral_semantics"": {""status"": ""NOT_APPLICABLE"", ""reason"": ""no spectral operation or band role specified""}, ""processing_quality"": {""status"": ""NOT_APPLICABLE"", ""reason"": ""no processing level or quality metadata provided""}, ""vertical_semantics"": {""status"": ""MISSING_EVIDENCE"", ""reason"": ""vertical datum is absent""}, ""temporal_causality"": {""status"": ""NOT_APPLICABLE"", ""reason"": ""temporal information is not provided""}, ""evaluation_independence"": {""status"": ""NOT_APPLICABLE"", ""reason"": ""no evaluation split is present""}, ""nodata_physical_domain"": {""status"": ""NOT_APPLICABLE"", ""reason"": ""NoData semantics are not required""}, ""uncertainty_fitness"": {""status"": ""PASS"", ""reason"": ""uncertainty is provided and within the specified tolerance""}}",Continuous hazard probability data with missing vertical datum,"{
  ""obligations"": {
    ""provenance"": {""status"":""PASS"",""reason"":""authoritative-product""},
    ""categorical_semantics"": {""status"":""NOT_APPLICABLE"",""reason"":""continuous data""},
    ""spatial_support_resolution"": {""status"":""PASS"",""reason"":""native resolution provided""},
    ""units_quantity"": {""status"":""PASS"",""reason"":""dimensionless rate is consistent with declared quantity""},
    ""crs_geometry_area"": {""status"":""PASS"",""reason"":""EPSG:32643 is a planar CRS""},
    ""spectral_semantics"": {""status"":""NOT_APPLICABLE"",""reason"":""no spectral operation or band role specified""},
    ""processing_quality"": {""status"":""NOT_APPLICABLE"",""reason"":""no processing level or quality metadata provided""},
    ""vertical_semantics"": {""status"":""MISSING_EVIDENCE"",""reason"":""vertical datum is absent""},
    ""temporal_causality"": {""status"":""NOT_APPLICABLE"",""reason"":""temporal information is not provided""},
    ""evaluation_independence"": {""status"":""NOT_APPLICABLE"",""reason"":""no evaluation split is present""},
    ""nodata_physical_domain"": {""status"":""NOT_APPLICABLE"",""reason"":""NoData semantics are not required""},
    ""uncertainty_fitness"": {""status"":""PASS"",""reason"":""uncertainty is provided and within the specified tolerance""}
  },
  ""summary"":""Continuous hazard probability data with missing vertical datum"",
  ""confidence"":5
}"
SGX3_BLIND_flood_depth_002,strong_B,mistralai/Mistral-7B-Instruct-v0.3,UNPROVEN,1.0,5,"{""provenance"": {""status"": ""PASS"", ""reason"": ""both artifacts have provenance""}, ""categorical_semantics"": {""status"": ""NOT_APPLICABLE"", ""reason"": ""no categorical data""}, ""spatial_support_resolution"": {""status"": ""PASS"", ""reason"": ""both artifacts have resolution""}, ""units_quantity"": {""status"": ""PASS"", ""reason"": ""both artifacts have units and quantity""}, ""crs_geometry_area"": {""status"": ""NOT_APPLICABLE"", ""reason"": ""not required""}, ""spectral_semantics"": {""status"": ""NOT_APPLICABLE"", ""reason"": ""no spectral data""}, ""processing_quality"": {""status"": ""NOT_APPLICABLE"", ""reason"": ""not required""}, ""vertical_semantics"": {""status"": ""MISSING_EVIDENCE"", ""reason"": ""different vertical datums""}, ""temporal_causality"": {""status"": ""NOT_APPLICABLE"", ""reason"": ""not required""}, ""evaluation_independence"": {""status"": ""NOT_APPLICABLE"", ""reason"": ""not required""}, ""nodata_physical_domain"": {""status"": ""NOT_APPLICABLE"", ""reason"": ""not required""}, ""uncertainty_fitness"": {""status"": ""NOT_APPLICABLE"", ""reason"": ""not required""}}",vertical datum compatibility is missing,"{
  ""obligations"": {
    ""provenance"": {""status"":""PASS"",""reason"":""both artifacts have provenance""},
    ""categorical_semantics"": {""status"":""NOT_APPLICABLE"",""reason"":""no categorical data""},
    ""spatial_support_resolution"": {""status"":""PASS"",""reason"":""both artifacts have resolution""},
    ""units_quantity"": {""status"":""PASS"",""reason"":""both artifacts have units and quantity""},
    ""crs_geometry_area"": {""status"":""NOT_APPLICABLE"",""reason"":""not required""},
    ""spectral_semantics"": {""status"":""NOT_APPLICABLE"",""reason"":""no spectral data""},
    ""processing_quality"": {""status"":""NOT_APPLICABLE"",""reason"":""not required""},
    ""vertical_semantics"": {""status"":""MISSING_EVIDENCE"",""reason"":""different vertical datums""},
    ""temporal_causality"": {""status"":""NOT_APPLICABLE"",""reason"":""not required""},
    ""evaluation_independence"": {""status"":""NOT_APPLICABLE"",""reason"":""not required""},
    ""nodata_physical_domain"": {""status"":""NOT_APPLICABLE"",""reason"":""not required""},
    ""uncertainty_fitness"": {""status"":""NOT_APPLICABLE"",""reason"":""not required""}
  },
  ""summary"":""vertical datum compatibility is missing"",
  ""confidence"":5
}"
SGX3_HELDOUT-FAMILY_uncertainty_missing_011,strong_B,mistralai/Mistral-7B-Instruct-v0.3,UNPROVEN,1.0,5,"{""provenance"": {""status"": ""PASS"", ""reason"": ""authoritative-product""}, ""categorical_semantics"": {""status"": ""NOT_APPLICABLE"", ""reason"": ""continuous data""}, ""spatial_support_resolution"": {""status"": ""PASS"", ""reason"": ""native resolution provided""}, ""units_quantity"": {""status"": ""PASS"", ""reason"": ""dimensionless rate is consistent with declared quantity""}, ""crs_geometry_area"": {""status"": ""PASS"", ""reason"": ""EPSG:32643 is a planar CRS""}, ""spectral_semantics"": {""status"": ""NOT_APPLICABLE"", ""reason"": ""no spectral operation or band role specified""}, ""processing_quality"": {""status"": ""NOT_APPLICABLE"", ""reason"": ""no processing level or quality metadata specified""}, ""vertical_semantics"": {""status"": ""MISSING_EVIDENCE"", ""reason"": ""vertical datum is absent""}, ""temporal_causality"": {""status"": ""NOT_APPLICABLE"", ""reason"": ""temporal information is not provided""}, ""evaluation_independence"": {""status"": ""NOT_APPLICABLE"", ""reason"": ""no evaluation split is present""}, ""nodata_physical_domain"": {""status"": ""NOT_APPLICABLE"", ""reason"": ""NoData semantics are not required""}, ""uncertainty_fitness"": {""status"": ""PASS"", ""reason"": ""uncertainty is provided and within the specified tolerance""}}",Continuous hazard probability data with missing vertical datum,"{
  ""obligations"": {
    ""provenance"": {""status"":""PASS"",""reason"":""authoritative-product""},
    ""categorical_semantics"": {""status"":""NOT_APPLICABLE"",""reason"":""continuous data""},
    ""spatial_support_resolution"": {""status"":""PASS"",""reason"":""native resolution provided""},
    ""units_quantity"": {""status"":""PASS"",""reason"":""dimensionless rate is consistent with declared quantity""},
    ""crs_geometry_area"": {""status"":""PASS"",""reason"":""EPSG:32643 is a planar CRS""},
    ""spectral_semantics"": {""status"":""NOT_APPLICABLE"",""reason"":""no spectral operation or band role specified""},
    ""processing_quality"": {""status"":""NOT_APPLICABLE"",""reason"":""no processing level or quality metadata specified""},
    ""vertical_semantics"": {""status"":""MISSING_EVIDENCE"",""reason"":""vertical datum is absent""},
    ""temporal_causality"": {""status"":""NOT_APPLICABLE"",""reason"":""temporal information is not provided""},
    ""evaluation_independence"": {""status"":""NOT_APPLICABLE"",""reason"":""no evaluation split is present""},
    ""nodata_physical_domain"": {""status"":""NOT_APPLICABLE"",""reason"":""NoData semantics are not required""},
    ""uncertainty_fitness"": {""status"":""PASS"",""reason"":""uncertainty is provided and within the specified tolerance""}
  },
  ""summary"":""Continuous hazard probability data with missing vertical datum"",
  ""confidence"":5
}"
SGX3_HELDOUT-FAMILY_physical_range_violation_000,strong_B,mistralai/Mistral-7B-Instruct-v0.3,PROVEN,1.0,5,"{""provenance"": {""status"": ""PASS"", ""reason"": ""authoritative-product""}, ""categorical_semantics"": {""status"": ""NOT_APPLICABLE"", ""reason"": ""continuous data""}, ""spatial_support_resolution"": {""status"": ""NOT_APPLICABLE"", ""reason"": ""not required""}, ""units_quantity"": {""status"": ""NOT_APPLICABLE"", ""reason"": ""not required""}, ""crs_geometry_area"": {""status"": ""NOT_APPLICABLE"", ""reason"": ""not required""}, ""spectral_semantics"": {""status"": ""NOT_APPLICABLE"", ""reason"": ""not required""}, ""processing_quality"": {""status"": ""NOT_APPLICABLE"", ""reason"": ""not required""}, ""vertical_semantics"": {""status"": ""NOT_APPLICABLE"", ""reason"": ""not required""}, ""temporal_causality"": {""status"": ""NOT_APPLICABLE"", ""reason"": ""not required""}, ""evaluation_independence"": {""status"": ""NOT_APPLICABLE"", ""reason"": ""not required""}, ""nodata_physical_domain"": {""status"": ""NOT_APPLICABLE"", ""reason"": ""not required""}, ""uncertainty_fitness"": {""status"": ""NOT_APPLICABLE"", ""reason"": ""not required""}}",NDVI value range assertion violates observed range,"{
  ""obligations"": {
    ""provenance"": {""status"":""PASS"",""reason"":""authoritative-product""},
    ""categorical_semantics"": {""status"":""NOT_APPLICABLE"",""reason"":""continuous data""},
    ""spatial_support_resolution"": {""status"":""NOT_APPLICABLE"",""reason"":""not required""},
    ""units_quantity"": {""status"":""NOT_APPLICABLE"",""reason"":""not required""},
    ""crs_geometry_area"": {""status"":""NOT_APPLICABLE"",""reason"":""not required""},
    ""spectral_semantics"": {""status"":""NOT_APPLICABLE"",""reason"":""not required""},
    ""processing_quality"": {""status"":""NOT_APPLICABLE"",""reason"":""not required""},
    ""vertical_semantics"": {""status"":""NOT_APPLICABLE"",""reason"":""not required""},
    ""temporal_causality"": {""status"":""NOT_APPLICABLE"",""reason"":""not required""},
    ""evaluation_independence"": {""status"":""NOT_APPLICABLE"",""reason"":""not required""},
    ""nodata_physical_domain"": {""status"":""NOT_APPLICABLE"",""reason"":""not required""},
    ""uncertainty_fitness"": {""status"":""NOT_APPLICABLE"",""reason"":""not required""}
  },
  ""summary"":""NDVI value range assertion violates observed range"",
  ""confidence"":5
}"
SGX3_BLIND_flood_remote_sensing_020,strong_B,mistralai/Mistral-7B-Instruct-v0.3,PROVEN,1.0,5,"{""provenance"": {""status"": ""PASS"", ""reason"": ""authoritative-product is supplied""}, ""categorical_semantics"": {""status"": ""NOT_APPLICABLE"", ""reason"": ""no categorical operation is involved""}, ""spatial_support_resolution"": {""status"": ""PASS"", ""reason"": ""resolution is supplied""}, ""units_quantity"": {""status"": ""NOT_APPLICABLE"", ""reason"": ""no quantity semantics are involved""}, ""crs_geometry_area"": {""status"": ""NOT_APPLICABLE"", ""reason"": ""not required""}, ""spectral_semantics"": {""status"": ""NOT_APPLICABLE"", ""reason"": ""not required""}, ""processing_quality"": {""status"": ""NOT_APPLICABLE"", ""reason"": ""not required""}, ""vertical_semantics"": {""status"": ""NOT_APPLICABLE"", ""reason"": ""not required""}, ""temporal_causality"": {""status"": ""NOT_APPLICABLE"", ""reason"": ""not required""}, ""evaluation_independence"": {""status"": ""NOT_APPLICABLE"", ""reason"": ""not required""}, ""nodata_physical_domain"": {""status"": ""NOT_APPLICABLE"", ""reason"": ""not required""}, ""uncertainty_fitness"": {""status"": ""NOT_APPLICABLE"", ""reason"": ""not required""}}","cloud mask is required, sensor comparison is performed, and area is calculated in planar coordinates","{
  ""obligations"": {
    ""provenance"": {""status"":""PASS"",""reason"":""authoritative-product is supplied""},
    ""categorical_semantics"": {""status"":""NOT_APPLICABLE"",""reason"":""no categorical operation is involved""},
    ""spatial_support_resolution"": {""status"":""PASS"",""reason"":""resolution is supplied""},
    ""units_quantity"": {""status"":""NOT_APPLICABLE"",""reason"":""no quantity semantics are involved""},
    ""crs_geometry_area"": {""status"":""NOT_APPLICABLE"",""reason"":""not required""},
    ""spectral_semantics"": {""status"":""NOT_APPLICABLE"",""reason"":""not required""},
    ""processing_quality"": {""status"":""NOT_APPLICABLE"",""reason"":""not required""},
    ""vertical_semantics"": {""status"":""NOT_APPLICABLE"",""reason"":""not required""},
    ""temporal_causality"": {""status"":""NOT_APPLICABLE"",""reason"":""not required""},
    ""evaluation_independence"": {""status"":""NOT_APPLICABLE"",""reason"":""not required""},
    ""nodata_physical_domain"": {""status"":""NOT_APPLICABLE"",""reason"":""not required""},
    ""uncertainty_fitness"": {""status"":""NOT_APPLICABLE"",""reason"":""not required""}
  },
  ""summary"":""cloud mask is required, sensor comparison is performed, and area is calculated in planar coordinates"",
  ""confidence"":5
}"
SGX3_HELDOUT-FAMILY_vertical_datum_mismatch_002,strong_B,mistralai/Mistral-7B-Instruct-v0.3,REFUTED,1.0,5,"{""provenance"": {""status"": ""PASS"", ""reason"": ""both artifacts have authoritative-product provenance""}, ""categorical_semantics"": {""status"": ""NOT_APPLICABLE"", ""reason"": ""no categorical operation is involved""}, ""spatial_support_resolution"": {""status"": ""PASS"", ""reason"": ""both artifacts have the same resolution""}, ""units_quantity"": {""status"": ""PASS"", ""reason"": ""both artifacts have the same unit and quantity""}, ""crs_geometry_area"": {""status"": ""NOT_APPLICABLE"", ""reason"": ""not required""}, ""spectral_semantics"": {""status"": ""NOT_APPLICABLE"", ""reason"": ""not required""}, ""processing_quality"": {""status"": ""NOT_APPLICABLE"", ""reason"": ""not required""}, ""vertical_semantics"": {""status"": ""FAIL"", ""reason"": ""vertical datum mismatch between elevation and water level""}, ""temporal_causality"": {""status"": ""NOT_APPLICABLE"", ""reason"": ""not required""}, ""evaluation_independence"": {""status"": ""NOT_APPLICABLE"", ""reason"": ""not required""}, ""nodata_physical_domain"": {""status"": ""NOT_APPLICABLE"", ""reason"": ""not required""}, ""uncertainty_fitness"": {""status"": ""NOT_APPLICABLE"", ""reason"": ""not required""}}",vertical datum mismatch between elevation and water level,"{
  ""obligations"": {
    ""provenance"": {""status"":""PASS"",""reason"":""both artifacts have authoritative-product provenance""},
    ""categorical_semantics"": {""status"":""NOT_APPLICABLE"",""reason"":""no categorical operation is involved""},
    ""spatial_support_resolution"": {""status"":""PASS"",""reason"":""both artifacts have the same resolution""},
    ""units_quantity"": {""status"":""PASS"",""reason"":""both artifacts have the same unit and quantity""},
    ""crs_geometry_area"": {""status"":""NOT_APPLICABLE"",""reason"":""not required""},
    ""spectral_semantics"": {""status"":""NOT_APPLICABLE"",""reason"":""not required""},
    ""processing_quality"": {""status"":""NOT_APPLICABLE"",""reason"":""not required""},
    ""vertical_semantics"": {""status"":""FAIL"",""reason"":""vertical datum mismatch between elevation and water level""},
    ""temporal_causality"": {""status"":""NOT_APPLICABLE"",""reason"":""not required""},
    ""evaluation_independence"": {""status"":""NOT_APPLICABLE"",""reason"":""not required""},
    ""nodata_physical_domain"": {""status"":""NOT_APPLICABLE"",""reason"":""not required""},
    ""uncertainty_fitness"": {""status"":""NOT_APPLICABLE"",""reason"":""not required""}
  },
  ""summary"":""vertical datum mismatch between elevation and water level"",
  ""confidence"":5
}"
SGX3_HELDOUT-FAMILY_scene_overlap_leakage_012,strong_B,mistralai/Mistral-7B-Instruct-v0.3,PROVEN,1.0,5,"{""provenance"": {""status"": ""PASS"", ""reason"": ""authoritative-product""}, ""categorical_semantics"": {""status"": ""NOT_APPLICABLE"", ""reason"": ""continuous data""}, ""spatial_support_resolution"": {""status"": ""PASS"", ""reason"": ""not applicable""}, ""units_quantity"": {""status"": ""NOT_APPLICABLE"", ""reason"": ""not required""}, ""crs_geometry_area"": {""status"": ""NOT_APPLICABLE"", ""reason"": ""not required""}, ""spectral_semantics"": {""status"": ""NOT_APPLICABLE"", ""reason"": ""not required""}, ""processing_quality"": {""status"": ""NOT_APPLICABLE"", ""reason"": ""not required""}, ""vertical_semantics"": {""status"": ""NOT_APPLICABLE"", ""reason"": ""not required""}, ""temporal_causality"": {""status"": ""NOT_APPLICABLE"", ""reason"": ""not required""}, ""evaluation_independence"": {""status"": ""NOT_APPLICABLE"", ""reason"": ""not required""}, ""nodata_physical_domain"": {""status"": ""NOT_APPLICABLE"", ""reason"": ""not required""}, ""uncertainty_fitness"": {""status"": ""NOT_APPLICABLE"", ""reason"": ""not required""}}",Scene overlap split operation performed,"{
  ""obligations"": {
    ""provenance"": {""status"":""PASS"",""reason"":""authoritative-product""},
    ""categorical_semantics"": {""status"":""NOT_APPLICABLE"",""reason"":""continuous data""},
    ""spatial_support_resolution"": {""status"":""PASS"",""reason"":""not applicable""},
    ""units_quantity"": {""status"":""NOT_APPLICABLE"",""reason"":""not required""},
    ""crs_geometry_area"": {""status"":""NOT_APPLICABLE"",""reason"":""not required""},
    ""spectral_semantics"": {""status"":""NOT_APPLICABLE"",""reason"":""not required""},
    ""processing_quality"": {""status"":""NOT_APPLICABLE"",""reason"":""not required""},
    ""vertical_semantics"": {""status"":""NOT_APPLICABLE"",""reason"":""not required""},
    ""temporal_causality"": {""status"":""NOT_APPLICABLE"",""reason"":""not required""},
    ""evaluation_independence"": {""status"":""NOT_APPLICABLE"",""reason"":""not required""},
    ""nodata_physical_domain"": {""status"":""NOT_APPLICABLE"",""reason"":""not required""},
    ""uncertainty_fitness"": {""status"":""NOT_APPLICABLE"",""reason"":""not required""}
  },
  ""summary"":""Scene overlap split operation performed"",
  ""confidence"":5
}"
SGX3_BLIND_eo_ml_validation_004,strong_B,mistralai/Mistral-7B-Instruct-v0.3,PROVEN,1.0,5,"{""provenance"": {""status"": ""PASS"", ""reason"": ""authoritative-product""}, ""categorical_semantics"": {""status"": ""NOT_APPLICABLE"", ""reason"": ""continuous data""}, ""spatial_support_resolution"": {""status"": ""PASS"", ""reason"": ""not applicable""}, ""units_quantity"": {""status"": ""NOT_APPLICABLE"", ""reason"": ""not applicable""}, ""crs_geometry_area"": {""status"": ""NOT_APPLICABLE"", ""reason"": ""not applicable""}, ""spectral_semantics"": {""status"": ""NOT_APPLICABLE"", ""reason"": ""not applicable""}, ""processing_quality"": {""status"": ""NOT_APPLICABLE"", ""reason"": ""not applicable""}, ""vertical_semantics"": {""status"": ""NOT_APPLICABLE"", ""reason"": ""not applicable""}, ""temporal_causality"": {""status"": ""NOT_APPLICABLE"", ""reason"": ""not applicable""}, ""evaluation_independence"": {""status"": ""PASS"", ""reason"": ""temporal split""}, ""nodata_physical_domain"": {""status"": ""NOT_APPLICABLE"", ""reason"": ""not applicable""}, ""uncertainty_fitness"": {""status"": ""NOT_APPLICABLE"", ""reason"": ""not applicable""}}",Temporal split of continuous data,"{
  ""obligations"": {
    ""provenance"": {""status"":""PASS"",""reason"":""authoritative-product""},
    ""categorical_semantics"": {""status"":""NOT_APPLICABLE"",""reason"":""continuous data""},
    ""spatial_support_resolution"": {""status"":""PASS"",""reason"":""not applicable""},
    ""units_quantity"": {""status"":""NOT_APPLICABLE"",""reason"":""not applicable""},
    ""crs_geometry_area"": {""status"":""NOT_APPLICABLE"",""reason"":""not applicable""},
    ""spectral_semantics"": {""status"":""NOT_APPLICABLE"",""reason"":""not applicable""},
    ""processing_quality"": {""status"":""NOT_APPLICABLE"",""reason"":""not applicable""},
    ""vertical_semantics"": {""status"":""NOT_APPLICABLE"",""reason"":""not applicable""},
    ""temporal_causality"": {""status"":""NOT_APPLICABLE"",""reason"":""not applicable""},
    ""evaluation_independence"": {""status"":""PASS"",""reason"":""temporal split""},
    ""nodata_physical_domain"": {""status"":""NOT_APPLICABLE"",""reason"":""not applicable""},
    ""uncertainty_fitness"": {""status"":""NOT_APPLICABLE"",""reason"":""not applicable""}
  },
  ""summary"":""Temporal split of continuous data"",
  ""confidence"":5
}"
SGX3_HELDOUT-FAMILY_multisensor_time_mismatch_014,strong_B,mistralai/Mistral-7B-Instruct-v0.3,UNPROVEN,1.0,5,"{""provenance"": {""status"": ""PASS"", ""reason"": ""authoritative-product is supplied""}, ""categorical_semantics"": {""status"": ""NOT_APPLICABLE"", ""reason"": ""no categorical operation is involved""}, ""spatial_support_resolution"": {""status"": ""PASS"", ""reason"": ""native resolution is supplied""}, ""units_quantity"": {""status"": ""NOT_APPLICABLE"", ""reason"": ""not required""}, ""crs_geometry_area"": {""status"": ""PASS"", ""reason"": ""not required""}, ""spectral_semantics"": {""status"": ""NOT_APPLICABLE"", ""reason"": ""not required""}, ""processing_quality"": {""status"": ""NOT_APPLICABLE"", ""reason"": ""not required""}, ""vertical_semantics"": {""status"": ""NOT_APPLICABLE"", ""reason"": ""not required""}, ""temporal_causality"": {""status"": ""MISSING_EVIDENCE"", ""reason"": ""temporal tolerance is supplied but not temporal resolution""}, ""evaluation_independence"": {""status"": ""NOT_APPLICABLE"", ""reason"": ""not required""}, ""nodata_physical_domain"": {""status"": ""NOT_APPLICABLE"", ""reason"": ""not required""}, ""uncertainty_fitness"": {""status"": ""NOT_APPLICABLE"", ""reason"": ""not required""}}",multisensor comparison with temporal tolerance,"{
  ""obligations"": {
    ""provenance"": {""status"":""PASS"",""reason"":""authoritative-product is supplied""},
    ""categorical_semantics"": {""status"":""NOT_APPLICABLE"",""reason"":""no categorical operation is involved""},
    ""spatial_support_resolution"": {""status"":""PASS"",""reason"":""native resolution is supplied""},
    ""units_quantity"": {""status"":""NOT_APPLICABLE"",""reason"":""not required""},
    ""crs_geometry_area"": {""status"":""PASS"",""reason"":""not required""},
    ""spectral_semantics"": {""status"":""NOT_APPLICABLE"",""reason"":""not required""},
    ""processing_quality"": {""status"":""NOT_APPLICABLE"",""reason"":""not required""},
    ""vertical_semantics"": {""status"":""NOT_APPLICABLE"",""reason"":""not required""},
    ""temporal_causality"": {""status"":""MISSING_EVIDENCE"",""reason"":""temporal tolerance is supplied but not temporal resolution""},
    ""evaluation_independence"": {""status"":""NOT_APPLICABLE"",""reason"":""not required""},
    ""nodata_physical_domain"": {""status"":""NOT_APPLICABLE"",""reason"":""not required""},
    ""uncertainty_fitness"": {""status"":""NOT_APPLICABLE"",""reason"":""not required""}
  },
  ""summary"":""multisensor comparison with temporal tolerance"",
  ""confidence"":5
}"
SGX3_BLIND_eo_ml_validation_032,strong_B,mistralai/Mistral-7B-Instruct-v0.3,PROVEN,1.0,5,"{""provenance"": {""status"": ""PASS"", ""reason"": ""authoritative-product""}, ""categorical_semantics"": {""status"": ""NOT_APPLICABLE"", ""reason"": ""continuous data""}, ""spatial_support_resolution"": {""status"": ""PASS"", ""reason"": ""native resolution provided""}, ""units_quantity"": {""status"": ""NOT_APPLICABLE"", ""reason"": ""not required""}, ""crs_geometry_area"": {""status"": ""NOT_APPLICABLE"", ""reason"": ""not required""}, ""spectral_semantics"": {""status"": ""NOT_APPLICABLE"", ""reason"": ""not required""}, ""processing_quality"": {""status"": ""NOT_APPLICABLE"", ""reason"": ""not required""}, ""vertical_semantics"": {""status"": ""NOT_APPLICABLE"", ""reason"": ""not required""}, ""temporal_causality"": {""status"": ""NOT_APPLICABLE"", ""reason"": ""not required""}, ""evaluation_independence"": {""status"": ""NOT_APPLICABLE"", ""reason"": ""not required""}, ""nodata_physical_domain"": {""status"": ""NOT_APPLICABLE"", ""reason"": ""not required""}, ""uncertainty_fitness"": {""status"": ""NOT_APPLICABLE"", ""reason"": ""not required""}}",eo_ml_validation workflow does not require additional constraints,"{
  ""obligations"": {
    ""provenance"": {""status"":""PASS"",""reason"":""authoritative-product""},
    ""categorical_semantics"": {""status"":""NOT_APPLICABLE"",""reason"":""continuous data""},
    ""spatial_support_resolution"": {""status"":""PASS"",""reason"":""native resolution provided""},
    ""units_quantity"": {""status"":""NOT_APPLICABLE"",""reason"":""not required""},
    ""crs_geometry_area"": {""status"":""NOT_APPLICABLE"",""reason"":""not required""},
    ""spectral_semantics"": {""status"":""NOT_APPLICABLE"",""reason"":""not required""},
    ""processing_quality"": {""status"":""NOT_APPLICABLE"",""reason"":""not required""},
    ""vertical_semantics"": {""status"":""NOT_APPLICABLE"",""reason"":""not required""},
    ""temporal_causality"": {""status"":""NOT_APPLICABLE"",""reason"":""not required""},
    ""evaluation_independence"": {""status"":""NOT_APPLICABLE"",""reason"":""not required""},
    ""nodata_physical_domain"": {""status"":""NOT_APPLICABLE"",""reason"":""not required""},
    ""uncertainty_fitness"": {""status"":""NOT_APPLICABLE"",""reason"":""not required""}
  },
  ""summary"":""eo_ml_validation workflow does not require additional constraints"",
  ""confidence"":5
}"
SGX3_HELDOUT-FAMILY_uncertainty_missing_009,strong_B,mistralai/Mistral-7B-Instruct-v0.3,UNPROVEN,1.0,5,"{""provenance"": {""status"": ""PASS"", ""reason"": ""authoritative-product""}, ""categorical_semantics"": {""status"": ""NOT_APPLICABLE"", ""reason"": ""continuous data""}, ""spatial_support_resolution"": {""status"": ""PASS"", ""reason"": ""native resolution provided""}, ""units_quantity"": {""status"": ""PASS"", ""reason"": ""dimensionless rate is consistent with declared quantity""}, ""crs_geometry_area"": {""status"": ""PASS"", ""reason"": ""EPSG:32643 is a planar CRS""}, ""spectral_semantics"": {""status"": ""NOT_APPLICABLE"", ""reason"": ""no spectral data""}, ""processing_quality"": {""status"": ""NOT_APPLICABLE"", ""reason"": ""no processing level or quality metadata provided""}, ""vertical_semantics"": {""status"": ""MISSING_EVIDENCE"", ""reason"": ""no vertical datum provided""}, ""temporal_causality"": {""status"": ""NOT_APPLICABLE"", ""reason"": ""no temporal data provided""}, ""evaluation_independence"": {""status"": ""NOT_APPLICABLE"", ""reason"": ""no evaluation split provided""}, ""nodata_physical_domain"": {""status"": ""NOT_APPLICABLE"", ""reason"": ""no NoData semantics provided""}, ""uncertainty_fitness"": {""status"": ""PASS"", ""reason"": ""uncertainty provided and fits max_uncertainty constraint""}}",operational decision based on authoritative hazard probability data with known uncertainty,"{
  ""obligations"": {
    ""provenance"": {""status"":""PASS"",""reason"":""authoritative-product""},
    ""categorical_semantics"": {""status"":""NOT_APPLICABLE"",""reason"":""continuous data""},
    ""spatial_support_resolution"": {""status"":""PASS"",""reason"":""native resolution provided""},
    ""units_quantity"": {""status"":""PASS"",""reason"":""dimensionless rate is consistent with declared quantity""},
    ""crs_geometry_area"": {""status"":""PASS"",""reason"":""EPSG:32643 is a planar CRS""},
    ""spectral_semantics"": {""status"":""NOT_APPLICABLE"",""reason"":""no spectral data""},
    ""processing_quality"": {""status"":""NOT_APPLICABLE"",""reason"":""no processing level or quality metadata provided""},
    ""vertical_semantics"": {""status"":""MISSING_EVIDENCE"",""reason"":""no vertical datum provided""},
    ""temporal_causality"": {""status"":""NOT_APPLICABLE"",""reason"":""no temporal data provided""},
    ""evaluation_independence"": {""status"":""NOT_APPLICABLE"",""reason"":""no evaluation split provided""},
    ""nodata_physical_domain"": {""status"":""NOT_APPLICABLE"",""reason"":""no NoData semantics provided""},
    ""uncertainty_fitness"": {""status"":""PASS"",""reason"":""uncertainty provided and fits max_uncertainty constraint""}
  },
  ""summary"":""operational decision based on authoritative hazard probability data with known uncertainty"",
  ""confidence"":5
}"
SGX3_BLIND_flood_depth_006,strong_B,mistralai/Mistral-7B-Instruct-v0.3,PROVEN,1.0,5,"{""provenance"": {""status"": ""PASS"", ""reason"": ""both artifacts have provenance""}, ""categorical_semantics"": {""status"": ""NOT_APPLICABLE"", ""reason"": ""no categorical data""}, ""spatial_support_resolution"": {""status"": ""PASS"", ""reason"": ""both artifacts have resolution""}, ""units_quantity"": {""status"": ""PASS"", ""reason"": ""both artifacts have units and quantity""}, ""crs_geometry_area"": {""status"": ""NOT_APPLICABLE"", ""reason"": ""not required""}, ""spectral_semantics"": {""status"": ""NOT_APPLICABLE"", ""reason"": ""no spectral data""}, ""processing_quality"": {""status"": ""NOT_APPLICABLE"", ""reason"": ""not required""}, ""vertical_semantics"": {""status"": ""PASS"", ""reason"": ""both artifacts have vertical datum""}, ""temporal_causality"": {""status"": ""NOT_APPLICABLE"", ""reason"": ""not required""}, ""evaluation_independence"": {""status"": ""NOT_APPLICABLE"", ""reason"": ""not required""}, ""nodata_physical_domain"": {""status"": ""NOT_APPLICABLE"", ""reason"": ""not required""}, ""uncertainty_fitness"": {""status"": ""NOT_APPLICABLE"", ""reason"": ""not required""}}",combining vertical data and converting units,"{
  ""obligations"": {
    ""provenance"": {""status"":""PASS"",""reason"":""both artifacts have provenance""},
    ""categorical_semantics"": {""status"":""NOT_APPLICABLE"",""reason"":""no categorical data""},
    ""spatial_support_resolution"": {""status"":""PASS"",""reason"":""both artifacts have resolution""},
    ""units_quantity"": {""status"":""PASS"",""reason"":""both artifacts have units and quantity""},
    ""crs_geometry_area"": {""status"":""NOT_APPLICABLE"",""reason"":""not required""},
    ""spectral_semantics"": {""status"":""NOT_APPLICABLE"",""reason"":""no spectral data""},
    ""processing_quality"": {""status"":""NOT_APPLICABLE"",""reason"":""not required""},
    ""vertical_semantics"": {""status"":""PASS"",""reason"":""both artifacts have vertical datum""},
    ""temporal_causality"": {""status"":""NOT_APPLICABLE"",""reason"":""not required""},
    ""evaluation_independence"": {""status"":""NOT_APPLICABLE"",""reason"":""not required""},
    ""nodata_physical_domain"": {""status"":""NOT_APPLICABLE"",""reason"":""not required""},
    ""uncertainty_fitness"": {""status"":""NOT_APPLICABLE"",""reason"":""not required""}
  },
  ""summary"":""combining vertical data and converting units"",
  ""confidence"":5
}"
SGX3_DEVELOPMENT_future_information_007,strong_B,mistralai/Mistral-7B-Instruct-v0.3,REFUTED,1.0,5,"{""provenance"": {""status"": ""PASS"", ""reason"": ""authoritative-product is supplied""}, ""categorical_semantics"": {""status"": ""NOT_APPLICABLE"", ""reason"": ""continuous data is involved""}, ""spatial_support_resolution"": {""status"": ""NOT_APPLICABLE"", ""reason"": ""not required""}, ""units_quantity"": {""status"": ""NOT_APPLICABLE"", ""reason"": ""not required""}, ""crs_geometry_area"": {""status"": ""NOT_APPLICABLE"", ""reason"": ""not required""}, ""spectral_semantics"": {""status"": ""NOT_APPLICABLE"", ""reason"": ""not required""}, ""processing_quality"": {""status"": ""NOT_APPLICABLE"", ""reason"": ""not required""}, ""vertical_semantics"": {""status"": ""MISSING_EVIDENCE"", ""reason"": ""vertical datum is absent""}, ""temporal_causality"": {""status"": ""FAIL"", ""reason"": ""feature is available after decision time""}, ""evaluation_independence"": {""status"": ""NOT_APPLICABLE"", ""reason"": ""not required""}, ""nodata_physical_domain"": {""status"": ""NOT_APPLICABLE"", ""reason"": ""not required""}, ""uncertainty_fitness"": {""status"": ""NOT_APPLICABLE"", ""reason"": ""not required""}}",rainfall prediction with missing vertical datum,"{
  ""obligations"": {
    ""provenance"": {""status"":""PASS"",""reason"":""authoritative-product is supplied""},
    ""categorical_semantics"": {""status"":""NOT_APPLICABLE"",""reason"":""continuous data is involved""},
    ""spatial_support_resolution"": {""status"":""NOT_APPLICABLE"",""reason"":""not required""},
    ""units_quantity"": {""status"":""NOT_APPLICABLE"",""reason"":""not required""},
    ""crs_geometry_area"": {""status"":""NOT_APPLICABLE"",""reason"":""not required""},
    ""spectral_semantics"": {""status"":""NOT_APPLICABLE"",""reason"":""not required""},
    ""processing_quality"": {""status"":""NOT_APPLICABLE"",""reason"":""not required""},
    ""vertical_semantics"": {""status"":""MISSING_EVIDENCE"",""reason"":""vertical datum is absent""},
    ""temporal_causality"": {""status"":""FAIL"",""reason"":""feature is available after decision time""},
    ""evaluation_independence"": {""status"":""NOT_APPLICABLE"",""reason"":""not required""},
    ""nodata_physical_domain"": {""status"":""NOT_APPLICABLE"",""reason"":""not required""},
    ""uncertainty_fitness"": {""status"":""NOT_APPLICABLE"",""reason"":""not required""}
  },
  ""summary"":""rainfall prediction with missing vertical datum"",
  ""confidence"":5
}"
SGX3_HELDOUT-FAMILY_scene_overlap_leakage_009,strong_B,mistralai/Mistral-7B-Instruct-v0.3,PROVEN,1.0,5,"{""provenance"": {""status"": ""PASS"", ""reason"": ""authoritative-product""}, ""categorical_semantics"": {""status"": ""NOT_APPLICABLE"", ""reason"": ""continuous data""}, ""spatial_support_resolution"": {""status"": ""PASS"", ""reason"": ""not applicable""}, ""units_quantity"": {""status"": ""NOT_APPLICABLE"", ""reason"": ""not required""}, ""crs_geometry_area"": {""status"": ""NOT_APPLICABLE"", ""reason"": ""not required""}, ""spectral_semantics"": {""status"": ""NOT_APPLICABLE"", ""reason"": ""not required""}, ""processing_quality"": {""status"": ""NOT_APPLICABLE"", ""reason"": ""not required""}, ""vertical_semantics"": {""status"": ""NOT_APPLICABLE"", ""reason"": ""not required""}, ""temporal_causality"": {""status"": ""NOT_APPLICABLE"", ""reason"": ""not required""}, ""evaluation_independence"": {""status"": ""NOT_APPLICABLE"", ""reason"": ""not required""}, ""nodata_physical_domain"": {""status"": ""NOT_APPLICABLE"", ""reason"": ""not required""}, ""uncertainty_fitness"": {""status"": ""NOT_APPLICABLE"", ""reason"": ""not required""}}",Scene overlap splitting is performed,"{
  ""obligations"": {
    ""provenance"": {""status"":""PASS"",""reason"":""authoritative-product""},
    ""categorical_semantics"": {""status"":""NOT_APPLICABLE"",""reason"":""continuous data""},
    ""spatial_support_resolution"": {""status"":""PASS"",""reason"":""not applicable""},
    ""units_quantity"": {""status"":""NOT_APPLICABLE"",""reason"":""not required""},
    ""crs_geometry_area"": {""status"":""NOT_APPLICABLE"",""reason"":""not required""},
    ""spectral_semantics"": {""status"":""NOT_APPLICABLE"",""reason"":""not required""},
    ""processing_quality"": {""status"":""NOT_APPLICABLE"",""reason"":""not required""},
    ""vertical_semantics"": {""status"":""NOT_APPLICABLE"",""reason"":""not required""},
    ""temporal_causality"": {""status"":""NOT_APPLICABLE"",""reason"":""not required""},
    ""evaluation_independence"": {""status"":""NOT_APPLICABLE"",""reason"":""not required""},
    ""nodata_physical_domain"": {""status"":""NOT_APPLICABLE"",""reason"":""not required""},
    ""uncertainty_fitness"": {""status"":""NOT_APPLICABLE"",""reason"":""not required""}
  },
  ""summary"":""Scene overlap splitting is performed"",
  ""confidence"":5
}"
SGX3_HELDOUT-FAMILY_temporal_split_overlap_005,strong_B,mistralai/Mistral-7B-Instruct-v0.3,PROVEN,1.0,5,"{""provenance"": {""status"": ""PASS"", ""reason"": ""authoritative-product""}, ""categorical_semantics"": {""status"": ""NOT_APPLICABLE"", ""reason"": ""continuous data""}, ""spatial_support_resolution"": {""status"": ""NOT_APPLICABLE"", ""reason"": ""not required""}, ""units_quantity"": {""status"": ""NOT_APPLICABLE"", ""reason"": ""not required""}, ""crs_geometry_area"": {""status"": ""NOT_APPLICABLE"", ""reason"": ""not required""}, ""spectral_semantics"": {""status"": ""NOT_APPLICABLE"", ""reason"": ""not required""}, ""processing_quality"": {""status"": ""NOT_APPLICABLE"", ""reason"": ""not required""}, ""vertical_semantics"": {""status"": ""NOT_APPLICABLE"", ""reason"": ""not required""}, ""temporal_causality"": {""status"": ""PASS"", ""reason"": ""temporal split is performed""}, ""evaluation_independence"": {""status"": ""PASS"", ""reason"": ""temporal split is performed""}, ""nodata_physical_domain"": {""status"": ""NOT_APPLICABLE"", ""reason"": ""not required""}, ""uncertainty_fitness"": {""status"": ""NOT_APPLICABLE"", ""reason"": ""not required""}}",temporal split performed,"{
  ""obligations"": {
    ""provenance"": {""status"":""PASS"",""reason"":""authoritative-product""},
    ""categorical_semantics"": {""status"":""NOT_APPLICABLE"",""reason"":""continuous data""},
    ""spatial_support_resolution"": {""status"":""NOT_APPLICABLE"",""reason"":""not required""},
    ""units_quantity"": {""status"":""NOT_APPLICABLE"",""reason"":""not required""},
    ""crs_geometry_area"": {""status"":""NOT_APPLICABLE"",""reason"":""not required""},
    ""spectral_semantics"": {""status"":""NOT_APPLICABLE"",""reason"":""not required""},
    ""processing_quality"": {""status"":""NOT_APPLICABLE"",""reason"":""not required""},
    ""vertical_semantics"": {""status"":""NOT_APPLICABLE"",""reason"":""not required""},
    ""temporal_causality"": {""status"":""PASS"",""reason"":""temporal split is performed""},
    ""evaluation_independence"": {""status"":""PASS"",""reason"":""temporal split is performed""},
    ""nodata_physical_domain"": {""status"":""NOT_APPLICABLE"",""reason"":""not required""},
    ""uncertainty_fitness"": {""status"":""NOT_APPLICABLE"",""reason"":""not required""}
  },
  ""summary"":""temporal split performed"",
  ""confidence"":5
}"
SGX3_BLIND_eo_ml_validation_021,strong_B,mistralai/Mistral-7B-Instruct-v0.3,PROVEN,1.0,5,"{""provenance"": {""status"": ""PASS"", ""reason"": ""authoritative-product""}, ""categorical_semantics"": {""status"": ""NOT_APPLICABLE"", ""reason"": ""continuous data""}, ""spatial_support_resolution"": {""status"": ""PASS"", ""reason"": ""not applicable""}, ""units_quantity"": {""status"": ""NOT_APPLICABLE"", ""reason"": ""not applicable""}, ""crs_geometry_area"": {""status"": ""NOT_APPLICABLE"", ""reason"": ""not applicable""}, ""spectral_semantics"": {""status"": ""NOT_APPLICABLE"", ""reason"": ""not applicable""}, ""processing_quality"": {""status"": ""NOT_APPLICABLE"", ""reason"": ""not applicable""}, ""vertical_semantics"": {""status"": ""NOT_APPLICABLE"", ""reason"": ""not applicable""}, ""temporal_causality"": {""status"": ""PASS"", ""reason"": ""temporal split is defined""}, ""evaluation_independence"": {""status"": ""PASS"", ""reason"": ""temporal split is defined""}, ""nodata_physical_domain"": {""status"": ""NOT_APPLICABLE"", ""reason"": ""not applicable""}, ""uncertainty_fitness"": {""status"": ""NOT_APPLICABLE"", ""reason"": ""not applicable""}}",Temporal split operation is performed on continuous data,"{
  ""obligations"": {
    ""provenance"": {""status"":""PASS"",""reason"":""authoritative-product""},
    ""categorical_semantics"": {""status"":""NOT_APPLICABLE"",""reason"":""continuous data""},
    ""spatial_support_resolution"": {""status"":""PASS"",""reason"":""not applicable""},
    ""units_quantity"": {""status"":""NOT_APPLICABLE"",""reason"":""not applicable""},
    ""crs_geometry_area"": {""status"":""NOT_APPLICABLE"",""reason"":""not applicable""},
    ""spectral_semantics"": {""status"":""NOT_APPLICABLE"",""reason"":""not applicable""},
    ""processing_quality"": {""status"":""NOT_APPLICABLE"",""reason"":""not applicable""},
    ""vertical_semantics"": {""status"":""NOT_APPLICABLE"",""reason"":""not applicable""},
    ""temporal_causality"": {""status"":""PASS"",""reason"":""temporal split is defined""},
    ""evaluation_independence"": {""status"":""PASS"",""reason"":""temporal split is defined""},
    ""nodata_physical_domain"": {""status"":""NOT_APPLICABLE"",""reason"":""not applicable""},
    ""uncertainty_fitness"": {""status"":""NOT_APPLICABLE"",""reason"":""not applicable""}
  },
  ""summary"":""Temporal split operation is performed on continuous data"",
  ""confidence"":5
}"
SGX3_HELDOUT-FAMILY_unit_dimension_mismatch_002,strong_B,mistralai/Mistral-7B-Instruct-v0.3,PROVEN,1.0,5,"{""provenance"": {""status"": ""PASS"", ""reason"": ""authoritative-product""}, ""categorical_semantics"": {""status"": ""NOT_APPLICABLE"", ""reason"": ""continuous data""}, ""spatial_support_resolution"": {""status"": ""PASS"", ""reason"": ""not applicable""}, ""units_quantity"": {""status"": ""PASS"", ""reason"": ""m to cm conversion preserves dimensional consistency""}, ""crs_geometry_area"": {""status"": ""NOT_APPLICABLE"", ""reason"": ""not required""}, ""spectral_semantics"": {""status"": ""NOT_APPLICABLE"", ""reason"": ""not required""}, ""processing_quality"": {""status"": ""NOT_APPLICABLE"", ""reason"": ""not required""}, ""vertical_semantics"": {""status"": ""NOT_APPLICABLE"", ""reason"": ""not required""}, ""temporal_causality"": {""status"": ""NOT_APPLICABLE"", ""reason"": ""not required""}, ""evaluation_independence"": {""status"": ""NOT_APPLICABLE"", ""reason"": ""not required""}, ""nodata_physical_domain"": {""status"": ""NOT_APPLICABLE"", ""reason"": ""not required""}, ""uncertainty_fitness"": {""status"": ""NOT_APPLICABLE"", ""reason"": ""not required""}}",m to cm unit conversion preserves dimensional consistency,"{
  ""obligations"": {
    ""provenance"": {""status"":""PASS"",""reason"":""authoritative-product""},
    ""categorical_semantics"": {""status"":""NOT_APPLICABLE"",""reason"":""continuous data""},
    ""spatial_support_resolution"": {""status"":""PASS"",""reason"":""not applicable""},
    ""units_quantity"": {""status"":""PASS"",""reason"":""m to cm conversion preserves dimensional consistency""},
    ""crs_geometry_area"": {""status"":""NOT_APPLICABLE"",""reason"":""not required""},
    ""spectral_semantics"": {""status"":""NOT_APPLICABLE"",""reason"":""not required""},
    ""processing_quality"": {""status"":""NOT_APPLICABLE"",""reason"":""not required""},
    ""vertical_semantics"": {""status"":""NOT_APPLICABLE"",""reason"":""not required""},
    ""temporal_causality"": {""status"":""NOT_APPLICABLE"",""reason"":""not required""},
    ""evaluation_independence"": {""status"":""NOT_APPLICABLE"",""reason"":""not required""},
    ""nodata_physical_domain"": {""status"":""NOT_APPLICABLE"",""reason"":""not required""},
    ""uncertainty_fitness"": {""status"":""NOT_APPLICABLE"",""reason"":""not required""}
  },
  ""summary"":""m to cm unit conversion preserves dimensional consistency"",
  ""confidence"":5
}"
SGX3_DEVELOPMENT_categorical_interpolation_002,strong_B,mistralai/Mistral-7B-Instruct-v0.3,PROVEN,1.0,5,"{""provenance"": {""status"": ""PASS"", ""reason"": ""authoritative-product""}, ""categorical_semantics"": {""status"": ""PASS"", ""reason"": ""mode preserves category identity""}, ""spatial_support_resolution"": {""status"": ""PASS"", ""reason"": ""coarsening does not claim new spatial information""}, ""units_quantity"": {""status"": ""NOT_APPLICABLE"", ""reason"": ""not required""}, ""crs_geometry_area"": {""status"": ""NOT_APPLICABLE"", ""reason"": ""not required""}, ""spectral_semantics"": {""status"": ""NOT_APPLICABLE"", ""reason"": ""not required""}, ""processing_quality"": {""status"": ""NOT_APPLICABLE"", ""reason"": ""not required""}, ""vertical_semantics"": {""status"": ""NOT_APPLICABLE"", ""reason"": ""not required""}, ""temporal_causality"": {""status"": ""NOT_APPLICABLE"", ""reason"": ""not required""}, ""evaluation_independence"": {""status"": ""NOT_APPLICABLE"", ""reason"": ""not required""}, ""nodata_physical_domain"": {""status"": ""NOT_APPLICABLE"", ""reason"": ""not required""}, ""uncertainty_fitness"": {""status"": ""NOT_APPLICABLE"", ""reason"": ""not required""}}",label-preserving categorical coarsening,"{
  ""obligations"": {
    ""provenance"": {""status"":""PASS"",""reason"":""authoritative-product""},
    ""categorical_semantics"": {""status"":""PASS"",""reason"":""mode preserves category identity""},
    ""spatial_support_resolution"": {""status"":""PASS"",""reason"":""coarsening does not claim new spatial information""},
    ""units_quantity"": {""status"":""NOT_APPLICABLE"",""reason"":""not required""},
    ""crs_geometry_area"": {""status"":""NOT_APPLICABLE"",""reason"":""not required""},
    ""spectral_semantics"": {""status"":""NOT_APPLICABLE"",""reason"":""not required""},
    ""processing_quality"": {""status"":""NOT_APPLICABLE"",""reason"":""not required""},
    ""vertical_semantics"": {""status"":""NOT_APPLICABLE"",""reason"":""not required""},
    ""temporal_causality"": {""status"":""NOT_APPLICABLE"",""reason"":""not required""},
    ""evaluation_independence"": {""status"":""NOT_APPLICABLE"",""reason"":""not required""},
    ""nodata_physical_domain"": {""status"":""NOT_APPLICABLE"",""reason"":""not required""},
    ""uncertainty_fitness"": {""status"":""NOT_APPLICABLE"",""reason"":""not required""}
  },
  ""summary"":""label-preserving categorical coarsening"",
  ""confidence"":5
}"
SGX3_BLIND_flood_remote_sensing_014,strong_B,mistralai/Mistral-7B-Instruct-v0.3,PROVEN,1.0,5,"{""provenance"": {""status"": ""PASS"", ""reason"": ""authoritative-product is supplied""}, ""categorical_semantics"": {""status"": ""NOT_APPLICABLE"", ""reason"": ""no categorical operation is involved""}, ""spatial_support_resolution"": {""status"": ""PASS"", ""reason"": ""native resolution is supplied""}, ""units_quantity"": {""status"": ""NOT_APPLICABLE"", ""reason"": ""no quantity semantics are involved""}, ""crs_geometry_area"": {""status"": ""NOT_APPLICABLE"", ""reason"": ""not required""}, ""spectral_semantics"": {""status"": ""NOT_APPLICABLE"", ""reason"": ""not required""}, ""processing_quality"": {""status"": ""NOT_APPLICABLE"", ""reason"": ""not required""}, ""vertical_semantics"": {""status"": ""NOT_APPLICABLE"", ""reason"": ""not required""}, ""temporal_causality"": {""status"": ""NOT_APPLICABLE"", ""reason"": ""not required""}, ""evaluation_independence"": {""status"": ""NOT_APPLICABLE"", ""reason"": ""not required""}, ""nodata_physical_domain"": {""status"": ""NOT_APPLICABLE"", ""reason"": ""not required""}, ""uncertainty_fitness"": {""status"": ""NOT_APPLICABLE"", ""reason"": ""not required""}}","cloud mask is required, sensor comparison, and geodesic area calculation","{
  ""obligations"": {
    ""provenance"": {""status"":""PASS"",""reason"":""authoritative-product is supplied""},
    ""categorical_semantics"": {""status"":""NOT_APPLICABLE"",""reason"":""no categorical operation is involved""},
    ""spatial_support_resolution"": {""status"":""PASS"",""reason"":""native resolution is supplied""},
    ""units_quantity"": {""status"":""NOT_APPLICABLE"",""reason"":""no quantity semantics are involved""},
    ""crs_geometry_area"": {""status"":""NOT_APPLICABLE"",""reason"":""not required""},
    ""spectral_semantics"": {""status"":""NOT_APPLICABLE"",""reason"":""not required""},
    ""processing_quality"": {""status"":""NOT_APPLICABLE"",""reason"":""not required""},
    ""vertical_semantics"": {""status"":""NOT_APPLICABLE"",""reason"":""not required""},
    ""temporal_causality"": {""status"":""NOT_APPLICABLE"",""reason"":""not required""},
    ""evaluation_independence"": {""status"":""NOT_APPLICABLE"",""reason"":""not required""},
    ""nodata_physical_domain"": {""status"":""NOT_APPLICABLE"",""reason"":""not required""},
    ""uncertainty_fitness"": {""status"":""NOT_APPLICABLE"",""reason"":""not required""}
  },
  ""summary"":""cloud mask is required, sensor comparison, and geodesic area calculation"",
  ""confidence"":5
}"
SGX3_BLIND_landcover_change_025,strong_B,mistralai/Mistral-7B-Instruct-v0.3,UNPROVEN,1.0,5,"{""provenance"": {""status"": ""MISSING_EVIDENCE"", ""reason"": ""required for scientific certification""}, ""categorical_semantics"": {""status"": ""PASS"", ""reason"": ""label-preserving resampling""}, ""spatial_support_resolution"": {""status"": ""PASS"", ""reason"": ""coarsening does not claim new spatial information""}, ""units_quantity"": {""status"": ""NOT_APPLICABLE"", ""reason"": ""not required""}, ""crs_geometry_area"": {""status"": ""NOT_APPLICABLE"", ""reason"": ""not required""}, ""spectral_semantics"": {""status"": ""NOT_APPLICABLE"", ""reason"": ""not required""}, ""processing_quality"": {""status"": ""NOT_APPLICABLE"", ""reason"": ""not required""}, ""vertical_semantics"": {""status"": ""NOT_APPLICABLE"", ""reason"": ""not required""}, ""temporal_causality"": {""status"": ""NOT_APPLICABLE"", ""reason"": ""not required""}, ""evaluation_independence"": {""status"": ""NOT_APPLICABLE"", ""reason"": ""not required""}, ""nodata_physical_domain"": {""status"": ""NOT_APPLICABLE"", ""reason"": ""not required""}, ""uncertainty_fitness"": {""status"": ""NOT_APPLICABLE"", ""reason"": ""not required""}}",label-preserving categorical coarsening,"{
  ""obligations"": {
    ""provenance"": {""status"":""MISSING_EVIDENCE"",""reason"":""required for scientific certification""},
    ""categorical_semantics"": {""status"":""PASS"",""reason"":""label-preserving resampling""},
    ""spatial_support_resolution"": {""status"":""PASS"",""reason"":""coarsening does not claim new spatial information""},
    ""units_quantity"": {""status"":""NOT_APPLICABLE"",""reason"":""not required""},
    ""crs_geometry_area"": {""status"":""NOT_APPLICABLE"",""reason"":""not required""},
    ""spectral_semantics"": {""status"":""NOT_APPLICABLE"",""reason"":""not required""},
    ""processing_quality"": {""status"":""NOT_APPLICABLE"",""reason"":""not required""},
    ""vertical_semantics"": {""status"":""NOT_APPLICABLE"",""reason"":""not required""},
    ""temporal_causality"": {""status"":""NOT_APPLICABLE"",""reason"":""not required""},
    ""evaluation_independence"": {""status"":""NOT_APPLICABLE"",""reason"":""not required""},
    ""nodata_physical_domain"": {""status"":""NOT_APPLICABLE"",""reason"":""not required""},
    ""uncertainty_fitness"": {""status"":""NOT_APPLICABLE"",""reason"":""not required""}
  },
  ""summary"":""label-preserving categorical coarsening"",
  ""confidence"":5
}"
SGX3_BLIND_flood_remote_sensing_041,strong_B,mistralai/Mistral-7B-Instruct-v0.3,PROVEN,1.0,5,"{""provenance"": {""status"": ""PASS"", ""reason"": ""authoritative-product is supplied""}, ""categorical_semantics"": {""status"": ""NOT_APPLICABLE"", ""reason"": ""no categorical operation is involved""}, ""spatial_support_resolution"": {""status"": ""PASS"", ""reason"": ""native resolution is 10m""}, ""units_quantity"": {""status"": ""NOT_APPLICABLE"", ""reason"": ""no quantity semantics are involved""}, ""crs_geometry_area"": {""status"": ""NOT_APPLICABLE"", ""reason"": ""not required""}, ""spectral_semantics"": {""status"": ""NOT_APPLICABLE"", ""reason"": ""not required""}, ""processing_quality"": {""status"": ""NOT_APPLICABLE"", ""reason"": ""not required""}, ""vertical_semantics"": {""status"": ""NOT_APPLICABLE"", ""reason"": ""not required""}, ""temporal_causality"": {""status"": ""NOT_APPLICABLE"", ""reason"": ""not required""}, ""evaluation_independence"": {""status"": ""NOT_APPLICABLE"", ""reason"": ""not required""}, ""nodata_physical_domain"": {""status"": ""NOT_APPLICABLE"", ""reason"": ""not required""}, ""uncertainty_fitness"": {""status"": ""NOT_APPLICABLE"", ""reason"": ""not required""}}",cloud-masked SAR backscatter comparison and area calculation,"{
  ""obligations"": {
    ""provenance"": {""status"":""PASS"",""reason"":""authoritative-product is supplied""},
    ""categorical_semantics"": {""status"":""NOT_APPLICABLE"",""reason"":""no categorical operation is involved""},
    ""spatial_support_resolution"": {""status"":""PASS"",""reason"":""native resolution is 10m""},
    ""units_quantity"": {""status"":""NOT_APPLICABLE"",""reason"":""no quantity semantics are involved""},
    ""crs_geometry_area"": {""status"":""NOT_APPLICABLE"",""reason"":""not required""},
    ""spectral_semantics"": {""status"":""NOT_APPLICABLE"",""reason"":""not required""},
    ""processing_quality"": {""status"":""NOT_APPLICABLE"",""reason"":""not required""},
    ""vertical_semantics"": {""status"":""NOT_APPLICABLE"",""reason"":""not required""},
    ""temporal_causality"": {""status"":""NOT_APPLICABLE"",""reason"":""not required""},
    ""evaluation_independence"": {""status"":""NOT_APPLICABLE"",""reason"":""not required""},
    ""nodata_physical_domain"": {""status"":""NOT_APPLICABLE"",""reason"":""not required""},
    ""uncertainty_fitness"": {""status"":""NOT_APPLICABLE"",""reason"":""not required""}
  },
  ""summary"":""cloud-masked SAR backscatter comparison and area calculation"",
  ""confidence"":5
}"
SGX3_BLIND_landslide_forecast_006,strong_B,mistralai/Mistral-7B-Instruct-v0.3,REFUTED,1.0,5,"{""provenance"": {""status"": ""PASS"", ""reason"": ""both artifacts have provenance""}, ""categorical_semantics"": {""status"": ""NOT_APPLICABLE"", ""reason"": ""no categorical data""}, ""spatial_support_resolution"": {""status"": ""NOT_APPLICABLE"", ""reason"": ""no resolution requirement""}, ""units_quantity"": {""status"": ""NOT_APPLICABLE"", ""reason"": ""no unit requirement""}, ""crs_geometry_area"": {""status"": ""NOT_APPLICABLE"", ""reason"": ""no CRS requirement""}, ""spectral_semantics"": {""status"": ""NOT_APPLICABLE"", ""reason"": ""no spectral data""}, ""processing_quality"": {""status"": ""NOT_APPLICABLE"", ""reason"": ""no quality requirement""}, ""vertical_semantics"": {""status"": ""PASS"", ""reason"": ""DTM is compatible with landslide forecast""}, ""temporal_causality"": {""status"": ""FAIL"", ""reason"": ""future information leakage""}, ""evaluation_independence"": {""status"": ""NOT_APPLICABLE"", ""reason"": ""no evaluation split""}, ""nodata_physical_domain"": {""status"": ""NOT_APPLICABLE"", ""reason"": ""no NoData requirement""}, ""uncertainty_fitness"": {""status"": ""NOT_APPLICABLE"", ""reason"": ""no uncertainty requirement""}}",landslide forecast requires temporal causality,"{
  ""obligations"": {
    ""provenance"": {""status"":""PASS"",""reason"":""both artifacts have provenance""},
    ""categorical_semantics"": {""status"":""NOT_APPLICABLE"",""reason"":""no categorical data""},
    ""spatial_support_resolution"": {""status"":""NOT_APPLICABLE"",""reason"":""no resolution requirement""},
    ""units_quantity"": {""status"":""NOT_APPLICABLE"",""reason"":""no unit requirement""},
    ""crs_geometry_area"": {""status"":""NOT_APPLICABLE"",""reason"":""no CRS requirement""},
    ""spectral_semantics"": {""status"":""NOT_APPLICABLE"",""reason"":""no spectral data""},
    ""processing_quality"": {""status"":""NOT_APPLICABLE"",""reason"":""no quality requirement""},
    ""vertical_semantics"": {""status"":""PASS"",""reason"":""DTM is compatible with landslide forecast""},
    ""temporal_causality"": {""status"":""FAIL"",""reason"":""future information leakage""},
    ""evaluation_independence"": {""status"":""NOT_APPLICABLE"",""reason"":""no evaluation split""},
    ""nodata_physical_domain"": {""status"":""NOT_APPLICABLE"",""reason"":""no NoData requirement""},
    ""uncertainty_fitness"": {""status"":""NOT_APPLICABLE"",""reason"":""no uncertainty requirement""}
  },
  ""summary"":""landslide forecast requires temporal causality"",
  ""confidence"":5
}"
SGX3_HELDOUT-FAMILY_unit_dimension_mismatch_003,strong_B,mistralai/Mistral-7B-Instruct-v0.3,PROVEN,1.0,5,"{""provenance"": {""status"": ""PASS"", ""reason"": ""authoritative-product""}, ""categorical_semantics"": {""status"": ""NOT_APPLICABLE"", ""reason"": ""continuous data""}, ""spatial_support_resolution"": {""status"": ""NOT_APPLICABLE"", ""reason"": ""not required""}, ""units_quantity"": {""status"": ""PASS"", ""reason"": ""m to km conversion preserves dimensional consistency""}, ""crs_geometry_area"": {""status"": ""NOT_APPLICABLE"", ""reason"": ""not required""}, ""spectral_semantics"": {""status"": ""NOT_APPLICABLE"", ""reason"": ""not required""}, ""processing_quality"": {""status"": ""NOT_APPLICABLE"", ""reason"": ""not required""}, ""vertical_semantics"": {""status"": ""NOT_APPLICABLE"", ""reason"": ""not required""}, ""temporal_causality"": {""status"": ""NOT_APPLICABLE"", ""reason"": ""not required""}, ""evaluation_independence"": {""status"": ""NOT_APPLICABLE"", ""reason"": ""not required""}, ""nodata_physical_domain"": {""status"": ""NOT_APPLICABLE"", ""reason"": ""not required""}, ""uncertainty_fitness"": {""status"": ""NOT_APPLICABLE"", ""reason"": ""not required""}}",m to km unit conversion preserves dimensional consistency,"{
  ""obligations"": {
    ""provenance"": {""status"":""PASS"",""reason"":""authoritative-product""},
    ""categorical_semantics"": {""status"":""NOT_APPLICABLE"",""reason"":""continuous data""},
    ""spatial_support_resolution"": {""status"":""NOT_APPLICABLE"",""reason"":""not required""},
    ""units_quantity"": {""status"":""PASS"",""reason"":""m to km conversion preserves dimensional consistency""},
    ""crs_geometry_area"": {""status"":""NOT_APPLICABLE"",""reason"":""not required""},
    ""spectral_semantics"": {""status"":""NOT_APPLICABLE"",""reason"":""not required""},
    ""processing_quality"": {""status"":""NOT_APPLICABLE"",""reason"":""not required""},
    ""vertical_semantics"": {""status"":""NOT_APPLICABLE"",""reason"":""not required""},
    ""temporal_causality"": {""status"":""NOT_APPLICABLE"",""reason"":""not required""},
    ""evaluation_independence"": {""status"":""NOT_APPLICABLE"",""reason"":""not required""},
    ""nodata_physical_domain"": {""status"":""NOT_APPLICABLE"",""reason"":""not required""},
    ""uncertainty_fitness"": {""status"":""NOT_APPLICABLE"",""reason"":""not required""}
  },
  ""summary"":""m to km unit conversion preserves dimensional consistency"",
  ""confidence"":5
}"
SGX3_HELDOUT-FAMILY_quality_metadata_loss_001,strong_B,mistralai/Mistral-7B-Instruct-v0.3,PROVEN,1.0,5,"{""provenance"": {""status"": ""PASS"", ""reason"": ""authoritative-product is supplied""}, ""categorical_semantics"": {""status"": ""NOT_APPLICABLE"", ""reason"": ""continuous data is involved""}, ""spatial_support_resolution"": {""status"": ""PASS"", ""reason"": ""resolution is supplied""}, ""units_quantity"": {""status"": ""NOT_APPLICABLE"", ""reason"": ""unit is not required""}, ""crs_geometry_area"": {""status"": ""NOT_APPLICABLE"", ""reason"": ""CRS is supplied""}, ""spectral_semantics"": {""status"": ""NOT_APPLICABLE"", ""reason"": ""band_role is not supplied""}, ""processing_quality"": {""status"": ""NOT_APPLICABLE"", ""reason"": ""processing_level is not supplied""}, ""vertical_semantics"": {""status"": ""NOT_APPLICABLE"", ""reason"": ""vertical_datum is not supplied""}, ""temporal_causality"": {""status"": ""NOT_APPLICABLE"", ""reason"": ""temporal_resolution is not supplied""}, ""evaluation_independence"": {""status"": ""NOT_APPLICABLE"", ""reason"": ""no evaluation split is involved""}, ""nodata_physical_domain"": {""status"": ""NOT_APPLICABLE"", ""reason"": ""nodata_semantics is not supplied""}, ""uncertainty_fitness"": {""status"": ""NOT_APPLICABLE"", ""reason"": ""uncertainty is not supplied""}}",dropping quality metadata,"{
  ""obligations"": {
    ""provenance"": {""status"":""PASS"",""reason"":""authoritative-product is supplied""},
    ""categorical_semantics"": {""status"":""NOT_APPLICABLE"",""reason"":""continuous data is involved""},
    ""spatial_support_resolution"": {""status"":""PASS"",""reason"":""resolution is supplied""},
    ""units_quantity"": {""status"":""NOT_APPLICABLE"",""reason"":""unit is not required""},
    ""crs_geometry_area"": {""status"":""NOT_APPLICABLE"",""reason"":""CRS is supplied""},
    ""spectral_semantics"": {""status"":""NOT_APPLICABLE"",""reason"":""band_role is not supplied""},
    ""processing_quality"": {""status"":""NOT_APPLICABLE"",""reason"":""processing_level is not supplied""},
    ""vertical_semantics"": {""status"":""NOT_APPLICABLE"",""reason"":""vertical_datum is not supplied""},
    ""temporal_causality"": {""status"":""NOT_APPLICABLE"",""reason"":""temporal_resolution is not supplied""},
    ""evaluation_independence"": {""status"":""NOT_APPLICABLE"",""reason"":""no evaluation split is involved""},
    ""nodata_physical_domain"": {""status"":""NOT_APPLICABLE"",""reason"":""nodata_semantics is not supplied""},
    ""uncertainty_fitness"": {""status"":""NOT_APPLICABLE"",""reason"":""uncertainty is not supplied""}
  },
  ""summary"":""dropping quality metadata"",
  ""confidence"":5
}"
SGX3_DEVELOPMENT_angular_area_007,strong_B,mistralai/Mistral-7B-Instruct-v0.3,PROVEN,1.0,5,"{""provenance"": {""status"": ""PASS"", ""reason"": ""authoritative-product""}, ""categorical_semantics"": {""status"": ""NOT_APPLICABLE"", ""reason"": ""binary scale""}, ""spatial_support_resolution"": {""status"": ""PASS"", ""reason"": ""20m resolution is supplied""}, ""units_quantity"": {""status"": ""PASS"", ""reason"": ""km2 is a valid unit for area""}, ""crs_geometry_area"": {""status"": ""PASS"", ""reason"": ""EPSG:32644 is a valid CRS""}, ""spectral_semantics"": {""status"": ""NOT_APPLICABLE"", ""reason"": ""binary scale""}, ""processing_quality"": {""status"": ""NOT_APPLICABLE"", ""reason"": ""no processing level is supplied""}, ""vertical_semantics"": {""status"": ""NOT_APPLICABLE"", ""reason"": ""no vertical quantities are involved""}, ""temporal_causality"": {""status"": ""NOT_APPLICABLE"", ""reason"": ""no temporal information is supplied""}, ""evaluation_independence"": {""status"": ""NOT_APPLICABLE"", ""reason"": ""no evaluation split is involved""}, ""nodata_physical_domain"": {""status"": ""NOT_APPLICABLE"", ""reason"": ""no NoData semantics are supplied""}, ""uncertainty_fitness"": {""status"": ""NOT_APPLICABLE"", ""reason"": ""no uncertainty is supplied""}}",Planar area calculation on binary data,"{
  ""obligations"": {
    ""provenance"": {""status"":""PASS"",""reason"":""authoritative-product""},
    ""categorical_semantics"": {""status"":""NOT_APPLICABLE"",""reason"":""binary scale""},
    ""spatial_support_resolution"": {""status"":""PASS"",""reason"":""20m resolution is supplied""},
    ""units_quantity"": {""status"":""PASS"",""reason"":""km2 is a valid unit for area""},
    ""crs_geometry_area"": {""status"":""PASS"",""reason"":""EPSG:32644 is a valid CRS""},
    ""spectral_semantics"": {""status"":""NOT_APPLICABLE"",""reason"":""binary scale""},
    ""processing_quality"": {""status"":""NOT_APPLICABLE"",""reason"":""no processing level is supplied""},
    ""vertical_semantics"": {""status"":""NOT_APPLICABLE"",""reason"":""no vertical quantities are involved""},
    ""temporal_causality"": {""status"":""NOT_APPLICABLE"",""reason"":""no temporal information is supplied""},
    ""evaluation_independence"": {""status"":""NOT_APPLICABLE"",""reason"":""no evaluation split is involved""},
    ""nodata_physical_domain"": {""status"":""NOT_APPLICABLE"",""reason"":""no NoData semantics are supplied""},
    ""uncertainty_fitness"": {""status"":""NOT_APPLICABLE"",""reason"":""no uncertainty is supplied""}
  },
  ""summary"":""Planar area calculation on binary data"",
  ""confidence"":5
}"
SGX3_DEVELOPMENT_angular_area_005,strong_B,mistralai/Mistral-7B-Instruct-v0.3,PROVEN,1.0,5,"{""provenance"": {""status"": ""PASS"", ""reason"": ""authoritative-product""}, ""categorical_semantics"": {""status"": ""NOT_APPLICABLE"", ""reason"": ""binary data, no categorical operation""}, ""spatial_support_resolution"": {""status"": ""PASS"", ""reason"": ""30m resolution is native""}, ""units_quantity"": {""status"": ""PASS"", ""reason"": ""km2 is a valid area unit""}, ""crs_geometry_area"": {""status"": ""PASS"", ""reason"": ""EPSG:32644 is a valid CRS""}, ""spectral_semantics"": {""status"": ""NOT_APPLICABLE"", ""reason"": ""binary data, no spectral operation""}, ""processing_quality"": {""status"": ""NOT_APPLICABLE"", ""reason"": ""no processing level specified""}, ""vertical_semantics"": {""status"": ""NOT_APPLICABLE"", ""reason"": ""no vertical data""}, ""temporal_causality"": {""status"": ""NOT_APPLICABLE"", ""reason"": ""no temporal operation""}, ""evaluation_independence"": {""status"": ""NOT_APPLICABLE"", ""reason"": ""no evaluation split""}, ""nodata_physical_domain"": {""status"": ""NOT_APPLICABLE"", ""reason"": ""no NoData semantics""}, ""uncertainty_fitness"": {""status"": ""NOT_APPLICABLE"", ""reason"": ""no uncertainty specified""}}",Planar area calculation on binary data,"{
  ""obligations"": {
    ""provenance"": {""status"":""PASS"",""reason"":""authoritative-product""},
    ""categorical_semantics"": {""status"":""NOT_APPLICABLE"",""reason"":""binary data, no categorical operation""},
    ""spatial_support_resolution"": {""status"":""PASS"",""reason"":""30m resolution is native""},
    ""units_quantity"": {""status"":""PASS"",""reason"":""km2 is a valid area unit""},
    ""crs_geometry_area"": {""status"":""PASS"",""reason"":""EPSG:32644 is a valid CRS""},
    ""spectral_semantics"": {""status"":""NOT_APPLICABLE"",""reason"":""binary data, no spectral operation""},
    ""processing_quality"": {""status"":""NOT_APPLICABLE"",""reason"":""no processing level specified""},
    ""vertical_semantics"": {""status"":""NOT_APPLICABLE"",""reason"":""no vertical data""},
    ""temporal_causality"": {""status"":""NOT_APPLICABLE"",""reason"":""no temporal operation""},
    ""evaluation_independence"": {""status"":""NOT_APPLICABLE"",""reason"":""no evaluation split""},
    ""nodata_physical_domain"": {""status"":""NOT_APPLICABLE"",""reason"":""no NoData semantics""},
    ""uncertainty_fitness"": {""status"":""NOT_APPLICABLE"",""reason"":""no uncertainty specified""}
  },
  ""summary"":""Planar area calculation on binary data"",
  ""confidence"":5
}"
SGX3_BLIND_eo_ml_validation_015,strong_B,mistralai/Mistral-7B-Instruct-v0.3,PROVEN,1.0,5,"{""provenance"": {""status"": ""PASS"", ""reason"": ""authoritative-product""}, ""categorical_semantics"": {""status"": ""NOT_APPLICABLE"", ""reason"": ""continuous data""}, ""spatial_support_resolution"": {""status"": ""PASS"", ""reason"": ""not applicable""}, ""units_quantity"": {""status"": ""NOT_APPLICABLE"", ""reason"": ""not required""}, ""crs_geometry_area"": {""status"": ""NOT_APPLICABLE"", ""reason"": ""not required""}, ""spectral_semantics"": {""status"": ""NOT_APPLICABLE"", ""reason"": ""not required""}, ""processing_quality"": {""status"": ""NOT_APPLICABLE"", ""reason"": ""not required""}, ""vertical_semantics"": {""status"": ""NOT_APPLICABLE"", ""reason"": ""not required""}, ""temporal_causality"": {""status"": ""NOT_APPLICABLE"", ""reason"": ""not required""}, ""evaluation_independence"": {""status"": ""PASS"", ""reason"": ""scene split""}, ""nodata_physical_domain"": {""status"": ""NOT_APPLICABLE"", ""reason"": ""not required""}, ""uncertainty_fitness"": {""status"": ""NOT_APPLICABLE"", ""reason"": ""not required""}}",Scene split for eo_ml_validation,"{
  ""obligations"": {
    ""provenance"": {""status"":""PASS"",""reason"":""authoritative-product""},
    ""categorical_semantics"": {""status"":""NOT_APPLICABLE"",""reason"":""continuous data""},
    ""spatial_support_resolution"": {""status"":""PASS"",""reason"":""not applicable""},
    ""units_quantity"": {""status"":""NOT_APPLICABLE"",""reason"":""not required""},
    ""crs_geometry_area"": {""status"":""NOT_APPLICABLE"",""reason"":""not required""},
    ""spectral_semantics"": {""status"":""NOT_APPLICABLE"",""reason"":""not required""},
    ""processing_quality"": {""status"":""NOT_APPLICABLE"",""reason"":""not required""},
    ""vertical_semantics"": {""status"":""NOT_APPLICABLE"",""reason"":""not required""},
    ""temporal_causality"": {""status"":""NOT_APPLICABLE"",""reason"":""not required""},
    ""evaluation_independence"": {""status"":""PASS"",""reason"":""scene split""},
    ""nodata_physical_domain"": {""status"":""NOT_APPLICABLE"",""reason"":""not required""},
    ""uncertainty_fitness"": {""status"":""NOT_APPLICABLE"",""reason"":""not required""}
  },
  ""summary"":""Scene split for eo_ml_validation"",
  ""confidence"":5
}"
SGX3_DEVELOPMENT_unsupported_resolution_gain_000,strong_B,mistralai/Mistral-7B-Instruct-v0.3,PROVEN,1.0,5,"{""provenance"": {""status"": ""PASS"", ""reason"": ""authoritative-product""}, ""categorical_semantics"": {""status"": ""NOT_APPLICABLE"", ""reason"": ""continuous data""}, ""spatial_support_resolution"": {""status"": ""PASS"", ""reason"": ""resolution change is not claimed to create new information""}, ""units_quantity"": {""status"": ""NOT_APPLICABLE"", ""reason"": ""not required""}, ""crs_geometry_area"": {""status"": ""NOT_APPLICABLE"", ""reason"": ""not required""}, ""spectral_semantics"": {""status"": ""NOT_APPLICABLE"", ""reason"": ""not required""}, ""processing_quality"": {""status"": ""NOT_APPLICABLE"", ""reason"": ""not required""}, ""vertical_semantics"": {""status"": ""NOT_APPLICABLE"", ""reason"": ""not required""}, ""temporal_causality"": {""status"": ""NOT_APPLICABLE"", ""reason"": ""not required""}, ""evaluation_independence"": {""status"": ""NOT_APPLICABLE"", ""reason"": ""not required""}, ""nodata_physical_domain"": {""status"": ""NOT_APPLICABLE"", ""reason"": ""not required""}, ""uncertainty_fitness"": {""status"": ""NOT_APPLICABLE"", ""reason"": ""not required""}}",label-preserving resampling of continuous data,"{
  ""obligations"": {
    ""provenance"": {""status"":""PASS"",""reason"":""authoritative-product""},
    ""categorical_semantics"": {""status"":""NOT_APPLICABLE"",""reason"":""continuous data""},
    ""spatial_support_resolution"": {""status"":""PASS"",""reason"":""resolution change is not claimed to create new information""},
    ""units_quantity"": {""status"":""NOT_APPLICABLE"",""reason"":""not required""},
    ""crs_geometry_area"": {""status"":""NOT_APPLICABLE"",""reason"":""not required""},
    ""spectral_semantics"": {""status"":""NOT_APPLICABLE"",""reason"":""not required""},
    ""processing_quality"": {""status"":""NOT_APPLICABLE"",""reason"":""not required""},
    ""vertical_semantics"": {""status"":""NOT_APPLICABLE"",""reason"":""not required""},
    ""temporal_causality"": {""status"":""NOT_APPLICABLE"",""reason"":""not required""},
    ""evaluation_independence"": {""status"":""NOT_APPLICABLE"",""reason"":""not required""},
    ""nodata_physical_domain"": {""status"":""NOT_APPLICABLE"",""reason"":""not required""},
    ""uncertainty_fitness"": {""status"":""NOT_APPLICABLE"",""reason"":""not required""}
  },
  ""summary"":""label-preserving resampling of continuous data"",
  ""confidence"":5
}"
SGX3_BLIND_landslide_forecast_010,strong_B,mistralai/Mistral-7B-Instruct-v0.3,REFUTED,1.0,5,"{""provenance"": {""status"": ""PASS"", ""reason"": ""both artifacts have provenance""}, ""categorical_semantics"": {""status"": ""NOT_APPLICABLE"", ""reason"": ""no categorical data""}, ""spatial_support_resolution"": {""status"": ""NOT_APPLICABLE"", ""reason"": ""no resolution requirement""}, ""units_quantity"": {""status"": ""NOT_APPLICABLE"", ""reason"": ""no unit requirement""}, ""crs_geometry_area"": {""status"": ""NOT_APPLICABLE"", ""reason"": ""no CRS requirement""}, ""spectral_semantics"": {""status"": ""NOT_APPLICABLE"", ""reason"": ""no spectral data""}, ""processing_quality"": {""status"": ""NOT_APPLICABLE"", ""reason"": ""no quality requirement""}, ""vertical_semantics"": {""status"": ""PASS"", ""reason"": ""DTM is compatible with landslide forecast""}, ""temporal_causality"": {""status"": ""FAIL"", ""reason"": ""future information leakage""}, ""evaluation_independence"": {""status"": ""NOT_APPLICABLE"", ""reason"": ""no evaluation split""}, ""nodata_physical_domain"": {""status"": ""NOT_APPLICABLE"", ""reason"": ""no NoData requirement""}, ""uncertainty_fitness"": {""status"": ""NOT_APPLICABLE"", ""reason"": ""no uncertainty requirement""}}",landslide forecast requires bare-earth terrain data and has temporal causality violation,"{
  ""obligations"": {
    ""provenance"": {""status"":""PASS"",""reason"":""both artifacts have provenance""},
    ""categorical_semantics"": {""status"":""NOT_APPLICABLE"",""reason"":""no categorical data""},
    ""spatial_support_resolution"": {""status"":""NOT_APPLICABLE"",""reason"":""no resolution requirement""},
    ""units_quantity"": {""status"":""NOT_APPLICABLE"",""reason"":""no unit requirement""},
    ""crs_geometry_area"": {""status"":""NOT_APPLICABLE"",""reason"":""no CRS requirement""},
    ""spectral_semantics"": {""status"":""NOT_APPLICABLE"",""reason"":""no spectral data""},
    ""processing_quality"": {""status"":""NOT_APPLICABLE"",""reason"":""no quality requirement""},
    ""vertical_semantics"": {""status"":""PASS"",""reason"":""DTM is compatible with landslide forecast""},
    ""temporal_causality"": {""status"":""FAIL"",""reason"":""future information leakage""},
    ""evaluation_independence"": {""status"":""NOT_APPLICABLE"",""reason"":""no evaluation split""},
    ""nodata_physical_domain"": {""status"":""NOT_APPLICABLE"",""reason"":""no NoData requirement""},
    ""uncertainty_fitness"": {""status"":""NOT_APPLICABLE"",""reason"":""no uncertainty requirement""}
  },
  ""summary"":""landslide forecast requires bare-earth terrain data and has temporal causality violation"",
  ""confidence"":5
}"
SGX3_BLIND_landslide_forecast_000,strong_B,mistralai/Mistral-7B-Instruct-v0.3,REFUTED,1.0,5,"{""provenance"": {""status"": ""MISSING_EVIDENCE"", ""reason"": ""required for scientific certification""}, ""categorical_semantics"": {""status"": ""NOT_APPLICABLE"", ""reason"": ""no categorical operation is involved""}, ""spatial_support_resolution"": {""status"": ""NOT_APPLICABLE"", ""reason"": ""not required""}, ""units_quantity"": {""status"": ""NOT_APPLICABLE"", ""reason"": ""not required""}, ""crs_geometry_area"": {""status"": ""NOT_APPLICABLE"", ""reason"": ""not required""}, ""spectral_semantics"": {""status"": ""NOT_APPLICABLE"", ""reason"": ""not required""}, ""processing_quality"": {""status"": ""NOT_APPLICABLE"", ""reason"": ""not required""}, ""vertical_semantics"": {""status"": ""PASS"", ""reason"": ""DTM and EGM2008 are compatible""}, ""temporal_causality"": {""status"": ""FAIL"", ""reason"": ""feature is available before decision time""}, ""evaluation_independence"": {""status"": ""NOT_APPLICABLE"", ""reason"": ""no evaluation split is involved""}, ""nodata_physical_domain"": {""status"": ""NOT_APPLICABLE"", ""reason"": ""not required""}, ""uncertainty_fitness"": {""status"": ""NOT_APPLICABLE"", ""reason"": ""not required""}}","The workflow does not satisfy the provenance obligation, and the rainfall feature is available before the decision time.","{
  ""obligations"": {
    ""provenance"": {""status"":""MISSING_EVIDENCE"",""reason"":""required for scientific certification""},
    ""categorical_semantics"": {""status"":""NOT_APPLICABLE"",""reason"":""no categorical operation is involved""},
    ""spatial_support_resolution"": {""status"":""NOT_APPLICABLE"",""reason"":""not required""},
    ""units_quantity"": {""status"":""NOT_APPLICABLE"",""reason"":""not required""},
    ""crs_geometry_area"": {""status"":""NOT_APPLICABLE"",""reason"":""not required""},
    ""spectral_semantics"": {""status"":""NOT_APPLICABLE"",""reason"":""not required""},
    ""processing_quality"": {""status"":""NOT_APPLICABLE"",""reason"":""not required""},
    ""vertical_semantics"": {""status"":""PASS"",""reason"":""DTM and EGM2008 are compatible""},
    ""temporal_causality"": {""status"":""FAIL"",""reason"":""feature is available before decision time""},
    ""evaluation_independence"": {""status"":""NOT_APPLICABLE"",""reason"":""no evaluation split is involved""},
    ""nodata_physical_domain"": {""status"":""NOT_APPLICABLE"",""reason"":""not required""},
    ""uncertainty_fitness"": {""status"":""NOT_APPLICABLE"",""reason"":""not required""}
  },
  ""summary"":""The workflow does not satisfy the provenance obligation, and the rainfall feature is available before the decision time."",
  ""confidence"":5
}"
SGX3_DEVELOPMENT_cloud_mask_missing_001,strong_B,mistralai/Mistral-7B-Instruct-v0.3,PROVEN,1.0,5,"{""provenance"": {""status"": ""PASS"", ""reason"": ""authoritative-product""}, ""categorical_semantics"": {""status"": ""NOT_APPLICABLE"", ""reason"": ""continuous data""}, ""spatial_support_resolution"": {""status"": ""NOT_APPLICABLE"", ""reason"": ""not required""}, ""units_quantity"": {""status"": ""NOT_APPLICABLE"", ""reason"": ""not required""}, ""crs_geometry_area"": {""status"": ""NOT_APPLICABLE"", ""reason"": ""not required""}, ""spectral_semantics"": {""status"": ""NOT_APPLICABLE"", ""reason"": ""not required""}, ""processing_quality"": {""status"": ""NOT_APPLICABLE"", ""reason"": ""not required""}, ""vertical_semantics"": {""status"": ""NOT_APPLICABLE"", ""reason"": ""not required""}, ""temporal_causality"": {""status"": ""NOT_APPLICABLE"", ""reason"": ""not required""}, ""evaluation_independence"": {""status"": ""NOT_APPLICABLE"", ""reason"": ""not required""}, ""nodata_physical_domain"": {""status"": ""NOT_APPLICABLE"", ""reason"": ""not required""}, ""uncertainty_fitness"": {""status"": ""NOT_APPLICABLE"", ""reason"": ""not required""}}","The workflow requires a cloud mask, but the provided data does not have one applied.","{
  ""obligations"": {
    ""provenance"": {""status"":""PASS"",""reason"":""authoritative-product""},
    ""categorical_semantics"": {""status"":""NOT_APPLICABLE"",""reason"":""continuous data""},
    ""spatial_support_resolution"": {""status"":""NOT_APPLICABLE"",""reason"":""not required""},
    ""units_quantity"": {""status"":""NOT_APPLICABLE"",""reason"":""not required""},
    ""crs_geometry_area"": {""status"":""NOT_APPLICABLE"",""reason"":""not required""},
    ""spectral_semantics"": {""status"":""NOT_APPLICABLE"",""reason"":""not required""},
    ""processing_quality"": {""status"":""NOT_APPLICABLE"",""reason"":""not required""},
    ""vertical_semantics"": {""status"":""NOT_APPLICABLE"",""reason"":""not required""},
    ""temporal_causality"": {""status"":""NOT_APPLICABLE"",""reason"":""not required""},
    ""evaluation_independence"": {""status"":""NOT_APPLICABLE"",""reason"":""not required""},
    ""nodata_physical_domain"": {""status"":""NOT_APPLICABLE"",""reason"":""not required""},
    ""uncertainty_fitness"": {""status"":""NOT_APPLICABLE"",""reason"":""not required""}
  },
  ""summary"":""The workflow requires a cloud mask, but the provided data does not have one applied."",
  ""confidence"":5
}"
SGX3_HELDOUT-FAMILY_temporal_split_overlap_006,strong_B,mistralai/Mistral-7B-Instruct-v0.3,PROVEN,1.0,5,"{""provenance"": {""status"": ""PASS"", ""reason"": ""authoritative-product""}, ""categorical_semantics"": {""status"": ""NOT_APPLICABLE"", ""reason"": ""continuous data""}, ""spatial_support_resolution"": {""status"": ""NOT_APPLICABLE"", ""reason"": ""not required""}, ""units_quantity"": {""status"": ""NOT_APPLICABLE"", ""reason"": ""not required""}, ""crs_geometry_area"": {""status"": ""NOT_APPLICABLE"", ""reason"": ""not required""}, ""spectral_semantics"": {""status"": ""NOT_APPLICABLE"", ""reason"": ""not required""}, ""processing_quality"": {""status"": ""NOT_APPLICABLE"", ""reason"": ""not required""}, ""vertical_semantics"": {""status"": ""NOT_APPLICABLE"", ""reason"": ""not required""}, ""temporal_causality"": {""status"": ""PASS"", ""reason"": ""temporal split is performed""}, ""evaluation_independence"": {""status"": ""NOT_APPLICABLE"", ""reason"": ""not required""}, ""nodata_physical_domain"": {""status"": ""NOT_APPLICABLE"", ""reason"": ""not required""}, ""uncertainty_fitness"": {""status"": ""NOT_APPLICABLE"", ""reason"": ""not required""}}",temporal split performed,"{
  ""obligations"": {
    ""provenance"": {""status"":""PASS"",""reason"":""authoritative-product""},
    ""categorical_semantics"": {""status"":""NOT_APPLICABLE"",""reason"":""continuous data""},
    ""spatial_support_resolution"": {""status"":""NOT_APPLICABLE"",""reason"":""not required""},
    ""units_quantity"": {""status"":""NOT_APPLICABLE"",""reason"":""not required""},
    ""crs_geometry_area"": {""status"":""NOT_APPLICABLE"",""reason"":""not required""},
    ""spectral_semantics"": {""status"":""NOT_APPLICABLE"",""reason"":""not required""},
    ""processing_quality"": {""status"":""NOT_APPLICABLE"",""reason"":""not required""},
    ""vertical_semantics"": {""status"":""NOT_APPLICABLE"",""reason"":""not required""},
    ""temporal_causality"": {""status"":""PASS"",""reason"":""temporal split is performed""},
    ""evaluation_independence"": {""status"":""NOT_APPLICABLE"",""reason"":""not required""},
    ""nodata_physical_domain"": {""status"":""NOT_APPLICABLE"",""reason"":""not required""},
    ""uncertainty_fitness"": {""status"":""NOT_APPLICABLE"",""reason"":""not required""}
  },
  ""summary"":""temporal split performed"",
  ""confidence"":5
}"
SGX3_BLIND_flood_remote_sensing_031,strong_B,mistralai/Mistral-7B-Instruct-v0.3,PROVEN,1.0,5,"{""provenance"": {""status"": ""PASS"", ""reason"": ""authoritative-product is supplied""}, ""categorical_semantics"": {""status"": ""NOT_APPLICABLE"", ""reason"": ""no categorical operation is involved""}, ""spatial_support_resolution"": {""status"": ""PASS"", ""reason"": ""resolution is supplied""}, ""units_quantity"": {""status"": ""NOT_APPLICABLE"", ""reason"": ""no quantity semantics are involved""}, ""crs_geometry_area"": {""status"": ""NOT_APPLICABLE"", ""reason"": ""not required""}, ""spectral_semantics"": {""status"": ""NOT_APPLICABLE"", ""reason"": ""not required""}, ""processing_quality"": {""status"": ""NOT_APPLICABLE"", ""reason"": ""not required""}, ""vertical_semantics"": {""status"": ""NOT_APPLICABLE"", ""reason"": ""not required""}, ""temporal_causality"": {""status"": ""NOT_APPLICABLE"", ""reason"": ""not required""}, ""evaluation_independence"": {""status"": ""NOT_APPLICABLE"", ""reason"": ""not required""}, ""nodata_physical_domain"": {""status"": ""NOT_APPLICABLE"", ""reason"": ""not required""}, ""uncertainty_fitness"": {""status"": ""NOT_APPLICABLE"", ""reason"": ""not required""}}","cloud mask is required, sensor comparison is performed, and geodesic area is calculated","{
  ""obligations"": {
    ""provenance"": {""status"":""PASS"",""reason"":""authoritative-product is supplied""},
    ""categorical_semantics"": {""status"":""NOT_APPLICABLE"",""reason"":""no categorical operation is involved""},
    ""spatial_support_resolution"": {""status"":""PASS"",""reason"":""resolution is supplied""},
    ""units_quantity"": {""status"":""NOT_APPLICABLE"",""reason"":""no quantity semantics are involved""},
    ""crs_geometry_area"": {""status"":""NOT_APPLICABLE"",""reason"":""not required""},
    ""spectral_semantics"": {""status"":""NOT_APPLICABLE"",""reason"":""not required""},
    ""processing_quality"": {""status"":""NOT_APPLICABLE"",""reason"":""not required""},
    ""vertical_semantics"": {""status"":""NOT_APPLICABLE"",""reason"":""not required""},
    ""temporal_causality"": {""status"":""NOT_APPLICABLE"",""reason"":""not required""},
    ""evaluation_independence"": {""status"":""NOT_APPLICABLE"",""reason"":""not required""},
    ""nodata_physical_domain"": {""status"":""NOT_APPLICABLE"",""reason"":""not required""},
    ""uncertainty_fitness"": {""status"":""NOT_APPLICABLE"",""reason"":""not required""}
  },
  ""summary"":""cloud mask is required, sensor comparison is performed, and geodesic area is calculated"",
  ""confidence"":5
}"
SGX3_BLIND_eo_ml_validation_018,strong_B,mistralai/Mistral-7B-Instruct-v0.3,PROVEN,1.0,5,"{""provenance"": {""status"": ""PASS"", ""reason"": ""authoritative-product""}, ""categorical_semantics"": {""status"": ""NOT_APPLICABLE"", ""reason"": ""continuous data""}, ""spatial_support_resolution"": {""status"": ""PASS"", ""reason"": ""not applicable""}, ""units_quantity"": {""status"": ""NOT_APPLICABLE"", ""reason"": ""not applicable""}, ""crs_geometry_area"": {""status"": ""NOT_APPLICABLE"", ""reason"": ""not applicable""}, ""spectral_semantics"": {""status"": ""NOT_APPLICABLE"", ""reason"": ""not applicable""}, ""processing_quality"": {""status"": ""NOT_APPLICABLE"", ""reason"": ""not applicable""}, ""vertical_semantics"": {""status"": ""NOT_APPLICABLE"", ""reason"": ""not applicable""}, ""temporal_causality"": {""status"": ""PASS"", ""reason"": ""temporal split is defined""}, ""evaluation_independence"": {""status"": ""PASS"", ""reason"": ""temporal split is defined""}, ""nodata_physical_domain"": {""status"": ""NOT_APPLICABLE"", ""reason"": ""not applicable""}, ""uncertainty_fitness"": {""status"": ""NOT_APPLICABLE"", ""reason"": ""not applicable""}}",Temporal split operation is performed on continuous data,"{
  ""obligations"": {
    ""provenance"": {""status"":""PASS"",""reason"":""authoritative-product""},
    ""categorical_semantics"": {""status"":""NOT_APPLICABLE"",""reason"":""continuous data""},
    ""spatial_support_resolution"": {""status"":""PASS"",""reason"":""not applicable""},
    ""units_quantity"": {""status"":""NOT_APPLICABLE"",""reason"":""not applicable""},
    ""crs_geometry_area"": {""status"":""NOT_APPLICABLE"",""reason"":""not applicable""},
    ""spectral_semantics"": {""status"":""NOT_APPLICABLE"",""reason"":""not applicable""},
    ""processing_quality"": {""status"":""NOT_APPLICABLE"",""reason"":""not applicable""},
    ""vertical_semantics"": {""status"":""NOT_APPLICABLE"",""reason"":""not applicable""},
    ""temporal_causality"": {""status"":""PASS"",""reason"":""temporal split is defined""},
    ""evaluation_independence"": {""status"":""PASS"",""reason"":""temporal split is defined""},
    ""nodata_physical_domain"": {""status"":""NOT_APPLICABLE"",""reason"":""not applicable""},
    ""uncertainty_fitness"": {""status"":""NOT_APPLICABLE"",""reason"":""not applicable""}
  },
  ""summary"":""Temporal split operation is performed on continuous data"",
  ""confidence"":5
}"
SGX3_DEVELOPMENT_spatial_split_leakage_000,strong_B,mistralai/Mistral-7B-Instruct-v0.3,PROVEN,1.0,5,"{""provenance"": {""status"": ""PASS"", ""reason"": ""authoritative-product""}, ""categorical_semantics"": {""status"": ""NOT_APPLICABLE"", ""reason"": ""continuous data""}, ""spatial_support_resolution"": {""status"": ""PASS"", ""reason"": ""resolution is supplied""}, ""units_quantity"": {""status"": ""NOT_APPLICABLE"", ""reason"": ""not required""}, ""crs_geometry_area"": {""status"": ""PASS"", ""reason"": ""CRS is supplied""}, ""spectral_semantics"": {""status"": ""NOT_APPLICABLE"", ""reason"": ""not required""}, ""processing_quality"": {""status"": ""NOT_APPLICABLE"", ""reason"": ""not required""}, ""vertical_semantics"": {""status"": ""NOT_APPLICABLE"", ""reason"": ""not required""}, ""temporal_causality"": {""status"": ""NOT_APPLICABLE"", ""reason"": ""not required""}, ""evaluation_independence"": {""status"": ""NOT_APPLICABLE"", ""reason"": ""not required""}, ""nodata_physical_domain"": {""status"": ""NOT_APPLICABLE"", ""reason"": ""not required""}, ""uncertainty_fitness"": {""status"": ""NOT_APPLICABLE"", ""reason"": ""not required""}}",Spatial split operation with supplied provenance,"{
  ""obligations"": {
    ""provenance"": {""status"":""PASS"",""reason"":""authoritative-product""},
    ""categorical_semantics"": {""status"":""NOT_APPLICABLE"",""reason"":""continuous data""},
    ""spatial_support_resolution"": {""status"":""PASS"",""reason"":""resolution is supplied""},
    ""units_quantity"": {""status"":""NOT_APPLICABLE"",""reason"":""not required""},
    ""crs_geometry_area"": {""status"":""PASS"",""reason"":""CRS is supplied""},
    ""spectral_semantics"": {""status"":""NOT_APPLICABLE"",""reason"":""not required""},
    ""processing_quality"": {""status"":""NOT_APPLICABLE"",""reason"":""not required""},
    ""vertical_semantics"": {""status"":""NOT_APPLICABLE"",""reason"":""not required""},
    ""temporal_causality"": {""status"":""NOT_APPLICABLE"",""reason"":""not required""},
    ""evaluation_independence"": {""status"":""NOT_APPLICABLE"",""reason"":""not required""},
    ""nodata_physical_domain"": {""status"":""NOT_APPLICABLE"",""reason"":""not required""},
    ""uncertainty_fitness"": {""status"":""NOT_APPLICABLE"",""reason"":""not required""}
  },
  ""summary"":""Spatial split operation with supplied provenance"",
  ""confidence"":5
}"
SGX3_DEVELOPMENT_categorical_interpolation_010,strong_B,mistralai/Mistral-7B-Instruct-v0.3,PROVEN,1.0,5,"{""provenance"": {""status"": ""PASS"", ""reason"": ""authoritative-product""}, ""categorical_semantics"": {""status"": ""PASS"", ""reason"": ""label-preserving interpolation""}, ""spatial_support_resolution"": {""status"": ""PASS"", ""reason"": ""coarsening does not claim new spatial information""}, ""units_quantity"": {""status"": ""NOT_APPLICABLE"", ""reason"": ""not required""}, ""crs_geometry_area"": {""status"": ""NOT_APPLICABLE"", ""reason"": ""not required""}, ""spectral_semantics"": {""status"": ""NOT_APPLICABLE"", ""reason"": ""not required""}, ""processing_quality"": {""status"": ""NOT_APPLICABLE"", ""reason"": ""not required""}, ""vertical_semantics"": {""status"": ""NOT_APPLICABLE"", ""reason"": ""not required""}, ""temporal_causality"": {""status"": ""NOT_APPLICABLE"", ""reason"": ""not required""}, ""evaluation_independence"": {""status"": ""NOT_APPLICABLE"", ""reason"": ""not required""}, ""nodata_physical_domain"": {""status"": ""NOT_APPLICABLE"", ""reason"": ""not required""}, ""uncertainty_fitness"": {""status"": ""NOT_APPLICABLE"", ""reason"": ""not required""}}",label-preserving categorical coarsening,"{
  ""obligations"": {
    ""provenance"": {""status"":""PASS"",""reason"":""authoritative-product""},
    ""categorical_semantics"": {""status"":""PASS"",""reason"":""label-preserving interpolation""},
    ""spatial_support_resolution"": {""status"":""PASS"",""reason"":""coarsening does not claim new spatial information""},
    ""units_quantity"": {""status"":""NOT_APPLICABLE"",""reason"":""not required""},
    ""crs_geometry_area"": {""status"":""NOT_APPLICABLE"",""reason"":""not required""},
    ""spectral_semantics"": {""status"":""NOT_APPLICABLE"",""reason"":""not required""},
    ""processing_quality"": {""status"":""NOT_APPLICABLE"",""reason"":""not required""},
    ""vertical_semantics"": {""status"":""NOT_APPLICABLE"",""reason"":""not required""},
    ""temporal_causality"": {""status"":""NOT_APPLICABLE"",""reason"":""not required""},
    ""evaluation_independence"": {""status"":""NOT_APPLICABLE"",""reason"":""not required""},
    ""nodata_physical_domain"": {""status"":""NOT_APPLICABLE"",""reason"":""not required""},
    ""uncertainty_fitness"": {""status"":""NOT_APPLICABLE"",""reason"":""not required""}
  },
  ""summary"":""label-preserving categorical coarsening"",
  ""confidence"":5
}"
SGX3_HELDOUT-FAMILY_uncertainty_missing_000,strong_B,mistralai/Mistral-7B-Instruct-v0.3,UNPROVEN,1.0,5,"{""provenance"": {""status"": ""PASS"", ""reason"": ""authoritative-product""}, ""categorical_semantics"": {""status"": ""NOT_APPLICABLE"", ""reason"": ""continuous data""}, ""spatial_support_resolution"": {""status"": ""PASS"", ""reason"": ""resolution provided""}, ""units_quantity"": {""status"": ""PASS"", ""reason"": ""dimensionless rate is consistent with declared quantity""}, ""crs_geometry_area"": {""status"": ""NOT_APPLICABLE"", ""reason"": ""not required""}, ""spectral_semantics"": {""status"": ""NOT_APPLICABLE"", ""reason"": ""not required""}, ""processing_quality"": {""status"": ""NOT_APPLICABLE"", ""reason"": ""not required""}, ""vertical_semantics"": {""status"": ""MISSING_EVIDENCE"", ""reason"": ""vertical datum is absent""}, ""temporal_causality"": {""status"": ""NOT_APPLICABLE"", ""reason"": ""not required""}, ""evaluation_independence"": {""status"": ""NOT_APPLICABLE"", ""reason"": ""not required""}, ""nodata_physical_domain"": {""status"": ""NOT_APPLICABLE"", ""reason"": ""not required""}, ""uncertainty_fitness"": {""status"": ""NOT_APPLICABLE"", ""reason"": ""not required""}}",operational decision workflow with missing vertical semantics,"{
  ""obligations"": {
    ""provenance"": {""status"":""PASS"",""reason"":""authoritative-product""},
    ""categorical_semantics"": {""status"":""NOT_APPLICABLE"",""reason"":""continuous data""},
    ""spatial_support_resolution"": {""status"":""PASS"",""reason"":""resolution provided""},
    ""units_quantity"": {""status"":""PASS"",""reason"":""dimensionless rate is consistent with declared quantity""},
    ""crs_geometry_area"": {""status"":""NOT_APPLICABLE"",""reason"":""not required""},
    ""spectral_semantics"": {""status"":""NOT_APPLICABLE"",""reason"":""not required""},
    ""processing_quality"": {""status"":""NOT_APPLICABLE"",""reason"":""not required""},
    ""vertical_semantics"": {""status"":""MISSING_EVIDENCE"",""reason"":""vertical datum is absent""},
    ""temporal_causality"": {""status"":""NOT_APPLICABLE"",""reason"":""not required""},
    ""evaluation_independence"": {""status"":""NOT_APPLICABLE"",""reason"":""not required""},
    ""nodata_physical_domain"": {""status"":""NOT_APPLICABLE"",""reason"":""not required""},
    ""uncertainty_fitness"": {""status"":""NOT_APPLICABLE"",""reason"":""not required""}
  },
  ""summary"":""operational decision workflow with missing vertical semantics"",
  ""confidence"":5
}"
SGX3_BLIND_flood_depth_007,strong_B,mistralai/Mistral-7B-Instruct-v0.3,PROVEN,1.0,5,"{""provenance"": {""status"": ""PASS"", ""reason"": ""both artifacts have provenance""}, ""categorical_semantics"": {""status"": ""NOT_APPLICABLE"", ""reason"": ""no categorical data""}, ""spatial_support_resolution"": {""status"": ""PASS"", ""reason"": ""both artifacts have resolution""}, ""units_quantity"": {""status"": ""PASS"", ""reason"": ""both artifacts have units and quantity""}, ""crs_geometry_area"": {""status"": ""NOT_APPLICABLE"", ""reason"": ""not required""}, ""spectral_semantics"": {""status"": ""NOT_APPLICABLE"", ""reason"": ""no spectral data""}, ""processing_quality"": {""status"": ""NOT_APPLICABLE"", ""reason"": ""not required""}, ""vertical_semantics"": {""status"": ""PASS"", ""reason"": ""both artifacts have vertical datum""}, ""temporal_causality"": {""status"": ""NOT_APPLICABLE"", ""reason"": ""not required""}, ""evaluation_independence"": {""status"": ""NOT_APPLICABLE"", ""reason"": ""not required""}, ""nodata_physical_domain"": {""status"": ""NOT_APPLICABLE"", ""reason"": ""not required""}, ""uncertainty_fitness"": {""status"": ""NOT_APPLICABLE"", ""reason"": ""not required""}}",combining vertical data and converting units,"{
  ""obligations"": {
    ""provenance"": {""status"":""PASS"",""reason"":""both artifacts have provenance""},
    ""categorical_semantics"": {""status"":""NOT_APPLICABLE"",""reason"":""no categorical data""},
    ""spatial_support_resolution"": {""status"":""PASS"",""reason"":""both artifacts have resolution""},
    ""units_quantity"": {""status"":""PASS"",""reason"":""both artifacts have units and quantity""},
    ""crs_geometry_area"": {""status"":""NOT_APPLICABLE"",""reason"":""not required""},
    ""spectral_semantics"": {""status"":""NOT_APPLICABLE"",""reason"":""no spectral data""},
    ""processing_quality"": {""status"":""NOT_APPLICABLE"",""reason"":""not required""},
    ""vertical_semantics"": {""status"":""PASS"",""reason"":""both artifacts have vertical datum""},
    ""temporal_causality"": {""status"":""NOT_APPLICABLE"",""reason"":""not required""},
    ""evaluation_independence"": {""status"":""NOT_APPLICABLE"",""reason"":""not required""},
    ""nodata_physical_domain"": {""status"":""NOT_APPLICABLE"",""reason"":""not required""},
    ""uncertainty_fitness"": {""status"":""NOT_APPLICABLE"",""reason"":""not required""}
  },
  ""summary"":""combining vertical data and converting units"",
  ""confidence"":5
}"
SGX3_HELDOUT-FAMILY_vertical_datum_mismatch_000,strong_B,mistralai/Mistral-7B-Instruct-v0.3,REFUTED,1.0,5,"{""provenance"": {""status"": ""PASS"", ""reason"": ""both artifacts have authoritative-product provenance""}, ""categorical_semantics"": {""status"": ""NOT_APPLICABLE"", ""reason"": ""no categorical operation is involved""}, ""spatial_support_resolution"": {""status"": ""PASS"", ""reason"": ""both artifacts have the same resolution""}, ""units_quantity"": {""status"": ""PASS"", ""reason"": ""both artifacts have the same unit and quantity""}, ""crs_geometry_area"": {""status"": ""NOT_APPLICABLE"", ""reason"": ""not required""}, ""spectral_semantics"": {""status"": ""NOT_APPLICABLE"", ""reason"": ""not required""}, ""processing_quality"": {""status"": ""NOT_APPLICABLE"", ""reason"": ""not required""}, ""vertical_semantics"": {""status"": ""FAIL"", ""reason"": ""EGM2008 and EGM96 are different vertical datums""}, ""temporal_causality"": {""status"": ""NOT_APPLICABLE"", ""reason"": ""not required""}, ""evaluation_independence"": {""status"": ""NOT_APPLICABLE"", ""reason"": ""not required""}, ""nodata_physical_domain"": {""status"": ""NOT_APPLICABLE"", ""reason"": ""not required""}, ""uncertainty_fitness"": {""status"": ""NOT_APPLICABLE"", ""reason"": ""not required""}}",vertical datum mismatch,"{
  ""obligations"": {
    ""provenance"": {""status"":""PASS"",""reason"":""both artifacts have authoritative-product provenance""},
    ""categorical_semantics"": {""status"":""NOT_APPLICABLE"",""reason"":""no categorical operation is involved""},
    ""spatial_support_resolution"": {""status"":""PASS"",""reason"":""both artifacts have the same resolution""},
    ""units_quantity"": {""status"":""PASS"",""reason"":""both artifacts have the same unit and quantity""},
    ""crs_geometry_area"": {""status"":""NOT_APPLICABLE"",""reason"":""not required""},
    ""spectral_semantics"": {""status"":""NOT_APPLICABLE"",""reason"":""not required""},
    ""processing_quality"": {""status"":""NOT_APPLICABLE"",""reason"":""not required""},
    ""vertical_semantics"": {""status"":""FAIL"",""reason"":""EGM2008 and EGM96 are different vertical datums""},
    ""temporal_causality"": {""status"":""NOT_APPLICABLE"",""reason"":""not required""},
    ""evaluation_independence"": {""status"":""NOT_APPLICABLE"",""reason"":""not required""},
    ""nodata_physical_domain"": {""status"":""NOT_APPLICABLE"",""reason"":""not required""},
    ""uncertainty_fitness"": {""status"":""NOT_APPLICABLE"",""reason"":""not required""}
  },
  ""summary"":""vertical datum mismatch"",
  ""confidence"":5
}"
SGX3_BLIND_flood_depth_014,strong_B,mistralai/Mistral-7B-Instruct-v0.3,REFUTED,1.0,5,"{""provenance"": {""status"": ""PASS"", ""reason"": ""both artifacts have provenance""}, ""categorical_semantics"": {""status"": ""NOT_APPLICABLE"", ""reason"": ""no categorical data""}, ""spatial_support_resolution"": {""status"": ""PASS"", ""reason"": ""both artifacts have resolution""}, ""units_quantity"": {""status"": ""FAIL"", ""reason"": ""water level is in km, but should be m""}, ""crs_geometry_area"": {""status"": ""NOT_APPLICABLE"", ""reason"": ""not required""}, ""spectral_semantics"": {""status"": ""NOT_APPLICABLE"", ""reason"": ""not required""}, ""processing_quality"": {""status"": ""NOT_APPLICABLE"", ""reason"": ""not required""}, ""vertical_semantics"": {""status"": ""MISSING_EVIDENCE"", ""reason"": ""different vertical datums""}, ""temporal_causality"": {""status"": ""NOT_APPLICABLE"", ""reason"": ""not required""}, ""evaluation_independence"": {""status"": ""NOT_APPLICABLE"", ""reason"": ""not required""}, ""nodata_physical_domain"": {""status"": ""NOT_APPLICABLE"", ""reason"": ""not required""}, ""uncertainty_fitness"": {""status"": ""NOT_APPLICABLE"", ""reason"": ""not required""}}","units_quantity FAIL: water level is in km, but should be m","{
  ""obligations"": {
    ""provenance"": {""status"":""PASS"",""reason"":""both artifacts have provenance""},
    ""categorical_semantics"": {""status"":""NOT_APPLICABLE"",""reason"":""no categorical data""},
    ""spatial_support_resolution"": {""status"":""PASS"",""reason"":""both artifacts have resolution""},
    ""units_quantity"": {""status"":""FAIL"",""reason"":""water level is in km, but should be m""},
    ""crs_geometry_area"": {""status"":""NOT_APPLICABLE"",""reason"":""not required""},
    ""spectral_semantics"": {""status"":""NOT_APPLICABLE"",""reason"":""not required""},
    ""processing_quality"": {""status"":""NOT_APPLICABLE"",""reason"":""not required""},
    ""vertical_semantics"": {""status"":""MISSING_EVIDENCE"",""reason"":""different vertical datums""},
    ""temporal_causality"": {""status"":""NOT_APPLICABLE"",""reason"":""not required""},
    ""evaluation_independence"": {""status"":""NOT_APPLICABLE"",""reason"":""not required""},
    ""nodata_physical_domain"": {""status"":""NOT_APPLICABLE"",""reason"":""not required""},
    ""uncertainty_fitness"": {""status"":""NOT_APPLICABLE"",""reason"":""not required""}
  },
  ""summary"":""units_quantity FAIL: water level is in km, but should be m"",
  ""confidence"":5
}"
SGX3_DEVELOPMENT_unsupported_resolution_gain_015,strong_B,mistralai/Mistral-7B-Instruct-v0.3,PROVEN,1.0,5,"{""provenance"": {""status"": ""PASS"", ""reason"": ""authoritative-product""}, ""categorical_semantics"": {""status"": ""NOT_APPLICABLE"", ""reason"": ""continuous data""}, ""spatial_support_resolution"": {""status"": ""PASS"", ""reason"": ""resolution change is not claimed to create new information""}, ""units_quantity"": {""status"": ""NOT_APPLICABLE"", ""reason"": ""not required""}, ""crs_geometry_area"": {""status"": ""NOT_APPLICABLE"", ""reason"": ""not required""}, ""spectral_semantics"": {""status"": ""NOT_APPLICABLE"", ""reason"": ""not required""}, ""processing_quality"": {""status"": ""NOT_APPLICABLE"", ""reason"": ""not required""}, ""vertical_semantics"": {""status"": ""NOT_APPLICABLE"", ""reason"": ""not required""}, ""temporal_causality"": {""status"": ""NOT_APPLICABLE"", ""reason"": ""not required""}, ""evaluation_independence"": {""status"": ""NOT_APPLICABLE"", ""reason"": ""not required""}, ""nodata_physical_domain"": {""status"": ""NOT_APPLICABLE"", ""reason"": ""not required""}, ""uncertainty_fitness"": {""status"": ""NOT_APPLICABLE"", ""reason"": ""not required""}}",label-preserving resampling of continuous data,"{
  ""obligations"": {
    ""provenance"": {""status"":""PASS"",""reason"":""authoritative-product""},
    ""categorical_semantics"": {""status"":""NOT_APPLICABLE"",""reason"":""continuous data""},
    ""spatial_support_resolution"": {""status"":""PASS"",""reason"":""resolution change is not claimed to create new information""},
    ""units_quantity"": {""status"":""NOT_APPLICABLE"",""reason"":""not required""},
    ""crs_geometry_area"": {""status"":""NOT_APPLICABLE"",""reason"":""not required""},
    ""spectral_semantics"": {""status"":""NOT_APPLICABLE"",""reason"":""not required""},
    ""processing_quality"": {""status"":""NOT_APPLICABLE"",""reason"":""not required""},
    ""vertical_semantics"": {""status"":""NOT_APPLICABLE"",""reason"":""not required""},
    ""temporal_causality"": {""status"":""NOT_APPLICABLE"",""reason"":""not required""},
    ""evaluation_independence"": {""status"":""NOT_APPLICABLE"",""reason"":""not required""},
    ""nodata_physical_domain"": {""status"":""NOT_APPLICABLE"",""reason"":""not required""},
    ""uncertainty_fitness"": {""status"":""NOT_APPLICABLE"",""reason"":""not required""}
  },
  ""summary"":""label-preserving resampling of continuous data"",
  ""confidence"":5
}"
SGX3_BLIND_landcover_change_018,strong_B,mistralai/Mistral-7B-Instruct-v0.3,UNPROVEN,1.0,5,"{""provenance"": {""status"": ""MISSING_EVIDENCE"", ""reason"": ""required for scientific certification""}, ""categorical_semantics"": {""status"": ""PASS"", ""reason"": ""label-preserving resampling""}, ""spatial_support_resolution"": {""status"": ""PASS"", ""reason"": ""coarsening does not claim new spatial information""}, ""units_quantity"": {""status"": ""NOT_APPLICABLE"", ""reason"": ""not required""}, ""crs_geometry_area"": {""status"": ""NOT_APPLICABLE"", ""reason"": ""not required""}, ""spectral_semantics"": {""status"": ""NOT_APPLICABLE"", ""reason"": ""not required""}, ""processing_quality"": {""status"": ""NOT_APPLICABLE"", ""reason"": ""not required""}, ""vertical_semantics"": {""status"": ""NOT_APPLICABLE"", ""reason"": ""not required""}, ""temporal_causality"": {""status"": ""NOT_APPLICABLE"", ""reason"": ""not required""}, ""evaluation_independence"": {""status"": ""NOT_APPLICABLE"", ""reason"": ""not required""}, ""nodata_physical_domain"": {""status"": ""NOT_APPLICABLE"", ""reason"": ""not required""}, ""uncertainty_fitness"": {""status"": ""NOT_APPLICABLE"", ""reason"": ""not required""}}",label-preserving categorical coarsening,"{
  ""obligations"": {
    ""provenance"": {""status"":""MISSING_EVIDENCE"",""reason"":""required for scientific certification""},
    ""categorical_semantics"": {""status"":""PASS"",""reason"":""label-preserving resampling""},
    ""spatial_support_resolution"": {""status"":""PASS"",""reason"":""coarsening does not claim new spatial information""},
    ""units_quantity"": {""status"":""NOT_APPLICABLE"",""reason"":""not required""},
    ""crs_geometry_area"": {""status"":""NOT_APPLICABLE"",""reason"":""not required""},
    ""spectral_semantics"": {""status"":""NOT_APPLICABLE"",""reason"":""not required""},
    ""processing_quality"": {""status"":""NOT_APPLICABLE"",""reason"":""not required""},
    ""vertical_semantics"": {""status"":""NOT_APPLICABLE"",""reason"":""not required""},
    ""temporal_causality"": {""status"":""NOT_APPLICABLE"",""reason"":""not required""},
    ""evaluation_independence"": {""status"":""NOT_APPLICABLE"",""reason"":""not required""},
    ""nodata_physical_domain"": {""status"":""NOT_APPLICABLE"",""reason"":""not required""},
    ""uncertainty_fitness"": {""status"":""NOT_APPLICABLE"",""reason"":""not required""}
  },
  ""summary"":""label-preserving categorical coarsening"",
  ""confidence"":5
}"
SGX3_DEVELOPMENT_angular_area_009,strong_B,mistralai/Mistral-7B-Instruct-v0.3,PROVEN,1.0,5,"{""provenance"": {""status"": ""PASS"", ""reason"": ""authoritative-product""}, ""categorical_semantics"": {""status"": ""NOT_APPLICABLE"", ""reason"": ""binary data, no categorical operation""}, ""spatial_support_resolution"": {""status"": ""PASS"", ""reason"": ""30m resolution is native""}, ""units_quantity"": {""status"": ""PASS"", ""reason"": ""km2 is a valid area unit""}, ""crs_geometry_area"": {""status"": ""PASS"", ""reason"": ""EPSG:32643 is a valid CRS""}, ""spectral_semantics"": {""status"": ""NOT_APPLICABLE"", ""reason"": ""binary data, no spectral operation""}, ""processing_quality"": {""status"": ""NOT_APPLICABLE"", ""reason"": ""no processing level specified""}, ""vertical_semantics"": {""status"": ""NOT_APPLICABLE"", ""reason"": ""no vertical data""}, ""temporal_causality"": {""status"": ""NOT_APPLICABLE"", ""reason"": ""no temporal operation""}, ""evaluation_independence"": {""status"": ""NOT_APPLICABLE"", ""reason"": ""no evaluation split""}, ""nodata_physical_domain"": {""status"": ""NOT_APPLICABLE"", ""reason"": ""no NoData semantics""}, ""uncertainty_fitness"": {""status"": ""NOT_APPLICABLE"", ""reason"": ""no uncertainty specified""}}",Planar area calculation on binary data,"{
  ""obligations"": {
    ""provenance"": {""status"":""PASS"",""reason"":""authoritative-product""},
    ""categorical_semantics"": {""status"":""NOT_APPLICABLE"",""reason"":""binary data, no categorical operation""},
    ""spatial_support_resolution"": {""status"":""PASS"",""reason"":""30m resolution is native""},
    ""units_quantity"": {""status"":""PASS"",""reason"":""km2 is a valid area unit""},
    ""crs_geometry_area"": {""status"":""PASS"",""reason"":""EPSG:32643 is a valid CRS""},
    ""spectral_semantics"": {""status"":""NOT_APPLICABLE"",""reason"":""binary data, no spectral operation""},
    ""processing_quality"": {""status"":""NOT_APPLICABLE"",""reason"":""no processing level specified""},
    ""vertical_semantics"": {""status"":""NOT_APPLICABLE"",""reason"":""no vertical data""},
    ""temporal_causality"": {""status"":""NOT_APPLICABLE"",""reason"":""no temporal operation""},
    ""evaluation_independence"": {""status"":""NOT_APPLICABLE"",""reason"":""no evaluation split""},
    ""nodata_physical_domain"": {""status"":""NOT_APPLICABLE"",""reason"":""no NoData semantics""},
    ""uncertainty_fitness"": {""status"":""NOT_APPLICABLE"",""reason"":""no uncertainty specified""}
  },
  ""summary"":""Planar area calculation on binary data"",
  ""confidence"":5
}"
SGX3_DEVELOPMENT_future_information_008,strong_B,mistralai/Mistral-7B-Instruct-v0.3,REFUTED,1.0,5,"{""provenance"": {""status"": ""PASS"", ""reason"": ""authoritative-product is supplied""}, ""categorical_semantics"": {""status"": ""NOT_APPLICABLE"", ""reason"": ""continuous data is involved""}, ""spatial_support_resolution"": {""status"": ""NOT_APPLICABLE"", ""reason"": ""not required""}, ""units_quantity"": {""status"": ""NOT_APPLICABLE"", ""reason"": ""not required""}, ""crs_geometry_area"": {""status"": ""NOT_APPLICABLE"", ""reason"": ""not required""}, ""spectral_semantics"": {""status"": ""NOT_APPLICABLE"", ""reason"": ""not required""}, ""processing_quality"": {""status"": ""NOT_APPLICABLE"", ""reason"": ""not required""}, ""vertical_semantics"": {""status"": ""MISSING_EVIDENCE"", ""reason"": ""vertical datum is absent""}, ""temporal_causality"": {""status"": ""FAIL"", ""reason"": ""feature is available before decision time""}, ""evaluation_independence"": {""status"": ""NOT_APPLICABLE"", ""reason"": ""no evaluation split is involved""}, ""nodata_physical_domain"": {""status"": ""NOT_APPLICABLE"", ""reason"": ""not required""}, ""uncertainty_fitness"": {""status"": ""NOT_APPLICABLE"", ""reason"": ""not required""}}",rainfall prediction with missing vertical datum,"{
  ""obligations"": {
    ""provenance"": {""status"":""PASS"",""reason"":""authoritative-product is supplied""},
    ""categorical_semantics"": {""status"":""NOT_APPLICABLE"",""reason"":""continuous data is involved""},
    ""spatial_support_resolution"": {""status"":""NOT_APPLICABLE"",""reason"":""not required""},
    ""units_quantity"": {""status"":""NOT_APPLICABLE"",""reason"":""not required""},
    ""crs_geometry_area"": {""status"":""NOT_APPLICABLE"",""reason"":""not required""},
    ""spectral_semantics"": {""status"":""NOT_APPLICABLE"",""reason"":""not required""},
    ""processing_quality"": {""status"":""NOT_APPLICABLE"",""reason"":""not required""},
    ""vertical_semantics"": {""status"":""MISSING_EVIDENCE"",""reason"":""vertical datum is absent""},
    ""temporal_causality"": {""status"":""FAIL"",""reason"":""feature is available before decision time""},
    ""evaluation_independence"": {""status"":""NOT_APPLICABLE"",""reason"":""no evaluation split is involved""},
    ""nodata_physical_domain"": {""status"":""NOT_APPLICABLE"",""reason"":""not required""},
    ""uncertainty_fitness"": {""status"":""NOT_APPLICABLE"",""reason"":""not required""}
  },
  ""summary"":""rainfall prediction with missing vertical datum"",
  ""confidence"":5
}"
SGX3_BLIND_flood_depth_032,strong_B,mistralai/Mistral-7B-Instruct-v0.3,PROVEN,1.0,5,"{""provenance"": {""status"": ""PASS"", ""reason"": ""both artifacts have provenance""}, ""categorical_semantics"": {""status"": ""NOT_APPLICABLE"", ""reason"": ""no categorical data""}, ""spatial_support_resolution"": {""status"": ""PASS"", ""reason"": ""both artifacts have resolution""}, ""units_quantity"": {""status"": ""PASS"", ""reason"": ""both artifacts have units and quantity""}, ""crs_geometry_area"": {""status"": ""PASS"", ""reason"": ""both artifacts have CRS""}, ""spectral_semantics"": {""status"": ""NOT_APPLICABLE"", ""reason"": ""no spectral data""}, ""processing_quality"": {""status"": ""NOT_APPLICABLE"", ""reason"": ""no processing level or quality metadata""}, ""vertical_semantics"": {""status"": ""PASS"", ""reason"": ""both artifacts have vertical datum""}, ""temporal_causality"": {""status"": ""NOT_APPLICABLE"", ""reason"": ""no temporal information""}, ""evaluation_independence"": {""status"": ""NOT_APPLICABLE"", ""reason"": ""no evaluation split""}, ""nodata_physical_domain"": {""status"": ""NOT_APPLICABLE"", ""reason"": ""no NoData semantics""}, ""uncertainty_fitness"": {""status"": ""NOT_APPLICABLE"", ""reason"": ""no uncertainty provided""}}","combining elevation and water level, converting water level to area","{
  ""obligations"": {
    ""provenance"": {""status"":""PASS"",""reason"":""both artifacts have provenance""},
    ""categorical_semantics"": {""status"":""NOT_APPLICABLE"",""reason"":""no categorical data""},
    ""spatial_support_resolution"": {""status"":""PASS"",""reason"":""both artifacts have resolution""},
    ""units_quantity"": {""status"":""PASS"",""reason"":""both artifacts have units and quantity""},
    ""crs_geometry_area"": {""status"":""PASS"",""reason"":""both artifacts have CRS""},
    ""spectral_semantics"": {""status"":""NOT_APPLICABLE"",""reason"":""no spectral data""},
    ""processing_quality"": {""status"":""NOT_APPLICABLE"",""reason"":""no processing level or quality metadata""},
    ""vertical_semantics"": {""status"":""PASS"",""reason"":""both artifacts have vertical datum""},
    ""temporal_causality"": {""status"":""NOT_APPLICABLE"",""reason"":""no temporal information""},
    ""evaluation_independence"": {""status"":""NOT_APPLICABLE"",""reason"":""no evaluation split""},
    ""nodata_physical_domain"": {""status"":""NOT_APPLICABLE"",""reason"":""no NoData semantics""},
    ""uncertainty_fitness"": {""status"":""NOT_APPLICABLE"",""reason"":""no uncertainty provided""}
  },
  ""summary"":""combining elevation and water level, converting water level to area"",
  ""confidence"":5
}"
SGX3_DEVELOPMENT_unsupported_resolution_gain_012,strong_B,mistralai/Mistral-7B-Instruct-v0.3,PROVEN,1.0,5,"{""provenance"": {""status"": ""PASS"", ""reason"": ""authoritative-product""}, ""categorical_semantics"": {""status"": ""NOT_APPLICABLE"", ""reason"": ""continuous data""}, ""spatial_support_resolution"": {""status"": ""PASS"", ""reason"": ""resolution change is not claimed to create new information""}, ""units_quantity"": {""status"": ""NOT_APPLICABLE"", ""reason"": ""not required""}, ""crs_geometry_area"": {""status"": ""NOT_APPLICABLE"", ""reason"": ""not required""}, ""spectral_semantics"": {""status"": ""NOT_APPLICABLE"", ""reason"": ""not required""}, ""processing_quality"": {""status"": ""NOT_APPLICABLE"", ""reason"": ""not required""}, ""vertical_semantics"": {""status"": ""NOT_APPLICABLE"", ""reason"": ""not required""}, ""temporal_causality"": {""status"": ""NOT_APPLICABLE"", ""reason"": ""not required""}, ""evaluation_independence"": {""status"": ""NOT_APPLICABLE"", ""reason"": ""not required""}, ""nodata_physical_domain"": {""status"": ""NOT_APPLICABLE"", ""reason"": ""not required""}, ""uncertainty_fitness"": {""status"": ""NOT_APPLICABLE"", ""reason"": ""not required""}}",label-preserving resampling of continuous data,"{
  ""obligations"": {
    ""provenance"": {""status"":""PASS"",""reason"":""authoritative-product""},
    ""categorical_semantics"": {""status"":""NOT_APPLICABLE"",""reason"":""continuous data""},
    ""spatial_support_resolution"": {""status"":""PASS"",""reason"":""resolution change is not claimed to create new information""},
    ""units_quantity"": {""status"":""NOT_APPLICABLE"",""reason"":""not required""},
    ""crs_geometry_area"": {""status"":""NOT_APPLICABLE"",""reason"":""not required""},
    ""spectral_semantics"": {""status"":""NOT_APPLICABLE"",""reason"":""not required""},
    ""processing_quality"": {""status"":""NOT_APPLICABLE"",""reason"":""not required""},
    ""vertical_semantics"": {""status"":""NOT_APPLICABLE"",""reason"":""not required""},
    ""temporal_causality"": {""status"":""NOT_APPLICABLE"",""reason"":""not required""},
    ""evaluation_independence"": {""status"":""NOT_APPLICABLE"",""reason"":""not required""},
    ""nodata_physical_domain"": {""status"":""NOT_APPLICABLE"",""reason"":""not required""},
    ""uncertainty_fitness"": {""status"":""NOT_APPLICABLE"",""reason"":""not required""}
  },
  ""summary"":""label-preserving resampling of continuous data"",
  ""confidence"":5
}"
SGX3_BLIND_eo_ml_validation_013,strong_B,mistralai/Mistral-7B-Instruct-v0.3,PROVEN,1.0,5,"{""provenance"": {""status"": ""PASS"", ""reason"": ""authoritative-product""}, ""categorical_semantics"": {""status"": ""NOT_APPLICABLE"", ""reason"": ""continuous data""}, ""spatial_support_resolution"": {""status"": ""PASS"", ""reason"": ""resolution is supplied""}, ""units_quantity"": {""status"": ""NOT_APPLICABLE"", ""reason"": ""not required""}, ""crs_geometry_area"": {""status"": ""NOT_APPLICABLE"", ""reason"": ""not required""}, ""spectral_semantics"": {""status"": ""NOT_APPLICABLE"", ""reason"": ""not required""}, ""processing_quality"": {""status"": ""NOT_APPLICABLE"", ""reason"": ""not required""}, ""vertical_semantics"": {""status"": ""NOT_APPLICABLE"", ""reason"": ""not required""}, ""temporal_causality"": {""status"": ""NOT_APPLICABLE"", ""reason"": ""not required""}, ""evaluation_independence"": {""status"": ""PASS"", ""reason"": ""spatial separation is supplied""}, ""nodata_physical_domain"": {""status"": ""NOT_APPLICABLE"", ""reason"": ""not required""}, ""uncertainty_fitness"": {""status"": ""NOT_APPLICABLE"", ""reason"": ""not required""}}",Spatially independent split of continuous data,"{
  ""obligations"": {
    ""provenance"": {""status"":""PASS"",""reason"":""authoritative-product""},
    ""categorical_semantics"": {""status"":""NOT_APPLICABLE"",""reason"":""continuous data""},
    ""spatial_support_resolution"": {""status"":""PASS"",""reason"":""resolution is supplied""},
    ""units_quantity"": {""status"":""NOT_APPLICABLE"",""reason"":""not required""},
    ""crs_geometry_area"": {""status"":""NOT_APPLICABLE"",""reason"":""not required""},
    ""spectral_semantics"": {""status"":""NOT_APPLICABLE"",""reason"":""not required""},
    ""processing_quality"": {""status"":""NOT_APPLICABLE"",""reason"":""not required""},
    ""vertical_semantics"": {""status"":""NOT_APPLICABLE"",""reason"":""not required""},
    ""temporal_causality"": {""status"":""NOT_APPLICABLE"",""reason"":""not required""},
    ""evaluation_independence"": {""status"":""PASS"",""reason"":""spatial separation is supplied""},
    ""nodata_physical_domain"": {""status"":""NOT_APPLICABLE"",""reason"":""not required""},
    ""uncertainty_fitness"": {""status"":""NOT_APPLICABLE"",""reason"":""not required""}
  },
  ""summary"":""Spatially independent split of continuous data"",
  ""confidence"":5
}"
SGX3_DEVELOPMENT_unsupported_resolution_gain_001,strong_B,mistralai/Mistral-7B-Instruct-v0.3,PROVEN,1.0,5,"{""provenance"": {""status"": ""PASS"", ""reason"": ""authoritative-product""}, ""categorical_semantics"": {""status"": ""NOT_APPLICABLE"", ""reason"": ""continuous data""}, ""spatial_support_resolution"": {""status"": ""PASS"", ""reason"": ""resolution change is not claimed to create new information""}, ""units_quantity"": {""status"": ""NOT_APPLICABLE"", ""reason"": ""not required""}, ""crs_geometry_area"": {""status"": ""NOT_APPLICABLE"", ""reason"": ""not required""}, ""spectral_semantics"": {""status"": ""NOT_APPLICABLE"", ""reason"": ""not required""}, ""processing_quality"": {""status"": ""NOT_APPLICABLE"", ""reason"": ""not required""}, ""vertical_semantics"": {""status"": ""NOT_APPLICABLE"", ""reason"": ""not required""}, ""temporal_causality"": {""status"": ""NOT_APPLICABLE"", ""reason"": ""not required""}, ""evaluation_independence"": {""status"": ""NOT_APPLICABLE"", ""reason"": ""not required""}, ""nodata_physical_domain"": {""status"": ""NOT_APPLICABLE"", ""reason"": ""not required""}, ""uncertainty_fitness"": {""status"": ""NOT_APPLICABLE"", ""reason"": ""not required""}}",label-preserving resampling of continuous data,"{
  ""obligations"": {
    ""provenance"": {""status"":""PASS"",""reason"":""authoritative-product""},
    ""categorical_semantics"": {""status"":""NOT_APPLICABLE"",""reason"":""continuous data""},
    ""spatial_support_resolution"": {""status"":""PASS"",""reason"":""resolution change is not claimed to create new information""},
    ""units_quantity"": {""status"":""NOT_APPLICABLE"",""reason"":""not required""},
    ""crs_geometry_area"": {""status"":""NOT_APPLICABLE"",""reason"":""not required""},
    ""spectral_semantics"": {""status"":""NOT_APPLICABLE"",""reason"":""not required""},
    ""processing_quality"": {""status"":""NOT_APPLICABLE"",""reason"":""not required""},
    ""vertical_semantics"": {""status"":""NOT_APPLICABLE"",""reason"":""not required""},
    ""temporal_causality"": {""status"":""NOT_APPLICABLE"",""reason"":""not required""},
    ""evaluation_independence"": {""status"":""NOT_APPLICABLE"",""reason"":""not required""},
    ""nodata_physical_domain"": {""status"":""NOT_APPLICABLE"",""reason"":""not required""},
    ""uncertainty_fitness"": {""status"":""NOT_APPLICABLE"",""reason"":""not required""}
  },
  ""summary"":""label-preserving resampling of continuous data"",
  ""confidence"":5
}"
SGX3_HELDOUT-FAMILY_scene_overlap_leakage_006,strong_B,mistralai/Mistral-7B-Instruct-v0.3,PROVEN,1.0,5,"{""provenance"": {""status"": ""PASS"", ""reason"": ""authoritative-product""}, ""categorical_semantics"": {""status"": ""NOT_APPLICABLE"", ""reason"": ""continuous data""}, ""spatial_support_resolution"": {""status"": ""PASS"", ""reason"": ""not applicable""}, ""units_quantity"": {""status"": ""NOT_APPLICABLE"", ""reason"": ""not required""}, ""crs_geometry_area"": {""status"": ""NOT_APPLICABLE"", ""reason"": ""not required""}, ""spectral_semantics"": {""status"": ""NOT_APPLICABLE"", ""reason"": ""not required""}, ""processing_quality"": {""status"": ""NOT_APPLICABLE"", ""reason"": ""not required""}, ""vertical_semantics"": {""status"": ""NOT_APPLICABLE"", ""reason"": ""not required""}, ""temporal_causality"": {""status"": ""NOT_APPLICABLE"", ""reason"": ""not required""}, ""evaluation_independence"": {""status"": ""NOT_APPLICABLE"", ""reason"": ""not required""}, ""nodata_physical_domain"": {""status"": ""NOT_APPLICABLE"", ""reason"": ""not required""}, ""uncertainty_fitness"": {""status"": ""NOT_APPLICABLE"", ""reason"": ""not required""}}",Scene overlap split operation performed,"{
  ""obligations"": {
    ""provenance"": {""status"":""PASS"",""reason"":""authoritative-product""},
    ""categorical_semantics"": {""status"":""NOT_APPLICABLE"",""reason"":""continuous data""},
    ""spatial_support_resolution"": {""status"":""PASS"",""reason"":""not applicable""},
    ""units_quantity"": {""status"":""NOT_APPLICABLE"",""reason"":""not required""},
    ""crs_geometry_area"": {""status"":""NOT_APPLICABLE"",""reason"":""not required""},
    ""spectral_semantics"": {""status"":""NOT_APPLICABLE"",""reason"":""not required""},
    ""processing_quality"": {""status"":""NOT_APPLICABLE"",""reason"":""not required""},
    ""vertical_semantics"": {""status"":""NOT_APPLICABLE"",""reason"":""not required""},
    ""temporal_causality"": {""status"":""NOT_APPLICABLE"",""reason"":""not required""},
    ""evaluation_independence"": {""status"":""NOT_APPLICABLE"",""reason"":""not required""},
    ""nodata_physical_domain"": {""status"":""NOT_APPLICABLE"",""reason"":""not required""},
    ""uncertainty_fitness"": {""status"":""NOT_APPLICABLE"",""reason"":""not required""}
  },
  ""summary"":""Scene overlap split operation performed"",
  ""confidence"":5
}"
SGX3_BLIND_eo_ml_validation_030,strong_B,mistralai/Mistral-7B-Instruct-v0.3,PROVEN,1.0,5,"{""provenance"": {""status"": ""PASS"", ""reason"": ""authoritative-product""}, ""categorical_semantics"": {""status"": ""NOT_APPLICABLE"", ""reason"": ""continuous data""}, ""spatial_support_resolution"": {""status"": ""PASS"", ""reason"": ""native resolution provided""}, ""units_quantity"": {""status"": ""NOT_APPLICABLE"", ""reason"": ""not required""}, ""crs_geometry_area"": {""status"": ""NOT_APPLICABLE"", ""reason"": ""not required""}, ""spectral_semantics"": {""status"": ""NOT_APPLICABLE"", ""reason"": ""not required""}, ""processing_quality"": {""status"": ""NOT_APPLICABLE"", ""reason"": ""not required""}, ""vertical_semantics"": {""status"": ""NOT_APPLICABLE"", ""reason"": ""not required""}, ""temporal_causality"": {""status"": ""NOT_APPLICABLE"", ""reason"": ""not required""}, ""evaluation_independence"": {""status"": ""PASS"", ""reason"": ""scene split specified""}, ""nodata_physical_domain"": {""status"": ""NOT_APPLICABLE"", ""reason"": ""not required""}, ""uncertainty_fitness"": {""status"": ""NOT_APPLICABLE"", ""reason"": ""not required""}}",Scene split for eo_ml_validation,"{
  ""obligations"": {
    ""provenance"": {""status"":""PASS"",""reason"":""authoritative-product""},
    ""categorical_semantics"": {""status"":""NOT_APPLICABLE"",""reason"":""continuous data""},
    ""spatial_support_resolution"": {""status"":""PASS"",""reason"":""native resolution provided""},
    ""units_quantity"": {""status"":""NOT_APPLICABLE"",""reason"":""not required""},
    ""crs_geometry_area"": {""status"":""NOT_APPLICABLE"",""reason"":""not required""},
    ""spectral_semantics"": {""status"":""NOT_APPLICABLE"",""reason"":""not required""},
    ""processing_quality"": {""status"":""NOT_APPLICABLE"",""reason"":""not required""},
    ""vertical_semantics"": {""status"":""NOT_APPLICABLE"",""reason"":""not required""},
    ""temporal_causality"": {""status"":""NOT_APPLICABLE"",""reason"":""not required""},
    ""evaluation_independence"": {""status"":""PASS"",""reason"":""scene split specified""},
    ""nodata_physical_domain"": {""status"":""NOT_APPLICABLE"",""reason"":""not required""},
    ""uncertainty_fitness"": {""status"":""NOT_APPLICABLE"",""reason"":""not required""}
  },
  ""summary"":""Scene split for eo_ml_validation"",
  ""confidence"":5
}"
SGX3_DEVELOPMENT_unsupported_resolution_gain_004,strong_B,mistralai/Mistral-7B-Instruct-v0.3,PROVEN,1.0,5,"{""provenance"": {""status"": ""PASS"", ""reason"": ""authoritative-product""}, ""categorical_semantics"": {""status"": ""NOT_APPLICABLE"", ""reason"": ""continuous data""}, ""spatial_support_resolution"": {""status"": ""PASS"", ""reason"": ""resolution is consistent""}, ""units_quantity"": {""status"": ""NOT_APPLICABLE"", ""reason"": ""not required""}, ""crs_geometry_area"": {""status"": ""NOT_APPLICABLE"", ""reason"": ""not required""}, ""spectral_semantics"": {""status"": ""NOT_APPLICABLE"", ""reason"": ""not required""}, ""processing_quality"": {""status"": ""NOT_APPLICABLE"", ""reason"": ""not required""}, ""vertical_semantics"": {""status"": ""NOT_APPLICABLE"", ""reason"": ""not required""}, ""temporal_causality"": {""status"": ""NOT_APPLICABLE"", ""reason"": ""not required""}, ""evaluation_independence"": {""status"": ""NOT_APPLICABLE"", ""reason"": ""not required""}, ""nodata_physical_domain"": {""status"": ""NOT_APPLICABLE"", ""reason"": ""not required""}, ""uncertainty_fitness"": {""status"": ""NOT_APPLICABLE"", ""reason"": ""not required""}}",label-preserving resampling of continuous data,"{
  ""obligations"": {
    ""provenance"": {""status"":""PASS"",""reason"":""authoritative-product""},
    ""categorical_semantics"": {""status"":""NOT_APPLICABLE"",""reason"":""continuous data""},
    ""spatial_support_resolution"": {""status"":""PASS"",""reason"":""resolution is consistent""},
    ""units_quantity"": {""status"":""NOT_APPLICABLE"",""reason"":""not required""},
    ""crs_geometry_area"": {""status"":""NOT_APPLICABLE"",""reason"":""not required""},
    ""spectral_semantics"": {""status"":""NOT_APPLICABLE"",""reason"":""not required""},
    ""processing_quality"": {""status"":""NOT_APPLICABLE"",""reason"":""not required""},
    ""vertical_semantics"": {""status"":""NOT_APPLICABLE"",""reason"":""not required""},
    ""temporal_causality"": {""status"":""NOT_APPLICABLE"",""reason"":""not required""},
    ""evaluation_independence"": {""status"":""NOT_APPLICABLE"",""reason"":""not required""},
    ""nodata_physical_domain"": {""status"":""NOT_APPLICABLE"",""reason"":""not required""},
    ""uncertainty_fitness"": {""status"":""NOT_APPLICABLE"",""reason"":""not required""}
  },
  ""summary"":""label-preserving resampling of continuous data"",
  ""confidence"":5
}"
SGX3_BLIND_flood_remote_sensing_011,strong_B,mistralai/Mistral-7B-Instruct-v0.3,PROVEN,1.0,5,"{""provenance"": {""status"": ""PASS"", ""reason"": ""all artifacts have authoritative-product provenance""}, ""categorical_semantics"": {""status"": ""NOT_APPLICABLE"", ""reason"": ""no categorical data is involved""}, ""spatial_support_resolution"": {""status"": ""NOT_APPLICABLE"", ""reason"": ""no resolution claims are made""}, ""units_quantity"": {""status"": ""NOT_APPLICABLE"", ""reason"": ""no quantity semantics are involved""}, ""crs_geometry_area"": {""status"": ""NOT_APPLICABLE"", ""reason"": ""no angular coordinates or area calculations are involved""}, ""spectral_semantics"": {""status"": ""NOT_APPLICABLE"", ""reason"": ""no spectral index or multispectral operation is performed""}, ""processing_quality"": {""status"": ""NOT_APPLICABLE"", ""reason"": ""no processing level or quality metadata is required""}, ""vertical_semantics"": {""status"": ""NOT_APPLICABLE"", ""reason"": ""no vertical quantities are involved""}, ""temporal_causality"": {""status"": ""NOT_APPLICABLE"", ""reason"": ""no future information leakage is involved""}, ""evaluation_independence"": {""status"": ""NOT_APPLICABLE"", ""reason"": ""no evaluation split is involved""}, ""nodata_physical_domain"": {""status"": ""NOT_APPLICABLE"", ""reason"": ""no NoData/missing-value semantics are required""}, ""uncertainty_fitness"": {""status"": ""NOT_APPLICABLE"", ""reason"": ""no uncertainty requirement is imposed""}}","The workflow involves a cloud mask, sensor comparison, and area calculation on SAR and optical data.","{
  ""obligations"": {
    ""provenance"": {""status"":""PASS"",""reason"":""all artifacts have authoritative-product provenance""},
    ""categorical_semantics"": {""status"":""NOT_APPLICABLE"",""reason"":""no categorical data is involved""},
    ""spatial_support_resolution"": {""status"":""NOT_APPLICABLE"",""reason"":""no resolution claims are made""},
    ""units_quantity"": {""status"":""NOT_APPLICABLE"",""reason"":""no quantity semantics are involved""},
    ""crs_geometry_area"": {""status"":""NOT_APPLICABLE"",""reason"":""no angular coordinates or area calculations are involved""},
    ""spectral_semantics"": {""status"":""NOT_APPLICABLE"",""reason"":""no spectral index or multispectral operation is performed""},
    ""processing_quality"": {""status"":""NOT_APPLICABLE"",""reason"":""no processing level or quality metadata is required""},
    ""vertical_semantics"": {""status"":""NOT_APPLICABLE"",""reason"":""no vertical quantities are involved""},
    ""temporal_causality"": {""status"":""NOT_APPLICABLE"",""reason"":""no future information leakage is involved""},
    ""evaluation_independence"": {""status"":""NOT_APPLICABLE"",""reason"":""no evaluation split is involved""},
    ""nodata_physical_domain"": {""status"":""NOT_APPLICABLE"",""reason"":""no NoData/missing-value semantics are required""},
    ""uncertainty_fitness"": {""status"":""NOT_APPLICABLE"",""reason"":""no uncertainty requirement is imposed""}
  },
  ""summary"":""The workflow involves a cloud mask, sensor comparison, and area calculation on SAR and optical data."",
  ""confidence"":5
}"
SGX3_BLIND_landcover_change_041,strong_B,mistralai/Mistral-7B-Instruct-v0.3,UNPROVEN,1.0,5,"{""provenance"": {""status"": ""MISSING_EVIDENCE"", ""reason"": ""required for scientific certification""}, ""categorical_semantics"": {""status"": ""PASS"", ""reason"": ""label-preserving resampling""}, ""spatial_support_resolution"": {""status"": ""PASS"", ""reason"": ""coarsening does not claim new spatial information""}, ""units_quantity"": {""status"": ""NOT_APPLICABLE"", ""reason"": ""not required""}, ""crs_geometry_area"": {""status"": ""NOT_APPLICABLE"", ""reason"": ""not required""}, ""spectral_semantics"": {""status"": ""NOT_APPLICABLE"", ""reason"": ""not required""}, ""processing_quality"": {""status"": ""NOT_APPLICABLE"", ""reason"": ""not required""}, ""vertical_semantics"": {""status"": ""NOT_APPLICABLE"", ""reason"": ""not required""}, ""temporal_causality"": {""status"": ""NOT_APPLICABLE"", ""reason"": ""not required""}, ""evaluation_independence"": {""status"": ""NOT_APPLICABLE"", ""reason"": ""not required""}, ""nodata_physical_domain"": {""status"": ""NOT_APPLICABLE"", ""reason"": ""not required""}, ""uncertainty_fitness"": {""status"": ""NOT_APPLICABLE"", ""reason"": ""not required""}}",label-preserving categorical coarsening,"{
  ""obligations"": {
    ""provenance"": {""status"":""MISSING_EVIDENCE"",""reason"":""required for scientific certification""},
    ""categorical_semantics"": {""status"":""PASS"",""reason"":""label-preserving resampling""},
    ""spatial_support_resolution"": {""status"":""PASS"",""reason"":""coarsening does not claim new spatial information""},
    ""units_quantity"": {""status"":""NOT_APPLICABLE"",""reason"":""not required""},
    ""crs_geometry_area"": {""status"":""NOT_APPLICABLE"",""reason"":""not required""},
    ""spectral_semantics"": {""status"":""NOT_APPLICABLE"",""reason"":""not required""},
    ""processing_quality"": {""status"":""NOT_APPLICABLE"",""reason"":""not required""},
    ""vertical_semantics"": {""status"":""NOT_APPLICABLE"",""reason"":""not required""},
    ""temporal_causality"": {""status"":""NOT_APPLICABLE"",""reason"":""not required""},
    ""evaluation_independence"": {""status"":""NOT_APPLICABLE"",""reason"":""not required""},
    ""nodata_physical_domain"": {""status"":""NOT_APPLICABLE"",""reason"":""not required""},
    ""uncertainty_fitness"": {""status"":""NOT_APPLICABLE"",""reason"":""not required""}
  },
  ""summary"":""label-preserving categorical coarsening"",
  ""confidence"":5
}"
SGX3_HELDOUT-FAMILY_multisensor_time_mismatch_010,strong_B,mistralai/Mistral-7B-Instruct-v0.3,UNPROVEN,1.0,5,"{""provenance"": {""status"": ""PASS"", ""reason"": ""authoritative-product is supplied""}, ""categorical_semantics"": {""status"": ""NOT_APPLICABLE"", ""reason"": ""no categorical operation is involved""}, ""spatial_support_resolution"": {""status"": ""PASS"", ""reason"": ""native resolution is supplied""}, ""units_quantity"": {""status"": ""NOT_APPLICABLE"", ""reason"": ""no rate/accumulation or invalid unit conversion is involved""}, ""crs_geometry_area"": {""status"": ""NOT_APPLICABLE"", ""reason"": ""not required""}, ""spectral_semantics"": {""status"": ""NOT_APPLICABLE"", ""reason"": ""not required""}, ""processing_quality"": {""status"": ""NOT_APPLICABLE"", ""reason"": ""not required""}, ""vertical_semantics"": {""status"": ""NOT_APPLICABLE"", ""reason"": ""not required""}, ""temporal_causality"": {""status"": ""MISSING_EVIDENCE"", ""reason"": ""temporal tolerance is supplied but acquisition times are missing""}, ""evaluation_independence"": {""status"": ""NOT_APPLICABLE"", ""reason"": ""not required""}, ""nodata_physical_domain"": {""status"": ""NOT_APPLICABLE"", ""reason"": ""not required""}, ""uncertainty_fitness"": {""status"": ""NOT_APPLICABLE"", ""reason"": ""not required""}}",multisensor time mismatch tolerance is supplied but acquisition times are missing,"{
  ""obligations"": {
    ""provenance"": {""status"":""PASS"",""reason"":""authoritative-product is supplied""},
    ""categorical_semantics"": {""status"":""NOT_APPLICABLE"",""reason"":""no categorical operation is involved""},
    ""spatial_support_resolution"": {""status"":""PASS"",""reason"":""native resolution is supplied""},
    ""units_quantity"": {""status"":""NOT_APPLICABLE"",""reason"":""no rate/accumulation or invalid unit conversion is involved""},
    ""crs_geometry_area"": {""status"":""NOT_APPLICABLE"",""reason"":""not required""},
    ""spectral_semantics"": {""status"":""NOT_APPLICABLE"",""reason"":""not required""},
    ""processing_quality"": {""status"":""NOT_APPLICABLE"",""reason"":""not required""},
    ""vertical_semantics"": {""status"":""NOT_APPLICABLE"",""reason"":""not required""},
    ""temporal_causality"": {""status"":""MISSING_EVIDENCE"",""reason"":""temporal tolerance is supplied but acquisition times are missing""},
    ""evaluation_independence"": {""status"":""NOT_APPLICABLE"",""reason"":""not required""},
    ""nodata_physical_domain"": {""status"":""NOT_APPLICABLE"",""reason"":""not required""},
    ""uncertainty_fitness"": {""status"":""NOT_APPLICABLE"",""reason"":""not required""}
  },
  ""summary"":""multisensor time mismatch tolerance is supplied but acquisition times are missing"",
  ""confidence"":5
}"
SGX3_BLIND_landcover_change_022,strong_B,mistralai/Mistral-7B-Instruct-v0.3,PROVEN,1.0,5,"{""provenance"": {""status"": ""PASS"", ""reason"": ""ESA WorldCover is supplied""}, ""categorical_semantics"": {""status"": ""PASS"", ""reason"": ""resampling preserves category identity""}, ""spatial_support_resolution"": {""status"": ""PASS"", ""reason"": ""coarsening does not claim new spatial information""}, ""units_quantity"": {""status"": ""NOT_APPLICABLE"", ""reason"": ""not required""}, ""crs_geometry_area"": {""status"": ""NOT_APPLICABLE"", ""reason"": ""not required""}, ""spectral_semantics"": {""status"": ""NOT_APPLICABLE"", ""reason"": ""not required""}, ""processing_quality"": {""status"": ""NOT_APPLICABLE"", ""reason"": ""not required""}, ""vertical_semantics"": {""status"": ""NOT_APPLICABLE"", ""reason"": ""not required""}, ""temporal_causality"": {""status"": ""NOT_APPLICABLE"", ""reason"": ""not required""}, ""evaluation_independence"": {""status"": ""NOT_APPLICABLE"", ""reason"": ""not required""}, ""nodata_physical_domain"": {""status"": ""NOT_APPLICABLE"", ""reason"": ""not required""}, ""uncertainty_fitness"": {""status"": ""NOT_APPLICABLE"", ""reason"": ""not required""}}",label-preserving categorical coarsening,"{
  ""obligations"": {
    ""provenance"": {""status"":""PASS"",""reason"":""ESA WorldCover is supplied""},
    ""categorical_semantics"": {""status"":""PASS"",""reason"":""resampling preserves category identity""},
    ""spatial_support_resolution"": {""status"":""PASS"",""reason"":""coarsening does not claim new spatial information""},
    ""units_quantity"": {""status"":""NOT_APPLICABLE"",""reason"":""not required""},
    ""crs_geometry_area"": {""status"":""NOT_APPLICABLE"",""reason"":""not required""},
    ""spectral_semantics"": {""status"":""NOT_APPLICABLE"",""reason"":""not required""},
    ""processing_quality"": {""status"":""NOT_APPLICABLE"",""reason"":""not required""},
    ""vertical_semantics"": {""status"":""NOT_APPLICABLE"",""reason"":""not required""},
    ""temporal_causality"": {""status"":""NOT_APPLICABLE"",""reason"":""not required""},
    ""evaluation_independence"": {""status"":""NOT_APPLICABLE"",""reason"":""not required""},
    ""nodata_physical_domain"": {""status"":""NOT_APPLICABLE"",""reason"":""not required""},
    ""uncertainty_fitness"": {""status"":""NOT_APPLICABLE"",""reason"":""not required""}
  },
  ""summary"":""label-preserving categorical coarsening"",
  ""confidence"":5
}"
SGX3_HELDOUT-FAMILY_physical_range_violation_009,strong_B,mistralai/Mistral-7B-Instruct-v0.3,PROVEN,1.0,5,"{""provenance"": {""status"": ""PASS"", ""reason"": ""authoritative-product""}, ""categorical_semantics"": {""status"": ""NOT_APPLICABLE"", ""reason"": ""continuous data""}, ""spatial_support_resolution"": {""status"": ""NOT_APPLICABLE"", ""reason"": ""not required""}, ""units_quantity"": {""status"": ""NOT_APPLICABLE"", ""reason"": ""not required""}, ""crs_geometry_area"": {""status"": ""NOT_APPLICABLE"", ""reason"": ""not required""}, ""spectral_semantics"": {""status"": ""NOT_APPLICABLE"", ""reason"": ""not required""}, ""processing_quality"": {""status"": ""NOT_APPLICABLE"", ""reason"": ""not required""}, ""vertical_semantics"": {""status"": ""NOT_APPLICABLE"", ""reason"": ""not required""}, ""temporal_causality"": {""status"": ""NOT_APPLICABLE"", ""reason"": ""not required""}, ""evaluation_independence"": {""status"": ""NOT_APPLICABLE"", ""reason"": ""not required""}, ""nodata_physical_domain"": {""status"": ""NOT_APPLICABLE"", ""reason"": ""not required""}, ""uncertainty_fitness"": {""status"": ""NOT_APPLICABLE"", ""reason"": ""not required""}}",NDVI value range assertion violates supplied range,"{
  ""obligations"": {
    ""provenance"": {""status"":""PASS"",""reason"":""authoritative-product""},
    ""categorical_semantics"": {""status"":""NOT_APPLICABLE"",""reason"":""continuous data""},
    ""spatial_support_resolution"": {""status"":""NOT_APPLICABLE"",""reason"":""not required""},
    ""units_quantity"": {""status"":""NOT_APPLICABLE"",""reason"":""not required""},
    ""crs_geometry_area"": {""status"":""NOT_APPLICABLE"",""reason"":""not required""},
    ""spectral_semantics"": {""status"":""NOT_APPLICABLE"",""reason"":""not required""},
    ""processing_quality"": {""status"":""NOT_APPLICABLE"",""reason"":""not required""},
    ""vertical_semantics"": {""status"":""NOT_APPLICABLE"",""reason"":""not required""},
    ""temporal_causality"": {""status"":""NOT_APPLICABLE"",""reason"":""not required""},
    ""evaluation_independence"": {""status"":""NOT_APPLICABLE"",""reason"":""not required""},
    ""nodata_physical_domain"": {""status"":""NOT_APPLICABLE"",""reason"":""not required""},
    ""uncertainty_fitness"": {""status"":""NOT_APPLICABLE"",""reason"":""not required""}
  },
  ""summary"":""NDVI value range assertion violates supplied range"",
  ""confidence"":5
}"
SGX3_BLIND_eo_ml_validation_039,strong_B,mistralai/Mistral-7B-Instruct-v0.3,PROVEN,1.0,5,"{""provenance"": {""status"": ""PASS"", ""reason"": ""authoritative-product""}, ""categorical_semantics"": {""status"": ""NOT_APPLICABLE"", ""reason"": ""continuous data""}, ""spatial_support_resolution"": {""status"": ""PASS"", ""reason"": ""native resolution provided""}, ""units_quantity"": {""status"": ""NOT_APPLICABLE"", ""reason"": ""not required""}, ""crs_geometry_area"": {""status"": ""NOT_APPLICABLE"", ""reason"": ""not required""}, ""spectral_semantics"": {""status"": ""NOT_APPLICABLE"", ""reason"": ""not required""}, ""processing_quality"": {""status"": ""NOT_APPLICABLE"", ""reason"": ""not required""}, ""vertical_semantics"": {""status"": ""NOT_APPLICABLE"", ""reason"": ""not required""}, ""temporal_causality"": {""status"": ""NOT_APPLICABLE"", ""reason"": ""not required""}, ""evaluation_independence"": {""status"": ""NOT_APPLICABLE"", ""reason"": ""not required""}, ""nodata_physical_domain"": {""status"": ""NOT_APPLICABLE"", ""reason"": ""not required""}, ""uncertainty_fitness"": {""status"": ""NOT_APPLICABLE"", ""reason"": ""not required""}}",eo_ml_validation workflow does not require any specific scientific proof obligations,"{
  ""obligations"": {
    ""provenance"": {""status"":""PASS"",""reason"":""authoritative-product""},
    ""categorical_semantics"": {""status"":""NOT_APPLICABLE"",""reason"":""continuous data""},
    ""spatial_support_resolution"": {""status"":""PASS"",""reason"":""native resolution provided""},
    ""units_quantity"": {""status"":""NOT_APPLICABLE"",""reason"":""not required""},
    ""crs_geometry_area"": {""status"":""NOT_APPLICABLE"",""reason"":""not required""},
    ""spectral_semantics"": {""status"":""NOT_APPLICABLE"",""reason"":""not required""},
    ""processing_quality"": {""status"":""NOT_APPLICABLE"",""reason"":""not required""},
    ""vertical_semantics"": {""status"":""NOT_APPLICABLE"",""reason"":""not required""},
    ""temporal_causality"": {""status"":""NOT_APPLICABLE"",""reason"":""not required""},
    ""evaluation_independence"": {""status"":""NOT_APPLICABLE"",""reason"":""not required""},
    ""nodata_physical_domain"": {""status"":""NOT_APPLICABLE"",""reason"":""not required""},
    ""uncertainty_fitness"": {""status"":""NOT_APPLICABLE"",""reason"":""not required""}
  },
  ""summary"":""eo_ml_validation workflow does not require any specific scientific proof obligations"",
  ""confidence"":5
}"
SGX3_HELDOUT-FAMILY_missing_provenance_000,strong_B,mistralai/Mistral-7B-Instruct-v0.3,UNPROVEN,1.0,5,"{""provenance"": {""status"": ""MISSING_EVIDENCE"", ""reason"": ""required for scientific certification""}, ""categorical_semantics"": {""status"": ""NOT_APPLICABLE"", ""reason"": ""no categorical operation is involved""}, ""spatial_support_resolution"": {""status"": ""NOT_APPLICABLE"", ""reason"": ""not required""}, ""units_quantity"": {""status"": ""NOT_APPLICABLE"", ""reason"": ""not required""}, ""crs_geometry_area"": {""status"": ""NOT_APPLICABLE"", ""reason"": ""not required""}, ""spectral_semantics"": {""status"": ""NOT_APPLICABLE"", ""reason"": ""not required""}, ""processing_quality"": {""status"": ""NOT_APPLICABLE"", ""reason"": ""not required""}, ""vertical_semantics"": {""status"": ""NOT_APPLICABLE"", ""reason"": ""not required""}, ""temporal_causality"": {""status"": ""NOT_APPLICABLE"", ""reason"": ""not required""}, ""evaluation_independence"": {""status"": ""NOT_APPLICABLE"", ""reason"": ""not required""}, ""nodata_physical_domain"": {""status"": ""NOT_APPLICABLE"", ""reason"": ""not required""}, ""uncertainty_fitness"": {""status"": ""NOT_APPLICABLE"", ""reason"": ""not required""}}",Missing provenance for scientific certification,"{
  ""obligations"": {
    ""provenance"": {""status"":""MISSING_EVIDENCE"",""reason"":""required for scientific certification""},
    ""categorical_semantics"": {""status"":""NOT_APPLICABLE"",""reason"":""no categorical operation is involved""},
    ""spatial_support_resolution"": {""status"":""NOT_APPLICABLE"",""reason"":""not required""},
    ""units_quantity"": {""status"":""NOT_APPLICABLE"",""reason"":""not required""},
    ""crs_geometry_area"": {""status"":""NOT_APPLICABLE"",""reason"":""not required""},
    ""spectral_semantics"": {""status"":""NOT_APPLICABLE"",""reason"":""not required""},
    ""processing_quality"": {""status"":""NOT_APPLICABLE"",""reason"":""not required""},
    ""vertical_semantics"": {""status"":""NOT_APPLICABLE"",""reason"":""not required""},
    ""temporal_causality"": {""status"":""NOT_APPLICABLE"",""reason"":""not required""},
    ""evaluation_independence"": {""status"":""NOT_APPLICABLE"",""reason"":""not required""},
    ""nodata_physical_domain"": {""status"":""NOT_APPLICABLE"",""reason"":""not required""},
    ""uncertainty_fitness"": {""status"":""NOT_APPLICABLE"",""reason"":""not required""}
  },
  ""summary"":""Missing provenance for scientific certification"",
  ""confidence"":5
}"
SGX3_BLIND_flood_remote_sensing_045,strong_B,mistralai/Mistral-7B-Instruct-v0.3,PROVEN,1.0,5,"{""provenance"": {""status"": ""PASS"", ""reason"": ""authoritative-product is supplied""}, ""categorical_semantics"": {""status"": ""NOT_APPLICABLE"", ""reason"": ""no categorical operation is involved""}, ""spatial_support_resolution"": {""status"": ""PASS"", ""reason"": ""resolution is supplied""}, ""units_quantity"": {""status"": ""NOT_APPLICABLE"", ""reason"": ""no quantity semantics are involved""}, ""crs_geometry_area"": {""status"": ""NOT_APPLICABLE"", ""reason"": ""not required""}, ""spectral_semantics"": {""status"": ""NOT_APPLICABLE"", ""reason"": ""not required""}, ""processing_quality"": {""status"": ""NOT_APPLICABLE"", ""reason"": ""not required""}, ""vertical_semantics"": {""status"": ""NOT_APPLICABLE"", ""reason"": ""not required""}, ""temporal_causality"": {""status"": ""NOT_APPLICABLE"", ""reason"": ""not required""}, ""evaluation_independence"": {""status"": ""NOT_APPLICABLE"", ""reason"": ""not required""}, ""nodata_physical_domain"": {""status"": ""NOT_APPLICABLE"", ""reason"": ""not required""}, ""uncertainty_fitness"": {""status"": ""NOT_APPLICABLE"", ""reason"": ""not required""}}","cloud mask is applied to SAR data, then area is calculated for the resulting flood mask","{
  ""obligations"": {
    ""provenance"": {""status"":""PASS"",""reason"":""authoritative-product is supplied""},
    ""categorical_semantics"": {""status"":""NOT_APPLICABLE"",""reason"":""no categorical operation is involved""},
    ""spatial_support_resolution"": {""status"":""PASS"",""reason"":""resolution is supplied""},
    ""units_quantity"": {""status"":""NOT_APPLICABLE"",""reason"":""no quantity semantics are involved""},
    ""crs_geometry_area"": {""status"":""NOT_APPLICABLE"",""reason"":""not required""},
    ""spectral_semantics"": {""status"":""NOT_APPLICABLE"",""reason"":""not required""},
    ""processing_quality"": {""status"":""NOT_APPLICABLE"",""reason"":""not required""},
    ""vertical_semantics"": {""status"":""NOT_APPLICABLE"",""reason"":""not required""},
    ""temporal_causality"": {""status"":""NOT_APPLICABLE"",""reason"":""not required""},
    ""evaluation_independence"": {""status"":""NOT_APPLICABLE"",""reason"":""not required""},
    ""nodata_physical_domain"": {""status"":""NOT_APPLICABLE"",""reason"":""not required""},
    ""uncertainty_fitness"": {""status"":""NOT_APPLICABLE"",""reason"":""not required""}
  },
  ""summary"":""cloud mask is applied to SAR data, then area is calculated for the resulting flood mask"",
  ""confidence"":5
}"
SGX3_BLIND_landcover_change_005,strong_B,mistralai/Mistral-7B-Instruct-v0.3,PROVEN,1.0,5,"{""provenance"": {""status"": ""PASS"", ""reason"": ""ESA WorldCover is supplied""}, ""categorical_semantics"": {""status"": ""PASS"", ""reason"": ""no categorical operation is involved""}, ""spatial_support_resolution"": {""status"": ""PASS"", ""reason"": ""resolution is coarsened""}, ""units_quantity"": {""status"": ""NOT_APPLICABLE"", ""reason"": ""not required""}, ""crs_geometry_area"": {""status"": ""NOT_APPLICABLE"", ""reason"": ""not required""}, ""spectral_semantics"": {""status"": ""NOT_APPLICABLE"", ""reason"": ""not required""}, ""processing_quality"": {""status"": ""NOT_APPLICABLE"", ""reason"": ""not required""}, ""vertical_semantics"": {""status"": ""NOT_APPLICABLE"", ""reason"": ""not required""}, ""temporal_causality"": {""status"": ""NOT_APPLICABLE"", ""reason"": ""not required""}, ""evaluation_independence"": {""status"": ""NOT_APPLICABLE"", ""reason"": ""not required""}, ""nodata_physical_domain"": {""status"": ""NOT_APPLICABLE"", ""reason"": ""not required""}, ""uncertainty_fitness"": {""status"": ""NOT_APPLICABLE"", ""reason"": ""not required""}}",label-preserving categorical coarsening,"{
  ""obligations"": {
    ""provenance"": {""status"":""PASS"",""reason"":""ESA WorldCover is supplied""},
    ""categorical_semantics"": {""status"":""PASS"",""reason"":""no categorical operation is involved""},
    ""spatial_support_resolution"": {""status"":""PASS"",""reason"":""resolution is coarsened""},
    ""units_quantity"": {""status"":""NOT_APPLICABLE"",""reason"":""not required""},
    ""crs_geometry_area"": {""status"":""NOT_APPLICABLE"",""reason"":""not required""},
    ""spectral_semantics"": {""status"":""NOT_APPLICABLE"",""reason"":""not required""},
    ""processing_quality"": {""status"":""NOT_APPLICABLE"",""reason"":""not required""},
    ""vertical_semantics"": {""status"":""NOT_APPLICABLE"",""reason"":""not required""},
    ""temporal_causality"": {""status"":""NOT_APPLICABLE"",""reason"":""not required""},
    ""evaluation_independence"": {""status"":""NOT_APPLICABLE"",""reason"":""not required""},
    ""nodata_physical_domain"": {""status"":""NOT_APPLICABLE"",""reason"":""not required""},
    ""uncertainty_fitness"": {""status"":""NOT_APPLICABLE"",""reason"":""not required""}
  },
  ""summary"":""label-preserving categorical coarsening"",
  ""confidence"":5
}"
SGX3_DEVELOPMENT_spectral_role_001,strong_B,mistralai/Mistral-7B-Instruct-v0.3,PROVEN,1.0,5,"{""provenance"": {""status"": ""PASS"", ""reason"": ""authoritative-product""}, ""categorical_semantics"": {""status"": ""NOT_APPLICABLE"", ""reason"": ""continuous data""}, ""spatial_support_resolution"": {""status"": ""PASS"", ""reason"": ""not applicable""}, ""units_quantity"": {""status"": ""NOT_APPLICABLE"", ""reason"": ""not required""}, ""crs_geometry_area"": {""status"": ""NOT_APPLICABLE"", ""reason"": ""not required""}, ""spectral_semantics"": {""status"": ""PASS"", ""reason"": ""explicit_alignment=true""}, ""processing_quality"": {""status"": ""NOT_APPLICABLE"", ""reason"": ""not required""}, ""vertical_semantics"": {""status"": ""NOT_APPLICABLE"", ""reason"": ""not required""}, ""temporal_causality"": {""status"": ""NOT_APPLICABLE"", ""reason"": ""not required""}, ""evaluation_independence"": {""status"": ""NOT_APPLICABLE"", ""reason"": ""not required""}, ""nodata_physical_domain"": {""status"": ""NOT_APPLICABLE"", ""reason"": ""not required""}, ""uncertainty_fitness"": {""status"": ""NOT_APPLICABLE"", ""reason"": ""not required""}}",spectral index operation with explicit alignment,"{
  ""obligations"": {
    ""provenance"": {""status"":""PASS"",""reason"":""authoritative-product""},
    ""categorical_semantics"": {""status"":""NOT_APPLICABLE"",""reason"":""continuous data""},
    ""spatial_support_resolution"": {""status"":""PASS"",""reason"":""not applicable""},
    ""units_quantity"": {""status"":""NOT_APPLICABLE"",""reason"":""not required""},
    ""crs_geometry_area"": {""status"":""NOT_APPLICABLE"",""reason"":""not required""},
    ""spectral_semantics"": {""status"":""PASS"",""reason"":""explicit_alignment=true""},
    ""processing_quality"": {""status"":""NOT_APPLICABLE"",""reason"":""not required""},
    ""vertical_semantics"": {""status"":""NOT_APPLICABLE"",""reason"":""not required""},
    ""temporal_causality"": {""status"":""NOT_APPLICABLE"",""reason"":""not required""},
    ""evaluation_independence"": {""status"":""NOT_APPLICABLE"",""reason"":""not required""},
    ""nodata_physical_domain"": {""status"":""NOT_APPLICABLE"",""reason"":""not required""},
    ""uncertainty_fitness"": {""status"":""NOT_APPLICABLE"",""reason"":""not required""}
  },
  ""summary"":""spectral index operation with explicit alignment"",
  ""confidence"":5
}"
SGX3_DEVELOPMENT_future_information_009,strong_B,mistralai/Mistral-7B-Instruct-v0.3,REFUTED,1.0,5,"{""provenance"": {""status"": ""PASS"", ""reason"": ""authoritative-product is supplied""}, ""categorical_semantics"": {""status"": ""NOT_APPLICABLE"", ""reason"": ""continuous data is involved""}, ""spatial_support_resolution"": {""status"": ""NOT_APPLICABLE"", ""reason"": ""not required""}, ""units_quantity"": {""status"": ""NOT_APPLICABLE"", ""reason"": ""not required""}, ""crs_geometry_area"": {""status"": ""NOT_APPLICABLE"", ""reason"": ""not required""}, ""spectral_semantics"": {""status"": ""NOT_APPLICABLE"", ""reason"": ""not required""}, ""processing_quality"": {""status"": ""NOT_APPLICABLE"", ""reason"": ""not required""}, ""vertical_semantics"": {""status"": ""MISSING_EVIDENCE"", ""reason"": ""vertical datum is absent""}, ""temporal_causality"": {""status"": ""FAIL"", ""reason"": ""feature is available before decision time""}, ""evaluation_independence"": {""status"": ""NOT_APPLICABLE"", ""reason"": ""no evaluation split is involved""}, ""nodata_physical_domain"": {""status"": ""NOT_APPLICABLE"", ""reason"": ""not required""}, ""uncertainty_fitness"": {""status"": ""NOT_APPLICABLE"", ""reason"": ""not required""}}",rainfall prediction without vertical datum,"{
  ""obligations"": {
    ""provenance"": {""status"":""PASS"",""reason"":""authoritative-product is supplied""},
    ""categorical_semantics"": {""status"":""NOT_APPLICABLE"",""reason"":""continuous data is involved""},
    ""spatial_support_resolution"": {""status"":""NOT_APPLICABLE"",""reason"":""not required""},
    ""units_quantity"": {""status"":""NOT_APPLICABLE"",""reason"":""not required""},
    ""crs_geometry_area"": {""status"":""NOT_APPLICABLE"",""reason"":""not required""},
    ""spectral_semantics"": {""status"":""NOT_APPLICABLE"",""reason"":""not required""},
    ""processing_quality"": {""status"":""NOT_APPLICABLE"",""reason"":""not required""},
    ""vertical_semantics"": {""status"":""MISSING_EVIDENCE"",""reason"":""vertical datum is absent""},
    ""temporal_causality"": {""status"":""FAIL"",""reason"":""feature is available before decision time""},
    ""evaluation_independence"": {""status"":""NOT_APPLICABLE"",""reason"":""no evaluation split is involved""},
    ""nodata_physical_domain"": {""status"":""NOT_APPLICABLE"",""reason"":""not required""},
    ""uncertainty_fitness"": {""status"":""NOT_APPLICABLE"",""reason"":""not required""}
  },
  ""summary"":""rainfall prediction without vertical datum"",
  ""confidence"":5
}"
SGX3_BLIND_landslide_forecast_030,strong_B,mistralai/Mistral-7B-Instruct-v0.3,REFUTED,1.0,5,"{""provenance"": {""status"": ""MISSING_EVIDENCE"", ""reason"": ""required for scientific certification""}, ""categorical_semantics"": {""status"": ""NOT_APPLICABLE"", ""reason"": ""no categorical operation is involved""}, ""spatial_support_resolution"": {""status"": ""NOT_APPLICABLE"", ""reason"": ""not required""}, ""units_quantity"": {""status"": ""NOT_APPLICABLE"", ""reason"": ""not required""}, ""crs_geometry_area"": {""status"": ""NOT_APPLICABLE"", ""reason"": ""not required""}, ""spectral_semantics"": {""status"": ""NOT_APPLICABLE"", ""reason"": ""not required""}, ""processing_quality"": {""status"": ""NOT_APPLICABLE"", ""reason"": ""not required""}, ""vertical_semantics"": {""status"": ""PASS"", ""reason"": ""DSM versus DTM requirements are satisfied""}, ""temporal_causality"": {""status"": ""FAIL"", ""reason"": ""feature is available before decision time""}, ""evaluation_independence"": {""status"": ""NOT_APPLICABLE"", ""reason"": ""no evaluation split is involved""}, ""nodata_physical_domain"": {""status"": ""NOT_APPLICABLE"", ""reason"": ""not required""}, ""uncertainty_fitness"": {""status"": ""NOT_APPLICABLE"", ""reason"": ""not required""}}",landslide forecast workflow does not satisfy provenance requirement,"{
  ""obligations"": {
    ""provenance"": {""status"":""MISSING_EVIDENCE"",""reason"":""required for scientific certification""},
    ""categorical_semantics"": {""status"":""NOT_APPLICABLE"",""reason"":""no categorical operation is involved""},
    ""spatial_support_resolution"": {""status"":""NOT_APPLICABLE"",""reason"":""not required""},
    ""units_quantity"": {""status"":""NOT_APPLICABLE"",""reason"":""not required""},
    ""crs_geometry_area"": {""status"":""NOT_APPLICABLE"",""reason"":""not required""},
    ""spectral_semantics"": {""status"":""NOT_APPLICABLE"",""reason"":""not required""},
    ""processing_quality"": {""status"":""NOT_APPLICABLE"",""reason"":""not required""},
    ""vertical_semantics"": {""status"":""PASS"",""reason"":""DSM versus DTM requirements are satisfied""},
    ""temporal_causality"": {""status"":""FAIL"",""reason"":""feature is available before decision time""},
    ""evaluation_independence"": {""status"":""NOT_APPLICABLE"",""reason"":""no evaluation split is involved""},
    ""nodata_physical_domain"": {""status"":""NOT_APPLICABLE"",""reason"":""not required""},
    ""uncertainty_fitness"": {""status"":""NOT_APPLICABLE"",""reason"":""not required""}
  },
  ""summary"":""landslide forecast workflow does not satisfy provenance requirement"",
  ""confidence"":5
}"
SGX3_HELDOUT-FAMILY_temporal_split_overlap_002,strong_B,mistralai/Mistral-7B-Instruct-v0.3,PROVEN,1.0,5,"{""provenance"": {""status"": ""PASS"", ""reason"": ""authoritative-product""}, ""categorical_semantics"": {""status"": ""NOT_APPLICABLE"", ""reason"": ""continuous data""}, ""spatial_support_resolution"": {""status"": ""NOT_APPLICABLE"", ""reason"": ""not required""}, ""units_quantity"": {""status"": ""NOT_APPLICABLE"", ""reason"": ""not required""}, ""crs_geometry_area"": {""status"": ""NOT_APPLICABLE"", ""reason"": ""not required""}, ""spectral_semantics"": {""status"": ""NOT_APPLICABLE"", ""reason"": ""not required""}, ""processing_quality"": {""status"": ""NOT_APPLICABLE"", ""reason"": ""not required""}, ""vertical_semantics"": {""status"": ""NOT_APPLICABLE"", ""reason"": ""not required""}, ""temporal_causality"": {""status"": ""PASS"", ""reason"": ""temporal split is performed""}, ""evaluation_independence"": {""status"": ""PASS"", ""reason"": ""temporal split is performed""}, ""nodata_physical_domain"": {""status"": ""NOT_APPLICABLE"", ""reason"": ""not required""}, ""uncertainty_fitness"": {""status"": ""NOT_APPLICABLE"", ""reason"": ""not required""}}",temporal split performed,"{
  ""obligations"": {
    ""provenance"": {""status"":""PASS"",""reason"":""authoritative-product""},
    ""categorical_semantics"": {""status"":""NOT_APPLICABLE"",""reason"":""continuous data""},
    ""spatial_support_resolution"": {""status"":""NOT_APPLICABLE"",""reason"":""not required""},
    ""units_quantity"": {""status"":""NOT_APPLICABLE"",""reason"":""not required""},
    ""crs_geometry_area"": {""status"":""NOT_APPLICABLE"",""reason"":""not required""},
    ""spectral_semantics"": {""status"":""NOT_APPLICABLE"",""reason"":""not required""},
    ""processing_quality"": {""status"":""NOT_APPLICABLE"",""reason"":""not required""},
    ""vertical_semantics"": {""status"":""NOT_APPLICABLE"",""reason"":""not required""},
    ""temporal_causality"": {""status"":""PASS"",""reason"":""temporal split is performed""},
    ""evaluation_independence"": {""status"":""PASS"",""reason"":""temporal split is performed""},
    ""nodata_physical_domain"": {""status"":""NOT_APPLICABLE"",""reason"":""not required""},
    ""uncertainty_fitness"": {""status"":""NOT_APPLICABLE"",""reason"":""not required""}
  },
  ""summary"":""temporal split performed"",
  ""confidence"":5
}"
SGX3_HELDOUT-FAMILY_scene_overlap_leakage_004,strong_B,mistralai/Mistral-7B-Instruct-v0.3,PROVEN,1.0,5,"{""provenance"": {""status"": ""PASS"", ""reason"": ""authoritative-product""}, ""categorical_semantics"": {""status"": ""NOT_APPLICABLE"", ""reason"": ""continuous data""}, ""spatial_support_resolution"": {""status"": ""PASS"", ""reason"": ""not applicable""}, ""units_quantity"": {""status"": ""NOT_APPLICABLE"", ""reason"": ""not required""}, ""crs_geometry_area"": {""status"": ""NOT_APPLICABLE"", ""reason"": ""not required""}, ""spectral_semantics"": {""status"": ""NOT_APPLICABLE"", ""reason"": ""not required""}, ""processing_quality"": {""status"": ""NOT_APPLICABLE"", ""reason"": ""not required""}, ""vertical_semantics"": {""status"": ""NOT_APPLICABLE"", ""reason"": ""not required""}, ""temporal_causality"": {""status"": ""NOT_APPLICABLE"", ""reason"": ""not required""}, ""evaluation_independence"": {""status"": ""NOT_APPLICABLE"", ""reason"": ""not required""}, ""nodata_physical_domain"": {""status"": ""NOT_APPLICABLE"", ""reason"": ""not required""}, ""uncertainty_fitness"": {""status"": ""NOT_APPLICABLE"", ""reason"": ""not required""}}",Scene overlap split operation performed,"{
  ""obligations"": {
    ""provenance"": {""status"":""PASS"",""reason"":""authoritative-product""},
    ""categorical_semantics"": {""status"":""NOT_APPLICABLE"",""reason"":""continuous data""},
    ""spatial_support_resolution"": {""status"":""PASS"",""reason"":""not applicable""},
    ""units_quantity"": {""status"":""NOT_APPLICABLE"",""reason"":""not required""},
    ""crs_geometry_area"": {""status"":""NOT_APPLICABLE"",""reason"":""not required""},
    ""spectral_semantics"": {""status"":""NOT_APPLICABLE"",""reason"":""not required""},
    ""processing_quality"": {""status"":""NOT_APPLICABLE"",""reason"":""not required""},
    ""vertical_semantics"": {""status"":""NOT_APPLICABLE"",""reason"":""not required""},
    ""temporal_causality"": {""status"":""NOT_APPLICABLE"",""reason"":""not required""},
    ""evaluation_independence"": {""status"":""NOT_APPLICABLE"",""reason"":""not required""},
    ""nodata_physical_domain"": {""status"":""NOT_APPLICABLE"",""reason"":""not required""},
    ""uncertainty_fitness"": {""status"":""NOT_APPLICABLE"",""reason"":""not required""}
  },
  ""summary"":""Scene overlap split operation performed"",
  ""confidence"":5
}"
SGX3_BLIND_landslide_forecast_003,strong_B,mistralai/Mistral-7B-Instruct-v0.3,REFUTED,1.0,5,"{""provenance"": {""status"": ""PASS"", ""reason"": ""both artifacts have provenance""}, ""categorical_semantics"": {""status"": ""NOT_APPLICABLE"", ""reason"": ""no categorical data""}, ""spatial_support_resolution"": {""status"": ""NOT_APPLICABLE"", ""reason"": ""no resolution requirement""}, ""units_quantity"": {""status"": ""NOT_APPLICABLE"", ""reason"": ""no unit requirement""}, ""crs_geometry_area"": {""status"": ""NOT_APPLICABLE"", ""reason"": ""no CRS requirement""}, ""spectral_semantics"": {""status"": ""NOT_APPLICABLE"", ""reason"": ""no spectral data""}, ""processing_quality"": {""status"": ""NOT_APPLICABLE"", ""reason"": ""no quality requirement""}, ""vertical_semantics"": {""status"": ""PASS"", ""reason"": ""DSM and EGM2008 are compatible""}, ""temporal_causality"": {""status"": ""FAIL"", ""reason"": ""future information leakage""}, ""evaluation_independence"": {""status"": ""NOT_APPLICABLE"", ""reason"": ""no evaluation split""}, ""nodata_physical_domain"": {""status"": ""NOT_APPLICABLE"", ""reason"": ""no NoData requirement""}, ""uncertainty_fitness"": {""status"": ""NOT_APPLICABLE"", ""reason"": ""no uncertainty requirement""}}","rainfall prediction with terrain data, but future information leakage","{
  ""obligations"": {
    ""provenance"": {""status"":""PASS"",""reason"":""both artifacts have provenance""},
    ""categorical_semantics"": {""status"":""NOT_APPLICABLE"",""reason"":""no categorical data""},
    ""spatial_support_resolution"": {""status"":""NOT_APPLICABLE"",""reason"":""no resolution requirement""},
    ""units_quantity"": {""status"":""NOT_APPLICABLE"",""reason"":""no unit requirement""},
    ""crs_geometry_area"": {""status"":""NOT_APPLICABLE"",""reason"":""no CRS requirement""},
    ""spectral_semantics"": {""status"":""NOT_APPLICABLE"",""reason"":""no spectral data""},
    ""processing_quality"": {""status"":""NOT_APPLICABLE"",""reason"":""no quality requirement""},
    ""vertical_semantics"": {""status"":""PASS"",""reason"":""DSM and EGM2008 are compatible""},
    ""temporal_causality"": {""status"":""FAIL"",""reason"":""future information leakage""},
    ""evaluation_independence"": {""status"":""NOT_APPLICABLE"",""reason"":""no evaluation split""},
    ""nodata_physical_domain"": {""status"":""NOT_APPLICABLE"",""reason"":""no NoData requirement""},
    ""uncertainty_fitness"": {""status"":""NOT_APPLICABLE"",""reason"":""no uncertainty requirement""}
  },
  ""summary"":""rainfall prediction with terrain data, but future information leakage"",
  ""confidence"":5
}"
SGX3_DEVELOPMENT_future_information_000,strong_B,mistralai/Mistral-7B-Instruct-v0.3,REFUTED,1.0,5,"{""provenance"": {""status"": ""PASS"", ""reason"": ""authoritative-product is supplied""}, ""categorical_semantics"": {""status"": ""NOT_APPLICABLE"", ""reason"": ""continuous data is involved""}, ""spatial_support_resolution"": {""status"": ""NOT_APPLICABLE"", ""reason"": ""not required""}, ""units_quantity"": {""status"": ""NOT_APPLICABLE"", ""reason"": ""not required""}, ""crs_geometry_area"": {""status"": ""NOT_APPLICABLE"", ""reason"": ""not required""}, ""spectral_semantics"": {""status"": ""NOT_APPLICABLE"", ""reason"": ""not required""}, ""processing_quality"": {""status"": ""NOT_APPLICABLE"", ""reason"": ""not required""}, ""vertical_semantics"": {""status"": ""MISSING_EVIDENCE"", ""reason"": ""vertical datum is absent""}, ""temporal_causality"": {""status"": ""FAIL"", ""reason"": ""feature is available before decision time""}, ""evaluation_independence"": {""status"": ""NOT_APPLICABLE"", ""reason"": ""no evaluation split is involved""}, ""nodata_physical_domain"": {""status"": ""NOT_APPLICABLE"", ""reason"": ""not required""}, ""uncertainty_fitness"": {""status"": ""NOT_APPLICABLE"", ""reason"": ""not required""}}",rainfall prediction with missing vertical datum,"{
  ""obligations"": {
    ""provenance"": {""status"":""PASS"",""reason"":""authoritative-product is supplied""},
    ""categorical_semantics"": {""status"":""NOT_APPLICABLE"",""reason"":""continuous data is involved""},
    ""spatial_support_resolution"": {""status"":""NOT_APPLICABLE"",""reason"":""not required""},
    ""units_quantity"": {""status"":""NOT_APPLICABLE"",""reason"":""not required""},
    ""crs_geometry_area"": {""status"":""NOT_APPLICABLE"",""reason"":""not required""},
    ""spectral_semantics"": {""status"":""NOT_APPLICABLE"",""reason"":""not required""},
    ""processing_quality"": {""status"":""NOT_APPLICABLE"",""reason"":""not required""},
    ""vertical_semantics"": {""status"":""MISSING_EVIDENCE"",""reason"":""vertical datum is absent""},
    ""temporal_causality"": {""status"":""FAIL"",""reason"":""feature is available before decision time""},
    ""evaluation_independence"": {""status"":""NOT_APPLICABLE"",""reason"":""no evaluation split is involved""},
    ""nodata_physical_domain"": {""status"":""NOT_APPLICABLE"",""reason"":""not required""},
    ""uncertainty_fitness"": {""status"":""NOT_APPLICABLE"",""reason"":""not required""}
  },
  ""summary"":""rainfall prediction with missing vertical datum"",
  ""confidence"":5
}"
SGX3_BLIND_landcover_change_037,strong_B,mistralai/Mistral-7B-Instruct-v0.3,PROVEN,1.0,5,"{""provenance"": {""status"": ""PASS"", ""reason"": ""ESA WorldCover is supplied""}, ""categorical_semantics"": {""status"": ""PASS"", ""reason"": ""no categorical operation is involved""}, ""spatial_support_resolution"": {""status"": ""PASS"", ""reason"": ""resolution is coarsened""}, ""units_quantity"": {""status"": ""NOT_APPLICABLE"", ""reason"": ""not required""}, ""crs_geometry_area"": {""status"": ""NOT_APPLICABLE"", ""reason"": ""not required""}, ""spectral_semantics"": {""status"": ""NOT_APPLICABLE"", ""reason"": ""not required""}, ""processing_quality"": {""status"": ""NOT_APPLICABLE"", ""reason"": ""not required""}, ""vertical_semantics"": {""status"": ""NOT_APPLICABLE"", ""reason"": ""not required""}, ""temporal_causality"": {""status"": ""NOT_APPLICABLE"", ""reason"": ""not required""}, ""evaluation_independence"": {""status"": ""NOT_APPLICABLE"", ""reason"": ""not required""}, ""nodata_physical_domain"": {""status"": ""NOT_APPLICABLE"", ""reason"": ""not required""}, ""uncertainty_fitness"": {""status"": ""NOT_APPLICABLE"", ""reason"": ""not required""}}",label-preserving categorical coarsening,"{
  ""obligations"": {
    ""provenance"": {""status"":""PASS"",""reason"":""ESA WorldCover is supplied""},
    ""categorical_semantics"": {""status"":""PASS"",""reason"":""no categorical operation is involved""},
    ""spatial_support_resolution"": {""status"":""PASS"",""reason"":""resolution is coarsened""},
    ""units_quantity"": {""status"":""NOT_APPLICABLE"",""reason"":""not required""},
    ""crs_geometry_area"": {""status"":""NOT_APPLICABLE"",""reason"":""not required""},
    ""spectral_semantics"": {""status"":""NOT_APPLICABLE"",""reason"":""not required""},
    ""processing_quality"": {""status"":""NOT_APPLICABLE"",""reason"":""not required""},
    ""vertical_semantics"": {""status"":""NOT_APPLICABLE"",""reason"":""not required""},
    ""temporal_causality"": {""status"":""NOT_APPLICABLE"",""reason"":""not required""},
    ""evaluation_independence"": {""status"":""NOT_APPLICABLE"",""reason"":""not required""},
    ""nodata_physical_domain"": {""status"":""NOT_APPLICABLE"",""reason"":""not required""},
    ""uncertainty_fitness"": {""status"":""NOT_APPLICABLE"",""reason"":""not required""}
  },
  ""summary"":""label-preserving categorical coarsening"",
  ""confidence"":5
}"
SGX3_DEVELOPMENT_band_grid_mismatch_000,strong_B,mistralai/Mistral-7B-Instruct-v0.3,PROVEN,1.0,5,"{""provenance"": {""status"": ""PASS"", ""reason"": ""authoritative-product is supplied""}, ""categorical_semantics"": {""status"": ""NOT_APPLICABLE"", ""reason"": ""no categorical operation is involved""}, ""spatial_support_resolution"": {""status"": ""NOT_APPLICABLE"", ""reason"": ""not required""}, ""units_quantity"": {""status"": ""NOT_APPLICABLE"", ""reason"": ""not required""}, ""crs_geometry_area"": {""status"": ""NOT_APPLICABLE"", ""reason"": ""not required""}, ""spectral_semantics"": {""status"": ""PASS"", ""reason"": ""band roles are declared""}, ""processing_quality"": {""status"": ""NOT_APPLICABLE"", ""reason"": ""not required""}, ""vertical_semantics"": {""status"": ""NOT_APPLICABLE"", ""reason"": ""not required""}, ""temporal_causality"": {""status"": ""NOT_APPLICABLE"", ""reason"": ""not required""}, ""evaluation_independence"": {""status"": ""NOT_APPLICABLE"", ""reason"": ""not required""}, ""nodata_physical_domain"": {""status"": ""NOT_APPLICABLE"", ""reason"": ""not required""}, ""uncertainty_fitness"": {""status"": ""NOT_APPLICABLE"", ""reason"": ""not required""}}",spectral index operation with declared band roles,"{
  ""obligations"": {
    ""provenance"": {""status"":""PASS"",""reason"":""authoritative-product is supplied""},
    ""categorical_semantics"": {""status"":""NOT_APPLICABLE"",""reason"":""no categorical operation is involved""},
    ""spatial_support_resolution"": {""status"":""NOT_APPLICABLE"",""reason"":""not required""},
    ""units_quantity"": {""status"":""NOT_APPLICABLE"",""reason"":""not required""},
    ""crs_geometry_area"": {""status"":""NOT_APPLICABLE"",""reason"":""not required""},
    ""spectral_semantics"": {""status"":""PASS"",""reason"":""band roles are declared""},
    ""processing_quality"": {""status"":""NOT_APPLICABLE"",""reason"":""not required""},
    ""vertical_semantics"": {""status"":""NOT_APPLICABLE"",""reason"":""not required""},
    ""temporal_causality"": {""status"":""NOT_APPLICABLE"",""reason"":""not required""},
    ""evaluation_independence"": {""status"":""NOT_APPLICABLE"",""reason"":""not required""},
    ""nodata_physical_domain"": {""status"":""NOT_APPLICABLE"",""reason"":""not required""},
    ""uncertainty_fitness"": {""status"":""NOT_APPLICABLE"",""reason"":""not required""}
  },
  ""summary"":""spectral index operation with declared band roles"",
  ""confidence"":5
}"
SGX3_BLIND_flood_remote_sensing_049,strong_B,mistralai/Mistral-7B-Instruct-v0.3,PROVEN,1.0,5,"{""provenance"": {""status"": ""PASS"", ""reason"": ""all artifacts have authoritative-product provenance""}, ""categorical_semantics"": {""status"": ""NOT_APPLICABLE"", ""reason"": ""no categorical data is involved""}, ""spatial_support_resolution"": {""status"": ""NOT_APPLICABLE"", ""reason"": ""no resolution claims are made""}, ""units_quantity"": {""status"": ""NOT_APPLICABLE"", ""reason"": ""no quantity semantics are involved""}, ""crs_geometry_area"": {""status"": ""NOT_APPLICABLE"", ""reason"": ""no angular coordinates or area calculations are involved""}, ""spectral_semantics"": {""status"": ""NOT_APPLICABLE"", ""reason"": ""no spectral index or multispectral operation is performed""}, ""processing_quality"": {""status"": ""NOT_APPLICABLE"", ""reason"": ""no processing level or quality metadata is required""}, ""vertical_semantics"": {""status"": ""NOT_APPLICABLE"", ""reason"": ""no vertical quantities are involved""}, ""temporal_causality"": {""status"": ""NOT_APPLICABLE"", ""reason"": ""no future information leakage is involved""}, ""evaluation_independence"": {""status"": ""NOT_APPLICABLE"", ""reason"": ""no evaluation split is involved""}, ""nodata_physical_domain"": {""status"": ""NOT_APPLICABLE"", ""reason"": ""no NoData/missing-value semantics are involved""}, ""uncertainty_fitness"": {""status"": ""NOT_APPLICABLE"", ""reason"": ""no uncertainty requirement is imposed""}}","The workflow involves cloud masking, sensor comparison, and area calculation on SAR and optical data.","{
  ""obligations"": {
    ""provenance"": {""status"":""PASS"",""reason"":""all artifacts have authoritative-product provenance""},
    ""categorical_semantics"": {""status"":""NOT_APPLICABLE"",""reason"":""no categorical data is involved""},
    ""spatial_support_resolution"": {""status"":""NOT_APPLICABLE"",""reason"":""no resolution claims are made""},
    ""units_quantity"": {""status"":""NOT_APPLICABLE"",""reason"":""no quantity semantics are involved""},
    ""crs_geometry_area"": {""status"":""NOT_APPLICABLE"",""reason"":""no angular coordinates or area calculations are involved""},
    ""spectral_semantics"": {""status"":""NOT_APPLICABLE"",""reason"":""no spectral index or multispectral operation is performed""},
    ""processing_quality"": {""status"":""NOT_APPLICABLE"",""reason"":""no processing level or quality metadata is required""},
    ""vertical_semantics"": {""status"":""NOT_APPLICABLE"",""reason"":""no vertical quantities are involved""},
    ""temporal_causality"": {""status"":""NOT_APPLICABLE"",""reason"":""no future information leakage is involved""},
    ""evaluation_independence"": {""status"":""NOT_APPLICABLE"",""reason"":""no evaluation split is involved""},
    ""nodata_physical_domain"": {""status"":""NOT_APPLICABLE"",""reason"":""no NoData/missing-value semantics are involved""},
    ""uncertainty_fitness"": {""status"":""NOT_APPLICABLE"",""reason"":""no uncertainty requirement is imposed""}
  },
  ""summary"":""The workflow involves cloud masking, sensor comparison, and area calculation on SAR and optical data."",
  ""confidence"":5
}"
SGX3_BLIND_flood_remote_sensing_040,strong_B,mistralai/Mistral-7B-Instruct-v0.3,PROVEN,1.0,5,"{""provenance"": {""status"": ""PASS"", ""reason"": ""authoritative-product is supplied""}, ""categorical_semantics"": {""status"": ""NOT_APPLICABLE"", ""reason"": ""no categorical operation is involved""}, ""spatial_support_resolution"": {""status"": ""PASS"", ""reason"": ""native resolution is 10m""}, ""units_quantity"": {""status"": ""NOT_APPLICABLE"", ""reason"": ""no quantity semantics are involved""}, ""crs_geometry_area"": {""status"": ""NOT_APPLICABLE"", ""reason"": ""metric planar area is directly supported""}, ""spectral_semantics"": {""status"": ""NOT_APPLICABLE"", ""reason"": ""no spectral index or multispectral operation is performed""}, ""processing_quality"": {""status"": ""NOT_APPLICABLE"", ""reason"": ""no processing level or quality metadata is supplied""}, ""vertical_semantics"": {""status"": ""NOT_APPLICABLE"", ""reason"": ""no vertical quantities are involved""}, ""temporal_causality"": {""status"": ""NOT_APPLICABLE"", ""reason"": ""no future information leakage is involved""}, ""evaluation_independence"": {""status"": ""NOT_APPLICABLE"", ""reason"": ""no evaluation split is involved""}, ""nodata_physical_domain"": {""status"": ""NOT_APPLICABLE"", ""reason"": ""NoData/missing-value semantics are not required""}, ""uncertainty_fitness"": {""status"": ""NOT_APPLICABLE"", ""reason"": ""uncertainty is not required""}}","The workflow involves cloud masking, sensor comparison, and area calculation.","{
  ""obligations"": {
    ""provenance"": {""status"":""PASS"",""reason"":""authoritative-product is supplied""},
    ""categorical_semantics"": {""status"":""NOT_APPLICABLE"",""reason"":""no categorical operation is involved""},
    ""spatial_support_resolution"": {""status"":""PASS"",""reason"":""native resolution is 10m""},
    ""units_quantity"": {""status"":""NOT_APPLICABLE"",""reason"":""no quantity semantics are involved""},
    ""crs_geometry_area"": {""status"":""NOT_APPLICABLE"",""reason"":""metric planar area is directly supported""},
    ""spectral_semantics"": {""status"":""NOT_APPLICABLE"",""reason"":""no spectral index or multispectral operation is performed""},
    ""processing_quality"": {""status"":""NOT_APPLICABLE"",""reason"":""no processing level or quality metadata is supplied""},
    ""vertical_semantics"": {""status"":""NOT_APPLICABLE"",""reason"":""no vertical quantities are involved""},
    ""temporal_causality"": {""status"":""NOT_APPLICABLE"",""reason"":""no future information leakage is involved""},
    ""evaluation_independence"": {""status"":""NOT_APPLICABLE"",""reason"":""no evaluation split is involved""},
    ""nodata_physical_domain"": {""status"":""NOT_APPLICABLE"",""reason"":""NoData/missing-value semantics are not required""},
    ""uncertainty_fitness"": {""status"":""NOT_APPLICABLE"",""reason"":""uncertainty is not required""}
  },
  ""summary"":""The workflow involves cloud masking, sensor comparison, and area calculation."",
  ""confidence"":5
}"
SGX3_BLIND_flood_depth_034,strong_B,mistralai/Mistral-7B-Instruct-v0.3,UNPROVEN,1.0,5,"{""provenance"": {""status"": ""PASS"", ""reason"": ""both artifacts have provenance""}, ""categorical_semantics"": {""status"": ""NOT_APPLICABLE"", ""reason"": ""no categorical data""}, ""spatial_support_resolution"": {""status"": ""PASS"", ""reason"": ""both artifacts have resolution""}, ""units_quantity"": {""status"": ""PASS"", ""reason"": ""both artifacts have units and quantity""}, ""crs_geometry_area"": {""status"": ""NOT_APPLICABLE"", ""reason"": ""not required""}, ""spectral_semantics"": {""status"": ""NOT_APPLICABLE"", ""reason"": ""no spectral data""}, ""processing_quality"": {""status"": ""NOT_APPLICABLE"", ""reason"": ""not required""}, ""vertical_semantics"": {""status"": ""MISSING_EVIDENCE"", ""reason"": ""different vertical datums""}, ""temporal_causality"": {""status"": ""NOT_APPLICABLE"", ""reason"": ""not required""}, ""evaluation_independence"": {""status"": ""NOT_APPLICABLE"", ""reason"": ""not required""}, ""nodata_physical_domain"": {""status"": ""NOT_APPLICABLE"", ""reason"": ""not required""}, ""uncertainty_fitness"": {""status"": ""NOT_APPLICABLE"", ""reason"": ""not required""}}",vertical datum compatibility is missing,"{
  ""obligations"": {
    ""provenance"": {""status"":""PASS"",""reason"":""both artifacts have provenance""},
    ""categorical_semantics"": {""status"":""NOT_APPLICABLE"",""reason"":""no categorical data""},
    ""spatial_support_resolution"": {""status"":""PASS"",""reason"":""both artifacts have resolution""},
    ""units_quantity"": {""status"":""PASS"",""reason"":""both artifacts have units and quantity""},
    ""crs_geometry_area"": {""status"":""NOT_APPLICABLE"",""reason"":""not required""},
    ""spectral_semantics"": {""status"":""NOT_APPLICABLE"",""reason"":""no spectral data""},
    ""processing_quality"": {""status"":""NOT_APPLICABLE"",""reason"":""not required""},
    ""vertical_semantics"": {""status"":""MISSING_EVIDENCE"",""reason"":""different vertical datums""},
    ""temporal_causality"": {""status"":""NOT_APPLICABLE"",""reason"":""not required""},
    ""evaluation_independence"": {""status"":""NOT_APPLICABLE"",""reason"":""not required""},
    ""nodata_physical_domain"": {""status"":""NOT_APPLICABLE"",""reason"":""not required""},
    ""uncertainty_fitness"": {""status"":""NOT_APPLICABLE"",""reason"":""not required""}
  },
  ""summary"":""vertical datum compatibility is missing"",
  ""confidence"":5
}"
SGX3_BLIND_flood_remote_sensing_017,strong_B,mistralai/Mistral-7B-Instruct-v0.3,PROVEN,1.0,5,"{""provenance"": {""status"": ""PASS"", ""reason"": ""all artifacts have authoritative-product provenance""}, ""categorical_semantics"": {""status"": ""NOT_APPLICABLE"", ""reason"": ""no categorical data is involved""}, ""spatial_support_resolution"": {""status"": ""NOT_APPLICABLE"", ""reason"": ""no resolution claims are made""}, ""units_quantity"": {""status"": ""NOT_APPLICABLE"", ""reason"": ""no rate/accumulation or invalid unit conversion is involved""}, ""crs_geometry_area"": {""status"": ""NOT_APPLICABLE"", ""reason"": ""no angular coordinates or planar area calculation is involved""}, ""spectral_semantics"": {""status"": ""NOT_APPLICABLE"", ""reason"": ""no spectral index or multispectral operation is performed""}, ""processing_quality"": {""status"": ""NOT_APPLICABLE"", ""reason"": ""no processing level, cloud/quality masks, or quality metadata is required""}, ""vertical_semantics"": {""status"": ""NOT_APPLICABLE"", ""reason"": ""no vertical quantities are combined""}, ""temporal_causality"": {""status"": ""NOT_APPLICABLE"", ""reason"": ""no future information leakage is involved""}, ""evaluation_independence"": {""status"": ""NOT_APPLICABLE"", ""reason"": ""no evaluation split is present""}, ""nodata_physical_domain"": {""status"": ""NOT_APPLICABLE"", ""reason"": ""no NoData/missing-value semantics are required""}, ""uncertainty_fitness"": {""status"": ""NOT_APPLICABLE"", ""reason"": ""no uncertainty requirement is imposed""}}","The workflow applies a cloud mask to S1, compares S1 and S2 within a 12-hour temporal tolerance, and calculates the geodesic area of the flood mask.","{
  ""obligations"": {
    ""provenance"": {""status"":""PASS"",""reason"":""all artifacts have authoritative-product provenance""},
    ""categorical_semantics"": {""status"":""NOT_APPLICABLE"",""reason"":""no categorical data is involved""},
    ""spatial_support_resolution"": {""status"":""NOT_APPLICABLE"",""reason"":""no resolution claims are made""},
    ""units_quantity"": {""status"":""NOT_APPLICABLE"",""reason"":""no rate/accumulation or invalid unit conversion is involved""},
    ""crs_geometry_area"": {""status"":""NOT_APPLICABLE"",""reason"":""no angular coordinates or planar area calculation is involved""},
    ""spectral_semantics"": {""status"":""NOT_APPLICABLE"",""reason"":""no spectral index or multispectral operation is performed""},
    ""processing_quality"": {""status"":""NOT_APPLICABLE"",""reason"":""no processing level, cloud/quality masks, or quality metadata is required""},
    ""vertical_semantics"": {""status"":""NOT_APPLICABLE"",""reason"":""no vertical quantities are combined""},
    ""temporal_causality"": {""status"":""NOT_APPLICABLE"",""reason"":""no future information leakage is involved""},
    ""evaluation_independence"": {""status"":""NOT_APPLICABLE"",""reason"":""no evaluation split is present""},
    ""nodata_physical_domain"": {""status"":""NOT_APPLICABLE"",""reason"":""no NoData/missing-value semantics are required""},
    ""uncertainty_fitness"": {""status"":""NOT_APPLICABLE"",""reason"":""no uncertainty requirement is imposed""}
  },
  ""summary"":""The workflow applies a cloud mask to S1, compares S1 and S2 within a 12-hour temporal tolerance, and calculates the geodesic area of the flood mask."",
  ""confidence"":5
}"
SGX3_HELDOUT-FAMILY_scene_overlap_leakage_005,strong_B,mistralai/Mistral-7B-Instruct-v0.3,PROVEN,1.0,5,"{""provenance"": {""status"": ""PASS"", ""reason"": ""authoritative-product""}, ""categorical_semantics"": {""status"": ""NOT_APPLICABLE"", ""reason"": ""continuous data""}, ""spatial_support_resolution"": {""status"": ""PASS"", ""reason"": ""not applicable""}, ""units_quantity"": {""status"": ""NOT_APPLICABLE"", ""reason"": ""not required""}, ""crs_geometry_area"": {""status"": ""NOT_APPLICABLE"", ""reason"": ""not required""}, ""spectral_semantics"": {""status"": ""NOT_APPLICABLE"", ""reason"": ""not required""}, ""processing_quality"": {""status"": ""NOT_APPLICABLE"", ""reason"": ""not required""}, ""vertical_semantics"": {""status"": ""NOT_APPLICABLE"", ""reason"": ""not required""}, ""temporal_causality"": {""status"": ""NOT_APPLICABLE"", ""reason"": ""not required""}, ""evaluation_independence"": {""status"": ""NOT_APPLICABLE"", ""reason"": ""not required""}, ""nodata_physical_domain"": {""status"": ""NOT_APPLICABLE"", ""reason"": ""not required""}, ""uncertainty_fitness"": {""status"": ""NOT_APPLICABLE"", ""reason"": ""not required""}}",Scene overlap split operation performed,"{
  ""obligations"": {
    ""provenance"": {""status"":""PASS"",""reason"":""authoritative-product""},
    ""categorical_semantics"": {""status"":""NOT_APPLICABLE"",""reason"":""continuous data""},
    ""spatial_support_resolution"": {""status"":""PASS"",""reason"":""not applicable""},
    ""units_quantity"": {""status"":""NOT_APPLICABLE"",""reason"":""not required""},
    ""crs_geometry_area"": {""status"":""NOT_APPLICABLE"",""reason"":""not required""},
    ""spectral_semantics"": {""status"":""NOT_APPLICABLE"",""reason"":""not required""},
    ""processing_quality"": {""status"":""NOT_APPLICABLE"",""reason"":""not required""},
    ""vertical_semantics"": {""status"":""NOT_APPLICABLE"",""reason"":""not required""},
    ""temporal_causality"": {""status"":""NOT_APPLICABLE"",""reason"":""not required""},
    ""evaluation_independence"": {""status"":""NOT_APPLICABLE"",""reason"":""not required""},
    ""nodata_physical_domain"": {""status"":""NOT_APPLICABLE"",""reason"":""not required""},
    ""uncertainty_fitness"": {""status"":""NOT_APPLICABLE"",""reason"":""not required""}
  },
  ""summary"":""Scene overlap split operation performed"",
  ""confidence"":5
}"
SGX3_DEVELOPMENT_future_information_004,strong_B,mistralai/Mistral-7B-Instruct-v0.3,REFUTED,1.0,5,"{""provenance"": {""status"": ""PASS"", ""reason"": ""authoritative-product is supplied""}, ""categorical_semantics"": {""status"": ""NOT_APPLICABLE"", ""reason"": ""continuous data is involved""}, ""spatial_support_resolution"": {""status"": ""NOT_APPLICABLE"", ""reason"": ""not required""}, ""units_quantity"": {""status"": ""NOT_APPLICABLE"", ""reason"": ""not required""}, ""crs_geometry_area"": {""status"": ""NOT_APPLICABLE"", ""reason"": ""not required""}, ""spectral_semantics"": {""status"": ""NOT_APPLICABLE"", ""reason"": ""not required""}, ""processing_quality"": {""status"": ""NOT_APPLICABLE"", ""reason"": ""not required""}, ""vertical_semantics"": {""status"": ""MISSING_EVIDENCE"", ""reason"": ""vertical datum is absent""}, ""temporal_causality"": {""status"": ""FAIL"", ""reason"": ""feature is available before decision time""}, ""evaluation_independence"": {""status"": ""NOT_APPLICABLE"", ""reason"": ""no evaluation split is involved""}, ""nodata_physical_domain"": {""status"": ""NOT_APPLICABLE"", ""reason"": ""not required""}, ""uncertainty_fitness"": {""status"": ""NOT_APPLICABLE"", ""reason"": ""not required""}}",rainfall prediction with missing vertical datum,"{
  ""obligations"": {
    ""provenance"": {""status"":""PASS"",""reason"":""authoritative-product is supplied""},
    ""categorical_semantics"": {""status"":""NOT_APPLICABLE"",""reason"":""continuous data is involved""},
    ""spatial_support_resolution"": {""status"":""NOT_APPLICABLE"",""reason"":""not required""},
    ""units_quantity"": {""status"":""NOT_APPLICABLE"",""reason"":""not required""},
    ""crs_geometry_area"": {""status"":""NOT_APPLICABLE"",""reason"":""not required""},
    ""spectral_semantics"": {""status"":""NOT_APPLICABLE"",""reason"":""not required""},
    ""processing_quality"": {""status"":""NOT_APPLICABLE"",""reason"":""not required""},
    ""vertical_semantics"": {""status"":""MISSING_EVIDENCE"",""reason"":""vertical datum is absent""},
    ""temporal_causality"": {""status"":""FAIL"",""reason"":""feature is available before decision time""},
    ""evaluation_independence"": {""status"":""NOT_APPLICABLE"",""reason"":""no evaluation split is involved""},
    ""nodata_physical_domain"": {""status"":""NOT_APPLICABLE"",""reason"":""not required""},
    ""uncertainty_fitness"": {""status"":""NOT_APPLICABLE"",""reason"":""not required""}
  },
  ""summary"":""rainfall prediction with missing vertical datum"",
  ""confidence"":5
}"
SGX3_DEVELOPMENT_spatial_split_leakage_009,strong_B,mistralai/Mistral-7B-Instruct-v0.3,PROVEN,1.0,5,"{""provenance"": {""status"": ""PASS"", ""reason"": ""authoritative-product""}, ""categorical_semantics"": {""status"": ""NOT_APPLICABLE"", ""reason"": ""continuous data""}, ""spatial_support_resolution"": {""status"": ""PASS"", ""reason"": ""resolution is supplied""}, ""units_quantity"": {""status"": ""NOT_APPLICABLE"", ""reason"": ""not required""}, ""crs_geometry_area"": {""status"": ""PASS"", ""reason"": ""CRS is supplied""}, ""spectral_semantics"": {""status"": ""NOT_APPLICABLE"", ""reason"": ""not required""}, ""processing_quality"": {""status"": ""NOT_APPLICABLE"", ""reason"": ""not required""}, ""vertical_semantics"": {""status"": ""NOT_APPLICABLE"", ""reason"": ""not required""}, ""temporal_causality"": {""status"": ""NOT_APPLICABLE"", ""reason"": ""not required""}, ""evaluation_independence"": {""status"": ""NOT_APPLICABLE"", ""reason"": ""not required""}, ""nodata_physical_domain"": {""status"": ""NOT_APPLICABLE"", ""reason"": ""not required""}, ""uncertainty_fitness"": {""status"": ""NOT_APPLICABLE"", ""reason"": ""not required""}}",Spatial split operation with supplied provenance,"{
  ""obligations"": {
    ""provenance"": {""status"":""PASS"",""reason"":""authoritative-product""},
    ""categorical_semantics"": {""status"":""NOT_APPLICABLE"",""reason"":""continuous data""},
    ""spatial_support_resolution"": {""status"":""PASS"",""reason"":""resolution is supplied""},
    ""units_quantity"": {""status"":""NOT_APPLICABLE"",""reason"":""not required""},
    ""crs_geometry_area"": {""status"":""PASS"",""reason"":""CRS is supplied""},
    ""spectral_semantics"": {""status"":""NOT_APPLICABLE"",""reason"":""not required""},
    ""processing_quality"": {""status"":""NOT_APPLICABLE"",""reason"":""not required""},
    ""vertical_semantics"": {""status"":""NOT_APPLICABLE"",""reason"":""not required""},
    ""temporal_causality"": {""status"":""NOT_APPLICABLE"",""reason"":""not required""},
    ""evaluation_independence"": {""status"":""NOT_APPLICABLE"",""reason"":""not required""},
    ""nodata_physical_domain"": {""status"":""NOT_APPLICABLE"",""reason"":""not required""},
    ""uncertainty_fitness"": {""status"":""NOT_APPLICABLE"",""reason"":""not required""}
  },
  ""summary"":""Spatial split operation with supplied provenance"",
  ""confidence"":5
}"
SGX3_BLIND_flood_remote_sensing_046,strong_B,mistralai/Mistral-7B-Instruct-v0.3,PROVEN,1.0,5,"{""provenance"": {""status"": ""PASS"", ""reason"": ""authoritative-product is supplied""}, ""categorical_semantics"": {""status"": ""NOT_APPLICABLE"", ""reason"": ""no categorical operation is involved""}, ""spatial_support_resolution"": {""status"": ""PASS"", ""reason"": ""resolution is supplied""}, ""units_quantity"": {""status"": ""NOT_APPLICABLE"", ""reason"": ""no quantity semantics are involved""}, ""crs_geometry_area"": {""status"": ""NOT_APPLICABLE"", ""reason"": ""not required""}, ""spectral_semantics"": {""status"": ""NOT_APPLICABLE"", ""reason"": ""not required""}, ""processing_quality"": {""status"": ""NOT_APPLICABLE"", ""reason"": ""not required""}, ""vertical_semantics"": {""status"": ""NOT_APPLICABLE"", ""reason"": ""not required""}, ""temporal_causality"": {""status"": ""NOT_APPLICABLE"", ""reason"": ""not required""}, ""evaluation_independence"": {""status"": ""NOT_APPLICABLE"", ""reason"": ""not required""}, ""nodata_physical_domain"": {""status"": ""NOT_APPLICABLE"", ""reason"": ""not required""}, ""uncertainty_fitness"": {""status"": ""NOT_APPLICABLE"", ""reason"": ""not required""}}","The workflow applies a cloud mask and compares sensors, then calculates the area of the flood extent in square kilometers.","{
  ""obligations"": {
    ""provenance"": {""status"":""PASS"",""reason"":""authoritative-product is supplied""},
    ""categorical_semantics"": {""status"":""NOT_APPLICABLE"",""reason"":""no categorical operation is involved""},
    ""spatial_support_resolution"": {""status"":""PASS"",""reason"":""resolution is supplied""},
    ""units_quantity"": {""status"":""NOT_APPLICABLE"",""reason"":""no quantity semantics are involved""},
    ""crs_geometry_area"": {""status"":""NOT_APPLICABLE"",""reason"":""not required""},
    ""spectral_semantics"": {""status"":""NOT_APPLICABLE"",""reason"":""not required""},
    ""processing_quality"": {""status"":""NOT_APPLICABLE"",""reason"":""not required""},
    ""vertical_semantics"": {""status"":""NOT_APPLICABLE"",""reason"":""not required""},
    ""temporal_causality"": {""status"":""NOT_APPLICABLE"",""reason"":""not required""},
    ""evaluation_independence"": {""status"":""NOT_APPLICABLE"",""reason"":""not required""},
    ""nodata_physical_domain"": {""status"":""NOT_APPLICABLE"",""reason"":""not required""},
    ""uncertainty_fitness"": {""status"":""NOT_APPLICABLE"",""reason"":""not required""}
  },
  ""summary"":""The workflow applies a cloud mask and compares sensors, then calculates the area of the flood extent in square kilometers."",
  ""confidence"":5
}"
SGX3_HELDOUT-FAMILY_multisensor_time_mismatch_004,strong_B,mistralai/Mistral-7B-Instruct-v0.3,UNPROVEN,1.0,5,"{""provenance"": {""status"": ""PASS"", ""reason"": ""authoritative-product is supplied""}, ""categorical_semantics"": {""status"": ""NOT_APPLICABLE"", ""reason"": ""no categorical operation is involved""}, ""spatial_support_resolution"": {""status"": ""PASS"", ""reason"": ""native resolution is supplied""}, ""units_quantity"": {""status"": ""NOT_APPLICABLE"", ""reason"": ""no rate/accumulation or invalid unit conversion is involved""}, ""crs_geometry_area"": {""status"": ""NOT_APPLICABLE"", ""reason"": ""not required""}, ""spectral_semantics"": {""status"": ""NOT_APPLICABLE"", ""reason"": ""not required""}, ""processing_quality"": {""status"": ""NOT_APPLICABLE"", ""reason"": ""not required""}, ""vertical_semantics"": {""status"": ""NOT_APPLICABLE"", ""reason"": ""not required""}, ""temporal_causality"": {""status"": ""MISSING_EVIDENCE"", ""reason"": ""temporal tolerance is supplied but acquisition times are missing""}, ""evaluation_independence"": {""status"": ""NOT_APPLICABLE"", ""reason"": ""not required""}, ""nodata_physical_domain"": {""status"": ""NOT_APPLICABLE"", ""reason"": ""not required""}, ""uncertainty_fitness"": {""status"": ""NOT_APPLICABLE"", ""reason"": ""not required""}}",multisensor time mismatch tolerance is supplied but acquisition times are missing,"{
  ""obligations"": {
    ""provenance"": {""status"":""PASS"",""reason"":""authoritative-product is supplied""},
    ""categorical_semantics"": {""status"":""NOT_APPLICABLE"",""reason"":""no categorical operation is involved""},
    ""spatial_support_resolution"": {""status"":""PASS"",""reason"":""native resolution is supplied""},
    ""units_quantity"": {""status"":""NOT_APPLICABLE"",""reason"":""no rate/accumulation or invalid unit conversion is involved""},
    ""crs_geometry_area"": {""status"":""NOT_APPLICABLE"",""reason"":""not required""},
    ""spectral_semantics"": {""status"":""NOT_APPLICABLE"",""reason"":""not required""},
    ""processing_quality"": {""status"":""NOT_APPLICABLE"",""reason"":""not required""},
    ""vertical_semantics"": {""status"":""NOT_APPLICABLE"",""reason"":""not required""},
    ""temporal_causality"": {""status"":""MISSING_EVIDENCE"",""reason"":""temporal tolerance is supplied but acquisition times are missing""},
    ""evaluation_independence"": {""status"":""NOT_APPLICABLE"",""reason"":""not required""},
    ""nodata_physical_domain"": {""status"":""NOT_APPLICABLE"",""reason"":""not required""},
    ""uncertainty_fitness"": {""status"":""NOT_APPLICABLE"",""reason"":""not required""}
  },
  ""summary"":""multisensor time mismatch tolerance is supplied but acquisition times are missing"",
  ""confidence"":5
}"
SGX3_BLIND_landcover_change_032,strong_B,mistralai/Mistral-7B-Instruct-v0.3,PROVEN,1.0,5,"{""provenance"": {""status"": ""PASS"", ""reason"": ""ESA WorldCover is supplied""}, ""categorical_semantics"": {""status"": ""PASS"", ""reason"": ""no categorical operation is involved""}, ""spatial_support_resolution"": {""status"": ""PASS"", ""reason"": ""resolution is coarsened""}, ""units_quantity"": {""status"": ""NOT_APPLICABLE"", ""reason"": ""not required""}, ""crs_geometry_area"": {""status"": ""NOT_APPLICABLE"", ""reason"": ""not required""}, ""spectral_semantics"": {""status"": ""NOT_APPLICABLE"", ""reason"": ""not required""}, ""processing_quality"": {""status"": ""NOT_APPLICABLE"", ""reason"": ""not required""}, ""vertical_semantics"": {""status"": ""NOT_APPLICABLE"", ""reason"": ""not required""}, ""temporal_causality"": {""status"": ""NOT_APPLICABLE"", ""reason"": ""not required""}, ""evaluation_independence"": {""status"": ""NOT_APPLICABLE"", ""reason"": ""not required""}, ""nodata_physical_domain"": {""status"": ""NOT_APPLICABLE"", ""reason"": ""not required""}, ""uncertainty_fitness"": {""status"": ""NOT_APPLICABLE"", ""reason"": ""not required""}}",label-preserving categorical coarsening,"{
  ""obligations"": {
    ""provenance"": {""status"":""PASS"",""reason"":""ESA WorldCover is supplied""},
    ""categorical_semantics"": {""status"":""PASS"",""reason"":""no categorical operation is involved""},
    ""spatial_support_resolution"": {""status"":""PASS"",""reason"":""resolution is coarsened""},
    ""units_quantity"": {""status"":""NOT_APPLICABLE"",""reason"":""not required""},
    ""crs_geometry_area"": {""status"":""NOT_APPLICABLE"",""reason"":""not required""},
    ""spectral_semantics"": {""status"":""NOT_APPLICABLE"",""reason"":""not required""},
    ""processing_quality"": {""status"":""NOT_APPLICABLE"",""reason"":""not required""},
    ""vertical_semantics"": {""status"":""NOT_APPLICABLE"",""reason"":""not required""},
    ""temporal_causality"": {""status"":""NOT_APPLICABLE"",""reason"":""not required""},
    ""evaluation_independence"": {""status"":""NOT_APPLICABLE"",""reason"":""not required""},
    ""nodata_physical_domain"": {""status"":""NOT_APPLICABLE"",""reason"":""not required""},
    ""uncertainty_fitness"": {""status"":""NOT_APPLICABLE"",""reason"":""not required""}
  },
  ""summary"":""label-preserving categorical coarsening"",
  ""confidence"":5
}"
SGX3_BLIND_eo_ml_validation_010,strong_B,mistralai/Mistral-7B-Instruct-v0.3,PROVEN,1.0,5,"{""provenance"": {""status"": ""PASS"", ""reason"": ""authoritative-product""}, ""categorical_semantics"": {""status"": ""NOT_APPLICABLE"", ""reason"": ""continuous data""}, ""spatial_support_resolution"": {""status"": ""PASS"", ""reason"": ""resolution is supplied""}, ""units_quantity"": {""status"": ""NOT_APPLICABLE"", ""reason"": ""not required""}, ""crs_geometry_area"": {""status"": ""NOT_APPLICABLE"", ""reason"": ""not required""}, ""spectral_semantics"": {""status"": ""NOT_APPLICABLE"", ""reason"": ""not required""}, ""processing_quality"": {""status"": ""NOT_APPLICABLE"", ""reason"": ""not required""}, ""vertical_semantics"": {""status"": ""NOT_APPLICABLE"", ""reason"": ""not required""}, ""temporal_causality"": {""status"": ""NOT_APPLICABLE"", ""reason"": ""not required""}, ""evaluation_independence"": {""status"": ""PASS"", ""reason"": ""spatial separation is supplied""}, ""nodata_physical_domain"": {""status"": ""NOT_APPLICABLE"", ""reason"": ""not required""}, ""uncertainty_fitness"": {""status"": ""NOT_APPLICABLE"", ""reason"": ""not required""}}",Spatially independent split of continuous data,"{
  ""obligations"": {
    ""provenance"": {""status"":""PASS"",""reason"":""authoritative-product""},
    ""categorical_semantics"": {""status"":""NOT_APPLICABLE"",""reason"":""continuous data""},
    ""spatial_support_resolution"": {""status"":""PASS"",""reason"":""resolution is supplied""},
    ""units_quantity"": {""status"":""NOT_APPLICABLE"",""reason"":""not required""},
    ""crs_geometry_area"": {""status"":""NOT_APPLICABLE"",""reason"":""not required""},
    ""spectral_semantics"": {""status"":""NOT_APPLICABLE"",""reason"":""not required""},
    ""processing_quality"": {""status"":""NOT_APPLICABLE"",""reason"":""not required""},
    ""vertical_semantics"": {""status"":""NOT_APPLICABLE"",""reason"":""not required""},
    ""temporal_causality"": {""status"":""NOT_APPLICABLE"",""reason"":""not required""},
    ""evaluation_independence"": {""status"":""PASS"",""reason"":""spatial separation is supplied""},
    ""nodata_physical_domain"": {""status"":""NOT_APPLICABLE"",""reason"":""not required""},
    ""uncertainty_fitness"": {""status"":""NOT_APPLICABLE"",""reason"":""not required""}
  },
  ""summary"":""Spatially independent split of continuous data"",
  ""confidence"":5
}"
SGX3_DEVELOPMENT_rate_mean_as_accumulation_003,strong_B,mistralai/Mistral-7B-Instruct-v0.3,REFUTED,1.0,5,"{""provenance"": {""status"": ""PASS"", ""reason"": ""authoritative-product is supplied""}, ""categorical_semantics"": {""status"": ""NOT_APPLICABLE"", ""reason"": ""continuous data is involved""}, ""spatial_support_resolution"": {""status"": ""NOT_APPLICABLE"", ""reason"": ""not required""}, ""units_quantity"": {""status"": ""FAIL"", ""reason"": ""rate is averaged but declared as accumulated depth""}, ""crs_geometry_area"": {""status"": ""NOT_APPLICABLE"", ""reason"": ""not required""}, ""spectral_semantics"": {""status"": ""NOT_APPLICABLE"", ""reason"": ""not required""}, ""processing_quality"": {""status"": ""NOT_APPLICABLE"", ""reason"": ""not required""}, ""vertical_semantics"": {""status"": ""NOT_APPLICABLE"", ""reason"": ""not required""}, ""temporal_causality"": {""status"": ""NOT_APPLICABLE"", ""reason"": ""not required""}, ""evaluation_independence"": {""status"": ""NOT_APPLICABLE"", ""reason"": ""not required""}, ""nodata_physical_domain"": {""status"": ""NOT_APPLICABLE"", ""reason"": ""not required""}, ""uncertainty_fitness"": {""status"": ""NOT_APPLICABLE"", ""reason"": ""not required""}}",rate/accumulation semantics are violated,"{
  ""obligations"": {
    ""provenance"": {""status"":""PASS"",""reason"":""authoritative-product is supplied""},
    ""categorical_semantics"": {""status"":""NOT_APPLICABLE"",""reason"":""continuous data is involved""},
    ""spatial_support_resolution"": {""status"":""NOT_APPLICABLE"",""reason"":""not required""},
    ""units_quantity"": {""status"":""FAIL"",""reason"":""rate is averaged but declared as accumulated depth""},
    ""crs_geometry_area"": {""status"":""NOT_APPLICABLE"",""reason"":""not required""},
    ""spectral_semantics"": {""status"":""NOT_APPLICABLE"",""reason"":""not required""},
    ""processing_quality"": {""status"":""NOT_APPLICABLE"",""reason"":""not required""},
    ""vertical_semantics"": {""status"":""NOT_APPLICABLE"",""reason"":""not required""},
    ""temporal_causality"": {""status"":""NOT_APPLICABLE"",""reason"":""not required""},
    ""evaluation_independence"": {""status"":""NOT_APPLICABLE"",""reason"":""not required""},
    ""nodata_physical_domain"": {""status"":""NOT_APPLICABLE"",""reason"":""not required""},
    ""uncertainty_fitness"": {""status"":""NOT_APPLICABLE"",""reason"":""not required""}
  },
  ""summary"":""rate/accumulation semantics are violated"",
  ""confidence"":5
}"
SGX3_DEVELOPMENT_DSM_as_DTM_000,strong_B,mistralai/Mistral-7B-Instruct-v0.3,PROVEN,1.0,5,"{""provenance"": {""status"": ""PASS"", ""reason"": ""authoritative-product""}, ""categorical_semantics"": {""status"": ""NOT_APPLICABLE"", ""reason"": ""continuous data""}, ""spatial_support_resolution"": {""status"": ""PASS"", ""reason"": ""resolution is supplied""}, ""units_quantity"": {""status"": ""PASS"", ""reason"": ""dimensional consistency is satisfied""}, ""crs_geometry_area"": {""status"": ""NOT_APPLICABLE"", ""reason"": ""not required""}, ""spectral_semantics"": {""status"": ""NOT_APPLICABLE"", ""reason"": ""not required""}, ""processing_quality"": {""status"": ""NOT_APPLICABLE"", ""reason"": ""not required""}, ""vertical_semantics"": {""status"": ""NOT_APPLICABLE"", ""reason"": ""not required""}, ""temporal_causality"": {""status"": ""NOT_APPLICABLE"", ""reason"": ""not required""}, ""evaluation_independence"": {""status"": ""NOT_APPLICABLE"", ""reason"": ""not required""}, ""nodata_physical_domain"": {""status"": ""NOT_APPLICABLE"", ""reason"": ""not required""}, ""uncertainty_fitness"": {""status"": ""NOT_APPLICABLE"", ""reason"": ""not required""}}",requires bare-earth processing,"{
  ""obligations"": {
    ""provenance"": {""status"":""PASS"",""reason"":""authoritative-product""},
    ""categorical_semantics"": {""status"":""NOT_APPLICABLE"",""reason"":""continuous data""},
    ""spatial_support_resolution"": {""status"":""PASS"",""reason"":""resolution is supplied""},
    ""units_quantity"": {""status"":""PASS"",""reason"":""dimensional consistency is satisfied""},
    ""crs_geometry_area"": {""status"":""NOT_APPLICABLE"",""reason"":""not required""},
    ""spectral_semantics"": {""status"":""NOT_APPLICABLE"",""reason"":""not required""},
    ""processing_quality"": {""status"":""NOT_APPLICABLE"",""reason"":""not required""},
    ""vertical_semantics"": {""status"":""NOT_APPLICABLE"",""reason"":""not required""},
    ""temporal_causality"": {""status"":""NOT_APPLICABLE"",""reason"":""not required""},
    ""evaluation_independence"": {""status"":""NOT_APPLICABLE"",""reason"":""not required""},
    ""nodata_physical_domain"": {""status"":""NOT_APPLICABLE"",""reason"":""not required""},
    ""uncertainty_fitness"": {""status"":""NOT_APPLICABLE"",""reason"":""not required""}
  },
  ""summary"":""requires bare-earth processing"",
  ""confidence"":5
}"
SGX3_BLIND_landslide_forecast_028,strong_B,mistralai/Mistral-7B-Instruct-v0.3,REFUTED,1.0,5,"{""provenance"": {""status"": ""MISSING_EVIDENCE"", ""reason"": ""required for scientific certification""}, ""categorical_semantics"": {""status"": ""NOT_APPLICABLE"", ""reason"": ""no categorical operation is involved""}, ""spatial_support_resolution"": {""status"": ""NOT_APPLICABLE"", ""reason"": ""not required""}, ""units_quantity"": {""status"": ""NOT_APPLICABLE"", ""reason"": ""not required""}, ""crs_geometry_area"": {""status"": ""NOT_APPLICABLE"", ""reason"": ""not required""}, ""spectral_semantics"": {""status"": ""NOT_APPLICABLE"", ""reason"": ""not required""}, ""processing_quality"": {""status"": ""NOT_APPLICABLE"", ""reason"": ""not required""}, ""vertical_semantics"": {""status"": ""PASS"", ""reason"": ""DSM versus DTM requirements are satisfied""}, ""temporal_causality"": {""status"": ""FAIL"", ""reason"": ""feature is available after decision time""}, ""evaluation_independence"": {""status"": ""NOT_APPLICABLE"", ""reason"": ""not required""}, ""nodata_physical_domain"": {""status"": ""NOT_APPLICABLE"", ""reason"": ""not required""}, ""uncertainty_fitness"": {""status"": ""NOT_APPLICABLE"", ""reason"": ""not required""}}",landslide forecast workflow does not satisfy provenance obligation,"{
  ""obligations"": {
    ""provenance"": {""status"":""MISSING_EVIDENCE"",""reason"":""required for scientific certification""},
    ""categorical_semantics"": {""status"":""NOT_APPLICABLE"",""reason"":""no categorical operation is involved""},
    ""spatial_support_resolution"": {""status"":""NOT_APPLICABLE"",""reason"":""not required""},
    ""units_quantity"": {""status"":""NOT_APPLICABLE"",""reason"":""not required""},
    ""crs_geometry_area"": {""status"":""NOT_APPLICABLE"",""reason"":""not required""},
    ""spectral_semantics"": {""status"":""NOT_APPLICABLE"",""reason"":""not required""},
    ""processing_quality"": {""status"":""NOT_APPLICABLE"",""reason"":""not required""},
    ""vertical_semantics"": {""status"":""PASS"",""reason"":""DSM versus DTM requirements are satisfied""},
    ""temporal_causality"": {""status"":""FAIL"",""reason"":""feature is available after decision time""},
    ""evaluation_independence"": {""status"":""NOT_APPLICABLE"",""reason"":""not required""},
    ""nodata_physical_domain"": {""status"":""NOT_APPLICABLE"",""reason"":""not required""},
    ""uncertainty_fitness"": {""status"":""NOT_APPLICABLE"",""reason"":""not required""}
  },
  ""summary"":""landslide forecast workflow does not satisfy provenance obligation"",
  ""confidence"":5
}"
SGX3_BLIND_flood_depth_024,strong_B,mistralai/Mistral-7B-Instruct-v0.3,PROVEN,1.0,5,"{""provenance"": {""status"": ""PASS"", ""reason"": ""both artifacts have provenance""}, ""categorical_semantics"": {""status"": ""NOT_APPLICABLE"", ""reason"": ""no categorical data""}, ""spatial_support_resolution"": {""status"": ""PASS"", ""reason"": ""both artifacts have the same resolution""}, ""units_quantity"": {""status"": ""PASS"", ""reason"": ""both artifacts have the same unit""}, ""crs_geometry_area"": {""status"": ""PASS"", ""reason"": ""both artifacts have the same CRS""}, ""spectral_semantics"": {""status"": ""NOT_APPLICABLE"", ""reason"": ""no spectral data""}, ""processing_quality"": {""status"": ""NOT_APPLICABLE"", ""reason"": ""no processing quality information""}, ""vertical_semantics"": {""status"": ""PASS"", ""reason"": ""both artifacts have the same vertical datum""}, ""temporal_causality"": {""status"": ""NOT_APPLICABLE"", ""reason"": ""no temporal information""}, ""evaluation_independence"": {""status"": ""NOT_APPLICABLE"", ""reason"": ""no evaluation split""}, ""nodata_physical_domain"": {""status"": ""NOT_APPLICABLE"", ""reason"": ""no NoData values""}, ""uncertainty_fitness"": {""status"": ""NOT_APPLICABLE"", ""reason"": ""no uncertainty information""}}",Combining elevation and water level with unit conversion,"{
  ""obligations"": {
    ""provenance"": {""status"":""PASS"",""reason"":""both artifacts have provenance""},
    ""categorical_semantics"": {""status"":""NOT_APPLICABLE"",""reason"":""no categorical data""},
    ""spatial_support_resolution"": {""status"":""PASS"",""reason"":""both artifacts have the same resolution""},
    ""units_quantity"": {""status"":""PASS"",""reason"":""both artifacts have the same unit""},
    ""crs_geometry_area"": {""status"":""PASS"",""reason"":""both artifacts have the same CRS""},
    ""spectral_semantics"": {""status"":""NOT_APPLICABLE"",""reason"":""no spectral data""},
    ""processing_quality"": {""status"":""NOT_APPLICABLE"",""reason"":""no processing quality information""},
    ""vertical_semantics"": {""status"":""PASS"",""reason"":""both artifacts have the same vertical datum""},
    ""temporal_causality"": {""status"":""NOT_APPLICABLE"",""reason"":""no temporal information""},
    ""evaluation_independence"": {""status"":""NOT_APPLICABLE"",""reason"":""no evaluation split""},
    ""nodata_physical_domain"": {""status"":""NOT_APPLICABLE"",""reason"":""no NoData values""},
    ""uncertainty_fitness"": {""status"":""NOT_APPLICABLE"",""reason"":""no uncertainty information""}
  },
  ""summary"":""Combining elevation and water level with unit conversion"",
  ""confidence"":5
}"
SGX3_HELDOUT-FAMILY_physical_range_violation_013,strong_B,mistralai/Mistral-7B-Instruct-v0.3,PROVEN,1.0,5,"{""provenance"": {""status"": ""PASS"", ""reason"": ""authoritative-product""}, ""categorical_semantics"": {""status"": ""NOT_APPLICABLE"", ""reason"": ""continuous data""}, ""spatial_support_resolution"": {""status"": ""NOT_APPLICABLE"", ""reason"": ""not required""}, ""units_quantity"": {""status"": ""NOT_APPLICABLE"", ""reason"": ""not required""}, ""crs_geometry_area"": {""status"": ""NOT_APPLICABLE"", ""reason"": ""not required""}, ""spectral_semantics"": {""status"": ""NOT_APPLICABLE"", ""reason"": ""not required""}, ""processing_quality"": {""status"": ""NOT_APPLICABLE"", ""reason"": ""not required""}, ""vertical_semantics"": {""status"": ""NOT_APPLICABLE"", ""reason"": ""not required""}, ""temporal_causality"": {""status"": ""NOT_APPLICABLE"", ""reason"": ""not required""}, ""evaluation_independence"": {""status"": ""NOT_APPLICABLE"", ""reason"": ""not required""}, ""nodata_physical_domain"": {""status"": ""NOT_APPLICABLE"", ""reason"": ""not required""}, ""uncertainty_fitness"": {""status"": ""NOT_APPLICABLE"", ""reason"": ""not required""}}",NDVI value range assertion violates observed range,"{
  ""obligations"": {
    ""provenance"": {""status"":""PASS"",""reason"":""authoritative-product""},
    ""categorical_semantics"": {""status"":""NOT_APPLICABLE"",""reason"":""continuous data""},
    ""spatial_support_resolution"": {""status"":""NOT_APPLICABLE"",""reason"":""not required""},
    ""units_quantity"": {""status"":""NOT_APPLICABLE"",""reason"":""not required""},
    ""crs_geometry_area"": {""status"":""NOT_APPLICABLE"",""reason"":""not required""},
    ""spectral_semantics"": {""status"":""NOT_APPLICABLE"",""reason"":""not required""},
    ""processing_quality"": {""status"":""NOT_APPLICABLE"",""reason"":""not required""},
    ""vertical_semantics"": {""status"":""NOT_APPLICABLE"",""reason"":""not required""},
    ""temporal_causality"": {""status"":""NOT_APPLICABLE"",""reason"":""not required""},
    ""evaluation_independence"": {""status"":""NOT_APPLICABLE"",""reason"":""not required""},
    ""nodata_physical_domain"": {""status"":""NOT_APPLICABLE"",""reason"":""not required""},
    ""uncertainty_fitness"": {""status"":""NOT_APPLICABLE"",""reason"":""not required""}
  },
  ""summary"":""NDVI value range assertion violates observed range"",
  ""confidence"":5
}"
SGX3_HELDOUT-FAMILY_scene_overlap_leakage_011,strong_B,mistralai/Mistral-7B-Instruct-v0.3,PROVEN,1.0,5,"{""provenance"": {""status"": ""PASS"", ""reason"": ""authoritative-product""}, ""categorical_semantics"": {""status"": ""NOT_APPLICABLE"", ""reason"": ""continuous data""}, ""spatial_support_resolution"": {""status"": ""PASS"", ""reason"": ""not applicable""}, ""units_quantity"": {""status"": ""NOT_APPLICABLE"", ""reason"": ""not required""}, ""crs_geometry_area"": {""status"": ""NOT_APPLICABLE"", ""reason"": ""not required""}, ""spectral_semantics"": {""status"": ""NOT_APPLICABLE"", ""reason"": ""not required""}, ""processing_quality"": {""status"": ""NOT_APPLICABLE"", ""reason"": ""not required""}, ""vertical_semantics"": {""status"": ""NOT_APPLICABLE"", ""reason"": ""not required""}, ""temporal_causality"": {""status"": ""NOT_APPLICABLE"", ""reason"": ""not required""}, ""evaluation_independence"": {""status"": ""NOT_APPLICABLE"", ""reason"": ""not required""}, ""nodata_physical_domain"": {""status"": ""NOT_APPLICABLE"", ""reason"": ""not required""}, ""uncertainty_fitness"": {""status"": ""NOT_APPLICABLE"", ""reason"": ""not required""}}",Scene overlap split operation performed,"{
  ""obligations"": {
    ""provenance"": {""status"":""PASS"",""reason"":""authoritative-product""},
    ""categorical_semantics"": {""status"":""NOT_APPLICABLE"",""reason"":""continuous data""},
    ""spatial_support_resolution"": {""status"":""PASS"",""reason"":""not applicable""},
    ""units_quantity"": {""status"":""NOT_APPLICABLE"",""reason"":""not required""},
    ""crs_geometry_area"": {""status"":""NOT_APPLICABLE"",""reason"":""not required""},
    ""spectral_semantics"": {""status"":""NOT_APPLICABLE"",""reason"":""not required""},
    ""processing_quality"": {""status"":""NOT_APPLICABLE"",""reason"":""not required""},
    ""vertical_semantics"": {""status"":""NOT_APPLICABLE"",""reason"":""not required""},
    ""temporal_causality"": {""status"":""NOT_APPLICABLE"",""reason"":""not required""},
    ""evaluation_independence"": {""status"":""NOT_APPLICABLE"",""reason"":""not required""},
    ""nodata_physical_domain"": {""status"":""NOT_APPLICABLE"",""reason"":""not required""},
    ""uncertainty_fitness"": {""status"":""NOT_APPLICABLE"",""reason"":""not required""}
  },
  ""summary"":""Scene overlap split operation performed"",
  ""confidence"":5
}"
SGX3_HELDOUT-FAMILY_vertical_datum_unknown_001,strong_B,mistralai/Mistral-7B-Instruct-v0.3,PROVEN,1.0,5,"{""provenance"": {""status"": ""PASS"", ""reason"": ""authoritative-product is supplied""}, ""categorical_semantics"": {""status"": ""NOT_APPLICABLE"", ""reason"": ""no categorical operation is involved""}, ""spatial_support_resolution"": {""status"": ""PASS"", ""reason"": ""native resolution is supplied""}, ""units_quantity"": {""status"": ""PASS"", ""reason"": ""dimensional consistency is satisfied""}, ""crs_geometry_area"": {""status"": ""NOT_APPLICABLE"", ""reason"": ""not required""}, ""spectral_semantics"": {""status"": ""NOT_APPLICABLE"", ""reason"": ""not required""}, ""processing_quality"": {""status"": ""NOT_APPLICABLE"", ""reason"": ""not required""}, ""vertical_semantics"": {""status"": ""PASS"", ""reason"": ""vertical datum compatibility is established""}, ""temporal_causality"": {""status"": ""NOT_APPLICABLE"", ""reason"": ""not required""}, ""evaluation_independence"": {""status"": ""NOT_APPLICABLE"", ""reason"": ""not required""}, ""nodata_physical_domain"": {""status"": ""NOT_APPLICABLE"", ""reason"": ""not required""}, ""uncertainty_fitness"": {""status"": ""NOT_APPLICABLE"", ""reason"": ""not required""}}",vertical datum compatibility is established,"{
  ""obligations"": {
    ""provenance"": {""status"":""PASS"",""reason"":""authoritative-product is supplied""},
    ""categorical_semantics"": {""status"":""NOT_APPLICABLE"",""reason"":""no categorical operation is involved""},
    ""spatial_support_resolution"": {""status"":""PASS"",""reason"":""native resolution is supplied""},
    ""units_quantity"": {""status"":""PASS"",""reason"":""dimensional consistency is satisfied""},
    ""crs_geometry_area"": {""status"":""NOT_APPLICABLE"",""reason"":""not required""},
    ""spectral_semantics"": {""status"":""NOT_APPLICABLE"",""reason"":""not required""},
    ""processing_quality"": {""status"":""NOT_APPLICABLE"",""reason"":""not required""},
    ""vertical_semantics"": {""status"":""PASS"",""reason"":""vertical datum compatibility is established""},
    ""temporal_causality"": {""status"":""NOT_APPLICABLE"",""reason"":""not required""},
    ""evaluation_independence"": {""status"":""NOT_APPLICABLE"",""reason"":""not required""},
    ""nodata_physical_domain"": {""status"":""NOT_APPLICABLE"",""reason"":""not required""},
    ""uncertainty_fitness"": {""status"":""NOT_APPLICABLE"",""reason"":""not required""}
  },
  ""summary"":""vertical datum compatibility is established"",
  ""confidence"":5
}"
SGX3_BLIND_flood_remote_sensing_002,strong_B,mistralai/Mistral-7B-Instruct-v0.3,PROVEN,1.0,5,"{""provenance"": {""status"": ""PASS"", ""reason"": ""authoritative-product is supplied""}, ""categorical_semantics"": {""status"": ""NOT_APPLICABLE"", ""reason"": ""no categorical operation is involved""}, ""spatial_support_resolution"": {""status"": ""PASS"", ""reason"": ""resolution is supplied""}, ""units_quantity"": {""status"": ""NOT_APPLICABLE"", ""reason"": ""no quantity semantics are involved""}, ""crs_geometry_area"": {""status"": ""NOT_APPLICABLE"", ""reason"": ""not required""}, ""spectral_semantics"": {""status"": ""NOT_APPLICABLE"", ""reason"": ""not required""}, ""processing_quality"": {""status"": ""NOT_APPLICABLE"", ""reason"": ""not required""}, ""vertical_semantics"": {""status"": ""NOT_APPLICABLE"", ""reason"": ""not required""}, ""temporal_causality"": {""status"": ""NOT_APPLICABLE"", ""reason"": ""not required""}, ""evaluation_independence"": {""status"": ""NOT_APPLICABLE"", ""reason"": ""not required""}, ""nodata_physical_domain"": {""status"": ""NOT_APPLICABLE"", ""reason"": ""not required""}, ""uncertainty_fitness"": {""status"": ""NOT_APPLICABLE"", ""reason"": ""not required""}}","The workflow applies a cloud mask and compares SAR and optical data, then calculates the area of the flood mask.","{
  ""obligations"": {
    ""provenance"": {""status"":""PASS"",""reason"":""authoritative-product is supplied""},
    ""categorical_semantics"": {""status"":""NOT_APPLICABLE"",""reason"":""no categorical operation is involved""},
    ""spatial_support_resolution"": {""status"":""PASS"",""reason"":""resolution is supplied""},
    ""units_quantity"": {""status"":""NOT_APPLICABLE"",""reason"":""no quantity semantics are involved""},
    ""crs_geometry_area"": {""status"":""NOT_APPLICABLE"",""reason"":""not required""},
    ""spectral_semantics"": {""status"":""NOT_APPLICABLE"",""reason"":""not required""},
    ""processing_quality"": {""status"":""NOT_APPLICABLE"",""reason"":""not required""},
    ""vertical_semantics"": {""status"":""NOT_APPLICABLE"",""reason"":""not required""},
    ""temporal_causality"": {""status"":""NOT_APPLICABLE"",""reason"":""not required""},
    ""evaluation_independence"": {""status"":""NOT_APPLICABLE"",""reason"":""not required""},
    ""nodata_physical_domain"": {""status"":""NOT_APPLICABLE"",""reason"":""not required""},
    ""uncertainty_fitness"": {""status"":""NOT_APPLICABLE"",""reason"":""not required""}
  },
  ""summary"":""The workflow applies a cloud mask and compares SAR and optical data, then calculates the area of the flood mask."",
  ""confidence"":5
}"
