case_id,split,tier,family,expected,truth_reason,signature,intent,artifacts,steps,verifier_verdict,verifier_findings
SGX3_DEVELOPMENT_categorical_interpolation_000,development,atomic,categorical_interpolation,PROVEN,label-preserving categorical resampling without unsupported resolution gain,18a6149c1d6fb3eb4ccc1f01058c3e4fad6b12d79d77eb7d4efad4eaf54421e0,"{""goal"": ""categorical_interpolation"", ""required_quantity"": null, ""required_unit"": null, ""decision_time"": null, ""max_resolution_m"": null, ""requires_bare_earth"": false, ""requires_cloud_mask"": false, ""max_uncertainty"": null, ""temporal_tolerance_h"": null, ""required_value_range"": null}","[{""name"": ""landcover-30"", ""quantity"": ""land_cover"", ""unit"": null, ""scale"": ""categorical"", ""crs"": ""EPSG:4326"", ""resolution_m"": 30, ""temporal_resolution_h"": null, ""processing_level"": null, ""surface_model"": null, ""vertical_datum"": null, ""acquisition_time"": null, ""available_time"": null, ""provenance"": ""authoritative-product"", ""band_role"": null, ""nodata_semantics"": null, ""uncertainty"": null, ""allowed_values"": [10, 20, 30, 40, 50, 60, 70, 80, 90, 95, 100], ""observed_min"": null, ""observed_max"": null, ""attrs"": {}}]","[{""op"": ""resample"", ""params"": {""artifact"": 0, ""method"": ""mode"", ""target_resolution_m"": 45, ""evidence_of_new_information"": true}}]",PROVEN,[]
SGX3_DEVELOPMENT_categorical_interpolation_001,development,atomic,categorical_interpolation,REFUTED,continuous interpolation creates non-label values,f349dda24ab6cae3b3f250a2bbb590fa7fc55ad3d43e5cae481e0724ad47cda5,"{""goal"": ""categorical_interpolation"", ""required_quantity"": null, ""required_unit"": null, ""decision_time"": null, ""max_resolution_m"": null, ""requires_bare_earth"": false, ""requires_cloud_mask"": false, ""max_uncertainty"": null, ""temporal_tolerance_h"": null, ""required_value_range"": null}","[{""name"": ""landcover-30"", ""quantity"": ""land_cover"", ""unit"": null, ""scale"": ""categorical"", ""crs"": ""EPSG:4326"", ""resolution_m"": 30, ""temporal_resolution_h"": null, ""processing_level"": null, ""surface_model"": null, ""vertical_datum"": null, ""acquisition_time"": null, ""available_time"": null, ""provenance"": ""authoritative-product"", ""band_role"": null, ""nodata_semantics"": null, ""uncertainty"": null, ""allowed_values"": [10, 20, 30, 40, 50, 60, 70, 80, 90, 95, 100], ""observed_min"": null, ""observed_max"": null, ""attrs"": {}}]","[{""op"": ""resample"", ""params"": {""artifact"": 0, ""method"": ""cubic"", ""target_resolution_m"": 45, ""evidence_of_new_information"": true}}]",REFUTED,"[{""code"": ""CATEGORICAL_INTERPOLATION"", ""verdict"": ""REFUTED"", ""message"": ""cubic interpolation does not preserve categorical identity."", ""step_index"": 0, ""evidence"": {""measurement_scale"": ""categorical"", ""method"": ""cubic""}, ""repair"": ""Use nearest-neighbour for identity preservation or mode/majority for aggregation.""}]"
SGX3_DEVELOPMENT_categorical_interpolation_002,development,adversarial,categorical_interpolation,PROVEN,label-preserving categorical resampling without unsupported resolution gain,cfa359b2447d8fb8b4aea066886fa23ff87d9e2a29358695f03e8c4eabaabdfc,"{""goal"": ""categorical_interpolation"", ""required_quantity"": null, ""required_unit"": null, ""decision_time"": null, ""max_resolution_m"": null, ""requires_bare_earth"": false, ""requires_cloud_mask"": false, ""max_uncertainty"": null, ""temporal_tolerance_h"": null, ""required_value_range"": null}","[{""name"": ""landcover-30"", ""quantity"": ""land_cover"", ""unit"": null, ""scale"": ""categorical"", ""crs"": ""EPSG:4326"", ""resolution_m"": 30, ""temporal_resolution_h"": null, ""processing_level"": null, ""surface_model"": null, ""vertical_datum"": null, ""acquisition_time"": null, ""available_time"": null, ""provenance"": ""authoritative-product"", ""band_role"": null, ""nodata_semantics"": null, ""uncertainty"": null, ""allowed_values"": [10, 20, 30, 40, 50, 60, 70, 80, 90, 95, 100], ""observed_min"": null, ""observed_max"": null, ""attrs"": {}}]","[{""op"": ""resample"", ""params"": {""artifact"": 0, ""method"": ""mode"", ""target_resolution_m"": 90, ""evidence_of_new_information"": true}}]",PROVEN,[]
SGX3_DEVELOPMENT_categorical_interpolation_003,development,adversarial,categorical_interpolation,PROVEN,label-preserving categorical resampling without unsupported resolution gain,306b52850a71be4e82d4df0f36574e6ae4bd961ceb41843c41c0b73fb571f72a,"{""goal"": ""categorical_interpolation"", ""required_quantity"": null, ""required_unit"": null, ""decision_time"": null, ""max_resolution_m"": null, ""requires_bare_earth"": false, ""requires_cloud_mask"": false, ""max_uncertainty"": null, ""temporal_tolerance_h"": null, ""required_value_range"": null}","[{""name"": ""landcover-20"", ""quantity"": ""land_cover"", ""unit"": null, ""scale"": ""categorical"", ""crs"": ""EPSG:4326"", ""resolution_m"": 20, ""temporal_resolution_h"": null, ""processing_level"": null, ""surface_model"": null, ""vertical_datum"": null, ""acquisition_time"": null, ""available_time"": null, ""provenance"": ""authoritative-product"", ""band_role"": null, ""nodata_semantics"": null, ""uncertainty"": null, ""allowed_values"": [10, 20, 30, 40, 50, 60, 70, 80, 90, 95, 100], ""observed_min"": null, ""observed_max"": null, ""attrs"": {}}]","[{""op"": ""resample"", ""params"": {""artifact"": 0, ""method"": ""nearest"", ""target_resolution_m"": 60, ""evidence_of_new_information"": true}}]",PROVEN,[]
SGX3_DEVELOPMENT_categorical_interpolation_004,development,adversarial,categorical_interpolation,PROVEN,label-preserving categorical resampling without unsupported resolution gain,dba1185622e274960c5a0f4bf0c2ef5d24752b06ffd28315cc7f03602fe6899b,"{""goal"": ""categorical_interpolation"", ""required_quantity"": null, ""required_unit"": null, ""decision_time"": null, ""max_resolution_m"": null, ""requires_bare_earth"": false, ""requires_cloud_mask"": false, ""max_uncertainty"": null, ""temporal_tolerance_h"": null, ""required_value_range"": null}","[{""name"": ""landcover-10"", ""quantity"": ""land_cover"", ""unit"": null, ""scale"": ""categorical"", ""crs"": ""EPSG:4326"", ""resolution_m"": 10, ""temporal_resolution_h"": null, ""processing_level"": null, ""surface_model"": null, ""vertical_datum"": null, ""acquisition_time"": null, ""available_time"": null, ""provenance"": ""authoritative-product"", ""band_role"": null, ""nodata_semantics"": null, ""uncertainty"": null, ""allowed_values"": [10, 20, 30, 40, 50, 60, 70, 80, 90, 95, 100], ""observed_min"": null, ""observed_max"": null, ""attrs"": {}}]","[{""op"": ""resample"", ""params"": {""artifact"": 0, ""method"": ""nearest"", ""target_resolution_m"": 90, ""evidence_of_new_information"": true}}]",PROVEN,[]
SGX3_DEVELOPMENT_categorical_interpolation_005,development,atomic,categorical_interpolation,PROVEN,label-preserving categorical resampling without unsupported resolution gain,510c05eee414e4ffda972fe94674bb01565c0eca1c152c912e9a71e09a4e93a4,"{""goal"": ""categorical_interpolation"", ""required_quantity"": null, ""required_unit"": null, ""decision_time"": null, ""max_resolution_m"": null, ""requires_bare_earth"": false, ""requires_cloud_mask"": false, ""max_uncertainty"": null, ""temporal_tolerance_h"": null, ""required_value_range"": null}","[{""name"": ""landcover-30"", ""quantity"": ""land_cover"", ""unit"": null, ""scale"": ""categorical"", ""crs"": ""EPSG:4326"", ""resolution_m"": 30, ""temporal_resolution_h"": null, ""processing_level"": null, ""surface_model"": null, ""vertical_datum"": null, ""acquisition_time"": null, ""available_time"": null, ""provenance"": ""authoritative-product"", ""band_role"": null, ""nodata_semantics"": null, ""uncertainty"": null, ""allowed_values"": [10, 20, 30, 40, 50, 60, 70, 80, 90, 95, 100], ""observed_min"": null, ""observed_max"": null, ""attrs"": {}}]","[{""op"": ""resample"", ""params"": {""artifact"": 0, ""method"": ""nearest"", ""target_resolution_m"": 30, ""evidence_of_new_information"": true}}]",PROVEN,[]
SGX3_DEVELOPMENT_categorical_interpolation_006,development,adversarial,categorical_interpolation,REFUTED,continuous interpolation creates non-label values,b2fb5dda0f382b0a87b04503f80eec5f77a3d4b40a4fa606cb6851f37a7afda7,"{""goal"": ""categorical_interpolation"", ""required_quantity"": null, ""required_unit"": null, ""decision_time"": null, ""max_resolution_m"": null, ""requires_bare_earth"": false, ""requires_cloud_mask"": false, ""max_uncertainty"": null, ""temporal_tolerance_h"": null, ""required_value_range"": null}","[{""name"": ""landcover-10"", ""quantity"": ""land_cover"", ""unit"": null, ""scale"": ""categorical"", ""crs"": ""EPSG:4326"", ""resolution_m"": 10, ""temporal_resolution_h"": null, ""processing_level"": null, ""surface_model"": null, ""vertical_datum"": null, ""acquisition_time"": null, ""available_time"": null, ""provenance"": ""authoritative-product"", ""band_role"": null, ""nodata_semantics"": null, ""uncertainty"": null, ""allowed_values"": [10, 20, 30, 40, 50, 60, 70, 80, 90, 95, 100], ""observed_min"": null, ""observed_max"": null, ""attrs"": {}}]","[{""op"": ""resample"", ""params"": {""artifact"": 0, ""method"": ""lanczos"", ""target_resolution_m"": 25, ""evidence_of_new_information"": true}}]",REFUTED,"[{""code"": ""CATEGORICAL_INTERPOLATION"", ""verdict"": ""REFUTED"", ""message"": ""lanczos interpolation does not preserve categorical identity."", ""step_index"": 0, ""evidence"": {""measurement_scale"": ""categorical"", ""method"": ""lanczos""}, ""repair"": ""Use nearest-neighbour for identity preservation or mode/majority for aggregation.""}]"
SGX3_DEVELOPMENT_categorical_interpolation_007,development,compositional,categorical_interpolation,REFUTED,continuous interpolation creates non-label values,20a4de46d183b85ce1bb58d7aa5ed3a01d862289451b736a733487a7f391ad5d,"{""goal"": ""categorical_interpolation"", ""required_quantity"": null, ""required_unit"": null, ""decision_time"": null, ""max_resolution_m"": null, ""requires_bare_earth"": false, ""requires_cloud_mask"": false, ""max_uncertainty"": null, ""temporal_tolerance_h"": null, ""required_value_range"": null}","[{""name"": ""landcover-20"", ""quantity"": ""land_cover"", ""unit"": null, ""scale"": ""categorical"", ""crs"": ""EPSG:4326"", ""resolution_m"": 20, ""temporal_resolution_h"": null, ""processing_level"": null, ""surface_model"": null, ""vertical_datum"": null, ""acquisition_time"": null, ""available_time"": null, ""provenance"": ""authoritative-product"", ""band_role"": null, ""nodata_semantics"": null, ""uncertainty"": null, ""allowed_values"": [10, 20, 30, 40, 50, 60, 70, 80, 90, 95, 100], ""observed_min"": null, ""observed_max"": null, ""attrs"": {}}]","[{""op"": ""resample"", ""params"": {""artifact"": 0, ""method"": ""lanczos"", ""target_resolution_m"": 45, ""evidence_of_new_information"": true}}]",REFUTED,"[{""code"": ""CATEGORICAL_INTERPOLATION"", ""verdict"": ""REFUTED"", ""message"": ""lanczos interpolation does not preserve categorical identity."", ""step_index"": 0, ""evidence"": {""measurement_scale"": ""categorical"", ""method"": ""lanczos""}, ""repair"": ""Use nearest-neighbour for identity preservation or mode/majority for aggregation.""}]"
SGX3_DEVELOPMENT_categorical_interpolation_008,development,adversarial,categorical_interpolation,PROVEN,label-preserving categorical resampling without unsupported resolution gain,f8568f1018399cc86781bf16b768a49330092ba52a3fd3b69c8dc248b11a6ea6,"{""goal"": ""categorical_interpolation"", ""required_quantity"": null, ""required_unit"": null, ""decision_time"": null, ""max_resolution_m"": null, ""requires_bare_earth"": false, ""requires_cloud_mask"": false, ""max_uncertainty"": null, ""temporal_tolerance_h"": null, ""required_value_range"": null}","[{""name"": ""landcover-10"", ""quantity"": ""land_cover"", ""unit"": null, ""scale"": ""categorical"", ""crs"": ""EPSG:4326"", ""resolution_m"": 10, ""temporal_resolution_h"": null, ""processing_level"": null, ""surface_model"": null, ""vertical_datum"": null, ""acquisition_time"": null, ""available_time"": null, ""provenance"": ""authoritative-product"", ""band_role"": null, ""nodata_semantics"": null, ""uncertainty"": null, ""allowed_values"": [10, 20, 30, 40, 50, 60, 70, 80, 90, 95, 100], ""observed_min"": null, ""observed_max"": null, ""attrs"": {}}]","[{""op"": ""resample"", ""params"": {""artifact"": 0, ""method"": ""nearest"", ""target_resolution_m"": 10, ""evidence_of_new_information"": true}}]",PROVEN,[]
SGX3_DEVELOPMENT_categorical_interpolation_009,development,atomic,categorical_interpolation,REFUTED,continuous interpolation creates non-label values,fc1aad5a3f32258aa91f19cf99617503cd72222d3f0772c74ff205322befe919,"{""goal"": ""categorical_interpolation"", ""required_quantity"": null, ""required_unit"": null, ""decision_time"": null, ""max_resolution_m"": null, ""requires_bare_earth"": false, ""requires_cloud_mask"": false, ""max_uncertainty"": null, ""temporal_tolerance_h"": null, ""required_value_range"": null}","[{""name"": ""landcover-30"", ""quantity"": ""land_cover"", ""unit"": null, ""scale"": ""categorical"", ""crs"": ""EPSG:4326"", ""resolution_m"": 30, ""temporal_resolution_h"": null, ""processing_level"": null, ""surface_model"": null, ""vertical_datum"": null, ""acquisition_time"": null, ""available_time"": null, ""provenance"": ""authoritative-product"", ""band_role"": null, ""nodata_semantics"": null, ""uncertainty"": null, ""allowed_values"": [10, 20, 30, 40, 50, 60, 70, 80, 90, 95, 100], ""observed_min"": null, ""observed_max"": null, ""attrs"": {}}]","[{""op"": ""resample"", ""params"": {""artifact"": 0, ""method"": ""bilinear"", ""target_resolution_m"": 35, ""evidence_of_new_information"": true}}]",REFUTED,"[{""code"": ""CATEGORICAL_INTERPOLATION"", ""verdict"": ""REFUTED"", ""message"": ""bilinear interpolation does not preserve categorical identity."", ""step_index"": 0, ""evidence"": {""measurement_scale"": ""categorical"", ""method"": ""bilinear""}, ""repair"": ""Use nearest-neighbour for identity preservation or mode/majority for aggregation.""}]"
SGX3_DEVELOPMENT_categorical_interpolation_010,development,atomic,categorical_interpolation,REFUTED,continuous interpolation creates non-label values,63bef821f91de2763d2d212d01bd8a149370d5231eda131565006144a275f718,"{""goal"": ""categorical_interpolation"", ""required_quantity"": null, ""required_unit"": null, ""decision_time"": null, ""max_resolution_m"": null, ""requires_bare_earth"": false, ""requires_cloud_mask"": false, ""max_uncertainty"": null, ""temporal_tolerance_h"": null, ""required_value_range"": null}","[{""name"": ""landcover-20"", ""quantity"": ""land_cover"", ""unit"": null, ""scale"": ""categorical"", ""crs"": ""EPSG:4326"", ""resolution_m"": 20, ""temporal_resolution_h"": null, ""processing_level"": null, ""surface_model"": null, ""vertical_datum"": null, ""acquisition_time"": null, ""available_time"": null, ""provenance"": ""authoritative-product"", ""band_role"": null, ""nodata_semantics"": null, ""uncertainty"": null, ""allowed_values"": [10, 20, 30, 40, 50, 60, 70, 80, 90, 95, 100], ""observed_min"": null, ""observed_max"": null, ""attrs"": {}}]","[{""op"": ""resample"", ""params"": {""artifact"": 0, ""method"": ""lanczos"", ""target_resolution_m"": 60, ""evidence_of_new_information"": true}}]",REFUTED,"[{""code"": ""CATEGORICAL_INTERPOLATION"", ""verdict"": ""REFUTED"", ""message"": ""lanczos interpolation does not preserve categorical identity."", ""step_index"": 0, ""evidence"": {""measurement_scale"": ""categorical"", ""method"": ""lanczos""}, ""repair"": ""Use nearest-neighbour for identity preservation or mode/majority for aggregation.""}]"
SGX3_DEVELOPMENT_categorical_interpolation_011,development,atomic,categorical_interpolation,PROVEN,label-preserving categorical resampling without unsupported resolution gain,81fa8de0433fefd820b8bad8f2b76605508208da4ceb697a79d5b75503447042,"{""goal"": ""categorical_interpolation"", ""required_quantity"": null, ""required_unit"": null, ""decision_time"": null, ""max_resolution_m"": null, ""requires_bare_earth"": false, ""requires_cloud_mask"": false, ""max_uncertainty"": null, ""temporal_tolerance_h"": null, ""required_value_range"": null}","[{""name"": ""landcover-10"", ""quantity"": ""land_cover"", ""unit"": null, ""scale"": ""categorical"", ""crs"": ""EPSG:4326"", ""resolution_m"": 10, ""temporal_resolution_h"": null, ""processing_level"": null, ""surface_model"": null, ""vertical_datum"": null, ""acquisition_time"": null, ""available_time"": null, ""provenance"": ""authoritative-product"", ""band_role"": null, ""nodata_semantics"": null, ""uncertainty"": null, ""allowed_values"": [10, 20, 30, 40, 50, 60, 70, 80, 90, 95, 100], ""observed_min"": null, ""observed_max"": null, ""attrs"": {}}]","[{""op"": ""resample"", ""params"": {""artifact"": 0, ""method"": ""mode"", ""target_resolution_m"": 30, ""evidence_of_new_information"": true}}]",PROVEN,[]
SGX3_DEVELOPMENT_categorical_interpolation_012,development,adversarial,categorical_interpolation,PROVEN,label-preserving categorical resampling without unsupported resolution gain,41a3938a71c613a693c79c4724872cab7395f98a75c6b89fb06cb8be8b8d8319,"{""goal"": ""categorical_interpolation"", ""required_quantity"": null, ""required_unit"": null, ""decision_time"": null, ""max_resolution_m"": null, ""requires_bare_earth"": false, ""requires_cloud_mask"": false, ""max_uncertainty"": null, ""temporal_tolerance_h"": null, ""required_value_range"": null}","[{""name"": ""landcover-20"", ""quantity"": ""land_cover"", ""unit"": null, ""scale"": ""categorical"", ""crs"": ""EPSG:4326"", ""resolution_m"": 20, ""temporal_resolution_h"": null, ""processing_level"": null, ""surface_model"": null, ""vertical_datum"": null, ""acquisition_time"": null, ""available_time"": null, ""provenance"": ""authoritative-product"", ""band_role"": null, ""nodata_semantics"": null, ""uncertainty"": null, ""allowed_values"": [10, 20, 30, 40, 50, 60, 70, 80, 90, 95, 100], ""observed_min"": null, ""observed_max"": null, ""attrs"": {}}]","[{""op"": ""resample"", ""params"": {""artifact"": 0, ""method"": ""nearest"", ""target_resolution_m"": 35, ""evidence_of_new_information"": true}}]",PROVEN,[]
SGX3_DEVELOPMENT_categorical_interpolation_013,development,atomic,categorical_interpolation,PROVEN,label-preserving categorical resampling without unsupported resolution gain,8180d080d0680fa97dff9939b8d671cbf67980c118b4a158b9a56c6f34d16fa2,"{""goal"": ""categorical_interpolation"", ""required_quantity"": null, ""required_unit"": null, ""decision_time"": null, ""max_resolution_m"": null, ""requires_bare_earth"": false, ""requires_cloud_mask"": false, ""max_uncertainty"": null, ""temporal_tolerance_h"": null, ""required_value_range"": null}","[{""name"": ""landcover-10"", ""quantity"": ""land_cover"", ""unit"": null, ""scale"": ""categorical"", ""crs"": ""EPSG:4326"", ""resolution_m"": 10, ""temporal_resolution_h"": null, ""processing_level"": null, ""surface_model"": null, ""vertical_datum"": null, ""acquisition_time"": null, ""available_time"": null, ""provenance"": ""authoritative-product"", ""band_role"": null, ""nodata_semantics"": null, ""uncertainty"": null, ""allowed_values"": [10, 20, 30, 40, 50, 60, 70, 80, 90, 95, 100], ""observed_min"": null, ""observed_max"": null, ""attrs"": {}}]","[{""op"": ""resample"", ""params"": {""artifact"": 0, ""method"": ""nearest"", ""target_resolution_m"": 20, ""evidence_of_new_information"": true}}]",PROVEN,[]
SGX3_DEVELOPMENT_categorical_interpolation_014,development,adversarial,categorical_interpolation,REFUTED,continuous interpolation creates non-label values,3409392f79c43821d85720ee57cffe727f7a51d10143325b769eb44323298fc0,"{""goal"": ""categorical_interpolation"", ""required_quantity"": null, ""required_unit"": null, ""decision_time"": null, ""max_resolution_m"": null, ""requires_bare_earth"": false, ""requires_cloud_mask"": false, ""max_uncertainty"": null, ""temporal_tolerance_h"": null, ""required_value_range"": null}","[{""name"": ""landcover-30"", ""quantity"": ""land_cover"", ""unit"": null, ""scale"": ""categorical"", ""crs"": ""EPSG:4326"", ""resolution_m"": 30, ""temporal_resolution_h"": null, ""processing_level"": null, ""surface_model"": null, ""vertical_datum"": null, ""acquisition_time"": null, ""available_time"": null, ""provenance"": ""authoritative-product"", ""band_role"": null, ""nodata_semantics"": null, ""uncertainty"": null, ""allowed_values"": [10, 20, 30, 40, 50, 60, 70, 80, 90, 95, 100], ""observed_min"": null, ""observed_max"": null, ""attrs"": {}}]","[{""op"": ""resample"", ""params"": {""artifact"": 0, ""method"": ""bilinear"", ""target_resolution_m"": 15, ""evidence_of_new_information"": false}}]",REFUTED,"[{""code"": ""CATEGORICAL_INTERPOLATION"", ""verdict"": ""REFUTED"", ""message"": ""bilinear interpolation does not preserve categorical identity."", ""step_index"": 0, ""evidence"": {""measurement_scale"": ""categorical"", ""method"": ""bilinear""}, ""repair"": ""Use nearest-neighbour for identity preservation or mode/majority for aggregation.""}, {""code"": ""UNSUPPORTED_RESOLUTION_GAIN"", ""verdict"": ""REFUTED"", ""message"": ""Grid spacing improves 2.00x without evidence of new information."", ""step_index"": 0, ""evidence"": {""native_m"": 30, ""target_m"": 15.0}, ""repair"": null}]"
SGX3_DEVELOPMENT_categorical_interpolation_015,development,adversarial,categorical_interpolation,PROVEN,label-preserving categorical resampling without unsupported resolution gain,f4884bce088a6c8c3713f56ade1f9428a732b7980d522b62cd2d211fc26ba53d,"{""goal"": ""categorical_interpolation"", ""required_quantity"": null, ""required_unit"": null, ""decision_time"": null, ""max_resolution_m"": null, ""requires_bare_earth"": false, ""requires_cloud_mask"": false, ""max_uncertainty"": null, ""temporal_tolerance_h"": null, ""required_value_range"": null}","[{""name"": ""landcover-10"", ""quantity"": ""land_cover"", ""unit"": null, ""scale"": ""categorical"", ""crs"": ""EPSG:4326"", ""resolution_m"": 10, ""temporal_resolution_h"": null, ""processing_level"": null, ""surface_model"": null, ""vertical_datum"": null, ""acquisition_time"": null, ""available_time"": null, ""provenance"": ""authoritative-product"", ""band_role"": null, ""nodata_semantics"": null, ""uncertainty"": null, ""allowed_values"": [10, 20, 30, 40, 50, 60, 70, 80, 90, 95, 100], ""observed_min"": null, ""observed_max"": null, ""attrs"": {}}]","[{""op"": ""resample"", ""params"": {""artifact"": 0, ""method"": ""nearest"", ""target_resolution_m"": 60, ""evidence_of_new_information"": true}}]",PROVEN,[]
SGX3_DEVELOPMENT_rate_mean_as_accumulation_000,development,adversarial,rate_mean_as_accumulation,REFUTED,rate averaged but declared as accumulation,daf71490201321c1beb29c3a67dc51bb1e2f8a4eaeae1dbf857afabe22895807,"{""goal"": ""rate_mean_as_accumulation"", ""required_quantity"": null, ""required_unit"": null, ""decision_time"": null, ""max_resolution_m"": null, ""requires_bare_earth"": false, ""requires_cloud_mask"": false, ""max_uncertainty"": null, ""temporal_tolerance_h"": null, ""required_value_range"": null}","[{""name"": ""IMERG"", ""quantity"": ""precipitation_rate"", ""unit"": ""mm/h"", ""scale"": ""continuous"", ""crs"": ""EPSG:4326"", ""resolution_m"": 10000, ""temporal_resolution_h"": 0.5, ""processing_level"": null, ""surface_model"": null, ""vertical_datum"": null, ""acquisition_time"": null, ""available_time"": null, ""provenance"": ""authoritative-product"", ""band_role"": null, ""nodata_semantics"": null, ""uncertainty"": null, ""allowed_values"": null, ""observed_min"": null, ""observed_max"": null, ""attrs"": {}}]","[{""op"": ""temporal_aggregate"", ""params"": {""artifact"": 0, ""method"": ""average"", ""sample_duration_h"": 0.5, ""declared_quantity"": ""accumulation""}}]",REFUTED,"[{""code"": ""RATE_AVERAGED_AS_ACCUMULATION"", ""verdict"": ""REFUTED"", ""message"": ""A rate is averaged but the result is declared as an accumulation."", ""step_index"": 0, ""evidence"": {""unit"": ""mm/h"", ""method"": ""average""}, ""repair"": null}]"
SGX3_DEVELOPMENT_rate_mean_as_accumulation_001,development,adversarial,rate_mean_as_accumulation,PROVEN,rate integrated over time,3ae543f8e29c62b0a1759cfe5eba9eb06fa49e7cc1a947eefc78f912f90625f3,"{""goal"": ""rate_mean_as_accumulation"", ""required_quantity"": null, ""required_unit"": null, ""decision_time"": null, ""max_resolution_m"": null, ""requires_bare_earth"": false, ""requires_cloud_mask"": false, ""max_uncertainty"": null, ""temporal_tolerance_h"": null, ""required_value_range"": null}","[{""name"": ""IMERG"", ""quantity"": ""precipitation_rate"", ""unit"": ""mm/h"", ""scale"": ""continuous"", ""crs"": ""EPSG:4326"", ""resolution_m"": 10000, ""temporal_resolution_h"": 0.25, ""processing_level"": null, ""surface_model"": null, ""vertical_datum"": null, ""acquisition_time"": null, ""available_time"": null, ""provenance"": ""authoritative-product"", ""band_role"": null, ""nodata_semantics"": null, ""uncertainty"": null, ""allowed_values"": null, ""observed_min"": null, ""observed_max"": null, ""attrs"": {}}]","[{""op"": ""temporal_aggregate"", ""params"": {""artifact"": 0, ""method"": ""integrate"", ""sample_duration_h"": 0.25, ""declared_quantity"": ""accumulation""}}]",PROVEN,[]
SGX3_DEVELOPMENT_rate_mean_as_accumulation_002,development,adversarial,rate_mean_as_accumulation,REFUTED,rate averaged but declared as accumulation,26e8eae76b346d1de722e1bdcf96f772d432952900c6d25949f43cfa0c78e0f6,"{""goal"": ""rate_mean_as_accumulation"", ""required_quantity"": null, ""required_unit"": null, ""decision_time"": null, ""max_resolution_m"": null, ""requires_bare_earth"": false, ""requires_cloud_mask"": false, ""max_uncertainty"": null, ""temporal_tolerance_h"": null, ""required_value_range"": null}","[{""name"": ""IMERG"", ""quantity"": ""precipitation_rate"", ""unit"": ""mm/h"", ""scale"": ""continuous"", ""crs"": ""EPSG:4326"", ""resolution_m"": 10000, ""temporal_resolution_h"": 0.25, ""processing_level"": null, ""surface_model"": null, ""vertical_datum"": null, ""acquisition_time"": null, ""available_time"": null, ""provenance"": ""authoritative-product"", ""band_role"": null, ""nodata_semantics"": null, ""uncertainty"": null, ""allowed_values"": null, ""observed_min"": null, ""observed_max"": null, ""attrs"": {}}]","[{""op"": ""temporal_aggregate"", ""params"": {""artifact"": 0, ""method"": ""mean"", ""sample_duration_h"": 0.25, ""declared_quantity"": ""accumulation""}}]",REFUTED,"[{""code"": ""RATE_AVERAGED_AS_ACCUMULATION"", ""verdict"": ""REFUTED"", ""message"": ""A rate is averaged but the result is declared as an accumulation."", ""step_index"": 0, ""evidence"": {""unit"": ""mm/h"", ""method"": ""mean""}, ""repair"": null}]"
SGX3_DEVELOPMENT_rate_mean_as_accumulation_003,development,adversarial,rate_mean_as_accumulation,REFUTED,rate averaged but declared as accumulation,ac82dd84e101993b451be31d7e14cc1b24f012b8abb4d41869be8e05e9cffecb,"{""goal"": ""rate_mean_as_accumulation"", ""required_quantity"": null, ""required_unit"": null, ""decision_time"": null, ""max_resolution_m"": null, ""requires_bare_earth"": false, ""requires_cloud_mask"": false, ""max_uncertainty"": null, ""temporal_tolerance_h"": null, ""required_value_range"": null}","[{""name"": ""IMERG"", ""quantity"": ""precipitation_rate"", ""unit"": ""mm/h"", ""scale"": ""continuous"", ""crs"": ""EPSG:4326"", ""resolution_m"": 10000, ""temporal_resolution_h"": 0.5, ""processing_level"": null, ""surface_model"": null, ""vertical_datum"": null, ""acquisition_time"": null, ""available_time"": null, ""provenance"": ""authoritative-product"", ""band_role"": null, ""nodata_semantics"": null, ""uncertainty"": null, ""allowed_values"": null, ""observed_min"": null, ""observed_max"": null, ""attrs"": {}}]","[{""op"": ""temporal_aggregate"", ""params"": {""artifact"": 0, ""method"": ""mean"", ""sample_duration_h"": 0.5, ""declared_quantity"": ""accumulation""}}]",REFUTED,"[{""code"": ""RATE_AVERAGED_AS_ACCUMULATION"", ""verdict"": ""REFUTED"", ""message"": ""A rate is averaged but the result is declared as an accumulation."", ""step_index"": 0, ""evidence"": {""unit"": ""mm/h"", ""method"": ""mean""}, ""repair"": null}]"
SGX3_DEVELOPMENT_rate_mean_as_accumulation_004,development,atomic,rate_mean_as_accumulation,PROVEN,rate integrated over time,a09e53734f2cce4354272d69b0cc446875699f95a4cb11f7ff37c2283a36dfa0,"{""goal"": ""rate_mean_as_accumulation"", ""required_quantity"": null, ""required_unit"": null, ""decision_time"": null, ""max_resolution_m"": null, ""requires_bare_earth"": false, ""requires_cloud_mask"": false, ""max_uncertainty"": null, ""temporal_tolerance_h"": null, ""required_value_range"": null}","[{""name"": ""IMERG"", ""quantity"": ""precipitation_rate"", ""unit"": ""mm/h"", ""scale"": ""continuous"", ""crs"": ""EPSG:4326"", ""resolution_m"": 10000, ""temporal_resolution_h"": 0.5, ""processing_level"": null, ""surface_model"": null, ""vertical_datum"": null, ""acquisition_time"": null, ""available_time"": null, ""provenance"": ""authoritative-product"", ""band_role"": null, ""nodata_semantics"": null, ""uncertainty"": null, ""allowed_values"": null, ""observed_min"": null, ""observed_max"": null, ""attrs"": {}}]","[{""op"": ""temporal_aggregate"", ""params"": {""artifact"": 0, ""method"": ""integrate"", ""sample_duration_h"": 0.5, ""declared_quantity"": ""accumulation""}}]",PROVEN,[]
SGX3_DEVELOPMENT_rate_mean_as_accumulation_005,development,atomic,rate_mean_as_accumulation,REFUTED,rate averaged but declared as accumulation,ec68f9d30164b3b1873976f8f7fabf687eea7de5d9dbbfd67f76613dad16ac93,"{""goal"": ""rate_mean_as_accumulation"", ""required_quantity"": null, ""required_unit"": null, ""decision_time"": null, ""max_resolution_m"": null, ""requires_bare_earth"": false, ""requires_cloud_mask"": false, ""max_uncertainty"": null, ""temporal_tolerance_h"": null, ""required_value_range"": null}","[{""name"": ""IMERG"", ""quantity"": ""precipitation_rate"", ""unit"": ""mm/h"", ""scale"": ""continuous"", ""crs"": ""EPSG:4326"", ""resolution_m"": 10000, ""temporal_resolution_h"": 0.25, ""processing_level"": null, ""surface_model"": null, ""vertical_datum"": null, ""acquisition_time"": null, ""available_time"": null, ""provenance"": ""authoritative-product"", ""band_role"": null, ""nodata_semantics"": null, ""uncertainty"": null, ""allowed_values"": null, ""observed_min"": null, ""observed_max"": null, ""attrs"": {}}]","[{""op"": ""temporal_aggregate"", ""params"": {""artifact"": 0, ""method"": ""average"", ""sample_duration_h"": 0.25, ""declared_quantity"": ""accumulation""}}]",REFUTED,"[{""code"": ""RATE_AVERAGED_AS_ACCUMULATION"", ""verdict"": ""REFUTED"", ""message"": ""A rate is averaged but the result is declared as an accumulation."", ""step_index"": 0, ""evidence"": {""unit"": ""mm/h"", ""method"": ""average""}, ""repair"": null}]"
SGX3_DEVELOPMENT_angular_area_000,development,compositional,angular_area,REFUTED,square degrees mislabeled as metric area,4778f333d9f0be7663f08f36d9c405f5b3cc4899574af3a02f65ac14c230a95e,"{""goal"": ""angular_area"", ""required_quantity"": null, ""required_unit"": null, ""decision_time"": null, ""max_resolution_m"": null, ""requires_bare_earth"": false, ""requires_cloud_mask"": false, ""max_uncertainty"": null, ""temporal_tolerance_h"": null, ""required_value_range"": null}","[{""name"": ""flood-polygon"", ""quantity"": ""flood_extent"", ""unit"": null, ""scale"": ""binary"", ""crs"": ""EPSG:4326"", ""resolution_m"": 20, ""temporal_resolution_h"": null, ""processing_level"": null, ""surface_model"": null, ""vertical_datum"": null, ""acquisition_time"": null, ""available_time"": null, ""provenance"": ""authoritative-product"", ""band_role"": null, ""nodata_semantics"": null, ""uncertainty"": null, ""allowed_values"": null, ""observed_min"": null, ""observed_max"": null, ""attrs"": {}}]","[{""op"": ""area"", ""params"": {""artifact"": 0, ""method"": ""planar"", ""output_unit"": ""km2""}}]",REFUTED,"[{""code"": ""ANGULAR_COORDINATE_AREA"", ""verdict"": ""REFUTED"", ""message"": ""Planar area is computed directly from angular coordinates."", ""step_index"": 0, ""evidence"": {""crs"": ""EPSG:4326""}, ""repair"": ""Use geodesic area or an appropriate projected/equal-area CRS.""}]"
SGX3_DEVELOPMENT_angular_area_001,development,adversarial,angular_area,PROVEN,projected area computation,417a5d476096be49e216c40c3595f8077614b151cec8bf60b805ec9452f81f79,"{""goal"": ""angular_area"", ""required_quantity"": null, ""required_unit"": null, ""decision_time"": null, ""max_resolution_m"": null, ""requires_bare_earth"": false, ""requires_cloud_mask"": false, ""max_uncertainty"": null, ""temporal_tolerance_h"": null, ""required_value_range"": null}","[{""name"": ""flood-polygon"", ""quantity"": ""flood_extent"", ""unit"": null, ""scale"": ""binary"", ""crs"": ""EPSG:6933"", ""resolution_m"": 10, ""temporal_resolution_h"": null, ""processing_level"": null, ""surface_model"": null, ""vertical_datum"": null, ""acquisition_time"": null, ""available_time"": null, ""provenance"": ""authoritative-product"", ""band_role"": null, ""nodata_semantics"": null, ""uncertainty"": null, ""allowed_values"": null, ""observed_min"": null, ""observed_max"": null, ""attrs"": {}}]","[{""op"": ""area"", ""params"": {""artifact"": 0, ""method"": ""planar"", ""output_unit"": ""km2""}}]",PROVEN,[]
SGX3_DEVELOPMENT_angular_area_002,development,compositional,angular_area,REFUTED,square degrees mislabeled as metric area,29219bae70b5fcd7a2d91e9c099b55aea373aa1f4e8cd7c1521526c2d477d8bd,"{""goal"": ""angular_area"", ""required_quantity"": null, ""required_unit"": null, ""decision_time"": null, ""max_resolution_m"": null, ""requires_bare_earth"": false, ""requires_cloud_mask"": false, ""max_uncertainty"": null, ""temporal_tolerance_h"": null, ""required_value_range"": null}","[{""name"": ""flood-polygon"", ""quantity"": ""flood_extent"", ""unit"": null, ""scale"": ""binary"", ""crs"": ""EPSG:4326"", ""resolution_m"": 10, ""temporal_resolution_h"": null, ""processing_level"": null, ""surface_model"": null, ""vertical_datum"": null, ""acquisition_time"": null, ""available_time"": null, ""provenance"": ""authoritative-product"", ""band_role"": null, ""nodata_semantics"": null, ""uncertainty"": null, ""allowed_values"": null, ""observed_min"": null, ""observed_max"": null, ""attrs"": {}}]","[{""op"": ""area"", ""params"": {""artifact"": 0, ""method"": ""planar"", ""output_unit"": ""km2""}}]",REFUTED,"[{""code"": ""ANGULAR_COORDINATE_AREA"", ""verdict"": ""REFUTED"", ""message"": ""Planar area is computed directly from angular coordinates."", ""step_index"": 0, ""evidence"": {""crs"": ""EPSG:4326""}, ""repair"": ""Use geodesic area or an appropriate projected/equal-area CRS.""}]"
SGX3_DEVELOPMENT_angular_area_003,development,adversarial,angular_area,PROVEN,projected area computation,c0ae83d7b44785fd9c73c000120a94fc797d0622ed7a0200759adfb586616c25,"{""goal"": ""angular_area"", ""required_quantity"": null, ""required_unit"": null, ""decision_time"": null, ""max_resolution_m"": null, ""requires_bare_earth"": false, ""requires_cloud_mask"": false, ""max_uncertainty"": null, ""temporal_tolerance_h"": null, ""required_value_range"": null}","[{""name"": ""flood-polygon"", ""quantity"": ""flood_extent"", ""unit"": null, ""scale"": ""binary"", ""crs"": ""EPSG:6933"", ""resolution_m"": 20, ""temporal_resolution_h"": null, ""processing_level"": null, ""surface_model"": null, ""vertical_datum"": null, ""acquisition_time"": null, ""available_time"": null, ""provenance"": ""authoritative-product"", ""band_role"": null, ""nodata_semantics"": null, ""uncertainty"": null, ""allowed_values"": null, ""observed_min"": null, ""observed_max"": null, ""attrs"": {}}]","[{""op"": ""area"", ""params"": {""artifact"": 0, ""method"": ""planar"", ""output_unit"": ""km2""}}]",PROVEN,[]
SGX3_DEVELOPMENT_angular_area_004,development,atomic,angular_area,REFUTED,square degrees mislabeled as metric area,676f7d2f754d326a1b3143110e8adf7563c52c5c8ea43e978272889c5fa18871,"{""goal"": ""angular_area"", ""required_quantity"": null, ""required_unit"": null, ""decision_time"": null, ""max_resolution_m"": null, ""requires_bare_earth"": false, ""requires_cloud_mask"": false, ""max_uncertainty"": null, ""temporal_tolerance_h"": null, ""required_value_range"": null}","[{""name"": ""flood-polygon"", ""quantity"": ""flood_extent"", ""unit"": null, ""scale"": ""binary"", ""crs"": ""EPSG:4326"", ""resolution_m"": 30, ""temporal_resolution_h"": null, ""processing_level"": null, ""surface_model"": null, ""vertical_datum"": null, ""acquisition_time"": null, ""available_time"": null, ""provenance"": ""authoritative-product"", ""band_role"": null, ""nodata_semantics"": null, ""uncertainty"": null, ""allowed_values"": null, ""observed_min"": null, ""observed_max"": null, ""attrs"": {}}]","[{""op"": ""area"", ""params"": {""artifact"": 0, ""method"": ""planar"", ""output_unit"": ""km2""}}]",REFUTED,"[{""code"": ""ANGULAR_COORDINATE_AREA"", ""verdict"": ""REFUTED"", ""message"": ""Planar area is computed directly from angular coordinates."", ""step_index"": 0, ""evidence"": {""crs"": ""EPSG:4326""}, ""repair"": ""Use geodesic area or an appropriate projected/equal-area CRS.""}]"
SGX3_DEVELOPMENT_angular_area_005,development,adversarial,angular_area,PROVEN,projected area computation,7474d3961391885ebc22157b0b1638fc0d3efb263608a0ebbdf0321d2996465c,"{""goal"": ""angular_area"", ""required_quantity"": null, ""required_unit"": null, ""decision_time"": null, ""max_resolution_m"": null, ""requires_bare_earth"": false, ""requires_cloud_mask"": false, ""max_uncertainty"": null, ""temporal_tolerance_h"": null, ""required_value_range"": null}","[{""name"": ""flood-polygon"", ""quantity"": ""flood_extent"", ""unit"": null, ""scale"": ""binary"", ""crs"": ""EPSG:32644"", ""resolution_m"": 30, ""temporal_resolution_h"": null, ""processing_level"": null, ""surface_model"": null, ""vertical_datum"": null, ""acquisition_time"": null, ""available_time"": null, ""provenance"": ""authoritative-product"", ""band_role"": null, ""nodata_semantics"": null, ""uncertainty"": null, ""allowed_values"": null, ""observed_min"": null, ""observed_max"": null, ""attrs"": {}}]","[{""op"": ""area"", ""params"": {""artifact"": 0, ""method"": ""planar"", ""output_unit"": ""km2""}}]",PROVEN,[]
SGX3_DEVELOPMENT_angular_area_006,development,adversarial,angular_area,PROVEN,projected area computation,2213038fda384839f72a1bb063ab0fb00c87f5ee1adc7ef679bed62907f28335,"{""goal"": ""angular_area"", ""required_quantity"": null, ""required_unit"": null, ""decision_time"": null, ""max_resolution_m"": null, ""requires_bare_earth"": false, ""requires_cloud_mask"": false, ""max_uncertainty"": null, ""temporal_tolerance_h"": null, ""required_value_range"": null}","[{""name"": ""flood-polygon"", ""quantity"": ""flood_extent"", ""unit"": null, ""scale"": ""binary"", ""crs"": ""EPSG:6933"", ""resolution_m"": 30, ""temporal_resolution_h"": null, ""processing_level"": null, ""surface_model"": null, ""vertical_datum"": null, ""acquisition_time"": null, ""available_time"": null, ""provenance"": ""authoritative-product"", ""band_role"": null, ""nodata_semantics"": null, ""uncertainty"": null, ""allowed_values"": null, ""observed_min"": null, ""observed_max"": null, ""attrs"": {}}]","[{""op"": ""area"", ""params"": {""artifact"": 0, ""method"": ""planar"", ""output_unit"": ""km2""}}]",PROVEN,[]
SGX3_DEVELOPMENT_angular_area_007,development,adversarial,angular_area,PROVEN,projected area computation,a9fd198db461368f05f9d605a1bfa1e2ef9fe9ea78f0b03c4456ab70e25f03ba,"{""goal"": ""angular_area"", ""required_quantity"": null, ""required_unit"": null, ""decision_time"": null, ""max_resolution_m"": null, ""requires_bare_earth"": false, ""requires_cloud_mask"": false, ""max_uncertainty"": null, ""temporal_tolerance_h"": null, ""required_value_range"": null}","[{""name"": ""flood-polygon"", ""quantity"": ""flood_extent"", ""unit"": null, ""scale"": ""binary"", ""crs"": ""EPSG:32644"", ""resolution_m"": 20, ""temporal_resolution_h"": null, ""processing_level"": null, ""surface_model"": null, ""vertical_datum"": null, ""acquisition_time"": null, ""available_time"": null, ""provenance"": ""authoritative-product"", ""band_role"": null, ""nodata_semantics"": null, ""uncertainty"": null, ""allowed_values"": null, ""observed_min"": null, ""observed_max"": null, ""attrs"": {}}]","[{""op"": ""area"", ""params"": {""artifact"": 0, ""method"": ""planar"", ""output_unit"": ""km2""}}]",PROVEN,[]
SGX3_DEVELOPMENT_angular_area_008,development,atomic,angular_area,PROVEN,projected area computation,99aa7938f9777fd2a9d74b03a73a0848330ecc69f6a271b6f6b4d10b36928a3f,"{""goal"": ""angular_area"", ""required_quantity"": null, ""required_unit"": null, ""decision_time"": null, ""max_resolution_m"": null, ""requires_bare_earth"": false, ""requires_cloud_mask"": false, ""max_uncertainty"": null, ""temporal_tolerance_h"": null, ""required_value_range"": null}","[{""name"": ""flood-polygon"", ""quantity"": ""flood_extent"", ""unit"": null, ""scale"": ""binary"", ""crs"": ""EPSG:32644"", ""resolution_m"": 10, ""temporal_resolution_h"": null, ""processing_level"": null, ""surface_model"": null, ""vertical_datum"": null, ""acquisition_time"": null, ""available_time"": null, ""provenance"": ""authoritative-product"", ""band_role"": null, ""nodata_semantics"": null, ""uncertainty"": null, ""allowed_values"": null, ""observed_min"": null, ""observed_max"": null, ""attrs"": {}}]","[{""op"": ""area"", ""params"": {""artifact"": 0, ""method"": ""planar"", ""output_unit"": ""km2""}}]",PROVEN,[]
SGX3_DEVELOPMENT_angular_area_009,development,adversarial,angular_area,PROVEN,projected area computation,c0575fd9d5abe9810db7f25c3666b338ae7e3059cb02b3455268bc0686e151fd,"{""goal"": ""angular_area"", ""required_quantity"": null, ""required_unit"": null, ""decision_time"": null, ""max_resolution_m"": null, ""requires_bare_earth"": false, ""requires_cloud_mask"": false, ""max_uncertainty"": null, ""temporal_tolerance_h"": null, ""required_value_range"": null}","[{""name"": ""flood-polygon"", ""quantity"": ""flood_extent"", ""unit"": null, ""scale"": ""binary"", ""crs"": ""EPSG:32643"", ""resolution_m"": 30, ""temporal_resolution_h"": null, ""processing_level"": null, ""surface_model"": null, ""vertical_datum"": null, ""acquisition_time"": null, ""available_time"": null, ""provenance"": ""authoritative-product"", ""band_role"": null, ""nodata_semantics"": null, ""uncertainty"": null, ""allowed_values"": null, ""observed_min"": null, ""observed_max"": null, ""attrs"": {}}]","[{""op"": ""area"", ""params"": {""artifact"": 0, ""method"": ""planar"", ""output_unit"": ""km2""}}]",PROVEN,[]
SGX3_DEVELOPMENT_angular_area_010,development,atomic,angular_area,PROVEN,projected area computation,1ce41dfdeb8005e42cee477be54ed8669d5171fca27236662b440f05b0d1263b,"{""goal"": ""angular_area"", ""required_quantity"": null, ""required_unit"": null, ""decision_time"": null, ""max_resolution_m"": null, ""requires_bare_earth"": false, ""requires_cloud_mask"": false, ""max_uncertainty"": null, ""temporal_tolerance_h"": null, ""required_value_range"": null}","[{""name"": ""flood-polygon"", ""quantity"": ""flood_extent"", ""unit"": null, ""scale"": ""binary"", ""crs"": ""EPSG:32643"", ""resolution_m"": 10, ""temporal_resolution_h"": null, ""processing_level"": null, ""surface_model"": null, ""vertical_datum"": null, ""acquisition_time"": null, ""available_time"": null, ""provenance"": ""authoritative-product"", ""band_role"": null, ""nodata_semantics"": null, ""uncertainty"": null, ""allowed_values"": null, ""observed_min"": null, ""observed_max"": null, ""attrs"": {}}]","[{""op"": ""area"", ""params"": {""artifact"": 0, ""method"": ""planar"", ""output_unit"": ""km2""}}]",PROVEN,[]
SGX3_DEVELOPMENT_angular_area_011,development,compositional,angular_area,PROVEN,projected area computation,c629f0da589ae3787763a54243b47e09a746ca358664d7b1a087dbab65f554b9,"{""goal"": ""angular_area"", ""required_quantity"": null, ""required_unit"": null, ""decision_time"": null, ""max_resolution_m"": null, ""requires_bare_earth"": false, ""requires_cloud_mask"": false, ""max_uncertainty"": null, ""temporal_tolerance_h"": null, ""required_value_range"": null}","[{""name"": ""flood-polygon"", ""quantity"": ""flood_extent"", ""unit"": null, ""scale"": ""binary"", ""crs"": ""EPSG:32643"", ""resolution_m"": 20, ""temporal_resolution_h"": null, ""processing_level"": null, ""surface_model"": null, ""vertical_datum"": null, ""acquisition_time"": null, ""available_time"": null, ""provenance"": ""authoritative-product"", ""band_role"": null, ""nodata_semantics"": null, ""uncertainty"": null, ""allowed_values"": null, ""observed_min"": null, ""observed_max"": null, ""attrs"": {}}]","[{""op"": ""area"", ""params"": {""artifact"": 0, ""method"": ""planar"", ""output_unit"": ""km2""}}]",PROVEN,[]
SGX3_DEVELOPMENT_spectral_role_000,development,atomic,spectral_role,REFUTED,wrong spectral role,08bb415c1e88c278994f992212a31b598e58abfdd31e350138ccd3fd675fe7e3,"{""goal"": ""spectral_role"", ""required_quantity"": null, ""required_unit"": null, ""decision_time"": null, ""max_resolution_m"": null, ""requires_bare_earth"": false, ""requires_cloud_mask"": false, ""max_uncertainty"": null, ""temporal_tolerance_h"": null, ""required_value_range"": null}","[{""name"": ""red"", ""quantity"": ""reflectance"", ""unit"": null, ""scale"": ""continuous"", ""crs"": ""EPSG:32643"", ""resolution_m"": 10, ""temporal_resolution_h"": null, ""processing_level"": ""L2A"", ""surface_model"": null, ""vertical_datum"": null, ""acquisition_time"": null, ""available_time"": null, ""provenance"": ""authoritative-product"", ""band_role"": ""red"", ""nodata_semantics"": null, ""uncertainty"": null, ""allowed_values"": null, ""observed_min"": null, ""observed_max"": null, ""attrs"": {}}, {""name"": ""other"", ""quantity"": ""reflectance"", ""unit"": null, ""scale"": ""continuous"", ""crs"": ""EPSG:32643"", ""resolution_m"": 10, ""temporal_resolution_h"": null, ""processing_level"": ""L2A"", ""surface_model"": null, ""vertical_datum"": null, ""acquisition_time"": null, ""available_time"": null, ""provenance"": ""authoritative-product"", ""band_role"": ""rededge"", ""nodata_semantics"": null, ""uncertainty"": null, ""allowed_values"": null, ""observed_min"": null, ""observed_max"": null, ""attrs"": {}}]","[{""op"": ""spectral_index"", ""params"": {""red_artifact"": 0, ""other_artifact"": 1, ""expected_other_role"": ""nir"", ""explicit_alignment"": true}}]",REFUTED,"[{""code"": ""SPECTRAL_ROLE_MISMATCH"", ""verdict"": ""REFUTED"", ""message"": ""nir role required; got rededge."", ""step_index"": 0, ""evidence"": {}, ""repair"": null}]"
SGX3_DEVELOPMENT_spectral_role_001,development,atomic,spectral_role,REFUTED,wrong spectral role,40e5d91e3d2ad5462b0b637b05d9329f581257fc9931e7ffee3184c9c9cf1d52,"{""goal"": ""spectral_role"", ""required_quantity"": null, ""required_unit"": null, ""decision_time"": null, ""max_resolution_m"": null, ""requires_bare_earth"": false, ""requires_cloud_mask"": false, ""max_uncertainty"": null, ""temporal_tolerance_h"": null, ""required_value_range"": null}","[{""name"": ""red"", ""quantity"": ""reflectance"", ""unit"": null, ""scale"": ""continuous"", ""crs"": ""EPSG:32643"", ""resolution_m"": 10, ""temporal_resolution_h"": null, ""processing_level"": ""L2A"", ""surface_model"": null, ""vertical_datum"": null, ""acquisition_time"": null, ""available_time"": null, ""provenance"": ""authoritative-product"", ""band_role"": ""red"", ""nodata_semantics"": null, ""uncertainty"": null, ""allowed_values"": null, ""observed_min"": null, ""observed_max"": null, ""attrs"": {}}, {""name"": ""other"", ""quantity"": ""reflectance"", ""unit"": null, ""scale"": ""continuous"", ""crs"": ""EPSG:32643"", ""resolution_m"": 10, ""temporal_resolution_h"": null, ""processing_level"": ""L2A"", ""surface_model"": null, ""vertical_datum"": null, ""acquisition_time"": null, ""available_time"": null, ""provenance"": ""authoritative-product"", ""band_role"": ""swir16"", ""nodata_semantics"": null, ""uncertainty"": null, ""allowed_values"": null, ""observed_min"": null, ""observed_max"": null, ""attrs"": {}}]","[{""op"": ""spectral_index"", ""params"": {""red_artifact"": 0, ""other_artifact"": 1, ""expected_other_role"": ""nir"", ""explicit_alignment"": true}}]",REFUTED,"[{""code"": ""SPECTRAL_ROLE_MISMATCH"", ""verdict"": ""REFUTED"", ""message"": ""nir role required; got swir16."", ""step_index"": 0, ""evidence"": {}, ""repair"": null}]"
SGX3_DEVELOPMENT_spectral_role_002,development,adversarial,spectral_role,PROVEN,correct spectral operands,0e0fbc2bcfea01c994d409141c680ba0ad8c626fe7aafb0268717d8facdc2fbb,"{""goal"": ""spectral_role"", ""required_quantity"": null, ""required_unit"": null, ""decision_time"": null, ""max_resolution_m"": null, ""requires_bare_earth"": false, ""requires_cloud_mask"": false, ""max_uncertainty"": null, ""temporal_tolerance_h"": null, ""required_value_range"": null}","[{""name"": ""red"", ""quantity"": ""reflectance"", ""unit"": null, ""scale"": ""continuous"", ""crs"": ""EPSG:32643"", ""resolution_m"": 10, ""temporal_resolution_h"": null, ""processing_level"": ""L2A"", ""surface_model"": null, ""vertical_datum"": null, ""acquisition_time"": null, ""available_time"": null, ""provenance"": ""authoritative-product"", ""band_role"": ""red"", ""nodata_semantics"": null, ""uncertainty"": null, ""allowed_values"": null, ""observed_min"": null, ""observed_max"": null, ""attrs"": {}}, {""name"": ""other"", ""quantity"": ""reflectance"", ""unit"": null, ""scale"": ""continuous"", ""crs"": ""EPSG:32643"", ""resolution_m"": 10, ""temporal_resolution_h"": null, ""processing_level"": ""L2A"", ""surface_model"": null, ""vertical_datum"": null, ""acquisition_time"": null, ""available_time"": null, ""provenance"": ""authoritative-product"", ""band_role"": ""nir"", ""nodata_semantics"": null, ""uncertainty"": null, ""allowed_values"": null, ""observed_min"": null, ""observed_max"": null, ""attrs"": {}}]","[{""op"": ""spectral_index"", ""params"": {""red_artifact"": 0, ""other_artifact"": 1, ""expected_other_role"": ""nir"", ""explicit_alignment"": true}}]",PROVEN,[]
SGX3_DEVELOPMENT_spectral_role_003,development,atomic,spectral_role,REFUTED,wrong spectral role,04ece08596687f5fe5faec0a9e7657a37f97e4e52ae426e19ce6a97d7d5eb562,"{""goal"": ""spectral_role"", ""required_quantity"": null, ""required_unit"": null, ""decision_time"": null, ""max_resolution_m"": null, ""requires_bare_earth"": false, ""requires_cloud_mask"": false, ""max_uncertainty"": null, ""temporal_tolerance_h"": null, ""required_value_range"": null}","[{""name"": ""red"", ""quantity"": ""reflectance"", ""unit"": null, ""scale"": ""continuous"", ""crs"": ""EPSG:32643"", ""resolution_m"": 10, ""temporal_resolution_h"": null, ""processing_level"": ""L2A"", ""surface_model"": null, ""vertical_datum"": null, ""acquisition_time"": null, ""available_time"": null, ""provenance"": ""authoritative-product"", ""band_role"": ""red"", ""nodata_semantics"": null, ""uncertainty"": null, ""allowed_values"": null, ""observed_min"": null, ""observed_max"": null, ""attrs"": {}}, {""name"": ""other"", ""quantity"": ""reflectance"", ""unit"": null, ""scale"": ""continuous"", ""crs"": ""EPSG:32643"", ""resolution_m"": 10, ""temporal_resolution_h"": null, ""processing_level"": ""L2A"", ""surface_model"": null, ""vertical_datum"": null, ""acquisition_time"": null, ""available_time"": null, ""provenance"": ""authoritative-product"", ""band_role"": ""green"", ""nodata_semantics"": null, ""uncertainty"": null, ""allowed_values"": null, ""observed_min"": null, ""observed_max"": null, ""attrs"": {}}]","[{""op"": ""spectral_index"", ""params"": {""red_artifact"": 0, ""other_artifact"": 1, ""expected_other_role"": ""nir"", ""explicit_alignment"": true}}]",REFUTED,"[{""code"": ""SPECTRAL_ROLE_MISMATCH"", ""verdict"": ""REFUTED"", ""message"": ""nir role required; got green."", ""step_index"": 0, ""evidence"": {}, ""repair"": null}]"
SGX3_DEVELOPMENT_band_grid_mismatch_000,development,compositional,band_grid_mismatch,REFUTED,mixed grids without alignment,91a55bf643f52d9b24250bd50d8b69163b977342b95b81839f55dc50fdbb8999,"{""goal"": ""band_grid_mismatch"", ""required_quantity"": null, ""required_unit"": null, ""decision_time"": null, ""max_resolution_m"": null, ""requires_bare_earth"": false, ""requires_cloud_mask"": false, ""max_uncertainty"": null, ""temporal_tolerance_h"": null, ""required_value_range"": null}","[{""name"": ""red"", ""quantity"": ""reflectance"", ""unit"": null, ""scale"": ""continuous"", ""crs"": ""EPSG:32643"", ""resolution_m"": 10, ""temporal_resolution_h"": null, ""processing_level"": ""L2A"", ""surface_model"": null, ""vertical_datum"": null, ""acquisition_time"": null, ""available_time"": null, ""provenance"": ""authoritative-product"", ""band_role"": ""red"", ""nodata_semantics"": null, ""uncertainty"": null, ""allowed_values"": null, ""observed_min"": null, ""observed_max"": null, ""attrs"": {}}, {""name"": ""other"", ""quantity"": ""reflectance"", ""unit"": null, ""scale"": ""continuous"", ""crs"": ""EPSG:32643"", ""resolution_m"": 20, ""temporal_resolution_h"": null, ""processing_level"": ""L2A"", ""surface_model"": null, ""vertical_datum"": null, ""acquisition_time"": null, ""available_time"": null, ""provenance"": ""authoritative-product"", ""band_role"": ""nir"", ""nodata_semantics"": null, ""uncertainty"": null, ""allowed_values"": null, ""observed_min"": null, ""observed_max"": null, ""attrs"": {}}]","[{""op"": ""spectral_index"", ""params"": {""red_artifact"": 0, ""other_artifact"": 1, ""expected_other_role"": ""nir"", ""explicit_alignment"": false}}]",REFUTED,"[{""code"": ""BAND_GRID_MISMATCH"", ""verdict"": ""REFUTED"", ""message"": ""Spectral operands have different native resolutions without explicit alignment."", ""step_index"": 0, ""evidence"": {""red_m"": 10, ""other_m"": 20}, ""repair"": null}]"
SGX3_DEVELOPMENT_band_grid_mismatch_001,development,compositional,band_grid_mismatch,PROVEN,correct spectral operands,5c5f6e485cae24f0088724fcaf02a41a82d3f78f8eb127a3b6df812187646a17,"{""goal"": ""band_grid_mismatch"", ""required_quantity"": null, ""required_unit"": null, ""decision_time"": null, ""max_resolution_m"": null, ""requires_bare_earth"": false, ""requires_cloud_mask"": false, ""max_uncertainty"": null, ""temporal_tolerance_h"": null, ""required_value_range"": null}","[{""name"": ""red"", ""quantity"": ""reflectance"", ""unit"": null, ""scale"": ""continuous"", ""crs"": ""EPSG:32643"", ""resolution_m"": 10, ""temporal_resolution_h"": null, ""processing_level"": ""L2A"", ""surface_model"": null, ""vertical_datum"": null, ""acquisition_time"": null, ""available_time"": null, ""provenance"": ""authoritative-product"", ""band_role"": ""red"", ""nodata_semantics"": null, ""uncertainty"": null, ""allowed_values"": null, ""observed_min"": null, ""observed_max"": null, ""attrs"": {}}, {""name"": ""other"", ""quantity"": ""reflectance"", ""unit"": null, ""scale"": ""continuous"", ""crs"": ""EPSG:32643"", ""resolution_m"": 10, ""temporal_resolution_h"": null, ""processing_level"": ""L2A"", ""surface_model"": null, ""vertical_datum"": null, ""acquisition_time"": null, ""available_time"": null, ""provenance"": ""authoritative-product"", ""band_role"": ""nir"", ""nodata_semantics"": null, ""uncertainty"": null, ""allowed_values"": null, ""observed_min"": null, ""observed_max"": null, ""attrs"": {}}]","[{""op"": ""spectral_index"", ""params"": {""red_artifact"": 0, ""other_artifact"": 1, ""expected_other_role"": ""nir"", ""explicit_alignment"": true}}]",PROVEN,[]
SGX3_DEVELOPMENT_band_grid_mismatch_002,development,adversarial,band_grid_mismatch,REFUTED,mixed grids without alignment,062c0d7d12c3371da4c548d14fc5fdfd086b3c5d8be2b1a0add471c951303384,"{""goal"": ""band_grid_mismatch"", ""required_quantity"": null, ""required_unit"": null, ""decision_time"": null, ""max_resolution_m"": null, ""requires_bare_earth"": false, ""requires_cloud_mask"": false, ""max_uncertainty"": null, ""temporal_tolerance_h"": null, ""required_value_range"": null}","[{""name"": ""red"", ""quantity"": ""reflectance"", ""unit"": null, ""scale"": ""continuous"", ""crs"": ""EPSG:32643"", ""resolution_m"": 10, ""temporal_resolution_h"": null, ""processing_level"": ""L2A"", ""surface_model"": null, ""vertical_datum"": null, ""acquisition_time"": null, ""available_time"": null, ""provenance"": ""authoritative-product"", ""band_role"": ""red"", ""nodata_semantics"": null, ""uncertainty"": null, ""allowed_values"": null, ""observed_min"": null, ""observed_max"": null, ""attrs"": {}}, {""name"": ""other"", ""quantity"": ""reflectance"", ""unit"": null, ""scale"": ""continuous"", ""crs"": ""EPSG:32643"", ""resolution_m"": 60, ""temporal_resolution_h"": null, ""processing_level"": ""L2A"", ""surface_model"": null, ""vertical_datum"": null, ""acquisition_time"": null, ""available_time"": null, ""provenance"": ""authoritative-product"", ""band_role"": ""nir"", ""nodata_semantics"": null, ""uncertainty"": null, ""allowed_values"": null, ""observed_min"": null, ""observed_max"": null, ""attrs"": {}}]","[{""op"": ""spectral_index"", ""params"": {""red_artifact"": 0, ""other_artifact"": 1, ""expected_other_role"": ""nir"", ""explicit_alignment"": false}}]",REFUTED,"[{""code"": ""BAND_GRID_MISMATCH"", ""verdict"": ""REFUTED"", ""message"": ""Spectral operands have different native resolutions without explicit alignment."", ""step_index"": 0, ""evidence"": {""red_m"": 10, ""other_m"": 60}, ""repair"": null}]"
SGX3_DEVELOPMENT_cloud_mask_missing_000,development,compositional,cloud_mask_missing,PROVEN,cloud mask recorded,3781985ea24a9131689869ab66c176e536a7bced711c9454e0567b0af8377b2b,"{""goal"": ""cloud_mask_missing"", ""required_quantity"": null, ""required_unit"": null, ""decision_time"": null, ""max_resolution_m"": null, ""requires_bare_earth"": false, ""requires_cloud_mask"": false, ""max_uncertainty"": null, ""temporal_tolerance_h"": null, ""required_value_range"": null}","[{""name"": ""S2-L2A"", ""quantity"": ""surface_reflectance"", ""unit"": null, ""scale"": ""continuous"", ""crs"": ""EPSG:32643"", ""resolution_m"": 10.0, ""temporal_resolution_h"": null, ""processing_level"": ""L2A"", ""surface_model"": null, ""vertical_datum"": null, ""acquisition_time"": null, ""available_time"": null, ""provenance"": ""authoritative-product"", ""band_role"": ""red"", ""nodata_semantics"": null, ""uncertainty"": null, ""allowed_values"": null, ""observed_min"": null, ""observed_max"": null, ""attrs"": {""cloud_mask_applied"": true}}]","[{""op"": ""require_cloud_mask"", ""params"": {""artifact"": 0}}]",PROVEN,[]
SGX3_DEVELOPMENT_cloud_mask_missing_001,development,atomic,cloud_mask_missing,REFUTED,cloud-sensitive analysis lacks cloud mask,ee884af106f422686aa0d039ea278dc3147462470f63b2dbe432242b8dcfbd9d,"{""goal"": ""cloud_mask_missing"", ""required_quantity"": null, ""required_unit"": null, ""decision_time"": null, ""max_resolution_m"": null, ""requires_bare_earth"": false, ""requires_cloud_mask"": false, ""max_uncertainty"": null, ""temporal_tolerance_h"": null, ""required_value_range"": null}","[{""name"": ""S2-L2A"", ""quantity"": ""surface_reflectance"", ""unit"": null, ""scale"": ""continuous"", ""crs"": ""EPSG:32643"", ""resolution_m"": 10.0, ""temporal_resolution_h"": null, ""processing_level"": ""L2A"", ""surface_model"": null, ""vertical_datum"": null, ""acquisition_time"": null, ""available_time"": null, ""provenance"": ""authoritative-product"", ""band_role"": ""red"", ""nodata_semantics"": null, ""uncertainty"": null, ""allowed_values"": null, ""observed_min"": null, ""observed_max"": null, ""attrs"": {""cloud_mask_applied"": false}}]","[{""op"": ""require_cloud_mask"", ""params"": {""artifact"": 0}}]",REFUTED,"[{""code"": ""CLOUD_MASK_MISSING"", ""verdict"": ""REFUTED"", ""message"": ""Cloud-sensitive analysis has no recorded cloud mask."", ""step_index"": 0, ""evidence"": {}, ""repair"": null}]"
SGX3_DEVELOPMENT_processing_level_000,development,compositional,processing_level,REFUTED,wrong processing level,b460791ff66715826a2864988fb5213a76931f75fd1d292de4fbfb7a0fc5a863,"{""goal"": ""processing_level"", ""required_quantity"": null, ""required_unit"": null, ""decision_time"": null, ""max_resolution_m"": null, ""requires_bare_earth"": false, ""requires_cloud_mask"": false, ""max_uncertainty"": null, ""temporal_tolerance_h"": null, ""required_value_range"": null}","[{""name"": ""optical"", ""quantity"": ""reflectance"", ""unit"": null, ""scale"": ""continuous"", ""crs"": ""EPSG:32643"", ""resolution_m"": 10.0, ""temporal_resolution_h"": null, ""processing_level"": ""L1C"", ""surface_model"": null, ""vertical_datum"": null, ""acquisition_time"": null, ""available_time"": null, ""provenance"": ""authoritative-product"", ""band_role"": ""red"", ""nodata_semantics"": null, ""uncertainty"": null, ""allowed_values"": null, ""observed_min"": null, ""observed_max"": null, ""attrs"": {}}]","[{""op"": ""require_surface_reflectance"", ""params"": {""artifact"": 0}}]",REFUTED,"[{""code"": ""PROCESSING_LEVEL_MISMATCH"", ""verdict"": ""REFUTED"", ""message"": ""Surface reflectance required; got L1C."", ""step_index"": 0, ""evidence"": {}, ""repair"": null}]"
SGX3_DEVELOPMENT_processing_level_001,development,compositional,processing_level,REFUTED,wrong processing level,7f23d4af8c52937c10345cebf0c0714a1349db89270cccd35dbb0cb3632cc73d,"{""goal"": ""processing_level"", ""required_quantity"": null, ""required_unit"": null, ""decision_time"": null, ""max_resolution_m"": null, ""requires_bare_earth"": false, ""requires_cloud_mask"": false, ""max_uncertainty"": null, ""temporal_tolerance_h"": null, ""required_value_range"": null}","[{""name"": ""optical"", ""quantity"": ""reflectance"", ""unit"": null, ""scale"": ""continuous"", ""crs"": ""EPSG:32643"", ""resolution_m"": 10.0, ""temporal_resolution_h"": null, ""processing_level"": ""raw_DN"", ""surface_model"": null, ""vertical_datum"": null, ""acquisition_time"": null, ""available_time"": null, ""provenance"": ""authoritative-product"", ""band_role"": ""red"", ""nodata_semantics"": null, ""uncertainty"": null, ""allowed_values"": null, ""observed_min"": null, ""observed_max"": null, ""attrs"": {}}]","[{""op"": ""require_surface_reflectance"", ""params"": {""artifact"": 0}}]",REFUTED,"[{""code"": ""PROCESSING_LEVEL_MISMATCH"", ""verdict"": ""REFUTED"", ""message"": ""Surface reflectance required; got raw_DN."", ""step_index"": 0, ""evidence"": {}, ""repair"": null}]"
SGX3_DEVELOPMENT_processing_level_002,development,atomic,processing_level,PROVEN,surface reflectance supplied,7eec3c49613f4b5ebff07768b744147379dd3c87f61008b651d080ad1e6e613c,"{""goal"": ""processing_level"", ""required_quantity"": null, ""required_unit"": null, ""decision_time"": null, ""max_resolution_m"": null, ""requires_bare_earth"": false, ""requires_cloud_mask"": false, ""max_uncertainty"": null, ""temporal_tolerance_h"": null, ""required_value_range"": null}","[{""name"": ""optical"", ""quantity"": ""reflectance"", ""unit"": null, ""scale"": ""continuous"", ""crs"": ""EPSG:32643"", ""resolution_m"": 10.0, ""temporal_resolution_h"": null, ""processing_level"": ""L2A"", ""surface_model"": null, ""vertical_datum"": null, ""acquisition_time"": null, ""available_time"": null, ""provenance"": ""authoritative-product"", ""band_role"": ""red"", ""nodata_semantics"": null, ""uncertainty"": null, ""allowed_values"": null, ""observed_min"": null, ""observed_max"": null, ""attrs"": {}}]","[{""op"": ""require_surface_reflectance"", ""params"": {""artifact"": 0}}]",PROVEN,[]
SGX3_DEVELOPMENT_processing_level_003,development,compositional,processing_level,REFUTED,wrong processing level,ad764c456172d18da9d13f92dcfe4783e2e4b88155a51fd4a98230803be5a960,"{""goal"": ""processing_level"", ""required_quantity"": null, ""required_unit"": null, ""decision_time"": null, ""max_resolution_m"": null, ""requires_bare_earth"": false, ""requires_cloud_mask"": false, ""max_uncertainty"": null, ""temporal_tolerance_h"": null, ""required_value_range"": null}","[{""name"": ""optical"", ""quantity"": ""reflectance"", ""unit"": null, ""scale"": ""continuous"", ""crs"": ""EPSG:32643"", ""resolution_m"": 10.0, ""temporal_resolution_h"": null, ""processing_level"": ""TOA"", ""surface_model"": null, ""vertical_datum"": null, ""acquisition_time"": null, ""available_time"": null, ""provenance"": ""authoritative-product"", ""band_role"": ""red"", ""nodata_semantics"": null, ""uncertainty"": null, ""allowed_values"": null, ""observed_min"": null, ""observed_max"": null, ""attrs"": {}}]","[{""op"": ""require_surface_reflectance"", ""params"": {""artifact"": 0}}]",REFUTED,"[{""code"": ""PROCESSING_LEVEL_MISMATCH"", ""verdict"": ""REFUTED"", ""message"": ""Surface reflectance required; got TOA."", ""step_index"": 0, ""evidence"": {}, ""repair"": null}]"
SGX3_DEVELOPMENT_DSM_as_DTM_000,development,compositional,DSM_as_DTM,PROVEN,bare-earth DTM,2cfce52dd2e5a7866bcac5b50cd6198708100f47168937707b6c0343af5dd38f,"{""goal"": ""DSM_as_DTM"", ""required_quantity"": null, ""required_unit"": null, ""decision_time"": null, ""max_resolution_m"": null, ""requires_bare_earth"": false, ""requires_cloud_mask"": false, ""max_uncertainty"": null, ""temporal_tolerance_h"": null, ""required_value_range"": null}","[{""name"": ""terrain"", ""quantity"": ""elevation"", ""unit"": ""m"", ""scale"": ""continuous"", ""crs"": ""EPSG:32643"", ""resolution_m"": 30, ""temporal_resolution_h"": null, ""processing_level"": null, ""surface_model"": ""DTM"", ""vertical_datum"": ""EGM2008"", ""acquisition_time"": null, ""available_time"": null, ""provenance"": ""authoritative-product"", ""band_role"": null, ""nodata_semantics"": null, ""uncertainty"": null, ""allowed_values"": null, ""observed_min"": null, ""observed_max"": null, ""attrs"": {}}]","[{""op"": ""require_bare_earth"", ""params"": {""artifact"": 0}}]",PROVEN,[]
SGX3_DEVELOPMENT_DSM_as_DTM_001,development,atomic,DSM_as_DTM,REFUTED,surface model used as bare earth,b547c5d402dafb155e83c611d15179fb7d562b28593b2a5bf8f39dba2a235296,"{""goal"": ""DSM_as_DTM"", ""required_quantity"": null, ""required_unit"": null, ""decision_time"": null, ""max_resolution_m"": null, ""requires_bare_earth"": false, ""requires_cloud_mask"": false, ""max_uncertainty"": null, ""temporal_tolerance_h"": null, ""required_value_range"": null}","[{""name"": ""terrain"", ""quantity"": ""elevation"", ""unit"": ""m"", ""scale"": ""continuous"", ""crs"": ""EPSG:32643"", ""resolution_m"": 30, ""temporal_resolution_h"": null, ""processing_level"": null, ""surface_model"": ""DSM"", ""vertical_datum"": ""EGM2008"", ""acquisition_time"": null, ""available_time"": null, ""provenance"": ""authoritative-product"", ""band_role"": null, ""nodata_semantics"": null, ""uncertainty"": null, ""allowed_values"": null, ""observed_min"": null, ""observed_max"": null, ""attrs"": {}}]","[{""op"": ""require_bare_earth"", ""params"": {""artifact"": 0}}]",REFUTED,"[{""code"": ""DSM_USED_AS_DTM"", ""verdict"": ""REFUTED"", ""message"": ""Bare-earth analysis is requested from a DSM."", ""step_index"": 0, ""evidence"": {}, ""repair"": null}]"
SGX3_DEVELOPMENT_future_information_000,development,atomic,future_information,PROVEN,pre-decision feature,258a9401492f4d0283afcf3110595a535619015be2b6c71b045f3691bc3388bf,"{""goal"": ""flood forecast"", ""required_quantity"": null, ""required_unit"": null, ""decision_time"": ""2024-08-01T12:00:00+00:00"", ""max_resolution_m"": null, ""requires_bare_earth"": false, ""requires_cloud_mask"": false, ""max_uncertainty"": null, ""temporal_tolerance_h"": null, ""required_value_range"": null}","[{""name"": ""rain-feature"", ""quantity"": ""rainfall"", ""unit"": ""mm"", ""scale"": ""continuous"", ""crs"": ""EPSG:32643"", ""resolution_m"": 10.0, ""temporal_resolution_h"": null, ""processing_level"": null, ""surface_model"": null, ""vertical_datum"": null, ""acquisition_time"": null, ""available_time"": ""2024-08-01T06:00:00+00:00"", ""provenance"": ""authoritative-product"", ""band_role"": null, ""nodata_semantics"": null, ""uncertainty"": null, ""allowed_values"": null, ""observed_min"": null, ""observed_max"": null, ""attrs"": {}}]","[{""op"": ""predict"", ""params"": {""features"": [0]}}]",PROVEN,[]
SGX3_DEVELOPMENT_future_information_001,development,atomic,future_information,REFUTED,future feature leakage,e13856953b293f6c16e27396e7300a06bbebb644d773f24489d68652a8719853,"{""goal"": ""flood forecast"", ""required_quantity"": null, ""required_unit"": null, ""decision_time"": ""2024-08-01T12:00:00+00:00"", ""max_resolution_m"": null, ""requires_bare_earth"": false, ""requires_cloud_mask"": false, ""max_uncertainty"": null, ""temporal_tolerance_h"": null, ""required_value_range"": null}","[{""name"": ""rain-feature"", ""quantity"": ""rainfall"", ""unit"": ""mm"", ""scale"": ""continuous"", ""crs"": ""EPSG:32643"", ""resolution_m"": 10.0, ""temporal_resolution_h"": null, ""processing_level"": null, ""surface_model"": null, ""vertical_datum"": null, ""acquisition_time"": null, ""available_time"": ""2024-08-01T13:00:00+00:00"", ""provenance"": ""authoritative-product"", ""band_role"": null, ""nodata_semantics"": null, ""uncertainty"": null, ""allowed_values"": null, ""observed_min"": null, ""observed_max"": null, ""attrs"": {}}]","[{""op"": ""predict"", ""params"": {""features"": [0]}}]",REFUTED,"[{""code"": ""FUTURE_INFORMATION"", ""verdict"": ""REFUTED"", ""message"": ""A model feature becomes available after the decision time."", ""step_index"": 0, ""evidence"": {""artifact"": 0, ""feature_time"": ""2024-08-01 13:00:00+00:00"", ""decision_time"": ""2024-08-01 12:00:00+00:00""}, ""repair"": null}]"
SGX3_DEVELOPMENT_future_information_002,development,compositional,future_information,PROVEN,pre-decision feature,27da7ae42eecd4eabb42ef4e36fd677df17a93e42c6210ff115955b42671d2d9,"{""goal"": ""flood forecast"", ""required_quantity"": null, ""required_unit"": null, ""decision_time"": ""2024-08-01T12:00:00+00:00"", ""max_resolution_m"": null, ""requires_bare_earth"": false, ""requires_cloud_mask"": false, ""max_uncertainty"": null, ""temporal_tolerance_h"": null, ""required_value_range"": null}","[{""name"": ""rain-feature"", ""quantity"": ""rainfall"", ""unit"": ""mm"", ""scale"": ""continuous"", ""crs"": ""EPSG:32643"", ""resolution_m"": 10.0, ""temporal_resolution_h"": null, ""processing_level"": null, ""surface_model"": null, ""vertical_datum"": null, ""acquisition_time"": null, ""available_time"": ""2024-08-01T00:00:00+00:00"", ""provenance"": ""authoritative-product"", ""band_role"": null, ""nodata_semantics"": null, ""uncertainty"": null, ""allowed_values"": null, ""observed_min"": null, ""observed_max"": null, ""attrs"": {}}]","[{""op"": ""predict"", ""params"": {""features"": [0]}}]",PROVEN,[]
SGX3_DEVELOPMENT_future_information_003,development,compositional,future_information,REFUTED,future feature leakage,b201cf0d001d006b67ad39c79e9be560805df7a39936b7e7434a51c418c9e69d,"{""goal"": ""flood forecast"", ""required_quantity"": null, ""required_unit"": null, ""decision_time"": ""2024-08-01T12:00:00+00:00"", ""max_resolution_m"": null, ""requires_bare_earth"": false, ""requires_cloud_mask"": false, ""max_uncertainty"": null, ""temporal_tolerance_h"": null, ""required_value_range"": null}","[{""name"": ""rain-feature"", ""quantity"": ""rainfall"", ""unit"": ""mm"", ""scale"": ""continuous"", ""crs"": ""EPSG:32643"", ""resolution_m"": 10.0, ""temporal_resolution_h"": null, ""processing_level"": null, ""surface_model"": null, ""vertical_datum"": null, ""acquisition_time"": null, ""available_time"": ""2024-08-02T00:00:00+00:00"", ""provenance"": ""authoritative-product"", ""band_role"": null, ""nodata_semantics"": null, ""uncertainty"": null, ""allowed_values"": null, ""observed_min"": null, ""observed_max"": null, ""attrs"": {}}]","[{""op"": ""predict"", ""params"": {""features"": [0]}}]",REFUTED,"[{""code"": ""FUTURE_INFORMATION"", ""verdict"": ""REFUTED"", ""message"": ""A model feature becomes available after the decision time."", ""step_index"": 0, ""evidence"": {""artifact"": 0, ""feature_time"": ""2024-08-02 00:00:00+00:00"", ""decision_time"": ""2024-08-01 12:00:00+00:00""}, ""repair"": null}]"
SGX3_DEVELOPMENT_future_information_004,development,adversarial,future_information,PROVEN,pre-decision feature,1c6c8c23cf261e44e58026906adf0f1a3902fdcf497d8f3dc91907d329a601f9,"{""goal"": ""flood forecast"", ""required_quantity"": null, ""required_unit"": null, ""decision_time"": ""2024-08-01T12:00:00+00:00"", ""max_resolution_m"": null, ""requires_bare_earth"": false, ""requires_cloud_mask"": false, ""max_uncertainty"": null, ""temporal_tolerance_h"": null, ""required_value_range"": null}","[{""name"": ""rain-feature"", ""quantity"": ""rainfall"", ""unit"": ""mm"", ""scale"": ""continuous"", ""crs"": ""EPSG:32643"", ""resolution_m"": 10.0, ""temporal_resolution_h"": null, ""processing_level"": null, ""surface_model"": null, ""vertical_datum"": null, ""acquisition_time"": null, ""available_time"": ""2024-08-01T09:00:00+00:00"", ""provenance"": ""authoritative-product"", ""band_role"": null, ""nodata_semantics"": null, ""uncertainty"": null, ""allowed_values"": null, ""observed_min"": null, ""observed_max"": null, ""attrs"": {}}]","[{""op"": ""predict"", ""params"": {""features"": [0]}}]",PROVEN,[]
SGX3_DEVELOPMENT_future_information_005,development,compositional,future_information,REFUTED,future feature leakage,f8fb3bfec51712def72c397c95f60304851e896c77619549c23b623c82349e88,"{""goal"": ""flood forecast"", ""required_quantity"": null, ""required_unit"": null, ""decision_time"": ""2024-08-01T12:00:00+00:00"", ""max_resolution_m"": null, ""requires_bare_earth"": false, ""requires_cloud_mask"": false, ""max_uncertainty"": null, ""temporal_tolerance_h"": null, ""required_value_range"": null}","[{""name"": ""rain-feature"", ""quantity"": ""rainfall"", ""unit"": ""mm"", ""scale"": ""continuous"", ""crs"": ""EPSG:32643"", ""resolution_m"": 10.0, ""temporal_resolution_h"": null, ""processing_level"": null, ""surface_model"": null, ""vertical_datum"": null, ""acquisition_time"": null, ""available_time"": ""2024-08-02T12:00:00+00:00"", ""provenance"": ""authoritative-product"", ""band_role"": null, ""nodata_semantics"": null, ""uncertainty"": null, ""allowed_values"": null, ""observed_min"": null, ""observed_max"": null, ""attrs"": {}}]","[{""op"": ""predict"", ""params"": {""features"": [0]}}]",REFUTED,"[{""code"": ""FUTURE_INFORMATION"", ""verdict"": ""REFUTED"", ""message"": ""A model feature becomes available after the decision time."", ""step_index"": 0, ""evidence"": {""artifact"": 0, ""feature_time"": ""2024-08-02 12:00:00+00:00"", ""decision_time"": ""2024-08-01 12:00:00+00:00""}, ""repair"": null}]"
SGX3_DEVELOPMENT_future_information_006,development,atomic,future_information,REFUTED,future feature leakage,e0c666406bc35ea6c787c05a56800e66309ff313e3ae91e7fbe871400709c82c,"{""goal"": ""flood forecast"", ""required_quantity"": null, ""required_unit"": null, ""decision_time"": ""2024-08-01T12:00:00+00:00"", ""max_resolution_m"": null, ""requires_bare_earth"": false, ""requires_cloud_mask"": false, ""max_uncertainty"": null, ""temporal_tolerance_h"": null, ""required_value_range"": null}","[{""name"": ""rain-feature"", ""quantity"": ""rainfall"", ""unit"": ""mm"", ""scale"": ""continuous"", ""crs"": ""EPSG:32643"", ""resolution_m"": 10.0, ""temporal_resolution_h"": null, ""processing_level"": null, ""surface_model"": null, ""vertical_datum"": null, ""acquisition_time"": null, ""available_time"": ""2024-08-01T18:00:00+00:00"", ""provenance"": ""authoritative-product"", ""band_role"": null, ""nodata_semantics"": null, ""uncertainty"": null, ""allowed_values"": null, ""observed_min"": null, ""observed_max"": null, ""attrs"": {}}]","[{""op"": ""predict"", ""params"": {""features"": [0]}}]",REFUTED,"[{""code"": ""FUTURE_INFORMATION"", ""verdict"": ""REFUTED"", ""message"": ""A model feature becomes available after the decision time."", ""step_index"": 0, ""evidence"": {""artifact"": 0, ""feature_time"": ""2024-08-01 18:00:00+00:00"", ""decision_time"": ""2024-08-01 12:00:00+00:00""}, ""repair"": null}]"
SGX3_DEVELOPMENT_future_information_007,development,compositional,future_information,REFUTED,future feature leakage,4f552721c1ded4993b02b06fb3940abfe9044cc44f1ad8c18690533ada3ff353,"{""goal"": ""flood forecast"", ""required_quantity"": null, ""required_unit"": null, ""decision_time"": ""2024-08-01T12:00:00+00:00"", ""max_resolution_m"": null, ""requires_bare_earth"": false, ""requires_cloud_mask"": false, ""max_uncertainty"": null, ""temporal_tolerance_h"": null, ""required_value_range"": null}","[{""name"": ""rain-feature"", ""quantity"": ""rainfall"", ""unit"": ""mm"", ""scale"": ""continuous"", ""crs"": ""EPSG:32643"", ""resolution_m"": 10.0, ""temporal_resolution_h"": null, ""processing_level"": null, ""surface_model"": null, ""vertical_datum"": null, ""acquisition_time"": null, ""available_time"": ""2024-08-01T15:00:00+00:00"", ""provenance"": ""authoritative-product"", ""band_role"": null, ""nodata_semantics"": null, ""uncertainty"": null, ""allowed_values"": null, ""observed_min"": null, ""observed_max"": null, ""attrs"": {}}]","[{""op"": ""predict"", ""params"": {""features"": [0]}}]",REFUTED,"[{""code"": ""FUTURE_INFORMATION"", ""verdict"": ""REFUTED"", ""message"": ""A model feature becomes available after the decision time."", ""step_index"": 0, ""evidence"": {""artifact"": 0, ""feature_time"": ""2024-08-01 15:00:00+00:00"", ""decision_time"": ""2024-08-01 12:00:00+00:00""}, ""repair"": null}]"
SGX3_DEVELOPMENT_future_information_008,development,atomic,future_information,PROVEN,pre-decision feature,33f6b56033327210c0c193b85bd1fbecebae89533cf76276e6919150e5122ef6,"{""goal"": ""flood forecast"", ""required_quantity"": null, ""required_unit"": null, ""decision_time"": ""2024-08-01T12:00:00+00:00"", ""max_resolution_m"": null, ""requires_bare_earth"": false, ""requires_cloud_mask"": false, ""max_uncertainty"": null, ""temporal_tolerance_h"": null, ""required_value_range"": null}","[{""name"": ""rain-feature"", ""quantity"": ""rainfall"", ""unit"": ""mm"", ""scale"": ""continuous"", ""crs"": ""EPSG:32643"", ""resolution_m"": 10.0, ""temporal_resolution_h"": null, ""processing_level"": null, ""surface_model"": null, ""vertical_datum"": null, ""acquisition_time"": null, ""available_time"": ""2024-08-01T11:00:00+00:00"", ""provenance"": ""authoritative-product"", ""band_role"": null, ""nodata_semantics"": null, ""uncertainty"": null, ""allowed_values"": null, ""observed_min"": null, ""observed_max"": null, ""attrs"": {}}]","[{""op"": ""predict"", ""params"": {""features"": [0]}}]",PROVEN,[]
SGX3_DEVELOPMENT_future_information_009,development,compositional,future_information,PROVEN,pre-decision feature,a207a496b866d314ab1c810f029d355da4092ffe2bba987c38c2d15378c208a7,"{""goal"": ""flood forecast"", ""required_quantity"": null, ""required_unit"": null, ""decision_time"": ""2024-08-01T12:00:00+00:00"", ""max_resolution_m"": null, ""requires_bare_earth"": false, ""requires_cloud_mask"": false, ""max_uncertainty"": null, ""temporal_tolerance_h"": null, ""required_value_range"": null}","[{""name"": ""rain-feature"", ""quantity"": ""rainfall"", ""unit"": ""mm"", ""scale"": ""continuous"", ""crs"": ""EPSG:32643"", ""resolution_m"": 10.0, ""temporal_resolution_h"": null, ""processing_level"": null, ""surface_model"": null, ""vertical_datum"": null, ""acquisition_time"": null, ""available_time"": ""2024-07-31T12:00:00+00:00"", ""provenance"": ""authoritative-product"", ""band_role"": null, ""nodata_semantics"": null, ""uncertainty"": null, ""allowed_values"": null, ""observed_min"": null, ""observed_max"": null, ""attrs"": {}}]","[{""op"": ""predict"", ""params"": {""features"": [0]}}]",PROVEN,[]
SGX3_DEVELOPMENT_spatial_split_leakage_000,development,adversarial,spatial_split_leakage,PROVEN,spatial separation exceeds dependence range,3fe52f35035aa62b495a081503a0984b17192622fcfaffaa4f62473cb0dae857,"{""goal"": ""spatial_split_leakage"", ""required_quantity"": null, ""required_unit"": null, ""decision_time"": null, ""max_resolution_m"": null, ""requires_bare_earth"": false, ""requires_cloud_mask"": false, ""max_uncertainty"": null, ""temporal_tolerance_h"": null, ""required_value_range"": null}","[{""name"": ""samples"", ""quantity"": ""training_samples"", ""unit"": null, ""scale"": ""continuous"", ""crs"": ""EPSG:32643"", ""resolution_m"": 10.0, ""temporal_resolution_h"": null, ""processing_level"": null, ""surface_model"": null, ""vertical_datum"": null, ""acquisition_time"": null, ""available_time"": null, ""provenance"": ""authoritative-product"", ""band_role"": null, ""nodata_semantics"": null, ""uncertainty"": null, ""allowed_values"": null, ""observed_min"": null, ""observed_max"": null, ""attrs"": {}}]","[{""op"": ""split"", ""params"": {""mode"": ""spatial"", ""separation_m"": 5388, ""dependence_range_m"": 3758}}]",PROVEN,[]
SGX3_DEVELOPMENT_spatial_split_leakage_001,development,adversarial,spatial_split_leakage,REFUTED,spatially dependent train/test samples,3b0ddbab80d0144af3c6b846ccdfb71890661f4c4049ca0f07047de1e4b774d3,"{""goal"": ""spatial_split_leakage"", ""required_quantity"": null, ""required_unit"": null, ""decision_time"": null, ""max_resolution_m"": null, ""requires_bare_earth"": false, ""requires_cloud_mask"": false, ""max_uncertainty"": null, ""temporal_tolerance_h"": null, ""required_value_range"": null}","[{""name"": ""samples"", ""quantity"": ""training_samples"", ""unit"": null, ""scale"": ""continuous"", ""crs"": ""EPSG:32643"", ""resolution_m"": 10.0, ""temporal_resolution_h"": null, ""processing_level"": null, ""surface_model"": null, ""vertical_datum"": null, ""acquisition_time"": null, ""available_time"": null, ""provenance"": ""authoritative-product"", ""band_role"": null, ""nodata_semantics"": null, ""uncertainty"": null, ""allowed_values"": null, ""observed_min"": null, ""observed_max"": null, ""attrs"": {}}]","[{""op"": ""split"", ""params"": {""mode"": ""spatial"", ""separation_m"": 969, ""dependence_range_m"": 1698}}]",REFUTED,"[{""code"": ""SPATIAL_DEPENDENCE_LEAKAGE"", ""verdict"": ""REFUTED"", ""message"": ""Train/test separation is below the estimated spatial dependence range."", ""step_index"": 0, ""evidence"": {""separation_m"": 969.0, ""dependence_range_m"": 1698.0}, ""repair"": null}]"
SGX3_DEVELOPMENT_spatial_split_leakage_002,development,compositional,spatial_split_leakage,REFUTED,spatially dependent train/test samples,13358e8570ad6e86a65a68dde27d84a85781b8cf3139401f74de105b71098294,"{""goal"": ""spatial_split_leakage"", ""required_quantity"": null, ""required_unit"": null, ""decision_time"": null, ""max_resolution_m"": null, ""requires_bare_earth"": false, ""requires_cloud_mask"": false, ""max_uncertainty"": null, ""temporal_tolerance_h"": null, ""required_value_range"": null}","[{""name"": ""samples"", ""quantity"": ""training_samples"", ""unit"": null, ""scale"": ""continuous"", ""crs"": ""EPSG:32643"", ""resolution_m"": 10.0, ""temporal_resolution_h"": null, ""processing_level"": null, ""surface_model"": null, ""vertical_datum"": null, ""acquisition_time"": null, ""available_time"": null, ""provenance"": ""authoritative-product"", ""band_role"": null, ""nodata_semantics"": null, ""uncertainty"": null, ""allowed_values"": null, ""observed_min"": null, ""observed_max"": null, ""attrs"": {}}]","[{""op"": ""split"", ""params"": {""mode"": ""spatial"", ""separation_m"": 1827, ""dependence_range_m"": 3641}}]",REFUTED,"[{""code"": ""SPATIAL_DEPENDENCE_LEAKAGE"", ""verdict"": ""REFUTED"", ""message"": ""Train/test separation is below the estimated spatial dependence range."", ""step_index"": 0, ""evidence"": {""separation_m"": 1827.0, ""dependence_range_m"": 3641.0}, ""repair"": null}]"
SGX3_DEVELOPMENT_spatial_split_leakage_003,development,compositional,spatial_split_leakage,REFUTED,spatially dependent train/test samples,61560321b59b16ee50ae55178ec34aa5835b08d2432a717cfc669eee787b887b,"{""goal"": ""spatial_split_leakage"", ""required_quantity"": null, ""required_unit"": null, ""decision_time"": null, ""max_resolution_m"": null, ""requires_bare_earth"": false, ""requires_cloud_mask"": false, ""max_uncertainty"": null, ""temporal_tolerance_h"": null, ""required_value_range"": null}","[{""name"": ""samples"", ""quantity"": ""training_samples"", ""unit"": null, ""scale"": ""continuous"", ""crs"": ""EPSG:32643"", ""resolution_m"": 10.0, ""temporal_resolution_h"": null, ""processing_level"": null, ""surface_model"": null, ""vertical_datum"": null, ""acquisition_time"": null, ""available_time"": null, ""provenance"": ""authoritative-product"", ""band_role"": null, ""nodata_semantics"": null, ""uncertainty"": null, ""allowed_values"": null, ""observed_min"": null, ""observed_max"": null, ""attrs"": {}}]","[{""op"": ""split"", ""params"": {""mode"": ""spatial"", ""separation_m"": 14, ""dependence_range_m"": 542}}]",REFUTED,"[{""code"": ""SPATIAL_DEPENDENCE_LEAKAGE"", ""verdict"": ""REFUTED"", ""message"": ""Train/test separation is below the estimated spatial dependence range."", ""step_index"": 0, ""evidence"": {""separation_m"": 14.0, ""dependence_range_m"": 542.0}, ""repair"": null}]"
SGX3_DEVELOPMENT_spatial_split_leakage_004,development,atomic,spatial_split_leakage,REFUTED,spatially dependent train/test samples,cb1f55fdcdef3a7e9d64f724feedbfa6bb1931334d5ce9b77cfbcc7aafbb6cd8,"{""goal"": ""spatial_split_leakage"", ""required_quantity"": null, ""required_unit"": null, ""decision_time"": null, ""max_resolution_m"": null, ""requires_bare_earth"": false, ""requires_cloud_mask"": false, ""max_uncertainty"": null, ""temporal_tolerance_h"": null, ""required_value_range"": null}","[{""name"": ""samples"", ""quantity"": ""training_samples"", ""unit"": null, ""scale"": ""continuous"", ""crs"": ""EPSG:32643"", ""resolution_m"": 10.0, ""temporal_resolution_h"": null, ""processing_level"": null, ""surface_model"": null, ""vertical_datum"": null, ""acquisition_time"": null, ""available_time"": null, ""provenance"": ""authoritative-product"", ""band_role"": null, ""nodata_semantics"": null, ""uncertainty"": null, ""allowed_values"": null, ""observed_min"": null, ""observed_max"": null, ""attrs"": {}}]","[{""op"": ""split"", ""params"": {""mode"": ""spatial"", ""separation_m"": 618, ""dependence_range_m"": 2911}}]",REFUTED,"[{""code"": ""SPATIAL_DEPENDENCE_LEAKAGE"", ""verdict"": ""REFUTED"", ""message"": ""Train/test separation is below the estimated spatial dependence range."", ""step_index"": 0, ""evidence"": {""separation_m"": 618.0, ""dependence_range_m"": 2911.0}, ""repair"": null}]"
SGX3_DEVELOPMENT_spatial_split_leakage_005,development,adversarial,spatial_split_leakage,REFUTED,spatially dependent train/test samples,a1f7a0f213e84fed907a9fdf881041a3753329dcedecee814bd7856fcde07a3c,"{""goal"": ""spatial_split_leakage"", ""required_quantity"": null, ""required_unit"": null, ""decision_time"": null, ""max_resolution_m"": null, ""requires_bare_earth"": false, ""requires_cloud_mask"": false, ""max_uncertainty"": null, ""temporal_tolerance_h"": null, ""required_value_range"": null}","[{""name"": ""samples"", ""quantity"": ""training_samples"", ""unit"": null, ""scale"": ""continuous"", ""crs"": ""EPSG:32643"", ""resolution_m"": 10.0, ""temporal_resolution_h"": null, ""processing_level"": null, ""surface_model"": null, ""vertical_datum"": null, ""acquisition_time"": null, ""available_time"": null, ""provenance"": ""authoritative-product"", ""band_role"": null, ""nodata_semantics"": null, ""uncertainty"": null, ""allowed_values"": null, ""observed_min"": null, ""observed_max"": null, ""attrs"": {}}]","[{""op"": ""split"", ""params"": {""mode"": ""spatial"", ""separation_m"": 3572, ""dependence_range_m"": 4244}}]",REFUTED,"[{""code"": ""SPATIAL_DEPENDENCE_LEAKAGE"", ""verdict"": ""REFUTED"", ""message"": ""Train/test separation is below the estimated spatial dependence range."", ""step_index"": 0, ""evidence"": {""separation_m"": 3572.0, ""dependence_range_m"": 4244.0}, ""repair"": null}]"
SGX3_DEVELOPMENT_spatial_split_leakage_006,development,compositional,spatial_split_leakage,PROVEN,spatial separation exceeds dependence range,a9444731798819efa00cde8d41323856e2b7a166492994e8673591c2e26b4257,"{""goal"": ""spatial_split_leakage"", ""required_quantity"": null, ""required_unit"": null, ""decision_time"": null, ""max_resolution_m"": null, ""requires_bare_earth"": false, ""requires_cloud_mask"": false, ""max_uncertainty"": null, ""temporal_tolerance_h"": null, ""required_value_range"": null}","[{""name"": ""samples"", ""quantity"": ""training_samples"", ""unit"": null, ""scale"": ""continuous"", ""crs"": ""EPSG:32643"", ""resolution_m"": 10.0, ""temporal_resolution_h"": null, ""processing_level"": null, ""surface_model"": null, ""vertical_datum"": null, ""acquisition_time"": null, ""available_time"": null, ""provenance"": ""authoritative-product"", ""band_role"": null, ""nodata_semantics"": null, ""uncertainty"": null, ""allowed_values"": null, ""observed_min"": null, ""observed_max"": null, ""attrs"": {}}]","[{""op"": ""split"", ""params"": {""mode"": ""spatial"", ""separation_m"": 8315, ""dependence_range_m"": 4180}}]",PROVEN,[]
SGX3_DEVELOPMENT_spatial_split_leakage_007,development,atomic,spatial_split_leakage,REFUTED,spatially dependent train/test samples,878cf716edaa7f890ae5500d6e99428073872a1fac4019e0e842d8a18a228e51,"{""goal"": ""spatial_split_leakage"", ""required_quantity"": null, ""required_unit"": null, ""decision_time"": null, ""max_resolution_m"": null, ""requires_bare_earth"": false, ""requires_cloud_mask"": false, ""max_uncertainty"": null, ""temporal_tolerance_h"": null, ""required_value_range"": null}","[{""name"": ""samples"", ""quantity"": ""training_samples"", ""unit"": null, ""scale"": ""continuous"", ""crs"": ""EPSG:32643"", ""resolution_m"": 10.0, ""temporal_resolution_h"": null, ""processing_level"": null, ""surface_model"": null, ""vertical_datum"": null, ""acquisition_time"": null, ""available_time"": null, ""provenance"": ""authoritative-product"", ""band_role"": null, ""nodata_semantics"": null, ""uncertainty"": null, ""allowed_values"": null, ""observed_min"": null, ""observed_max"": null, ""attrs"": {}}]","[{""op"": ""split"", ""params"": {""mode"": ""spatial"", ""separation_m"": 1060, ""dependence_range_m"": 2162}}]",REFUTED,"[{""code"": ""SPATIAL_DEPENDENCE_LEAKAGE"", ""verdict"": ""REFUTED"", ""message"": ""Train/test separation is below the estimated spatial dependence range."", ""step_index"": 0, ""evidence"": {""separation_m"": 1060.0, ""dependence_range_m"": 2162.0}, ""repair"": null}]"
SGX3_DEVELOPMENT_spatial_split_leakage_008,development,compositional,spatial_split_leakage,REFUTED,spatially dependent train/test samples,e66d332cb4f29410cd78c2ba4ee7c8e75840cfb26d5ed49952b1a71a22e84aae,"{""goal"": ""spatial_split_leakage"", ""required_quantity"": null, ""required_unit"": null, ""decision_time"": null, ""max_resolution_m"": null, ""requires_bare_earth"": false, ""requires_cloud_mask"": false, ""max_uncertainty"": null, ""temporal_tolerance_h"": null, ""required_value_range"": null}","[{""name"": ""samples"", ""quantity"": ""training_samples"", ""unit"": null, ""scale"": ""continuous"", ""crs"": ""EPSG:32643"", ""resolution_m"": 10.0, ""temporal_resolution_h"": null, ""processing_level"": null, ""surface_model"": null, ""vertical_datum"": null, ""acquisition_time"": null, ""available_time"": null, ""provenance"": ""authoritative-product"", ""band_role"": null, ""nodata_semantics"": null, ""uncertainty"": null, ""allowed_values"": null, ""observed_min"": null, ""observed_max"": null, ""attrs"": {}}]","[{""op"": ""split"", ""params"": {""mode"": ""spatial"", ""separation_m"": 1917, ""dependence_range_m"": 2009}}]",REFUTED,"[{""code"": ""SPATIAL_DEPENDENCE_LEAKAGE"", ""verdict"": ""REFUTED"", ""message"": ""Train/test separation is below the estimated spatial dependence range."", ""step_index"": 0, ""evidence"": {""separation_m"": 1917.0, ""dependence_range_m"": 2009.0}, ""repair"": null}]"
SGX3_DEVELOPMENT_spatial_split_leakage_009,development,compositional,spatial_split_leakage,PROVEN,spatial separation exceeds dependence range,5c3df294697092641b80b265e83cd6d00a93a9e1d00a9b02051286993a0da709,"{""goal"": ""spatial_split_leakage"", ""required_quantity"": null, ""required_unit"": null, ""decision_time"": null, ""max_resolution_m"": null, ""requires_bare_earth"": false, ""requires_cloud_mask"": false, ""max_uncertainty"": null, ""temporal_tolerance_h"": null, ""required_value_range"": null}","[{""name"": ""samples"", ""quantity"": ""training_samples"", ""unit"": null, ""scale"": ""continuous"", ""crs"": ""EPSG:32643"", ""resolution_m"": 10.0, ""temporal_resolution_h"": null, ""processing_level"": null, ""surface_model"": null, ""vertical_datum"": null, ""acquisition_time"": null, ""available_time"": null, ""provenance"": ""authoritative-product"", ""band_role"": null, ""nodata_semantics"": null, ""uncertainty"": null, ""allowed_values"": null, ""observed_min"": null, ""observed_max"": null, ""attrs"": {}}]","[{""op"": ""split"", ""params"": {""mode"": ""spatial"", ""separation_m"": 3992, ""dependence_range_m"": 2434}}]",PROVEN,[]
SGX3_DEVELOPMENT_spatial_split_leakage_010,development,compositional,spatial_split_leakage,PROVEN,spatial separation exceeds dependence range,c58ddddabb2feee97925ea6c9e2a156930753bd4cda7b2571c790fa725b9d0f0,"{""goal"": ""spatial_split_leakage"", ""required_quantity"": null, ""required_unit"": null, ""decision_time"": null, ""max_resolution_m"": null, ""requires_bare_earth"": false, ""requires_cloud_mask"": false, ""max_uncertainty"": null, ""temporal_tolerance_h"": null, ""required_value_range"": null}","[{""name"": ""samples"", ""quantity"": ""training_samples"", ""unit"": null, ""scale"": ""continuous"", ""crs"": ""EPSG:32643"", ""resolution_m"": 10.0, ""temporal_resolution_h"": null, ""processing_level"": null, ""surface_model"": null, ""vertical_datum"": null, ""acquisition_time"": null, ""available_time"": null, ""provenance"": ""authoritative-product"", ""band_role"": null, ""nodata_semantics"": null, ""uncertainty"": null, ""allowed_values"": null, ""observed_min"": null, ""observed_max"": null, ""attrs"": {}}]","[{""op"": ""split"", ""params"": {""mode"": ""spatial"", ""separation_m"": 9812, ""dependence_range_m"": 5400}}]",PROVEN,[]
SGX3_DEVELOPMENT_spatial_split_leakage_011,development,adversarial,spatial_split_leakage,REFUTED,spatially dependent train/test samples,4af62752ccc91e5b7ffec2e7128ca9e3b0d16080424adf798e57736159af067c,"{""goal"": ""spatial_split_leakage"", ""required_quantity"": null, ""required_unit"": null, ""decision_time"": null, ""max_resolution_m"": null, ""requires_bare_earth"": false, ""requires_cloud_mask"": false, ""max_uncertainty"": null, ""temporal_tolerance_h"": null, ""required_value_range"": null}","[{""name"": ""samples"", ""quantity"": ""training_samples"", ""unit"": null, ""scale"": ""continuous"", ""crs"": ""EPSG:32643"", ""resolution_m"": 10.0, ""temporal_resolution_h"": null, ""processing_level"": null, ""surface_model"": null, ""vertical_datum"": null, ""acquisition_time"": null, ""available_time"": null, ""provenance"": ""authoritative-product"", ""band_role"": null, ""nodata_semantics"": null, ""uncertainty"": null, ""allowed_values"": null, ""observed_min"": null, ""observed_max"": null, ""attrs"": {}}]","[{""op"": ""split"", ""params"": {""mode"": ""spatial"", ""separation_m"": 2988, ""dependence_range_m"": 4754}}]",REFUTED,"[{""code"": ""SPATIAL_DEPENDENCE_LEAKAGE"", ""verdict"": ""REFUTED"", ""message"": ""Train/test separation is below the estimated spatial dependence range."", ""step_index"": 0, ""evidence"": {""separation_m"": 2988.0, ""dependence_range_m"": 4754.0}, ""repair"": null}]"
SGX3_DEVELOPMENT_spatial_split_leakage_012,development,atomic,spatial_split_leakage,REFUTED,spatially dependent train/test samples,9ecf675db7c21148475fee65f3598870153951bdbce2bf49e09e3c03c9d968dc,"{""goal"": ""spatial_split_leakage"", ""required_quantity"": null, ""required_unit"": null, ""decision_time"": null, ""max_resolution_m"": null, ""requires_bare_earth"": false, ""requires_cloud_mask"": false, ""max_uncertainty"": null, ""temporal_tolerance_h"": null, ""required_value_range"": null}","[{""name"": ""samples"", ""quantity"": ""training_samples"", ""unit"": null, ""scale"": ""continuous"", ""crs"": ""EPSG:32643"", ""resolution_m"": 10.0, ""temporal_resolution_h"": null, ""processing_level"": null, ""surface_model"": null, ""vertical_datum"": null, ""acquisition_time"": null, ""available_time"": null, ""provenance"": ""authoritative-product"", ""band_role"": null, ""nodata_semantics"": null, ""uncertainty"": null, ""allowed_values"": null, ""observed_min"": null, ""observed_max"": null, ""attrs"": {}}]","[{""op"": ""split"", ""params"": {""mode"": ""spatial"", ""separation_m"": 717, ""dependence_range_m"": 4286}}]",REFUTED,"[{""code"": ""SPATIAL_DEPENDENCE_LEAKAGE"", ""verdict"": ""REFUTED"", ""message"": ""Train/test separation is below the estimated spatial dependence range."", ""step_index"": 0, ""evidence"": {""separation_m"": 717.0, ""dependence_range_m"": 4286.0}, ""repair"": null}]"
SGX3_DEVELOPMENT_spatial_split_leakage_013,development,compositional,spatial_split_leakage,REFUTED,spatially dependent train/test samples,9a63d3f3b7c3c1fb48fd155f803ab098d0fe4f054e9e79cd29bc7a3fddc81f54,"{""goal"": ""spatial_split_leakage"", ""required_quantity"": null, ""required_unit"": null, ""decision_time"": null, ""max_resolution_m"": null, ""requires_bare_earth"": false, ""requires_cloud_mask"": false, ""max_uncertainty"": null, ""temporal_tolerance_h"": null, ""required_value_range"": null}","[{""name"": ""samples"", ""quantity"": ""training_samples"", ""unit"": null, ""scale"": ""continuous"", ""crs"": ""EPSG:32643"", ""resolution_m"": 10.0, ""temporal_resolution_h"": null, ""processing_level"": null, ""surface_model"": null, ""vertical_datum"": null, ""acquisition_time"": null, ""available_time"": null, ""provenance"": ""authoritative-product"", ""band_role"": null, ""nodata_semantics"": null, ""uncertainty"": null, ""allowed_values"": null, ""observed_min"": null, ""observed_max"": null, ""attrs"": {}}]","[{""op"": ""split"", ""params"": {""mode"": ""spatial"", ""separation_m"": 3894, ""dependence_range_m"": 5018}}]",REFUTED,"[{""code"": ""SPATIAL_DEPENDENCE_LEAKAGE"", ""verdict"": ""REFUTED"", ""message"": ""Train/test separation is below the estimated spatial dependence range."", ""step_index"": 0, ""evidence"": {""separation_m"": 3894.0, ""dependence_range_m"": 5018.0}, ""repair"": null}]"
SGX3_DEVELOPMENT_spatial_split_leakage_014,development,compositional,spatial_split_leakage,REFUTED,spatially dependent train/test samples,c78bd15a58a08b4a22413602aee109fd8f84c6ed880fb1494a1a2af7e02d73a6,"{""goal"": ""spatial_split_leakage"", ""required_quantity"": null, ""required_unit"": null, ""decision_time"": null, ""max_resolution_m"": null, ""requires_bare_earth"": false, ""requires_cloud_mask"": false, ""max_uncertainty"": null, ""temporal_tolerance_h"": null, ""required_value_range"": null}","[{""name"": ""samples"", ""quantity"": ""training_samples"", ""unit"": null, ""scale"": ""continuous"", ""crs"": ""EPSG:32643"", ""resolution_m"": 10.0, ""temporal_resolution_h"": null, ""processing_level"": null, ""surface_model"": null, ""vertical_datum"": null, ""acquisition_time"": null, ""available_time"": null, ""provenance"": ""authoritative-product"", ""band_role"": null, ""nodata_semantics"": null, ""uncertainty"": null, ""allowed_values"": null, ""observed_min"": null, ""observed_max"": null, ""attrs"": {}}]","[{""op"": ""split"", ""params"": {""mode"": ""spatial"", ""separation_m"": 252, ""dependence_range_m"": 5900}}]",REFUTED,"[{""code"": ""SPATIAL_DEPENDENCE_LEAKAGE"", ""verdict"": ""REFUTED"", ""message"": ""Train/test separation is below the estimated spatial dependence range."", ""step_index"": 0, ""evidence"": {""separation_m"": 252.0, ""dependence_range_m"": 5900.0}, ""repair"": null}]"
SGX3_DEVELOPMENT_spatial_split_leakage_015,development,adversarial,spatial_split_leakage,REFUTED,spatially dependent train/test samples,e23bd708ca9638c707967c001555841039a6c03899a5b807d05da20b9ab598de,"{""goal"": ""spatial_split_leakage"", ""required_quantity"": null, ""required_unit"": null, ""decision_time"": null, ""max_resolution_m"": null, ""requires_bare_earth"": false, ""requires_cloud_mask"": false, ""max_uncertainty"": null, ""temporal_tolerance_h"": null, ""required_value_range"": null}","[{""name"": ""samples"", ""quantity"": ""training_samples"", ""unit"": null, ""scale"": ""continuous"", ""crs"": ""EPSG:32643"", ""resolution_m"": 10.0, ""temporal_resolution_h"": null, ""processing_level"": null, ""surface_model"": null, ""vertical_datum"": null, ""acquisition_time"": null, ""available_time"": null, ""provenance"": ""authoritative-product"", ""band_role"": null, ""nodata_semantics"": null, ""uncertainty"": null, ""allowed_values"": null, ""observed_min"": null, ""observed_max"": null, ""attrs"": {}}]","[{""op"": ""split"", ""params"": {""mode"": ""spatial"", ""separation_m"": 4021, ""dependence_range_m"": 5510}}]",REFUTED,"[{""code"": ""SPATIAL_DEPENDENCE_LEAKAGE"", ""verdict"": ""REFUTED"", ""message"": ""Train/test separation is below the estimated spatial dependence range."", ""step_index"": 0, ""evidence"": {""separation_m"": 4021.0, ""dependence_range_m"": 5510.0}, ""repair"": null}]"
SGX3_DEVELOPMENT_nodata_zero_000,development,compositional,nodata_zero,PROVEN,missingness preserved,c99263212ac39247c51133269ef65e6987ecbaa13c47d7a1e6322591bf02f4eb,"{""goal"": ""nodata_zero"", ""required_quantity"": null, ""required_unit"": null, ""decision_time"": null, ""max_resolution_m"": null, ""requires_bare_earth"": false, ""requires_cloud_mask"": false, ""max_uncertainty"": null, ""temporal_tolerance_h"": null, ""required_value_range"": null}","[{""name"": ""rain"", ""quantity"": ""rainfall"", ""unit"": ""mm"", ""scale"": ""continuous"", ""crs"": ""EPSG:32643"", ""resolution_m"": 10.0, ""temporal_resolution_h"": null, ""processing_level"": null, ""surface_model"": null, ""vertical_datum"": null, ""acquisition_time"": null, ""available_time"": null, ""provenance"": ""authoritative-product"", ""band_role"": null, ""nodata_semantics"": ""missing"", ""uncertainty"": null, ""allowed_values"": null, ""observed_min"": null, ""observed_max"": null, ""attrs"": {}}]","[{""op"": ""fill_nodata"", ""params"": {""artifact"": 0, ""value"": -9999, ""zero_is_physically_valid"": true}}]",PROVEN,[]
SGX3_DEVELOPMENT_nodata_zero_001,development,compositional,nodata_zero,REFUTED,missing values collapsed to valid physical zero,25a34850487a8f59ccc68d9f8eaa951887838e8e6597ac791fbda7c31ca527d4,"{""goal"": ""nodata_zero"", ""required_quantity"": null, ""required_unit"": null, ""decision_time"": null, ""max_resolution_m"": null, ""requires_bare_earth"": false, ""requires_cloud_mask"": false, ""max_uncertainty"": null, ""temporal_tolerance_h"": null, ""required_value_range"": null}","[{""name"": ""rain"", ""quantity"": ""rainfall"", ""unit"": ""mm"", ""scale"": ""continuous"", ""crs"": ""EPSG:32643"", ""resolution_m"": 10.0, ""temporal_resolution_h"": null, ""processing_level"": null, ""surface_model"": null, ""vertical_datum"": null, ""acquisition_time"": null, ""available_time"": null, ""provenance"": ""authoritative-product"", ""band_role"": null, ""nodata_semantics"": ""missing"", ""uncertainty"": null, ""allowed_values"": null, ""observed_min"": null, ""observed_max"": null, ""attrs"": {}}]","[{""op"": ""fill_nodata"", ""params"": {""artifact"": 0, ""value"": 0, ""zero_is_physically_valid"": true}}]",REFUTED,"[{""code"": ""NODATA_COLLAPSED_TO_ZERO"", ""verdict"": ""REFUTED"", ""message"": ""Missing data are replaced by a physically meaningful zero."", ""step_index"": 0, ""evidence"": {}, ""repair"": null}]"
SGX3_DEVELOPMENT_unsupported_resolution_gain_000,development,adversarial,unsupported_resolution_gain,PROVEN,no unsupported information gain,94f144e1f83c98afbf356d964f12398c3e467ded466d866ef12b7a8cc469ec95,"{""goal"": ""unsupported_resolution_gain"", ""required_quantity"": null, ""required_unit"": null, ""decision_time"": null, ""max_resolution_m"": null, ""requires_bare_earth"": false, ""requires_cloud_mask"": false, ""max_uncertainty"": null, ""temporal_tolerance_h"": null, ""required_value_range"": null}","[{""name"": ""raster"", ""quantity"": ""surface_property"", ""unit"": null, ""scale"": ""continuous"", ""crs"": ""EPSG:32643"", ""resolution_m"": 20, ""temporal_resolution_h"": null, ""processing_level"": null, ""surface_model"": null, ""vertical_datum"": null, ""acquisition_time"": null, ""available_time"": null, ""provenance"": ""authoritative-product"", ""band_role"": null, ""nodata_semantics"": null, ""uncertainty"": null, ""allowed_values"": null, ""observed_min"": null, ""observed_max"": null, ""attrs"": {}}]","[{""op"": ""resample"", ""params"": {""artifact"": 0, ""method"": ""bilinear"", ""target_resolution_m"": 60, ""evidence_of_new_information"": false}}]",PROVEN,[]
SGX3_DEVELOPMENT_unsupported_resolution_gain_001,development,adversarial,unsupported_resolution_gain,REFUTED,interpolation presented as new physical detail,24e4804318d26711dad5321bafacd6851ca3be71c290dd805ed3237ec0eb9c88,"{""goal"": ""unsupported_resolution_gain"", ""required_quantity"": null, ""required_unit"": null, ""decision_time"": null, ""max_resolution_m"": null, ""requires_bare_earth"": false, ""requires_cloud_mask"": false, ""max_uncertainty"": null, ""temporal_tolerance_h"": null, ""required_value_range"": null}","[{""name"": ""raster"", ""quantity"": ""surface_property"", ""unit"": null, ""scale"": ""continuous"", ""crs"": ""EPSG:32643"", ""resolution_m"": 50, ""temporal_resolution_h"": null, ""processing_level"": null, ""surface_model"": null, ""vertical_datum"": null, ""acquisition_time"": null, ""available_time"": null, ""provenance"": ""authoritative-product"", ""band_role"": null, ""nodata_semantics"": null, ""uncertainty"": null, ""allowed_values"": null, ""observed_min"": null, ""observed_max"": null, ""attrs"": {}}]","[{""op"": ""resample"", ""params"": {""artifact"": 0, ""method"": ""bilinear"", ""target_resolution_m"": 12.5, ""evidence_of_new_information"": false}}]",REFUTED,"[{""code"": ""UNSUPPORTED_RESOLUTION_GAIN"", ""verdict"": ""REFUTED"", ""message"": ""Grid spacing improves 4.00x without evidence of new information."", ""step_index"": 0, ""evidence"": {""native_m"": 50, ""target_m"": 12.5}, ""repair"": null}]"
SGX3_DEVELOPMENT_unsupported_resolution_gain_002,development,atomic,unsupported_resolution_gain,PROVEN,no unsupported information gain,c499a22d28ea2de38037ff3f5dad2c2ffd3d9a1cdd2814d86e4418c10e9833fd,"{""goal"": ""unsupported_resolution_gain"", ""required_quantity"": null, ""required_unit"": null, ""decision_time"": null, ""max_resolution_m"": null, ""requires_bare_earth"": false, ""requires_cloud_mask"": false, ""max_uncertainty"": null, ""temporal_tolerance_h"": null, ""required_value_range"": null}","[{""name"": ""raster"", ""quantity"": ""surface_property"", ""unit"": null, ""scale"": ""continuous"", ""crs"": ""EPSG:32643"", ""resolution_m"": 30, ""temporal_resolution_h"": null, ""processing_level"": null, ""surface_model"": null, ""vertical_datum"": null, ""acquisition_time"": null, ""available_time"": null, ""provenance"": ""authoritative-product"", ""band_role"": null, ""nodata_semantics"": null, ""uncertainty"": null, ""allowed_values"": null, ""observed_min"": null, ""observed_max"": null, ""attrs"": {}}]","[{""op"": ""resample"", ""params"": {""artifact"": 0, ""method"": ""bilinear"", ""target_resolution_m"": 90, ""evidence_of_new_information"": false}}]",PROVEN,[]
SGX3_DEVELOPMENT_unsupported_resolution_gain_003,development,compositional,unsupported_resolution_gain,REFUTED,interpolation presented as new physical detail,54224758897ecb3e7491a2f19e80287cfdae4cd2c8f066bfb9429eee747baebb,"{""goal"": ""unsupported_resolution_gain"", ""required_quantity"": null, ""required_unit"": null, ""decision_time"": null, ""max_resolution_m"": null, ""requires_bare_earth"": false, ""requires_cloud_mask"": false, ""max_uncertainty"": null, ""temporal_tolerance_h"": null, ""required_value_range"": null}","[{""name"": ""raster"", ""quantity"": ""surface_property"", ""unit"": null, ""scale"": ""continuous"", ""crs"": ""EPSG:32643"", ""resolution_m"": 20, ""temporal_resolution_h"": null, ""processing_level"": null, ""surface_model"": null, ""vertical_datum"": null, ""acquisition_time"": null, ""available_time"": null, ""provenance"": ""authoritative-product"", ""band_role"": null, ""nodata_semantics"": null, ""uncertainty"": null, ""allowed_values"": null, ""observed_min"": null, ""observed_max"": null, ""attrs"": {}}]","[{""op"": ""resample"", ""params"": {""artifact"": 0, ""method"": ""bilinear"", ""target_resolution_m"": 5.0, ""evidence_of_new_information"": false}}]",REFUTED,"[{""code"": ""UNSUPPORTED_RESOLUTION_GAIN"", ""verdict"": ""REFUTED"", ""message"": ""Grid spacing improves 4.00x without evidence of new information."", ""step_index"": 0, ""evidence"": {""native_m"": 20, ""target_m"": 5.0}, ""repair"": null}]"
SGX3_DEVELOPMENT_unsupported_resolution_gain_004,development,atomic,unsupported_resolution_gain,PROVEN,no unsupported information gain,5b500acb754ce05372076745d41d869ac00d16d8df4af8dbada5bf69c3f895e3,"{""goal"": ""unsupported_resolution_gain"", ""required_quantity"": null, ""required_unit"": null, ""decision_time"": null, ""max_resolution_m"": null, ""requires_bare_earth"": false, ""requires_cloud_mask"": false, ""max_uncertainty"": null, ""temporal_tolerance_h"": null, ""required_value_range"": null}","[{""name"": ""raster"", ""quantity"": ""surface_property"", ""unit"": null, ""scale"": ""continuous"", ""crs"": ""EPSG:32643"", ""resolution_m"": 100, ""temporal_resolution_h"": null, ""processing_level"": null, ""surface_model"": null, ""vertical_datum"": null, ""acquisition_time"": null, ""available_time"": null, ""provenance"": ""authoritative-product"", ""band_role"": null, ""nodata_semantics"": null, ""uncertainty"": null, ""allowed_values"": null, ""observed_min"": null, ""observed_max"": null, ""attrs"": {}}]","[{""op"": ""resample"", ""params"": {""artifact"": 0, ""method"": ""bilinear"", ""target_resolution_m"": 100, ""evidence_of_new_information"": false}}]",PROVEN,[]
SGX3_DEVELOPMENT_unsupported_resolution_gain_005,development,compositional,unsupported_resolution_gain,REFUTED,interpolation presented as new physical detail,5aa8ddda65e5a66953e2e2e8680b9305e7dca1d8504a377ac7ce6acd380c169c,"{""goal"": ""unsupported_resolution_gain"", ""required_quantity"": null, ""required_unit"": null, ""decision_time"": null, ""max_resolution_m"": null, ""requires_bare_earth"": false, ""requires_cloud_mask"": false, ""max_uncertainty"": null, ""temporal_tolerance_h"": null, ""required_value_range"": null}","[{""name"": ""raster"", ""quantity"": ""surface_property"", ""unit"": null, ""scale"": ""continuous"", ""crs"": ""EPSG:32643"", ""resolution_m"": 50, ""temporal_resolution_h"": null, ""processing_level"": null, ""surface_model"": null, ""vertical_datum"": null, ""acquisition_time"": null, ""available_time"": null, ""provenance"": ""authoritative-product"", ""band_role"": null, ""nodata_semantics"": null, ""uncertainty"": null, ""allowed_values"": null, ""observed_min"": null, ""observed_max"": null, ""attrs"": {}}]","[{""op"": ""resample"", ""params"": {""artifact"": 0, ""method"": ""bilinear"", ""target_resolution_m"": 16.666666666666668, ""evidence_of_new_information"": false}}]",REFUTED,"[{""code"": ""UNSUPPORTED_RESOLUTION_GAIN"", ""verdict"": ""REFUTED"", ""message"": ""Grid spacing improves 3.00x without evidence of new information."", ""step_index"": 0, ""evidence"": {""native_m"": 50, ""target_m"": 16.666666666666668}, ""repair"": null}]"
SGX3_DEVELOPMENT_unsupported_resolution_gain_006,development,atomic,unsupported_resolution_gain,REFUTED,interpolation presented as new physical detail,0ba76bf5cf590a003196ff8f23c55217cb34b0ff9a8ae1d4379666171596398b,"{""goal"": ""unsupported_resolution_gain"", ""required_quantity"": null, ""required_unit"": null, ""decision_time"": null, ""max_resolution_m"": null, ""requires_bare_earth"": false, ""requires_cloud_mask"": false, ""max_uncertainty"": null, ""temporal_tolerance_h"": null, ""required_value_range"": null}","[{""name"": ""raster"", ""quantity"": ""surface_property"", ""unit"": null, ""scale"": ""continuous"", ""crs"": ""EPSG:32643"", ""resolution_m"": 30, ""temporal_resolution_h"": null, ""processing_level"": null, ""surface_model"": null, ""vertical_datum"": null, ""acquisition_time"": null, ""available_time"": null, ""provenance"": ""authoritative-product"", ""band_role"": null, ""nodata_semantics"": null, ""uncertainty"": null, ""allowed_values"": null, ""observed_min"": null, ""observed_max"": null, ""attrs"": {}}]","[{""op"": ""resample"", ""params"": {""artifact"": 0, ""method"": ""bilinear"", ""target_resolution_m"": 10.0, ""evidence_of_new_information"": false}}]",REFUTED,"[{""code"": ""UNSUPPORTED_RESOLUTION_GAIN"", ""verdict"": ""REFUTED"", ""message"": ""Grid spacing improves 3.00x without evidence of new information."", ""step_index"": 0, ""evidence"": {""native_m"": 30, ""target_m"": 10.0}, ""repair"": null}]"
SGX3_DEVELOPMENT_unsupported_resolution_gain_007,development,compositional,unsupported_resolution_gain,PROVEN,no unsupported information gain,23e033fed92fe4d1514eab39f422a63058977603a859695214100aa995268c88,"{""goal"": ""unsupported_resolution_gain"", ""required_quantity"": null, ""required_unit"": null, ""decision_time"": null, ""max_resolution_m"": null, ""requires_bare_earth"": false, ""requires_cloud_mask"": false, ""max_uncertainty"": null, ""temporal_tolerance_h"": null, ""required_value_range"": null}","[{""name"": ""raster"", ""quantity"": ""surface_property"", ""unit"": null, ""scale"": ""continuous"", ""crs"": ""EPSG:32643"", ""resolution_m"": 50, ""temporal_resolution_h"": null, ""processing_level"": null, ""surface_model"": null, ""vertical_datum"": null, ""acquisition_time"": null, ""available_time"": null, ""provenance"": ""authoritative-product"", ""band_role"": null, ""nodata_semantics"": null, ""uncertainty"": null, ""allowed_values"": null, ""observed_min"": null, ""observed_max"": null, ""attrs"": {}}]","[{""op"": ""resample"", ""params"": {""artifact"": 0, ""method"": ""bilinear"", ""target_resolution_m"": 50, ""evidence_of_new_information"": false}}]",PROVEN,[]
SGX3_DEVELOPMENT_unsupported_resolution_gain_008,development,adversarial,unsupported_resolution_gain,REFUTED,interpolation presented as new physical detail,5136936808dd57a3a0c6d46ae681065a4d6937b3a451b37c4ad880d7dd7c8b97,"{""goal"": ""unsupported_resolution_gain"", ""required_quantity"": null, ""required_unit"": null, ""decision_time"": null, ""max_resolution_m"": null, ""requires_bare_earth"": false, ""requires_cloud_mask"": false, ""max_uncertainty"": null, ""temporal_tolerance_h"": null, ""required_value_range"": null}","[{""name"": ""raster"", ""quantity"": ""surface_property"", ""unit"": null, ""scale"": ""continuous"", ""crs"": ""EPSG:32643"", ""resolution_m"": 20, ""temporal_resolution_h"": null, ""processing_level"": null, ""surface_model"": null, ""vertical_datum"": null, ""acquisition_time"": null, ""available_time"": null, ""provenance"": ""authoritative-product"", ""band_role"": null, ""nodata_semantics"": null, ""uncertainty"": null, ""allowed_values"": null, ""observed_min"": null, ""observed_max"": null, ""attrs"": {}}]","[{""op"": ""resample"", ""params"": {""artifact"": 0, ""method"": ""bilinear"", ""target_resolution_m"": 6.666666666666667, ""evidence_of_new_information"": false}}]",REFUTED,"[{""code"": ""UNSUPPORTED_RESOLUTION_GAIN"", ""verdict"": ""REFUTED"", ""message"": ""Grid spacing improves 3.00x without evidence of new information."", ""step_index"": 0, ""evidence"": {""native_m"": 20, ""target_m"": 6.666666666666667}, ""repair"": null}]"
SGX3_DEVELOPMENT_unsupported_resolution_gain_009,development,compositional,unsupported_resolution_gain,PROVEN,no unsupported information gain,e5b42e5a99660acc3413211a67c959c0e80ea9fa240b29ae7cd8d2f489896cf0,"{""goal"": ""unsupported_resolution_gain"", ""required_quantity"": null, ""required_unit"": null, ""decision_time"": null, ""max_resolution_m"": null, ""requires_bare_earth"": false, ""requires_cloud_mask"": false, ""max_uncertainty"": null, ""temporal_tolerance_h"": null, ""required_value_range"": null}","[{""name"": ""raster"", ""quantity"": ""surface_property"", ""unit"": null, ""scale"": ""continuous"", ""crs"": ""EPSG:32643"", ""resolution_m"": 30, ""temporal_resolution_h"": null, ""processing_level"": null, ""surface_model"": null, ""vertical_datum"": null, ""acquisition_time"": null, ""available_time"": null, ""provenance"": ""authoritative-product"", ""band_role"": null, ""nodata_semantics"": null, ""uncertainty"": null, ""allowed_values"": null, ""observed_min"": null, ""observed_max"": null, ""attrs"": {}}]","[{""op"": ""resample"", ""params"": {""artifact"": 0, ""method"": ""bilinear"", ""target_resolution_m"": 60, ""evidence_of_new_information"": false}}]",PROVEN,[]
SGX3_DEVELOPMENT_unsupported_resolution_gain_010,development,compositional,unsupported_resolution_gain,REFUTED,interpolation presented as new physical detail,2a02d573bb86d5cefbfad3382fd453e53e0e7cd776b835a8a6f096639bd4b7bc,"{""goal"": ""unsupported_resolution_gain"", ""required_quantity"": null, ""required_unit"": null, ""decision_time"": null, ""max_resolution_m"": null, ""requires_bare_earth"": false, ""requires_cloud_mask"": false, ""max_uncertainty"": null, ""temporal_tolerance_h"": null, ""required_value_range"": null}","[{""name"": ""raster"", ""quantity"": ""surface_property"", ""unit"": null, ""scale"": ""continuous"", ""crs"": ""EPSG:32643"", ""resolution_m"": 100, ""temporal_resolution_h"": null, ""processing_level"": null, ""surface_model"": null, ""vertical_datum"": null, ""acquisition_time"": null, ""available_time"": null, ""provenance"": ""authoritative-product"", ""band_role"": null, ""nodata_semantics"": null, ""uncertainty"": null, ""allowed_values"": null, ""observed_min"": null, ""observed_max"": null, ""attrs"": {}}]","[{""op"": ""resample"", ""params"": {""artifact"": 0, ""method"": ""bilinear"", ""target_resolution_m"": 50.0, ""evidence_of_new_information"": false}}]",REFUTED,"[{""code"": ""UNSUPPORTED_RESOLUTION_GAIN"", ""verdict"": ""REFUTED"", ""message"": ""Grid spacing improves 2.00x without evidence of new information."", ""step_index"": 0, ""evidence"": {""native_m"": 100, ""target_m"": 50.0}, ""repair"": null}]"
SGX3_DEVELOPMENT_unsupported_resolution_gain_011,development,adversarial,unsupported_resolution_gain,PROVEN,no unsupported information gain,4c1561aa0114de647da4fa707c2282cd57d82417503959f4e27a21caab1ecaa6,"{""goal"": ""unsupported_resolution_gain"", ""required_quantity"": null, ""required_unit"": null, ""decision_time"": null, ""max_resolution_m"": null, ""requires_bare_earth"": false, ""requires_cloud_mask"": false, ""max_uncertainty"": null, ""temporal_tolerance_h"": null, ""required_value_range"": null}","[{""name"": ""raster"", ""quantity"": ""surface_property"", ""unit"": null, ""scale"": ""continuous"", ""crs"": ""EPSG:32643"", ""resolution_m"": 100, ""temporal_resolution_h"": null, ""processing_level"": null, ""surface_model"": null, ""vertical_datum"": null, ""acquisition_time"": null, ""available_time"": null, ""provenance"": ""authoritative-product"", ""band_role"": null, ""nodata_semantics"": null, ""uncertainty"": null, ""allowed_values"": null, ""observed_min"": null, ""observed_max"": null, ""attrs"": {}}]","[{""op"": ""resample"", ""params"": {""artifact"": 0, ""method"": ""bilinear"", ""target_resolution_m"": 300, ""evidence_of_new_information"": false}}]",PROVEN,[]
SGX3_DEVELOPMENT_unsupported_resolution_gain_012,development,compositional,unsupported_resolution_gain,PROVEN,no unsupported information gain,915f54f2bb2b8b598e506b00d02f178d2b555631b05d7443b8854ba357b0603f,"{""goal"": ""unsupported_resolution_gain"", ""required_quantity"": null, ""required_unit"": null, ""decision_time"": null, ""max_resolution_m"": null, ""requires_bare_earth"": false, ""requires_cloud_mask"": false, ""max_uncertainty"": null, ""temporal_tolerance_h"": null, ""required_value_range"": null}","[{""name"": ""raster"", ""quantity"": ""surface_property"", ""unit"": null, ""scale"": ""continuous"", ""crs"": ""EPSG:32643"", ""resolution_m"": 50, ""temporal_resolution_h"": null, ""processing_level"": null, ""surface_model"": null, ""vertical_datum"": null, ""acquisition_time"": null, ""available_time"": null, ""provenance"": ""authoritative-product"", ""band_role"": null, ""nodata_semantics"": null, ""uncertainty"": null, ""allowed_values"": null, ""observed_min"": null, ""observed_max"": null, ""attrs"": {}}]","[{""op"": ""resample"", ""params"": {""artifact"": 0, ""method"": ""bilinear"", ""target_resolution_m"": 100, ""evidence_of_new_information"": false}}]",PROVEN,[]
SGX3_DEVELOPMENT_unsupported_resolution_gain_013,development,adversarial,unsupported_resolution_gain,REFUTED,interpolation presented as new physical detail,7d7f4b0d83a167b8b39ba14c69586be543f5e07c1179915b0f34f7e48c167faf,"{""goal"": ""unsupported_resolution_gain"", ""required_quantity"": null, ""required_unit"": null, ""decision_time"": null, ""max_resolution_m"": null, ""requires_bare_earth"": false, ""requires_cloud_mask"": false, ""max_uncertainty"": null, ""temporal_tolerance_h"": null, ""required_value_range"": null}","[{""name"": ""raster"", ""quantity"": ""surface_property"", ""unit"": null, ""scale"": ""continuous"", ""crs"": ""EPSG:32643"", ""resolution_m"": 30, ""temporal_resolution_h"": null, ""processing_level"": null, ""surface_model"": null, ""vertical_datum"": null, ""acquisition_time"": null, ""available_time"": null, ""provenance"": ""authoritative-product"", ""band_role"": null, ""nodata_semantics"": null, ""uncertainty"": null, ""allowed_values"": null, ""observed_min"": null, ""observed_max"": null, ""attrs"": {}}]","[{""op"": ""resample"", ""params"": {""artifact"": 0, ""method"": ""bilinear"", ""target_resolution_m"": 7.5, ""evidence_of_new_information"": false}}]",REFUTED,"[{""code"": ""UNSUPPORTED_RESOLUTION_GAIN"", ""verdict"": ""REFUTED"", ""message"": ""Grid spacing improves 4.00x without evidence of new information."", ""step_index"": 0, ""evidence"": {""native_m"": 30, ""target_m"": 7.5}, ""repair"": null}]"
SGX3_DEVELOPMENT_unsupported_resolution_gain_014,development,compositional,unsupported_resolution_gain,REFUTED,interpolation presented as new physical detail,d2c5cc3e23d909ad6a473d9103ba4608d30118443e1aa15449e6b5bede595738,"{""goal"": ""unsupported_resolution_gain"", ""required_quantity"": null, ""required_unit"": null, ""decision_time"": null, ""max_resolution_m"": null, ""requires_bare_earth"": false, ""requires_cloud_mask"": false, ""max_uncertainty"": null, ""temporal_tolerance_h"": null, ""required_value_range"": null}","[{""name"": ""raster"", ""quantity"": ""surface_property"", ""unit"": null, ""scale"": ""continuous"", ""crs"": ""EPSG:32643"", ""resolution_m"": 20, ""temporal_resolution_h"": null, ""processing_level"": null, ""surface_model"": null, ""vertical_datum"": null, ""acquisition_time"": null, ""available_time"": null, ""provenance"": ""authoritative-product"", ""band_role"": null, ""nodata_semantics"": null, ""uncertainty"": null, ""allowed_values"": null, ""observed_min"": null, ""observed_max"": null, ""attrs"": {}}]","[{""op"": ""resample"", ""params"": {""artifact"": 0, ""method"": ""bilinear"", ""target_resolution_m"": 10.0, ""evidence_of_new_information"": false}}]",REFUTED,"[{""code"": ""UNSUPPORTED_RESOLUTION_GAIN"", ""verdict"": ""REFUTED"", ""message"": ""Grid spacing improves 2.00x without evidence of new information."", ""step_index"": 0, ""evidence"": {""native_m"": 20, ""target_m"": 10.0}, ""repair"": null}]"
SGX3_DEVELOPMENT_unsupported_resolution_gain_015,development,compositional,unsupported_resolution_gain,PROVEN,no unsupported information gain,7cf12952aff2d6bd05f010cc18553f78ad9e47ffedacb89317528ba43127d14a,"{""goal"": ""unsupported_resolution_gain"", ""required_quantity"": null, ""required_unit"": null, ""decision_time"": null, ""max_resolution_m"": null, ""requires_bare_earth"": false, ""requires_cloud_mask"": false, ""max_uncertainty"": null, ""temporal_tolerance_h"": null, ""required_value_range"": null}","[{""name"": ""raster"", ""quantity"": ""surface_property"", ""unit"": null, ""scale"": ""continuous"", ""crs"": ""EPSG:32643"", ""resolution_m"": 50, ""temporal_resolution_h"": null, ""processing_level"": null, ""surface_model"": null, ""vertical_datum"": null, ""acquisition_time"": null, ""available_time"": null, ""provenance"": ""authoritative-product"", ""band_role"": null, ""nodata_semantics"": null, ""uncertainty"": null, ""allowed_values"": null, ""observed_min"": null, ""observed_max"": null, ""attrs"": {}}]","[{""op"": ""resample"", ""params"": {""artifact"": 0, ""method"": ""bilinear"", ""target_resolution_m"": 150, ""evidence_of_new_information"": false}}]",PROVEN,[]
SGX3_HELDOUT-FAMILY_rate_sum_without_duration_000,heldout-family,adversarial,rate_sum_without_duration,REFUTED,sub-hourly rates summed without duration,24cd35caa43c7c8f06506976bf968d48b273bfebd15ff04b3c79684e566a6862,"{""goal"": ""rate_sum_without_duration"", ""required_quantity"": null, ""required_unit"": null, ""decision_time"": null, ""max_resolution_m"": null, ""requires_bare_earth"": false, ""requires_cloud_mask"": false, ""max_uncertainty"": null, ""temporal_tolerance_h"": null, ""required_value_range"": null}","[{""name"": ""precip-rate"", ""quantity"": ""precipitation_rate"", ""unit"": ""mm/h"", ""scale"": ""continuous"", ""crs"": ""EPSG:4326"", ""resolution_m"": 10000, ""temporal_resolution_h"": 0.1, ""processing_level"": null, ""surface_model"": null, ""vertical_datum"": null, ""acquisition_time"": null, ""available_time"": null, ""provenance"": ""authoritative-product"", ""band_role"": null, ""nodata_semantics"": null, ""uncertainty"": null, ""allowed_values"": null, ""observed_min"": null, ""observed_max"": null, ""attrs"": {}}]","[{""op"": ""temporal_aggregate"", ""params"": {""artifact"": 0, ""method"": ""sum"", ""sample_duration_h"": 0.1, ""declared_quantity"": ""accumulation""}}]",REFUTED,"[{""code"": ""RATE_SUM_WITHOUT_DURATION"", ""verdict"": ""REFUTED"", ""message"": ""Sub-hourly rates are summed without multiplying by interval duration."", ""step_index"": 0, ""evidence"": {""sample_duration_h"": 0.1}, ""repair"": null}]"
SGX3_HELDOUT-FAMILY_rate_sum_without_duration_001,heldout-family,compositional,rate_sum_without_duration,PROVEN,duration-aware integration,fd080862c2c1d57f31f67509124d8d9a9423a8b05f7c59770232894293fef101,"{""goal"": ""rate_sum_without_duration"", ""required_quantity"": null, ""required_unit"": null, ""decision_time"": null, ""max_resolution_m"": null, ""requires_bare_earth"": false, ""requires_cloud_mask"": false, ""max_uncertainty"": null, ""temporal_tolerance_h"": null, ""required_value_range"": null}","[{""name"": ""precip-rate"", ""quantity"": ""precipitation_rate"", ""unit"": ""mm/h"", ""scale"": ""continuous"", ""crs"": ""EPSG:4326"", ""resolution_m"": 10000, ""temporal_resolution_h"": 0.25, ""processing_level"": null, ""surface_model"": null, ""vertical_datum"": null, ""acquisition_time"": null, ""available_time"": null, ""provenance"": ""authoritative-product"", ""band_role"": null, ""nodata_semantics"": null, ""uncertainty"": null, ""allowed_values"": null, ""observed_min"": null, ""observed_max"": null, ""attrs"": {}}]","[{""op"": ""temporal_aggregate"", ""params"": {""artifact"": 0, ""method"": ""integrate"", ""sample_duration_h"": 0.25, ""declared_quantity"": ""accumulation""}}]",PROVEN,[]
SGX3_HELDOUT-FAMILY_rate_sum_without_duration_002,heldout-family,compositional,rate_sum_without_duration,REFUTED,sub-hourly rates summed without duration,7f1dd432c655b7a5037a0f7bc2c56511d035994c273c83d55dda78ccf276ab16,"{""goal"": ""rate_sum_without_duration"", ""required_quantity"": null, ""required_unit"": null, ""decision_time"": null, ""max_resolution_m"": null, ""requires_bare_earth"": false, ""requires_cloud_mask"": false, ""max_uncertainty"": null, ""temporal_tolerance_h"": null, ""required_value_range"": null}","[{""name"": ""precip-rate"", ""quantity"": ""precipitation_rate"", ""unit"": ""mm/h"", ""scale"": ""continuous"", ""crs"": ""EPSG:4326"", ""resolution_m"": 10000, ""temporal_resolution_h"": 0.5, ""processing_level"": null, ""surface_model"": null, ""vertical_datum"": null, ""acquisition_time"": null, ""available_time"": null, ""provenance"": ""authoritative-product"", ""band_role"": null, ""nodata_semantics"": null, ""uncertainty"": null, ""allowed_values"": null, ""observed_min"": null, ""observed_max"": null, ""attrs"": {}}]","[{""op"": ""temporal_aggregate"", ""params"": {""artifact"": 0, ""method"": ""sum"", ""sample_duration_h"": 0.5, ""declared_quantity"": ""accumulation""}}]",REFUTED,"[{""code"": ""RATE_SUM_WITHOUT_DURATION"", ""verdict"": ""REFUTED"", ""message"": ""Sub-hourly rates are summed without multiplying by interval duration."", ""step_index"": 0, ""evidence"": {""sample_duration_h"": 0.5}, ""repair"": null}]"
SGX3_HELDOUT-FAMILY_rate_sum_without_duration_003,heldout-family,atomic,rate_sum_without_duration,REFUTED,sub-hourly rates summed without duration,9882ce163d7f7a20c5d00da4df25c31cd6ec439b760d57b029a4409f8c1a9371,"{""goal"": ""rate_sum_without_duration"", ""required_quantity"": null, ""required_unit"": null, ""decision_time"": null, ""max_resolution_m"": null, ""requires_bare_earth"": false, ""requires_cloud_mask"": false, ""max_uncertainty"": null, ""temporal_tolerance_h"": null, ""required_value_range"": null}","[{""name"": ""precip-rate"", ""quantity"": ""precipitation_rate"", ""unit"": ""mm/h"", ""scale"": ""continuous"", ""crs"": ""EPSG:4326"", ""resolution_m"": 10000, ""temporal_resolution_h"": 0.25, ""processing_level"": null, ""surface_model"": null, ""vertical_datum"": null, ""acquisition_time"": null, ""available_time"": null, ""provenance"": ""authoritative-product"", ""band_role"": null, ""nodata_semantics"": null, ""uncertainty"": null, ""allowed_values"": null, ""observed_min"": null, ""observed_max"": null, ""attrs"": {}}]","[{""op"": ""temporal_aggregate"", ""params"": {""artifact"": 0, ""method"": ""sum"", ""sample_duration_h"": 0.25, ""declared_quantity"": ""accumulation""}}]",REFUTED,"[{""code"": ""RATE_SUM_WITHOUT_DURATION"", ""verdict"": ""REFUTED"", ""message"": ""Sub-hourly rates are summed without multiplying by interval duration."", ""step_index"": 0, ""evidence"": {""sample_duration_h"": 0.25}, ""repair"": null}]"
SGX3_HELDOUT-FAMILY_rate_sum_without_duration_004,heldout-family,atomic,rate_sum_without_duration,PROVEN,duration-aware integration,518b34eacb44254cc88391fd8db14f4f94f25bc39d3bea42444e23ea037d01c9,"{""goal"": ""rate_sum_without_duration"", ""required_quantity"": null, ""required_unit"": null, ""decision_time"": null, ""max_resolution_m"": null, ""requires_bare_earth"": false, ""requires_cloud_mask"": false, ""max_uncertainty"": null, ""temporal_tolerance_h"": null, ""required_value_range"": null}","[{""name"": ""precip-rate"", ""quantity"": ""precipitation_rate"", ""unit"": ""mm/h"", ""scale"": ""continuous"", ""crs"": ""EPSG:4326"", ""resolution_m"": 10000, ""temporal_resolution_h"": 0.5, ""processing_level"": null, ""surface_model"": null, ""vertical_datum"": null, ""acquisition_time"": null, ""available_time"": null, ""provenance"": ""authoritative-product"", ""band_role"": null, ""nodata_semantics"": null, ""uncertainty"": null, ""allowed_values"": null, ""observed_min"": null, ""observed_max"": null, ""attrs"": {}}]","[{""op"": ""temporal_aggregate"", ""params"": {""artifact"": 0, ""method"": ""integrate"", ""sample_duration_h"": 0.5, ""declared_quantity"": ""accumulation""}}]",PROVEN,[]
SGX3_HELDOUT-FAMILY_rate_sum_without_duration_005,heldout-family,compositional,rate_sum_without_duration,PROVEN,duration-aware integration,94320f9f2a423780ab75cdc7207123fa5269ff7d78cc3b634295b0e5adaf942b,"{""goal"": ""rate_sum_without_duration"", ""required_quantity"": null, ""required_unit"": null, ""decision_time"": null, ""max_resolution_m"": null, ""requires_bare_earth"": false, ""requires_cloud_mask"": false, ""max_uncertainty"": null, ""temporal_tolerance_h"": null, ""required_value_range"": null}","[{""name"": ""precip-rate"", ""quantity"": ""precipitation_rate"", ""unit"": ""mm/h"", ""scale"": ""continuous"", ""crs"": ""EPSG:4326"", ""resolution_m"": 10000, ""temporal_resolution_h"": 0.1, ""processing_level"": null, ""surface_model"": null, ""vertical_datum"": null, ""acquisition_time"": null, ""available_time"": null, ""provenance"": ""authoritative-product"", ""band_role"": null, ""nodata_semantics"": null, ""uncertainty"": null, ""allowed_values"": null, ""observed_min"": null, ""observed_max"": null, ""attrs"": {}}]","[{""op"": ""temporal_aggregate"", ""params"": {""artifact"": 0, ""method"": ""integrate"", ""sample_duration_h"": 0.1, ""declared_quantity"": ""accumulation""}}]",PROVEN,[]
SGX3_HELDOUT-FAMILY_vertical_datum_mismatch_000,heldout-family,adversarial,vertical_datum_mismatch,REFUTED,incompatible vertical datums,993a3c31a73f207957384e27fd5e1cff510ba3142265e692cbcf09c3c2e6cb1d,"{""goal"": ""vertical_datum_mismatch"", ""required_quantity"": null, ""required_unit"": null, ""decision_time"": null, ""max_resolution_m"": null, ""requires_bare_earth"": false, ""requires_cloud_mask"": false, ""max_uncertainty"": null, ""temporal_tolerance_h"": null, ""required_value_range"": null}","[{""name"": ""terrain"", ""quantity"": ""elevation"", ""unit"": ""m"", ""scale"": ""continuous"", ""crs"": ""EPSG:32643"", ""resolution_m"": 10.0, ""temporal_resolution_h"": null, ""processing_level"": null, ""surface_model"": null, ""vertical_datum"": ""EGM2008"", ""acquisition_time"": null, ""available_time"": null, ""provenance"": ""authoritative-product"", ""band_role"": null, ""nodata_semantics"": null, ""uncertainty"": null, ""allowed_values"": null, ""observed_min"": null, ""observed_max"": null, ""attrs"": {}}, {""name"": ""water"", ""quantity"": ""water_level"", ""unit"": ""m"", ""scale"": ""continuous"", ""crs"": ""EPSG:32643"", ""resolution_m"": 10.0, ""temporal_resolution_h"": null, ""processing_level"": null, ""surface_model"": null, ""vertical_datum"": ""EGM96"", ""acquisition_time"": null, ""available_time"": null, ""provenance"": ""authoritative-product"", ""band_role"": null, ""nodata_semantics"": null, ""uncertainty"": null, ""allowed_values"": null, ""observed_min"": null, ""observed_max"": null, ""attrs"": {}}]","[{""op"": ""combine_vertical"", ""params"": {""a"": 0, ""b"": 1}}]",REFUTED,"[{""code"": ""VERTICAL_DATUM_MISMATCH"", ""verdict"": ""REFUTED"", ""message"": ""Vertical quantities use incompatible datums."", ""step_index"": 0, ""evidence"": {""a"": ""EGM2008"", ""b"": ""EGM96""}, ""repair"": null}]"
SGX3_HELDOUT-FAMILY_vertical_datum_mismatch_001,heldout-family,compositional,vertical_datum_mismatch,PROVEN,compatible vertical datums,1ac7340ad475003ca40ff917fcc40f958869ec99f83614936e2e6147b6de76d6,"{""goal"": ""vertical_datum_mismatch"", ""required_quantity"": null, ""required_unit"": null, ""decision_time"": null, ""max_resolution_m"": null, ""requires_bare_earth"": false, ""requires_cloud_mask"": false, ""max_uncertainty"": null, ""temporal_tolerance_h"": null, ""required_value_range"": null}","[{""name"": ""terrain"", ""quantity"": ""elevation"", ""unit"": ""m"", ""scale"": ""continuous"", ""crs"": ""EPSG:32643"", ""resolution_m"": 10.0, ""temporal_resolution_h"": null, ""processing_level"": null, ""surface_model"": null, ""vertical_datum"": ""EGM2008"", ""acquisition_time"": null, ""available_time"": null, ""provenance"": ""authoritative-product"", ""band_role"": null, ""nodata_semantics"": null, ""uncertainty"": null, ""allowed_values"": null, ""observed_min"": null, ""observed_max"": null, ""attrs"": {}}, {""name"": ""water"", ""quantity"": ""water_level"", ""unit"": ""m"", ""scale"": ""continuous"", ""crs"": ""EPSG:32643"", ""resolution_m"": 10.0, ""temporal_resolution_h"": null, ""processing_level"": null, ""surface_model"": null, ""vertical_datum"": ""EGM2008"", ""acquisition_time"": null, ""available_time"": null, ""provenance"": ""authoritative-product"", ""band_role"": null, ""nodata_semantics"": null, ""uncertainty"": null, ""allowed_values"": null, ""observed_min"": null, ""observed_max"": null, ""attrs"": {}}]","[{""op"": ""combine_vertical"", ""params"": {""a"": 0, ""b"": 1}}]",PROVEN,[]
SGX3_HELDOUT-FAMILY_vertical_datum_mismatch_002,heldout-family,atomic,vertical_datum_mismatch,REFUTED,incompatible vertical datums,6d06856fadb0436b608b48fcec8a794dacde9859dd3859978541a5f319d64b97,"{""goal"": ""vertical_datum_mismatch"", ""required_quantity"": null, ""required_unit"": null, ""decision_time"": null, ""max_resolution_m"": null, ""requires_bare_earth"": false, ""requires_cloud_mask"": false, ""max_uncertainty"": null, ""temporal_tolerance_h"": null, ""required_value_range"": null}","[{""name"": ""terrain"", ""quantity"": ""elevation"", ""unit"": ""m"", ""scale"": ""continuous"", ""crs"": ""EPSG:32643"", ""resolution_m"": 10.0, ""temporal_resolution_h"": null, ""processing_level"": null, ""surface_model"": null, ""vertical_datum"": ""EGM2008"", ""acquisition_time"": null, ""available_time"": null, ""provenance"": ""authoritative-product"", ""band_role"": null, ""nodata_semantics"": null, ""uncertainty"": null, ""allowed_values"": null, ""observed_min"": null, ""observed_max"": null, ""attrs"": {}}, {""name"": ""water"", ""quantity"": ""water_level"", ""unit"": ""m"", ""scale"": ""continuous"", ""crs"": ""EPSG:32643"", ""resolution_m"": 10.0, ""temporal_resolution_h"": null, ""processing_level"": null, ""surface_model"": null, ""vertical_datum"": ""WGS84_ellipsoid"", ""acquisition_time"": null, ""available_time"": null, ""provenance"": ""authoritative-product"", ""band_role"": null, ""nodata_semantics"": null, ""uncertainty"": null, ""allowed_values"": null, ""observed_min"": null, ""observed_max"": null, ""attrs"": {}}]","[{""op"": ""combine_vertical"", ""params"": {""a"": 0, ""b"": 1}}]",REFUTED,"[{""code"": ""VERTICAL_DATUM_MISMATCH"", ""verdict"": ""REFUTED"", ""message"": ""Vertical quantities use incompatible datums."", ""step_index"": 0, ""evidence"": {""a"": ""EGM2008"", ""b"": ""WGS84_ellipsoid""}, ""repair"": null}]"
SGX3_HELDOUT-FAMILY_vertical_datum_unknown_000,heldout-family,compositional,vertical_datum_unknown,UNPROVEN,vertical datum missing,8713f337fbd50a6d68c694db506e209d0985bb195f67a69f43152ab350394780,"{""goal"": ""vertical_datum_unknown"", ""required_quantity"": null, ""required_unit"": null, ""decision_time"": null, ""max_resolution_m"": null, ""requires_bare_earth"": false, ""requires_cloud_mask"": false, ""max_uncertainty"": null, ""temporal_tolerance_h"": null, ""required_value_range"": null}","[{""name"": ""terrain"", ""quantity"": ""elevation"", ""unit"": ""m"", ""scale"": ""continuous"", ""crs"": ""EPSG:32643"", ""resolution_m"": 10.0, ""temporal_resolution_h"": null, ""processing_level"": null, ""surface_model"": null, ""vertical_datum"": ""EGM2008"", ""acquisition_time"": null, ""available_time"": null, ""provenance"": ""authoritative-product"", ""band_role"": null, ""nodata_semantics"": null, ""uncertainty"": null, ""allowed_values"": null, ""observed_min"": null, ""observed_max"": null, ""attrs"": {}}, {""name"": ""water"", ""quantity"": ""water_level"", ""unit"": ""m"", ""scale"": ""continuous"", ""crs"": ""EPSG:32643"", ""resolution_m"": 10.0, ""temporal_resolution_h"": null, ""processing_level"": null, ""surface_model"": null, ""vertical_datum"": null, ""acquisition_time"": null, ""available_time"": null, ""provenance"": ""authoritative-product"", ""band_role"": null, ""nodata_semantics"": null, ""uncertainty"": null, ""allowed_values"": null, ""observed_min"": null, ""observed_max"": null, ""attrs"": {}}]","[{""op"": ""combine_vertical"", ""params"": {""a"": 0, ""b"": 1}}]",UNPROVEN,"[{""code"": ""VERTICAL_DATUM_UNKNOWN"", ""verdict"": ""UNPROVEN"", ""message"": ""Vertical-datum compatibility cannot be established."", ""step_index"": 0, ""evidence"": {}, ""repair"": null}]"
SGX3_HELDOUT-FAMILY_vertical_datum_unknown_001,heldout-family,compositional,vertical_datum_unknown,PROVEN,compatible vertical datums,aee5dcc1ad5911d0cf1b4bfff67886dc12f138df0e0ed7fdeaf78cfdf0521e9d,"{""goal"": ""vertical_datum_unknown"", ""required_quantity"": null, ""required_unit"": null, ""decision_time"": null, ""max_resolution_m"": null, ""requires_bare_earth"": false, ""requires_cloud_mask"": false, ""max_uncertainty"": null, ""temporal_tolerance_h"": null, ""required_value_range"": null}","[{""name"": ""terrain"", ""quantity"": ""elevation"", ""unit"": ""m"", ""scale"": ""continuous"", ""crs"": ""EPSG:32643"", ""resolution_m"": 10.0, ""temporal_resolution_h"": null, ""processing_level"": null, ""surface_model"": null, ""vertical_datum"": ""EGM2008"", ""acquisition_time"": null, ""available_time"": null, ""provenance"": ""authoritative-product"", ""band_role"": null, ""nodata_semantics"": null, ""uncertainty"": null, ""allowed_values"": null, ""observed_min"": null, ""observed_max"": null, ""attrs"": {}}, {""name"": ""water"", ""quantity"": ""water_level"", ""unit"": ""m"", ""scale"": ""continuous"", ""crs"": ""EPSG:32643"", ""resolution_m"": 10.0, ""temporal_resolution_h"": null, ""processing_level"": null, ""surface_model"": null, ""vertical_datum"": ""EGM2008"", ""acquisition_time"": null, ""available_time"": null, ""provenance"": ""authoritative-product"", ""band_role"": null, ""nodata_semantics"": null, ""uncertainty"": null, ""allowed_values"": null, ""observed_min"": null, ""observed_max"": null, ""attrs"": {}}]","[{""op"": ""combine_vertical"", ""params"": {""a"": 0, ""b"": 1}}]",PROVEN,[]
SGX3_HELDOUT-FAMILY_multisensor_time_mismatch_000,heldout-family,adversarial,multisensor_time_mismatch,REFUTED,sensor dates exceed declared tolerance,69422c10394072185ce1647c6a52e85bfabe26a23fcbc0bff0827ae67ef56cc8,"{""goal"": ""multisensor_time_mismatch"", ""required_quantity"": null, ""required_unit"": null, ""decision_time"": null, ""max_resolution_m"": null, ""requires_bare_earth"": false, ""requires_cloud_mask"": false, ""max_uncertainty"": null, ""temporal_tolerance_h"": null, ""required_value_range"": null}","[{""name"": ""S1"", ""quantity"": ""backscatter"", ""unit"": null, ""scale"": ""continuous"", ""crs"": ""EPSG:32643"", ""resolution_m"": 10.0, ""temporal_resolution_h"": null, ""processing_level"": null, ""surface_model"": null, ""vertical_datum"": null, ""acquisition_time"": ""2024-07-01T10:00:00+00:00"", ""available_time"": null, ""provenance"": ""authoritative-product"", ""band_role"": null, ""nodata_semantics"": null, ""uncertainty"": null, ""allowed_values"": null, ""observed_min"": null, ""observed_max"": null, ""attrs"": {}}, {""name"": ""S2"", ""quantity"": ""reflectance"", ""unit"": null, ""scale"": ""continuous"", ""crs"": ""EPSG:32643"", ""resolution_m"": 10.0, ""temporal_resolution_h"": null, ""processing_level"": null, ""surface_model"": null, ""vertical_datum"": null, ""acquisition_time"": ""2024-07-04T07:00:00+00:00"", ""available_time"": null, ""provenance"": ""authoritative-product"", ""band_role"": null, ""nodata_semantics"": null, ""uncertainty"": null, ""allowed_values"": null, ""observed_min"": null, ""observed_max"": null, ""attrs"": {}}]","[{""op"": ""compare_sensors"", ""params"": {""a"": 0, ""b"": 1, ""tolerance_h"": 6}}]",REFUTED,"[{""code"": ""MULTISENSOR_TIME_MISMATCH"", ""verdict"": ""REFUTED"", ""message"": ""Acquisition gap exceeds the declared scientific tolerance."", ""step_index"": 0, ""evidence"": {""gap_h"": 69.0, ""tolerance_h"": 6.0}, ""repair"": null}]"
SGX3_HELDOUT-FAMILY_multisensor_time_mismatch_001,heldout-family,compositional,multisensor_time_mismatch,REFUTED,sensor dates exceed declared tolerance,c83f1eaceeeabbef373237bf7427cfd3fb4bfe8904912543f85aa929b247555f,"{""goal"": ""multisensor_time_mismatch"", ""required_quantity"": null, ""required_unit"": null, ""decision_time"": null, ""max_resolution_m"": null, ""requires_bare_earth"": false, ""requires_cloud_mask"": false, ""max_uncertainty"": null, ""temporal_tolerance_h"": null, ""required_value_range"": null}","[{""name"": ""S1"", ""quantity"": ""backscatter"", ""unit"": null, ""scale"": ""continuous"", ""crs"": ""EPSG:32643"", ""resolution_m"": 10.0, ""temporal_resolution_h"": null, ""processing_level"": null, ""surface_model"": null, ""vertical_datum"": null, ""acquisition_time"": ""2024-07-01T10:00:00+00:00"", ""available_time"": null, ""provenance"": ""authoritative-product"", ""band_role"": null, ""nodata_semantics"": null, ""uncertainty"": null, ""allowed_values"": null, ""observed_min"": null, ""observed_max"": null, ""attrs"": {}}, {""name"": ""S2"", ""quantity"": ""reflectance"", ""unit"": null, ""scale"": ""continuous"", ""crs"": ""EPSG:32643"", ""resolution_m"": 10.0, ""temporal_resolution_h"": null, ""processing_level"": null, ""surface_model"": null, ""vertical_datum"": null, ""acquisition_time"": ""2024-07-03T08:00:00+00:00"", ""available_time"": null, ""provenance"": ""authoritative-product"", ""band_role"": null, ""nodata_semantics"": null, ""uncertainty"": null, ""allowed_values"": null, ""observed_min"": null, ""observed_max"": null, ""attrs"": {}}]","[{""op"": ""compare_sensors"", ""params"": {""a"": 0, ""b"": 1, ""tolerance_h"": 24}}]",REFUTED,"[{""code"": ""MULTISENSOR_TIME_MISMATCH"", ""verdict"": ""REFUTED"", ""message"": ""Acquisition gap exceeds the declared scientific tolerance."", ""step_index"": 0, ""evidence"": {""gap_h"": 46.0, ""tolerance_h"": 24.0}, ""repair"": null}]"
SGX3_HELDOUT-FAMILY_multisensor_time_mismatch_002,heldout-family,atomic,multisensor_time_mismatch,REFUTED,sensor dates exceed declared tolerance,37032f1ffb49872ef89e09d7415d34a71c3dc1568fb3f417403393df2d92c5c5,"{""goal"": ""multisensor_time_mismatch"", ""required_quantity"": null, ""required_unit"": null, ""decision_time"": null, ""max_resolution_m"": null, ""requires_bare_earth"": false, ""requires_cloud_mask"": false, ""max_uncertainty"": null, ""temporal_tolerance_h"": null, ""required_value_range"": null}","[{""name"": ""S1"", ""quantity"": ""backscatter"", ""unit"": null, ""scale"": ""continuous"", ""crs"": ""EPSG:32643"", ""resolution_m"": 10.0, ""temporal_resolution_h"": null, ""processing_level"": null, ""surface_model"": null, ""vertical_datum"": null, ""acquisition_time"": ""2024-07-01T10:00:00+00:00"", ""available_time"": null, ""provenance"": ""authoritative-product"", ""band_role"": null, ""nodata_semantics"": null, ""uncertainty"": null, ""allowed_values"": null, ""observed_min"": null, ""observed_max"": null, ""attrs"": {}}, {""name"": ""S2"", ""quantity"": ""reflectance"", ""unit"": null, ""scale"": ""continuous"", ""crs"": ""EPSG:32643"", ""resolution_m"": 10.0, ""temporal_resolution_h"": null, ""processing_level"": null, ""surface_model"": null, ""vertical_datum"": null, ""acquisition_time"": ""2024-07-04T17:00:00+00:00"", ""available_time"": null, ""provenance"": ""authoritative-product"", ""band_role"": null, ""nodata_semantics"": null, ""uncertainty"": null, ""allowed_values"": null, ""observed_min"": null, ""observed_max"": null, ""attrs"": {}}]","[{""op"": ""compare_sensors"", ""params"": {""a"": 0, ""b"": 1, ""tolerance_h"": 24}}]",REFUTED,"[{""code"": ""MULTISENSOR_TIME_MISMATCH"", ""verdict"": ""REFUTED"", ""message"": ""Acquisition gap exceeds the declared scientific tolerance."", ""step_index"": 0, ""evidence"": {""gap_h"": 79.0, ""tolerance_h"": 24.0}, ""repair"": null}]"
SGX3_HELDOUT-FAMILY_multisensor_time_mismatch_003,heldout-family,adversarial,multisensor_time_mismatch,PROVEN,sensor dates within declared tolerance,835ab56a87de178ea15f615e913a59b7951995608873922e5c3c99a0017a4473,"{""goal"": ""multisensor_time_mismatch"", ""required_quantity"": null, ""required_unit"": null, ""decision_time"": null, ""max_resolution_m"": null, ""requires_bare_earth"": false, ""requires_cloud_mask"": false, ""max_uncertainty"": null, ""temporal_tolerance_h"": null, ""required_value_range"": null}","[{""name"": ""S1"", ""quantity"": ""backscatter"", ""unit"": null, ""scale"": ""continuous"", ""crs"": ""EPSG:32643"", ""resolution_m"": 10.0, ""temporal_resolution_h"": null, ""processing_level"": null, ""surface_model"": null, ""vertical_datum"": null, ""acquisition_time"": ""2024-07-01T10:00:00+00:00"", ""available_time"": null, ""provenance"": ""authoritative-product"", ""band_role"": null, ""nodata_semantics"": null, ""uncertainty"": null, ""allowed_values"": null, ""observed_min"": null, ""observed_max"": null, ""attrs"": {}}, {""name"": ""S2"", ""quantity"": ""reflectance"", ""unit"": null, ""scale"": ""continuous"", ""crs"": ""EPSG:32643"", ""resolution_m"": 10.0, ""temporal_resolution_h"": null, ""processing_level"": null, ""surface_model"": null, ""vertical_datum"": null, ""acquisition_time"": ""2024-07-01T14:00:00+00:00"", ""available_time"": null, ""provenance"": ""authoritative-product"", ""band_role"": null, ""nodata_semantics"": null, ""uncertainty"": null, ""allowed_values"": null, ""observed_min"": null, ""observed_max"": null, ""attrs"": {}}]","[{""op"": ""compare_sensors"", ""params"": {""a"": 0, ""b"": 1, ""tolerance_h"": 6}}]",PROVEN,[]
SGX3_HELDOUT-FAMILY_multisensor_time_mismatch_004,heldout-family,atomic,multisensor_time_mismatch,PROVEN,sensor dates within declared tolerance,68abe229b1f57f98e3f919bffbb756cf4b84811146e92cc4f7ce9a6be2dbc715,"{""goal"": ""multisensor_time_mismatch"", ""required_quantity"": null, ""required_unit"": null, ""decision_time"": null, ""max_resolution_m"": null, ""requires_bare_earth"": false, ""requires_cloud_mask"": false, ""max_uncertainty"": null, ""temporal_tolerance_h"": null, ""required_value_range"": null}","[{""name"": ""S1"", ""quantity"": ""backscatter"", ""unit"": null, ""scale"": ""continuous"", ""crs"": ""EPSG:32643"", ""resolution_m"": 10.0, ""temporal_resolution_h"": null, ""processing_level"": null, ""surface_model"": null, ""vertical_datum"": null, ""acquisition_time"": ""2024-07-01T10:00:00+00:00"", ""available_time"": null, ""provenance"": ""authoritative-product"", ""band_role"": null, ""nodata_semantics"": null, ""uncertainty"": null, ""allowed_values"": null, ""observed_min"": null, ""observed_max"": null, ""attrs"": {}}, {""name"": ""S2"", ""quantity"": ""reflectance"", ""unit"": null, ""scale"": ""continuous"", ""crs"": ""EPSG:32643"", ""resolution_m"": 10.0, ""temporal_resolution_h"": null, ""processing_level"": null, ""surface_model"": null, ""vertical_datum"": null, ""acquisition_time"": ""2024-07-01T19:00:00+00:00"", ""available_time"": null, ""provenance"": ""authoritative-product"", ""band_role"": null, ""nodata_semantics"": null, ""uncertainty"": null, ""allowed_values"": null, ""observed_min"": null, ""observed_max"": null, ""attrs"": {}}]","[{""op"": ""compare_sensors"", ""params"": {""a"": 0, ""b"": 1, ""tolerance_h"": 12}}]",PROVEN,[]
SGX3_HELDOUT-FAMILY_multisensor_time_mismatch_005,heldout-family,atomic,multisensor_time_mismatch,REFUTED,sensor dates exceed declared tolerance,2b863a9846877481e2153b092fb51579964b7b5d1d5c70117033642a265b0fd7,"{""goal"": ""multisensor_time_mismatch"", ""required_quantity"": null, ""required_unit"": null, ""decision_time"": null, ""max_resolution_m"": null, ""requires_bare_earth"": false, ""requires_cloud_mask"": false, ""max_uncertainty"": null, ""temporal_tolerance_h"": null, ""required_value_range"": null}","[{""name"": ""S1"", ""quantity"": ""backscatter"", ""unit"": null, ""scale"": ""continuous"", ""crs"": ""EPSG:32643"", ""resolution_m"": 10.0, ""temporal_resolution_h"": null, ""processing_level"": null, ""surface_model"": null, ""vertical_datum"": null, ""acquisition_time"": ""2024-07-01T10:00:00+00:00"", ""available_time"": null, ""provenance"": ""authoritative-product"", ""band_role"": null, ""nodata_semantics"": null, ""uncertainty"": null, ""allowed_values"": null, ""observed_min"": null, ""observed_max"": null, ""attrs"": {}}, {""name"": ""S2"", ""quantity"": ""reflectance"", ""unit"": null, ""scale"": ""continuous"", ""crs"": ""EPSG:32643"", ""resolution_m"": 10.0, ""temporal_resolution_h"": null, ""processing_level"": null, ""surface_model"": null, ""vertical_datum"": null, ""acquisition_time"": ""2024-07-04T18:00:00+00:00"", ""available_time"": null, ""provenance"": ""authoritative-product"", ""band_role"": null, ""nodata_semantics"": null, ""uncertainty"": null, ""allowed_values"": null, ""observed_min"": null, ""observed_max"": null, ""attrs"": {}}]","[{""op"": ""compare_sensors"", ""params"": {""a"": 0, ""b"": 1, ""tolerance_h"": 12}}]",REFUTED,"[{""code"": ""MULTISENSOR_TIME_MISMATCH"", ""verdict"": ""REFUTED"", ""message"": ""Acquisition gap exceeds the declared scientific tolerance."", ""step_index"": 0, ""evidence"": {""gap_h"": 80.0, ""tolerance_h"": 12.0}, ""repair"": null}]"
SGX3_HELDOUT-FAMILY_multisensor_time_mismatch_006,heldout-family,adversarial,multisensor_time_mismatch,REFUTED,sensor dates exceed declared tolerance,aec38ccc95dece0e9a84eeb4eba7c394fa9b39db1b8485a1b1b8b87222035ec2,"{""goal"": ""multisensor_time_mismatch"", ""required_quantity"": null, ""required_unit"": null, ""decision_time"": null, ""max_resolution_m"": null, ""requires_bare_earth"": false, ""requires_cloud_mask"": false, ""max_uncertainty"": null, ""temporal_tolerance_h"": null, ""required_value_range"": null}","[{""name"": ""S1"", ""quantity"": ""backscatter"", ""unit"": null, ""scale"": ""continuous"", ""crs"": ""EPSG:32643"", ""resolution_m"": 10.0, ""temporal_resolution_h"": null, ""processing_level"": null, ""surface_model"": null, ""vertical_datum"": null, ""acquisition_time"": ""2024-07-01T10:00:00+00:00"", ""available_time"": null, ""provenance"": ""authoritative-product"", ""band_role"": null, ""nodata_semantics"": null, ""uncertainty"": null, ""allowed_values"": null, ""observed_min"": null, ""observed_max"": null, ""attrs"": {}}, {""name"": ""S2"", ""quantity"": ""reflectance"", ""unit"": null, ""scale"": ""continuous"", ""crs"": ""EPSG:32643"", ""resolution_m"": 10.0, ""temporal_resolution_h"": null, ""processing_level"": null, ""surface_model"": null, ""vertical_datum"": null, ""acquisition_time"": ""2024-07-02T17:00:00+00:00"", ""available_time"": null, ""provenance"": ""authoritative-product"", ""band_role"": null, ""nodata_semantics"": null, ""uncertainty"": null, ""allowed_values"": null, ""observed_min"": null, ""observed_max"": null, ""attrs"": {}}]","[{""op"": ""compare_sensors"", ""params"": {""a"": 0, ""b"": 1, ""tolerance_h"": 24}}]",REFUTED,"[{""code"": ""MULTISENSOR_TIME_MISMATCH"", ""verdict"": ""REFUTED"", ""message"": ""Acquisition gap exceeds the declared scientific tolerance."", ""step_index"": 0, ""evidence"": {""gap_h"": 31.0, ""tolerance_h"": 24.0}, ""repair"": null}]"
SGX3_HELDOUT-FAMILY_multisensor_time_mismatch_007,heldout-family,compositional,multisensor_time_mismatch,PROVEN,sensor dates within declared tolerance,64b47e5c2dce74bc11fa7af09ac00c2c9c6032ddb4b72c4e2775c96c82f70155,"{""goal"": ""multisensor_time_mismatch"", ""required_quantity"": null, ""required_unit"": null, ""decision_time"": null, ""max_resolution_m"": null, ""requires_bare_earth"": false, ""requires_cloud_mask"": false, ""max_uncertainty"": null, ""temporal_tolerance_h"": null, ""required_value_range"": null}","[{""name"": ""S1"", ""quantity"": ""backscatter"", ""unit"": null, ""scale"": ""continuous"", ""crs"": ""EPSG:32643"", ""resolution_m"": 10.0, ""temporal_resolution_h"": null, ""processing_level"": null, ""surface_model"": null, ""vertical_datum"": null, ""acquisition_time"": ""2024-07-01T10:00:00+00:00"", ""available_time"": null, ""provenance"": ""authoritative-product"", ""band_role"": null, ""nodata_semantics"": null, ""uncertainty"": null, ""allowed_values"": null, ""observed_min"": null, ""observed_max"": null, ""attrs"": {}}, {""name"": ""S2"", ""quantity"": ""reflectance"", ""unit"": null, ""scale"": ""continuous"", ""crs"": ""EPSG:32643"", ""resolution_m"": 10.0, ""temporal_resolution_h"": null, ""processing_level"": null, ""surface_model"": null, ""vertical_datum"": null, ""acquisition_time"": ""2024-07-01T10:00:00+00:00"", ""available_time"": null, ""provenance"": ""authoritative-product"", ""band_role"": null, ""nodata_semantics"": null, ""uncertainty"": null, ""allowed_values"": null, ""observed_min"": null, ""observed_max"": null, ""attrs"": {}}]","[{""op"": ""compare_sensors"", ""params"": {""a"": 0, ""b"": 1, ""tolerance_h"": 6}}]",PROVEN,[]
SGX3_HELDOUT-FAMILY_multisensor_time_mismatch_008,heldout-family,adversarial,multisensor_time_mismatch,REFUTED,sensor dates exceed declared tolerance,a42c04a89597a600c5a08c51f63136fee4f4c6123a495e1b62f8a2fd6c5f481c,"{""goal"": ""multisensor_time_mismatch"", ""required_quantity"": null, ""required_unit"": null, ""decision_time"": null, ""max_resolution_m"": null, ""requires_bare_earth"": false, ""requires_cloud_mask"": false, ""max_uncertainty"": null, ""temporal_tolerance_h"": null, ""required_value_range"": null}","[{""name"": ""S1"", ""quantity"": ""backscatter"", ""unit"": null, ""scale"": ""continuous"", ""crs"": ""EPSG:32643"", ""resolution_m"": 10.0, ""temporal_resolution_h"": null, ""processing_level"": null, ""surface_model"": null, ""vertical_datum"": null, ""acquisition_time"": ""2024-07-01T10:00:00+00:00"", ""available_time"": null, ""provenance"": ""authoritative-product"", ""band_role"": null, ""nodata_semantics"": null, ""uncertainty"": null, ""allowed_values"": null, ""observed_min"": null, ""observed_max"": null, ""attrs"": {}}, {""name"": ""S2"", ""quantity"": ""reflectance"", ""unit"": null, ""scale"": ""continuous"", ""crs"": ""EPSG:32643"", ""resolution_m"": 10.0, ""temporal_resolution_h"": null, ""processing_level"": null, ""surface_model"": null, ""vertical_datum"": null, ""acquisition_time"": ""2024-07-04T06:00:00+00:00"", ""available_time"": null, ""provenance"": ""authoritative-product"", ""band_role"": null, ""nodata_semantics"": null, ""uncertainty"": null, ""allowed_values"": null, ""observed_min"": null, ""observed_max"": null, ""attrs"": {}}]","[{""op"": ""compare_sensors"", ""params"": {""a"": 0, ""b"": 1, ""tolerance_h"": 6}}]",REFUTED,"[{""code"": ""MULTISENSOR_TIME_MISMATCH"", ""verdict"": ""REFUTED"", ""message"": ""Acquisition gap exceeds the declared scientific tolerance."", ""step_index"": 0, ""evidence"": {""gap_h"": 68.0, ""tolerance_h"": 6.0}, ""repair"": null}]"
SGX3_HELDOUT-FAMILY_multisensor_time_mismatch_009,heldout-family,atomic,multisensor_time_mismatch,REFUTED,sensor dates exceed declared tolerance,9b968f7d23c59c1efe3bff99787f4de04b97893499eed3e3f59d8c9f692c0437,"{""goal"": ""multisensor_time_mismatch"", ""required_quantity"": null, ""required_unit"": null, ""decision_time"": null, ""max_resolution_m"": null, ""requires_bare_earth"": false, ""requires_cloud_mask"": false, ""max_uncertainty"": null, ""temporal_tolerance_h"": null, ""required_value_range"": null}","[{""name"": ""S1"", ""quantity"": ""backscatter"", ""unit"": null, ""scale"": ""continuous"", ""crs"": ""EPSG:32643"", ""resolution_m"": 10.0, ""temporal_resolution_h"": null, ""processing_level"": null, ""surface_model"": null, ""vertical_datum"": null, ""acquisition_time"": ""2024-07-01T10:00:00+00:00"", ""available_time"": null, ""provenance"": ""authoritative-product"", ""band_role"": null, ""nodata_semantics"": null, ""uncertainty"": null, ""allowed_values"": null, ""observed_min"": null, ""observed_max"": null, ""attrs"": {}}, {""name"": ""S2"", ""quantity"": ""reflectance"", ""unit"": null, ""scale"": ""continuous"", ""crs"": ""EPSG:32643"", ""resolution_m"": 10.0, ""temporal_resolution_h"": null, ""processing_level"": null, ""surface_model"": null, ""vertical_datum"": null, ""acquisition_time"": ""2024-07-04T12:00:00+00:00"", ""available_time"": null, ""provenance"": ""authoritative-product"", ""band_role"": null, ""nodata_semantics"": null, ""uncertainty"": null, ""allowed_values"": null, ""observed_min"": null, ""observed_max"": null, ""attrs"": {}}]","[{""op"": ""compare_sensors"", ""params"": {""a"": 0, ""b"": 1, ""tolerance_h"": 24}}]",REFUTED,"[{""code"": ""MULTISENSOR_TIME_MISMATCH"", ""verdict"": ""REFUTED"", ""message"": ""Acquisition gap exceeds the declared scientific tolerance."", ""step_index"": 0, ""evidence"": {""gap_h"": 74.0, ""tolerance_h"": 24.0}, ""repair"": null}]"
SGX3_HELDOUT-FAMILY_multisensor_time_mismatch_010,heldout-family,atomic,multisensor_time_mismatch,REFUTED,sensor dates exceed declared tolerance,9ad778d455296e0b55faa4b37b77eba1daf9d786eaca49fc58854731976329a3,"{""goal"": ""multisensor_time_mismatch"", ""required_quantity"": null, ""required_unit"": null, ""decision_time"": null, ""max_resolution_m"": null, ""requires_bare_earth"": false, ""requires_cloud_mask"": false, ""max_uncertainty"": null, ""temporal_tolerance_h"": null, ""required_value_range"": null}","[{""name"": ""S1"", ""quantity"": ""backscatter"", ""unit"": null, ""scale"": ""continuous"", ""crs"": ""EPSG:32643"", ""resolution_m"": 10.0, ""temporal_resolution_h"": null, ""processing_level"": null, ""surface_model"": null, ""vertical_datum"": null, ""acquisition_time"": ""2024-07-01T10:00:00+00:00"", ""available_time"": null, ""provenance"": ""authoritative-product"", ""band_role"": null, ""nodata_semantics"": null, ""uncertainty"": null, ""allowed_values"": null, ""observed_min"": null, ""observed_max"": null, ""attrs"": {}}, {""name"": ""S2"", ""quantity"": ""reflectance"", ""unit"": null, ""scale"": ""continuous"", ""crs"": ""EPSG:32643"", ""resolution_m"": 10.0, ""temporal_resolution_h"": null, ""processing_level"": null, ""surface_model"": null, ""vertical_datum"": null, ""acquisition_time"": ""2024-07-03T03:00:00+00:00"", ""available_time"": null, ""provenance"": ""authoritative-product"", ""band_role"": null, ""nodata_semantics"": null, ""uncertainty"": null, ""allowed_values"": null, ""observed_min"": null, ""observed_max"": null, ""attrs"": {}}]","[{""op"": ""compare_sensors"", ""params"": {""a"": 0, ""b"": 1, ""tolerance_h"": 12}}]",REFUTED,"[{""code"": ""MULTISENSOR_TIME_MISMATCH"", ""verdict"": ""REFUTED"", ""message"": ""Acquisition gap exceeds the declared scientific tolerance."", ""step_index"": 0, ""evidence"": {""gap_h"": 41.0, ""tolerance_h"": 12.0}, ""repair"": null}]"
SGX3_HELDOUT-FAMILY_multisensor_time_mismatch_011,heldout-family,atomic,multisensor_time_mismatch,REFUTED,sensor dates exceed declared tolerance,69115074e04216417b6ae9adfc038dbaf790f169f01d8bd5bd628f192d5f374b,"{""goal"": ""multisensor_time_mismatch"", ""required_quantity"": null, ""required_unit"": null, ""decision_time"": null, ""max_resolution_m"": null, ""requires_bare_earth"": false, ""requires_cloud_mask"": false, ""max_uncertainty"": null, ""temporal_tolerance_h"": null, ""required_value_range"": null}","[{""name"": ""S1"", ""quantity"": ""backscatter"", ""unit"": null, ""scale"": ""continuous"", ""crs"": ""EPSG:32643"", ""resolution_m"": 10.0, ""temporal_resolution_h"": null, ""processing_level"": null, ""surface_model"": null, ""vertical_datum"": null, ""acquisition_time"": ""2024-07-01T10:00:00+00:00"", ""available_time"": null, ""provenance"": ""authoritative-product"", ""band_role"": null, ""nodata_semantics"": null, ""uncertainty"": null, ""allowed_values"": null, ""observed_min"": null, ""observed_max"": null, ""attrs"": {}}, {""name"": ""S2"", ""quantity"": ""reflectance"", ""unit"": null, ""scale"": ""continuous"", ""crs"": ""EPSG:32643"", ""resolution_m"": 10.0, ""temporal_resolution_h"": null, ""processing_level"": null, ""surface_model"": null, ""vertical_datum"": null, ""acquisition_time"": ""2024-07-03T06:00:00+00:00"", ""available_time"": null, ""provenance"": ""authoritative-product"", ""band_role"": null, ""nodata_semantics"": null, ""uncertainty"": null, ""allowed_values"": null, ""observed_min"": null, ""observed_max"": null, ""attrs"": {}}]","[{""op"": ""compare_sensors"", ""params"": {""a"": 0, ""b"": 1, ""tolerance_h"": 6}}]",REFUTED,"[{""code"": ""MULTISENSOR_TIME_MISMATCH"", ""verdict"": ""REFUTED"", ""message"": ""Acquisition gap exceeds the declared scientific tolerance."", ""step_index"": 0, ""evidence"": {""gap_h"": 44.0, ""tolerance_h"": 6.0}, ""repair"": null}]"
SGX3_HELDOUT-FAMILY_multisensor_time_mismatch_012,heldout-family,atomic,multisensor_time_mismatch,PROVEN,sensor dates within declared tolerance,fffbfc52df626fdd43b133ad2a3d7212524f23d071b431a0e79820ef44e3b869,"{""goal"": ""multisensor_time_mismatch"", ""required_quantity"": null, ""required_unit"": null, ""decision_time"": null, ""max_resolution_m"": null, ""requires_bare_earth"": false, ""requires_cloud_mask"": false, ""max_uncertainty"": null, ""temporal_tolerance_h"": null, ""required_value_range"": null}","[{""name"": ""S1"", ""quantity"": ""backscatter"", ""unit"": null, ""scale"": ""continuous"", ""crs"": ""EPSG:32643"", ""resolution_m"": 10.0, ""temporal_resolution_h"": null, ""processing_level"": null, ""surface_model"": null, ""vertical_datum"": null, ""acquisition_time"": ""2024-07-01T10:00:00+00:00"", ""available_time"": null, ""provenance"": ""authoritative-product"", ""band_role"": null, ""nodata_semantics"": null, ""uncertainty"": null, ""allowed_values"": null, ""observed_min"": null, ""observed_max"": null, ""attrs"": {}}, {""name"": ""S2"", ""quantity"": ""reflectance"", ""unit"": null, ""scale"": ""continuous"", ""crs"": ""EPSG:32643"", ""resolution_m"": 10.0, ""temporal_resolution_h"": null, ""processing_level"": null, ""surface_model"": null, ""vertical_datum"": null, ""acquisition_time"": ""2024-07-01T17:00:00+00:00"", ""available_time"": null, ""provenance"": ""authoritative-product"", ""band_role"": null, ""nodata_semantics"": null, ""uncertainty"": null, ""allowed_values"": null, ""observed_min"": null, ""observed_max"": null, ""attrs"": {}}]","[{""op"": ""compare_sensors"", ""params"": {""a"": 0, ""b"": 1, ""tolerance_h"": 12}}]",PROVEN,[]
SGX3_HELDOUT-FAMILY_multisensor_time_mismatch_013,heldout-family,compositional,multisensor_time_mismatch,PROVEN,sensor dates within declared tolerance,6c7ce97d18b16a678c47a25c4cefffbd5a1bf57033de0595a849fc6fb0f504ce,"{""goal"": ""multisensor_time_mismatch"", ""required_quantity"": null, ""required_unit"": null, ""decision_time"": null, ""max_resolution_m"": null, ""requires_bare_earth"": false, ""requires_cloud_mask"": false, ""max_uncertainty"": null, ""temporal_tolerance_h"": null, ""required_value_range"": null}","[{""name"": ""S1"", ""quantity"": ""backscatter"", ""unit"": null, ""scale"": ""continuous"", ""crs"": ""EPSG:32643"", ""resolution_m"": 10.0, ""temporal_resolution_h"": null, ""processing_level"": null, ""surface_model"": null, ""vertical_datum"": null, ""acquisition_time"": ""2024-07-01T10:00:00+00:00"", ""available_time"": null, ""provenance"": ""authoritative-product"", ""band_role"": null, ""nodata_semantics"": null, ""uncertainty"": null, ""allowed_values"": null, ""observed_min"": null, ""observed_max"": null, ""attrs"": {}}, {""name"": ""S2"", ""quantity"": ""reflectance"", ""unit"": null, ""scale"": ""continuous"", ""crs"": ""EPSG:32643"", ""resolution_m"": 10.0, ""temporal_resolution_h"": null, ""processing_level"": null, ""surface_model"": null, ""vertical_datum"": null, ""acquisition_time"": ""2024-07-01T13:00:00+00:00"", ""available_time"": null, ""provenance"": ""authoritative-product"", ""band_role"": null, ""nodata_semantics"": null, ""uncertainty"": null, ""allowed_values"": null, ""observed_min"": null, ""observed_max"": null, ""attrs"": {}}]","[{""op"": ""compare_sensors"", ""params"": {""a"": 0, ""b"": 1, ""tolerance_h"": 3}}]",PROVEN,[]
SGX3_HELDOUT-FAMILY_multisensor_time_mismatch_014,heldout-family,adversarial,multisensor_time_mismatch,REFUTED,sensor dates exceed declared tolerance,1d351dfcb112c9c300b839e4e5f7cbd095997d50e72c3f9dc42c15a7c5981619,"{""goal"": ""multisensor_time_mismatch"", ""required_quantity"": null, ""required_unit"": null, ""decision_time"": null, ""max_resolution_m"": null, ""requires_bare_earth"": false, ""requires_cloud_mask"": false, ""max_uncertainty"": null, ""temporal_tolerance_h"": null, ""required_value_range"": null}","[{""name"": ""S1"", ""quantity"": ""backscatter"", ""unit"": null, ""scale"": ""continuous"", ""crs"": ""EPSG:32643"", ""resolution_m"": 10.0, ""temporal_resolution_h"": null, ""processing_level"": null, ""surface_model"": null, ""vertical_datum"": null, ""acquisition_time"": ""2024-07-01T10:00:00+00:00"", ""available_time"": null, ""provenance"": ""authoritative-product"", ""band_role"": null, ""nodata_semantics"": null, ""uncertainty"": null, ""allowed_values"": null, ""observed_min"": null, ""observed_max"": null, ""attrs"": {}}, {""name"": ""S2"", ""quantity"": ""reflectance"", ""unit"": null, ""scale"": ""continuous"", ""crs"": ""EPSG:32643"", ""resolution_m"": 10.0, ""temporal_resolution_h"": null, ""processing_level"": null, ""surface_model"": null, ""vertical_datum"": null, ""acquisition_time"": ""2024-07-02T22:00:00+00:00"", ""available_time"": null, ""provenance"": ""authoritative-product"", ""band_role"": null, ""nodata_semantics"": null, ""uncertainty"": null, ""allowed_values"": null, ""observed_min"": null, ""observed_max"": null, ""attrs"": {}}]","[{""op"": ""compare_sensors"", ""params"": {""a"": 0, ""b"": 1, ""tolerance_h"": 24}}]",REFUTED,"[{""code"": ""MULTISENSOR_TIME_MISMATCH"", ""verdict"": ""REFUTED"", ""message"": ""Acquisition gap exceeds the declared scientific tolerance."", ""step_index"": 0, ""evidence"": {""gap_h"": 36.0, ""tolerance_h"": 24.0}, ""repair"": null}]"
SGX3_HELDOUT-FAMILY_multisensor_time_mismatch_015,heldout-family,adversarial,multisensor_time_mismatch,PROVEN,sensor dates within declared tolerance,b24e1b8ad6fc802cc4e19a3abd4f9ca6a34c090bb276c51d4291b1f264af4abd,"{""goal"": ""multisensor_time_mismatch"", ""required_quantity"": null, ""required_unit"": null, ""decision_time"": null, ""max_resolution_m"": null, ""requires_bare_earth"": false, ""requires_cloud_mask"": false, ""max_uncertainty"": null, ""temporal_tolerance_h"": null, ""required_value_range"": null}","[{""name"": ""S1"", ""quantity"": ""backscatter"", ""unit"": null, ""scale"": ""continuous"", ""crs"": ""EPSG:32643"", ""resolution_m"": 10.0, ""temporal_resolution_h"": null, ""processing_level"": null, ""surface_model"": null, ""vertical_datum"": null, ""acquisition_time"": ""2024-07-01T10:00:00+00:00"", ""available_time"": null, ""provenance"": ""authoritative-product"", ""band_role"": null, ""nodata_semantics"": null, ""uncertainty"": null, ""allowed_values"": null, ""observed_min"": null, ""observed_max"": null, ""attrs"": {}}, {""name"": ""S2"", ""quantity"": ""reflectance"", ""unit"": null, ""scale"": ""continuous"", ""crs"": ""EPSG:32643"", ""resolution_m"": 10.0, ""temporal_resolution_h"": null, ""processing_level"": null, ""surface_model"": null, ""vertical_datum"": null, ""acquisition_time"": ""2024-07-01T15:00:00+00:00"", ""available_time"": null, ""provenance"": ""authoritative-product"", ""band_role"": null, ""nodata_semantics"": null, ""uncertainty"": null, ""allowed_values"": null, ""observed_min"": null, ""observed_max"": null, ""attrs"": {}}]","[{""op"": ""compare_sensors"", ""params"": {""a"": 0, ""b"": 1, ""tolerance_h"": 6}}]",PROVEN,[]
SGX3_HELDOUT-FAMILY_missing_provenance_000,heldout-family,atomic,missing_provenance,UNPROVEN,source provenance missing,9cb0f5fcb58332b850b01fa56837394d7f2ee3361e30909acd7c6c9e37f9f604,"{""goal"": ""missing_provenance"", ""required_quantity"": null, ""required_unit"": null, ""decision_time"": null, ""max_resolution_m"": null, ""requires_bare_earth"": false, ""requires_cloud_mask"": false, ""max_uncertainty"": null, ""temporal_tolerance_h"": null, ""required_value_range"": null}","[{""name"": ""unknown-input"", ""quantity"": ""elevation"", ""unit"": null, ""scale"": ""continuous"", ""crs"": ""EPSG:32643"", ""resolution_m"": 10.0, ""temporal_resolution_h"": null, ""processing_level"": null, ""surface_model"": null, ""vertical_datum"": null, ""acquisition_time"": null, ""available_time"": null, ""provenance"": null, ""band_role"": null, ""nodata_semantics"": null, ""uncertainty"": null, ""allowed_values"": null, ""observed_min"": null, ""observed_max"": null, ""attrs"": {}}]",[],UNPROVEN,"[{""code"": ""PROVENANCE_MISSING"", ""verdict"": ""UNPROVEN"", ""message"": ""Provenance is missing for artifact 0: unknown-input."", ""step_index"": null, ""evidence"": {""artifact"": 0}, ""repair"": ""Attach authoritative product/version/acquisition metadata.""}]"
SGX3_HELDOUT-FAMILY_missing_provenance_001,heldout-family,atomic,missing_provenance,PROVEN,source provenance present,2329538d509a830d98dcf57b7067a40bfa146f7daf0a6694084aa1bd4e58f527,"{""goal"": ""missing_provenance"", ""required_quantity"": null, ""required_unit"": null, ""decision_time"": null, ""max_resolution_m"": null, ""requires_bare_earth"": false, ""requires_cloud_mask"": false, ""max_uncertainty"": null, ""temporal_tolerance_h"": null, ""required_value_range"": null}","[{""name"": ""unknown-input"", ""quantity"": ""elevation"", ""unit"": null, ""scale"": ""continuous"", ""crs"": ""EPSG:32643"", ""resolution_m"": 10.0, ""temporal_resolution_h"": null, ""processing_level"": null, ""surface_model"": null, ""vertical_datum"": null, ""acquisition_time"": null, ""available_time"": null, ""provenance"": ""official-product"", ""band_role"": null, ""nodata_semantics"": null, ""uncertainty"": null, ""allowed_values"": null, ""observed_min"": null, ""observed_max"": null, ""attrs"": {}}]",[],PROVEN,[]
SGX3_HELDOUT-FAMILY_uncertainty_missing_000,heldout-family,compositional,uncertainty_missing,UNPROVEN,uncertainty evidence missing,f415fdf815f7836c80edfe13aae2e4e90da8627874b351c3757e16dba061ce06,"{""goal"": ""operational decision"", ""required_quantity"": null, ""required_unit"": null, ""decision_time"": null, ""max_resolution_m"": null, ""requires_bare_earth"": false, ""requires_cloud_mask"": false, ""max_uncertainty"": 0.05, ""temporal_tolerance_h"": null, ""required_value_range"": null}","[{""name"": ""hazard"", ""quantity"": ""hazard_probability"", ""unit"": ""dimensionless"", ""scale"": ""continuous"", ""crs"": ""EPSG:32643"", ""resolution_m"": 10.0, ""temporal_resolution_h"": null, ""processing_level"": null, ""surface_model"": null, ""vertical_datum"": null, ""acquisition_time"": null, ""available_time"": null, ""provenance"": ""authoritative-product"", ""band_role"": null, ""nodata_semantics"": null, ""uncertainty"": null, ""allowed_values"": null, ""observed_min"": null, ""observed_max"": null, ""attrs"": {}}]",[],UNPROVEN,"[{""code"": ""UNCERTAINTY_UNKNOWN"", ""verdict"": ""UNPROVEN"", ""message"": ""The intent defines an uncertainty limit but no uncertainty evidence is available."", ""step_index"": null, ""evidence"": {}, ""repair"": null}]"
SGX3_HELDOUT-FAMILY_uncertainty_missing_001,heldout-family,compositional,uncertainty_missing,PROVEN,uncertainty within tolerance,080513a1fdd273cef4cc64c9d0f902b96855f1c34502cd31f5d23ad19347d1cc,"{""goal"": ""operational decision"", ""required_quantity"": null, ""required_unit"": null, ""decision_time"": null, ""max_resolution_m"": null, ""requires_bare_earth"": false, ""requires_cloud_mask"": false, ""max_uncertainty"": 0.05, ""temporal_tolerance_h"": null, ""required_value_range"": null}","[{""name"": ""hazard"", ""quantity"": ""hazard_probability"", ""unit"": ""dimensionless"", ""scale"": ""continuous"", ""crs"": ""EPSG:32643"", ""resolution_m"": 10.0, ""temporal_resolution_h"": null, ""processing_level"": null, ""surface_model"": null, ""vertical_datum"": null, ""acquisition_time"": null, ""available_time"": null, ""provenance"": ""authoritative-product"", ""band_role"": null, ""nodata_semantics"": null, ""uncertainty"": 0.0305, ""allowed_values"": null, ""observed_min"": null, ""observed_max"": null, ""attrs"": {}}]",[],PROVEN,[]
SGX3_HELDOUT-FAMILY_uncertainty_missing_002,heldout-family,compositional,uncertainty_missing,PROVEN,uncertainty within tolerance,23bad4a0dc2a52b94033b2f99daafa32c98e13bf6fa3033d1bbd014225d657f5,"{""goal"": ""operational decision"", ""required_quantity"": null, ""required_unit"": null, ""decision_time"": null, ""max_resolution_m"": null, ""requires_bare_earth"": false, ""requires_cloud_mask"": false, ""max_uncertainty"": 0.05, ""temporal_tolerance_h"": null, ""required_value_range"": null}","[{""name"": ""hazard"", ""quantity"": ""hazard_probability"", ""unit"": ""dimensionless"", ""scale"": ""continuous"", ""crs"": ""EPSG:32643"", ""resolution_m"": 10.0, ""temporal_resolution_h"": null, ""processing_level"": null, ""surface_model"": null, ""vertical_datum"": null, ""acquisition_time"": null, ""available_time"": null, ""provenance"": ""authoritative-product"", ""band_role"": null, ""nodata_semantics"": null, ""uncertainty"": 0.0228, ""allowed_values"": null, ""observed_min"": null, ""observed_max"": null, ""attrs"": {}}]",[],PROVEN,[]
SGX3_HELDOUT-FAMILY_uncertainty_missing_003,heldout-family,adversarial,uncertainty_missing,PROVEN,uncertainty within tolerance,500ff92e893f6e3033363652ffe96519fcd00fc85497cc326038ef946aae5d24,"{""goal"": ""operational decision"", ""required_quantity"": null, ""required_unit"": null, ""decision_time"": null, ""max_resolution_m"": null, ""requires_bare_earth"": false, ""requires_cloud_mask"": false, ""max_uncertainty"": 0.05, ""temporal_tolerance_h"": null, ""required_value_range"": null}","[{""name"": ""hazard"", ""quantity"": ""hazard_probability"", ""unit"": ""dimensionless"", ""scale"": ""continuous"", ""crs"": ""EPSG:32643"", ""resolution_m"": 10.0, ""temporal_resolution_h"": null, ""processing_level"": null, ""surface_model"": null, ""vertical_datum"": null, ""acquisition_time"": null, ""available_time"": null, ""provenance"": ""authoritative-product"", ""band_role"": null, ""nodata_semantics"": null, ""uncertainty"": 0.0332, ""allowed_values"": null, ""observed_min"": null, ""observed_max"": null, ""attrs"": {}}]",[],PROVEN,[]
SGX3_HELDOUT-FAMILY_uncertainty_missing_004,heldout-family,adversarial,uncertainty_missing,PROVEN,uncertainty within tolerance,bffd5496cbc9de0f632320238ac2dc8025949c244b872acc4a63f29a0fa2f846,"{""goal"": ""operational decision"", ""required_quantity"": null, ""required_unit"": null, ""decision_time"": null, ""max_resolution_m"": null, ""requires_bare_earth"": false, ""requires_cloud_mask"": false, ""max_uncertainty"": 0.05, ""temporal_tolerance_h"": null, ""required_value_range"": null}","[{""name"": ""hazard"", ""quantity"": ""hazard_probability"", ""unit"": ""dimensionless"", ""scale"": ""continuous"", ""crs"": ""EPSG:32643"", ""resolution_m"": 10.0, ""temporal_resolution_h"": null, ""processing_level"": null, ""surface_model"": null, ""vertical_datum"": null, ""acquisition_time"": null, ""available_time"": null, ""provenance"": ""authoritative-product"", ""band_role"": null, ""nodata_semantics"": null, ""uncertainty"": 0.0346, ""allowed_values"": null, ""observed_min"": null, ""observed_max"": null, ""attrs"": {}}]",[],PROVEN,[]
SGX3_HELDOUT-FAMILY_uncertainty_missing_005,heldout-family,adversarial,uncertainty_missing,PROVEN,uncertainty within tolerance,adf201b69ca8e3d387d76fc56db19aee7c3224c5c731633b247541c1de166fc0,"{""goal"": ""operational decision"", ""required_quantity"": null, ""required_unit"": null, ""decision_time"": null, ""max_resolution_m"": null, ""requires_bare_earth"": false, ""requires_cloud_mask"": false, ""max_uncertainty"": 0.05, ""temporal_tolerance_h"": null, ""required_value_range"": null}","[{""name"": ""hazard"", ""quantity"": ""hazard_probability"", ""unit"": ""dimensionless"", ""scale"": ""continuous"", ""crs"": ""EPSG:32643"", ""resolution_m"": 10.0, ""temporal_resolution_h"": null, ""processing_level"": null, ""surface_model"": null, ""vertical_datum"": null, ""acquisition_time"": null, ""available_time"": null, ""provenance"": ""authoritative-product"", ""band_role"": null, ""nodata_semantics"": null, ""uncertainty"": 0.0167, ""allowed_values"": null, ""observed_min"": null, ""observed_max"": null, ""attrs"": {}}]",[],PROVEN,[]
SGX3_HELDOUT-FAMILY_uncertainty_missing_006,heldout-family,atomic,uncertainty_missing,PROVEN,uncertainty within tolerance,c2d0c2e60585355c98b43f6376869b0f923b1862c1ea8a7181ee8a2d56dedc6f,"{""goal"": ""operational decision"", ""required_quantity"": null, ""required_unit"": null, ""decision_time"": null, ""max_resolution_m"": null, ""requires_bare_earth"": false, ""requires_cloud_mask"": false, ""max_uncertainty"": 0.05, ""temporal_tolerance_h"": null, ""required_value_range"": null}","[{""name"": ""hazard"", ""quantity"": ""hazard_probability"", ""unit"": ""dimensionless"", ""scale"": ""continuous"", ""crs"": ""EPSG:32643"", ""resolution_m"": 10.0, ""temporal_resolution_h"": null, ""processing_level"": null, ""surface_model"": null, ""vertical_datum"": null, ""acquisition_time"": null, ""available_time"": null, ""provenance"": ""authoritative-product"", ""band_role"": null, ""nodata_semantics"": null, ""uncertainty"": 0.0377, ""allowed_values"": null, ""observed_min"": null, ""observed_max"": null, ""attrs"": {}}]",[],PROVEN,[]
SGX3_HELDOUT-FAMILY_uncertainty_missing_007,heldout-family,adversarial,uncertainty_missing,PROVEN,uncertainty within tolerance,f53023862e771dbc64eb18d171dacdb70770b57c11c499a8f4c65cf925536252,"{""goal"": ""operational decision"", ""required_quantity"": null, ""required_unit"": null, ""decision_time"": null, ""max_resolution_m"": null, ""requires_bare_earth"": false, ""requires_cloud_mask"": false, ""max_uncertainty"": 0.05, ""temporal_tolerance_h"": null, ""required_value_range"": null}","[{""name"": ""hazard"", ""quantity"": ""hazard_probability"", ""unit"": ""dimensionless"", ""scale"": ""continuous"", ""crs"": ""EPSG:32643"", ""resolution_m"": 10.0, ""temporal_resolution_h"": null, ""processing_level"": null, ""surface_model"": null, ""vertical_datum"": null, ""acquisition_time"": null, ""available_time"": null, ""provenance"": ""authoritative-product"", ""band_role"": null, ""nodata_semantics"": null, ""uncertainty"": 0.0364, ""allowed_values"": null, ""observed_min"": null, ""observed_max"": null, ""attrs"": {}}]",[],PROVEN,[]
SGX3_HELDOUT-FAMILY_uncertainty_missing_008,heldout-family,atomic,uncertainty_missing,PROVEN,uncertainty within tolerance,ec1fb20025a92004b463af7fc6aa7830aa621de3ef457814acf8fcd96c21b7b3,"{""goal"": ""operational decision"", ""required_quantity"": null, ""required_unit"": null, ""decision_time"": null, ""max_resolution_m"": null, ""requires_bare_earth"": false, ""requires_cloud_mask"": false, ""max_uncertainty"": 0.05, ""temporal_tolerance_h"": null, ""required_value_range"": null}","[{""name"": ""hazard"", ""quantity"": ""hazard_probability"", ""unit"": ""dimensionless"", ""scale"": ""continuous"", ""crs"": ""EPSG:32643"", ""resolution_m"": 10.0, ""temporal_resolution_h"": null, ""processing_level"": null, ""surface_model"": null, ""vertical_datum"": null, ""acquisition_time"": null, ""available_time"": null, ""provenance"": ""authoritative-product"", ""band_role"": null, ""nodata_semantics"": null, ""uncertainty"": 0.0116, ""allowed_values"": null, ""observed_min"": null, ""observed_max"": null, ""attrs"": {}}]",[],PROVEN,[]
SGX3_HELDOUT-FAMILY_uncertainty_missing_009,heldout-family,compositional,uncertainty_missing,PROVEN,uncertainty within tolerance,04c7190f4c9308157e354a4cb582c93b7ef59bccddf5a5afcb70675412a1db58,"{""goal"": ""operational decision"", ""required_quantity"": null, ""required_unit"": null, ""decision_time"": null, ""max_resolution_m"": null, ""requires_bare_earth"": false, ""requires_cloud_mask"": false, ""max_uncertainty"": 0.05, ""temporal_tolerance_h"": null, ""required_value_range"": null}","[{""name"": ""hazard"", ""quantity"": ""hazard_probability"", ""unit"": ""dimensionless"", ""scale"": ""continuous"", ""crs"": ""EPSG:32643"", ""resolution_m"": 10.0, ""temporal_resolution_h"": null, ""processing_level"": null, ""surface_model"": null, ""vertical_datum"": null, ""acquisition_time"": null, ""available_time"": null, ""provenance"": ""authoritative-product"", ""band_role"": null, ""nodata_semantics"": null, ""uncertainty"": 0.011, ""allowed_values"": null, ""observed_min"": null, ""observed_max"": null, ""attrs"": {}}]",[],PROVEN,[]
SGX3_HELDOUT-FAMILY_uncertainty_missing_010,heldout-family,compositional,uncertainty_missing,PROVEN,uncertainty within tolerance,9f4534025aa3bec2e7b5685a3789007b6164310706135825053fa097750f5817,"{""goal"": ""operational decision"", ""required_quantity"": null, ""required_unit"": null, ""decision_time"": null, ""max_resolution_m"": null, ""requires_bare_earth"": false, ""requires_cloud_mask"": false, ""max_uncertainty"": 0.05, ""temporal_tolerance_h"": null, ""required_value_range"": null}","[{""name"": ""hazard"", ""quantity"": ""hazard_probability"", ""unit"": ""dimensionless"", ""scale"": ""continuous"", ""crs"": ""EPSG:32643"", ""resolution_m"": 10.0, ""temporal_resolution_h"": null, ""processing_level"": null, ""surface_model"": null, ""vertical_datum"": null, ""acquisition_time"": null, ""available_time"": null, ""provenance"": ""authoritative-product"", ""band_role"": null, ""nodata_semantics"": null, ""uncertainty"": 0.0178, ""allowed_values"": null, ""observed_min"": null, ""observed_max"": null, ""attrs"": {}}]",[],PROVEN,[]
SGX3_HELDOUT-FAMILY_uncertainty_missing_011,heldout-family,adversarial,uncertainty_missing,PROVEN,uncertainty within tolerance,7db07d12d6904deb63f5a42221592b9dd4e9d09fcf4e6dbeb0bc32ea0f9330df,"{""goal"": ""operational decision"", ""required_quantity"": null, ""required_unit"": null, ""decision_time"": null, ""max_resolution_m"": null, ""requires_bare_earth"": false, ""requires_cloud_mask"": false, ""max_uncertainty"": 0.05, ""temporal_tolerance_h"": null, ""required_value_range"": null}","[{""name"": ""hazard"", ""quantity"": ""hazard_probability"", ""unit"": ""dimensionless"", ""scale"": ""continuous"", ""crs"": ""EPSG:32643"", ""resolution_m"": 10.0, ""temporal_resolution_h"": null, ""processing_level"": null, ""surface_model"": null, ""vertical_datum"": null, ""acquisition_time"": null, ""available_time"": null, ""provenance"": ""authoritative-product"", ""band_role"": null, ""nodata_semantics"": null, ""uncertainty"": 0.0354, ""allowed_values"": null, ""observed_min"": null, ""observed_max"": null, ""attrs"": {}}]",[],PROVEN,[]
SGX3_HELDOUT-FAMILY_uncertainty_missing_012,heldout-family,adversarial,uncertainty_missing,PROVEN,uncertainty within tolerance,e400387e2ad5bc9b80531ccd7b80f6b4cba3419ea6bdde9ac72eea5b39df3d6a,"{""goal"": ""operational decision"", ""required_quantity"": null, ""required_unit"": null, ""decision_time"": null, ""max_resolution_m"": null, ""requires_bare_earth"": false, ""requires_cloud_mask"": false, ""max_uncertainty"": 0.05, ""temporal_tolerance_h"": null, ""required_value_range"": null}","[{""name"": ""hazard"", ""quantity"": ""hazard_probability"", ""unit"": ""dimensionless"", ""scale"": ""continuous"", ""crs"": ""EPSG:32643"", ""resolution_m"": 10.0, ""temporal_resolution_h"": null, ""processing_level"": null, ""surface_model"": null, ""vertical_datum"": null, ""acquisition_time"": null, ""available_time"": null, ""provenance"": ""authoritative-product"", ""band_role"": null, ""nodata_semantics"": null, ""uncertainty"": 0.0281, ""allowed_values"": null, ""observed_min"": null, ""observed_max"": null, ""attrs"": {}}]",[],PROVEN,[]
SGX3_HELDOUT-FAMILY_uncertainty_missing_013,heldout-family,compositional,uncertainty_missing,PROVEN,uncertainty within tolerance,ff2f3c693d213ecbae27235d40687c74adb9e236eeea8d011bb9c8e8e9c0b3b4,"{""goal"": ""operational decision"", ""required_quantity"": null, ""required_unit"": null, ""decision_time"": null, ""max_resolution_m"": null, ""requires_bare_earth"": false, ""requires_cloud_mask"": false, ""max_uncertainty"": 0.05, ""temporal_tolerance_h"": null, ""required_value_range"": null}","[{""name"": ""hazard"", ""quantity"": ""hazard_probability"", ""unit"": ""dimensionless"", ""scale"": ""continuous"", ""crs"": ""EPSG:32643"", ""resolution_m"": 10.0, ""temporal_resolution_h"": null, ""processing_level"": null, ""surface_model"": null, ""vertical_datum"": null, ""acquisition_time"": null, ""available_time"": null, ""provenance"": ""authoritative-product"", ""band_role"": null, ""nodata_semantics"": null, ""uncertainty"": 0.0211, ""allowed_values"": null, ""observed_min"": null, ""observed_max"": null, ""attrs"": {}}]",[],PROVEN,[]
SGX3_HELDOUT-FAMILY_uncertainty_missing_014,heldout-family,adversarial,uncertainty_missing,PROVEN,uncertainty within tolerance,499c0e76cd05370c96f4e6de7e3c29ea4425b327cbe2eaa50d96ebf60aeef2e6,"{""goal"": ""operational decision"", ""required_quantity"": null, ""required_unit"": null, ""decision_time"": null, ""max_resolution_m"": null, ""requires_bare_earth"": false, ""requires_cloud_mask"": false, ""max_uncertainty"": 0.05, ""temporal_tolerance_h"": null, ""required_value_range"": null}","[{""name"": ""hazard"", ""quantity"": ""hazard_probability"", ""unit"": ""dimensionless"", ""scale"": ""continuous"", ""crs"": ""EPSG:32643"", ""resolution_m"": 10.0, ""temporal_resolution_h"": null, ""processing_level"": null, ""surface_model"": null, ""vertical_datum"": null, ""acquisition_time"": null, ""available_time"": null, ""provenance"": ""authoritative-product"", ""band_role"": null, ""nodata_semantics"": null, ""uncertainty"": 0.0084, ""allowed_values"": null, ""observed_min"": null, ""observed_max"": null, ""attrs"": {}}]",[],PROVEN,[]
SGX3_HELDOUT-FAMILY_uncertainty_missing_015,heldout-family,compositional,uncertainty_missing,PROVEN,uncertainty within tolerance,41ee09796f68d37d1fac10f6909bd9ddcd0d815464fe606948eafb383f92026f,"{""goal"": ""operational decision"", ""required_quantity"": null, ""required_unit"": null, ""decision_time"": null, ""max_resolution_m"": null, ""requires_bare_earth"": false, ""requires_cloud_mask"": false, ""max_uncertainty"": 0.05, ""temporal_tolerance_h"": null, ""required_value_range"": null}","[{""name"": ""hazard"", ""quantity"": ""hazard_probability"", ""unit"": ""dimensionless"", ""scale"": ""continuous"", ""crs"": ""EPSG:32643"", ""resolution_m"": 10.0, ""temporal_resolution_h"": null, ""processing_level"": null, ""surface_model"": null, ""vertical_datum"": null, ""acquisition_time"": null, ""available_time"": null, ""provenance"": ""authoritative-product"", ""band_role"": null, ""nodata_semantics"": null, ""uncertainty"": 0.026, ""allowed_values"": null, ""observed_min"": null, ""observed_max"": null, ""attrs"": {}}]",[],PROVEN,[]
SGX3_HELDOUT-FAMILY_unit_dimension_mismatch_000,heldout-family,adversarial,unit_dimension_mismatch,REFUTED,conversion crosses physical dimensions,6ddc027c7e3cb391e5d5ccb07ca7ded89ddad71d25127031b1af86c6fdfaa980,"{""goal"": ""unit_dimension_mismatch"", ""required_quantity"": null, ""required_unit"": null, ""decision_time"": null, ""max_resolution_m"": null, ""requires_bare_earth"": false, ""requires_cloud_mask"": false, ""max_uncertainty"": null, ""temporal_tolerance_h"": null, ""required_value_range"": null}","[{""name"": ""distance"", ""quantity"": ""distance"", ""unit"": ""m"", ""scale"": ""continuous"", ""crs"": ""EPSG:32643"", ""resolution_m"": 10.0, ""temporal_resolution_h"": null, ""processing_level"": null, ""surface_model"": null, ""vertical_datum"": null, ""acquisition_time"": null, ""available_time"": null, ""provenance"": ""authoritative-product"", ""band_role"": null, ""nodata_semantics"": null, ""uncertainty"": null, ""allowed_values"": null, ""observed_min"": null, ""observed_max"": null, ""attrs"": {}}]","[{""op"": ""convert_unit"", ""params"": {""artifact"": 0, ""to"": ""km2""}}]",REFUTED,"[{""code"": ""UNIT_DIMENSION_MISMATCH"", ""verdict"": ""REFUTED"", ""message"": ""Requested conversion changes physical dimension."", ""step_index"": 0, ""evidence"": {""from"": ""m"", ""to"": ""km2""}, ""repair"": null}]"
SGX3_HELDOUT-FAMILY_unit_dimension_mismatch_001,heldout-family,atomic,unit_dimension_mismatch,REFUTED,conversion crosses physical dimensions,defa0d710a4ad9a90bb1724186af9581abedc9a897fa3b901638340c622b5b08,"{""goal"": ""unit_dimension_mismatch"", ""required_quantity"": null, ""required_unit"": null, ""decision_time"": null, ""max_resolution_m"": null, ""requires_bare_earth"": false, ""requires_cloud_mask"": false, ""max_uncertainty"": null, ""temporal_tolerance_h"": null, ""required_value_range"": null}","[{""name"": ""distance"", ""quantity"": ""distance"", ""unit"": ""m"", ""scale"": ""continuous"", ""crs"": ""EPSG:32643"", ""resolution_m"": 10.0, ""temporal_resolution_h"": null, ""processing_level"": null, ""surface_model"": null, ""vertical_datum"": null, ""acquisition_time"": null, ""available_time"": null, ""provenance"": ""authoritative-product"", ""band_role"": null, ""nodata_semantics"": null, ""uncertainty"": null, ""allowed_values"": null, ""observed_min"": null, ""observed_max"": null, ""attrs"": {}}]","[{""op"": ""convert_unit"", ""params"": {""artifact"": 0, ""to"": ""K""}}]",REFUTED,"[{""code"": ""UNIT_DIMENSION_MISMATCH"", ""verdict"": ""REFUTED"", ""message"": ""Requested conversion changes physical dimension."", ""step_index"": 0, ""evidence"": {""from"": ""m"", ""to"": ""K""}, ""repair"": null}]"
SGX3_HELDOUT-FAMILY_unit_dimension_mismatch_002,heldout-family,atomic,unit_dimension_mismatch,PROVEN,dimension-preserving conversion,117b2778c424703efc7dd42043b9021c9785cf1e9b55626e07e2549b2f90e357,"{""goal"": ""unit_dimension_mismatch"", ""required_quantity"": null, ""required_unit"": null, ""decision_time"": null, ""max_resolution_m"": null, ""requires_bare_earth"": false, ""requires_cloud_mask"": false, ""max_uncertainty"": null, ""temporal_tolerance_h"": null, ""required_value_range"": null}","[{""name"": ""distance"", ""quantity"": ""distance"", ""unit"": ""m"", ""scale"": ""continuous"", ""crs"": ""EPSG:32643"", ""resolution_m"": 10.0, ""temporal_resolution_h"": null, ""processing_level"": null, ""surface_model"": null, ""vertical_datum"": null, ""acquisition_time"": null, ""available_time"": null, ""provenance"": ""authoritative-product"", ""band_role"": null, ""nodata_semantics"": null, ""uncertainty"": null, ""allowed_values"": null, ""observed_min"": null, ""observed_max"": null, ""attrs"": {}}]","[{""op"": ""convert_unit"", ""params"": {""artifact"": 0, ""to"": ""cm""}}]",PROVEN,[]
SGX3_HELDOUT-FAMILY_unit_dimension_mismatch_003,heldout-family,atomic,unit_dimension_mismatch,PROVEN,dimension-preserving conversion,40c6237d52a64fc35c6dd3d655c86f7719117296b2f4afb0c26f5c0d92184175,"{""goal"": ""unit_dimension_mismatch"", ""required_quantity"": null, ""required_unit"": null, ""decision_time"": null, ""max_resolution_m"": null, ""requires_bare_earth"": false, ""requires_cloud_mask"": false, ""max_uncertainty"": null, ""temporal_tolerance_h"": null, ""required_value_range"": null}","[{""name"": ""distance"", ""quantity"": ""distance"", ""unit"": ""m"", ""scale"": ""continuous"", ""crs"": ""EPSG:32643"", ""resolution_m"": 10.0, ""temporal_resolution_h"": null, ""processing_level"": null, ""surface_model"": null, ""vertical_datum"": null, ""acquisition_time"": null, ""available_time"": null, ""provenance"": ""authoritative-product"", ""band_role"": null, ""nodata_semantics"": null, ""uncertainty"": null, ""allowed_values"": null, ""observed_min"": null, ""observed_max"": null, ""attrs"": {}}]","[{""op"": ""convert_unit"", ""params"": {""artifact"": 0, ""to"": ""km""}}]",PROVEN,[]
SGX3_HELDOUT-FAMILY_physical_range_violation_000,heldout-family,adversarial,physical_range_violation,REFUTED,values violate physical NDVI range,c0e9031faf8051f2181ccce721569abdf73946eff2e2611f710c3f751f8307cb,"{""goal"": ""physical_range_violation"", ""required_quantity"": null, ""required_unit"": null, ""decision_time"": null, ""max_resolution_m"": null, ""requires_bare_earth"": false, ""requires_cloud_mask"": false, ""max_uncertainty"": null, ""temporal_tolerance_h"": null, ""required_value_range"": null}","[{""name"": ""index"", ""quantity"": ""NDVI"", ""unit"": ""dimensionless"", ""scale"": ""continuous"", ""crs"": ""EPSG:32643"", ""resolution_m"": 10.0, ""temporal_resolution_h"": null, ""processing_level"": null, ""surface_model"": null, ""vertical_datum"": null, ""acquisition_time"": null, ""available_time"": null, ""provenance"": ""authoritative-product"", ""band_role"": null, ""nodata_semantics"": null, ""uncertainty"": null, ""allowed_values"": null, ""observed_min"": -0.8, ""observed_max"": 1.3, ""attrs"": {}}]","[{""op"": ""assert_value_range"", ""params"": {""artifact"": 0, ""min"": -1, ""max"": 1}}]",REFUTED,"[{""code"": ""PHYSICAL_RANGE_VIOLATION"", ""verdict"": ""REFUTED"", ""message"": ""Observed values violate declared physical bounds."", ""step_index"": 0, ""evidence"": {""observed"": [-0.8, 1.3], ""required"": [-1, 1]}, ""repair"": null}]"
SGX3_HELDOUT-FAMILY_physical_range_violation_001,heldout-family,compositional,physical_range_violation,REFUTED,values violate physical NDVI range,c3064cf5baa6ea8b0398dfffe75482328f06b068746a1d90e842392bdbc096a6,"{""goal"": ""physical_range_violation"", ""required_quantity"": null, ""required_unit"": null, ""decision_time"": null, ""max_resolution_m"": null, ""requires_bare_earth"": false, ""requires_cloud_mask"": false, ""max_uncertainty"": null, ""temporal_tolerance_h"": null, ""required_value_range"": null}","[{""name"": ""index"", ""quantity"": ""NDVI"", ""unit"": ""dimensionless"", ""scale"": ""continuous"", ""crs"": ""EPSG:32643"", ""resolution_m"": 10.0, ""temporal_resolution_h"": null, ""processing_level"": null, ""surface_model"": null, ""vertical_datum"": null, ""acquisition_time"": null, ""available_time"": null, ""provenance"": ""authoritative-product"", ""band_role"": null, ""nodata_semantics"": null, ""uncertainty"": null, ""allowed_values"": null, ""observed_min"": -1.4, ""observed_max"": 0.6, ""attrs"": {}}]","[{""op"": ""assert_value_range"", ""params"": {""artifact"": 0, ""min"": -1, ""max"": 1}}]",REFUTED,"[{""code"": ""PHYSICAL_RANGE_VIOLATION"", ""verdict"": ""REFUTED"", ""message"": ""Observed values violate declared physical bounds."", ""step_index"": 0, ""evidence"": {""observed"": [-1.4, 0.6], ""required"": [-1, 1]}, ""repair"": null}]"
SGX3_HELDOUT-FAMILY_physical_range_violation_002,heldout-family,atomic,physical_range_violation,REFUTED,values violate physical NDVI range,88b5dbc3cc7f6af491e39cf3ab710328aa99ff8ea36c5edd7b261f49417286ba,"{""goal"": ""physical_range_violation"", ""required_quantity"": null, ""required_unit"": null, ""decision_time"": null, ""max_resolution_m"": null, ""requires_bare_earth"": false, ""requires_cloud_mask"": false, ""max_uncertainty"": null, ""temporal_tolerance_h"": null, ""required_value_range"": null}","[{""name"": ""index"", ""quantity"": ""NDVI"", ""unit"": ""dimensionless"", ""scale"": ""continuous"", ""crs"": ""EPSG:32643"", ""resolution_m"": 10.0, ""temporal_resolution_h"": null, ""processing_level"": null, ""surface_model"": null, ""vertical_datum"": null, ""acquisition_time"": null, ""available_time"": null, ""provenance"": ""authoritative-product"", ""band_role"": null, ""nodata_semantics"": null, ""uncertainty"": null, ""allowed_values"": null, ""observed_min"": -2, ""observed_max"": 2, ""attrs"": {}}]","[{""op"": ""assert_value_range"", ""params"": {""artifact"": 0, ""min"": -1, ""max"": 1}}]",REFUTED,"[{""code"": ""PHYSICAL_RANGE_VIOLATION"", ""verdict"": ""REFUTED"", ""message"": ""Observed values violate declared physical bounds."", ""step_index"": 0, ""evidence"": {""observed"": [-2, 2], ""required"": [-1, 1]}, ""repair"": null}]"
SGX3_HELDOUT-FAMILY_physical_range_violation_003,heldout-family,atomic,physical_range_violation,PROVEN,values stay in physical NDVI range,bc9af57aa254e1cdbcdc49bf5370dcb89dd3cca6b2bd933f91daafbfad87b45c,"{""goal"": ""physical_range_violation"", ""required_quantity"": null, ""required_unit"": null, ""decision_time"": null, ""max_resolution_m"": null, ""requires_bare_earth"": false, ""requires_cloud_mask"": false, ""max_uncertainty"": null, ""temporal_tolerance_h"": null, ""required_value_range"": null}","[{""name"": ""index"", ""quantity"": ""NDVI"", ""unit"": ""dimensionless"", ""scale"": ""continuous"", ""crs"": ""EPSG:32643"", ""resolution_m"": 10.0, ""temporal_resolution_h"": null, ""processing_level"": null, ""surface_model"": null, ""vertical_datum"": null, ""acquisition_time"": null, ""available_time"": null, ""provenance"": ""authoritative-product"", ""band_role"": null, ""nodata_semantics"": null, ""uncertainty"": null, ""allowed_values"": null, ""observed_min"": -0.7906421103881729, ""observed_max"": 0.27926961919400883, ""attrs"": {}}]","[{""op"": ""assert_value_range"", ""params"": {""artifact"": 0, ""min"": -1, ""max"": 1}}]",PROVEN,[]
SGX3_HELDOUT-FAMILY_physical_range_violation_004,heldout-family,atomic,physical_range_violation,PROVEN,values stay in physical NDVI range,262b2d204f2a81ef2fa491095c5d13f05e5c61f34c69e5aa00086c0b17de97c0,"{""goal"": ""physical_range_violation"", ""required_quantity"": null, ""required_unit"": null, ""decision_time"": null, ""max_resolution_m"": null, ""requires_bare_earth"": false, ""requires_cloud_mask"": false, ""max_uncertainty"": null, ""temporal_tolerance_h"": null, ""required_value_range"": null}","[{""name"": ""index"", ""quantity"": ""NDVI"", ""unit"": ""dimensionless"", ""scale"": ""continuous"", ""crs"": ""EPSG:32643"", ""resolution_m"": 10.0, ""temporal_resolution_h"": null, ""processing_level"": null, ""surface_model"": null, ""vertical_datum"": null, ""acquisition_time"": null, ""available_time"": null, ""provenance"": ""authoritative-product"", ""band_role"": null, ""nodata_semantics"": null, ""uncertainty"": null, ""allowed_values"": null, ""observed_min"": -0.7361369246711644, ""observed_max"": 0.8926712266202995, ""attrs"": {}}]","[{""op"": ""assert_value_range"", ""params"": {""artifact"": 0, ""min"": -1, ""max"": 1}}]",PROVEN,[]
SGX3_HELDOUT-FAMILY_physical_range_violation_005,heldout-family,adversarial,physical_range_violation,PROVEN,values stay in physical NDVI range,c69917a3ca60a7fc0d04b42ab6b8750272f71618899f593bde6f8d2ae77e7065,"{""goal"": ""physical_range_violation"", ""required_quantity"": null, ""required_unit"": null, ""decision_time"": null, ""max_resolution_m"": null, ""requires_bare_earth"": false, ""requires_cloud_mask"": false, ""max_uncertainty"": null, ""temporal_tolerance_h"": null, ""required_value_range"": null}","[{""name"": ""index"", ""quantity"": ""NDVI"", ""unit"": ""dimensionless"", ""scale"": ""continuous"", ""crs"": ""EPSG:32643"", ""resolution_m"": 10.0, ""temporal_resolution_h"": null, ""processing_level"": null, ""surface_model"": null, ""vertical_datum"": null, ""acquisition_time"": null, ""available_time"": null, ""provenance"": ""authoritative-product"", ""band_role"": null, ""nodata_semantics"": null, ""uncertainty"": null, ""allowed_values"": null, ""observed_min"": -0.24733439207796537, ""observed_max"": 0.46855767543154403, ""attrs"": {}}]","[{""op"": ""assert_value_range"", ""params"": {""artifact"": 0, ""min"": -1, ""max"": 1}}]",PROVEN,[]
SGX3_HELDOUT-FAMILY_physical_range_violation_006,heldout-family,adversarial,physical_range_violation,PROVEN,values stay in physical NDVI range,8141083e97a942f78929024690b1b2d3f03819fab111bff90601763406570e0a,"{""goal"": ""physical_range_violation"", ""required_quantity"": null, ""required_unit"": null, ""decision_time"": null, ""max_resolution_m"": null, ""requires_bare_earth"": false, ""requires_cloud_mask"": false, ""max_uncertainty"": null, ""temporal_tolerance_h"": null, ""required_value_range"": null}","[{""name"": ""index"", ""quantity"": ""NDVI"", ""unit"": ""dimensionless"", ""scale"": ""continuous"", ""crs"": ""EPSG:32643"", ""resolution_m"": 10.0, ""temporal_resolution_h"": null, ""processing_level"": null, ""surface_model"": null, ""vertical_datum"": null, ""acquisition_time"": null, ""available_time"": null, ""provenance"": ""authoritative-product"", ""band_role"": null, ""nodata_semantics"": null, ""uncertainty"": null, ""allowed_values"": null, ""observed_min"": -0.7675711323813553, ""observed_max"": 0.027454607143779786, ""attrs"": {}}]","[{""op"": ""assert_value_range"", ""params"": {""artifact"": 0, ""min"": -1, ""max"": 1}}]",PROVEN,[]
SGX3_HELDOUT-FAMILY_physical_range_violation_007,heldout-family,atomic,physical_range_violation,PROVEN,values stay in physical NDVI range,917dcc435fe4fd47f053df24e127ed25fe24496a1b458bbf0066c60bf76d4528,"{""goal"": ""physical_range_violation"", ""required_quantity"": null, ""required_unit"": null, ""decision_time"": null, ""max_resolution_m"": null, ""requires_bare_earth"": false, ""requires_cloud_mask"": false, ""max_uncertainty"": null, ""temporal_tolerance_h"": null, ""required_value_range"": null}","[{""name"": ""index"", ""quantity"": ""NDVI"", ""unit"": ""dimensionless"", ""scale"": ""continuous"", ""crs"": ""EPSG:32643"", ""resolution_m"": 10.0, ""temporal_resolution_h"": null, ""processing_level"": null, ""surface_model"": null, ""vertical_datum"": null, ""acquisition_time"": null, ""available_time"": null, ""provenance"": ""authoritative-product"", ""band_role"": null, ""nodata_semantics"": null, ""uncertainty"": null, ""allowed_values"": null, ""observed_min"": -0.03460813962175069, ""observed_max"": 0.8258539476197895, ""attrs"": {}}]","[{""op"": ""assert_value_range"", ""params"": {""artifact"": 0, ""min"": -1, ""max"": 1}}]",PROVEN,[]
SGX3_HELDOUT-FAMILY_physical_range_violation_008,heldout-family,atomic,physical_range_violation,PROVEN,values stay in physical NDVI range,3d9b6ae9e8371f329867c122d9eeddbb42adf42ad3524747367ede79b21dfa4c,"{""goal"": ""physical_range_violation"", ""required_quantity"": null, ""required_unit"": null, ""decision_time"": null, ""max_resolution_m"": null, ""requires_bare_earth"": false, ""requires_cloud_mask"": false, ""max_uncertainty"": null, ""temporal_tolerance_h"": null, ""required_value_range"": null}","[{""name"": ""index"", ""quantity"": ""NDVI"", ""unit"": ""dimensionless"", ""scale"": ""continuous"", ""crs"": ""EPSG:32643"", ""resolution_m"": 10.0, ""temporal_resolution_h"": null, ""processing_level"": null, ""surface_model"": null, ""vertical_datum"": null, ""acquisition_time"": null, ""available_time"": null, ""provenance"": ""authoritative-product"", ""band_role"": null, ""nodata_semantics"": null, ""uncertainty"": null, ""allowed_values"": null, ""observed_min"": -0.4815892061738323, ""observed_max"": 0.17620448451477, ""attrs"": {}}]","[{""op"": ""assert_value_range"", ""params"": {""artifact"": 0, ""min"": -1, ""max"": 1}}]",PROVEN,[]
SGX3_HELDOUT-FAMILY_physical_range_violation_009,heldout-family,atomic,physical_range_violation,PROVEN,values stay in physical NDVI range,07f938c5c51eef4e844061bf69f089ab7440f7a3dd43f5643bc6c7741d743ae8,"{""goal"": ""physical_range_violation"", ""required_quantity"": null, ""required_unit"": null, ""decision_time"": null, ""max_resolution_m"": null, ""requires_bare_earth"": false, ""requires_cloud_mask"": false, ""max_uncertainty"": null, ""temporal_tolerance_h"": null, ""required_value_range"": null}","[{""name"": ""index"", ""quantity"": ""NDVI"", ""unit"": ""dimensionless"", ""scale"": ""continuous"", ""crs"": ""EPSG:32643"", ""resolution_m"": 10.0, ""temporal_resolution_h"": null, ""processing_level"": null, ""surface_model"": null, ""vertical_datum"": null, ""acquisition_time"": null, ""available_time"": null, ""provenance"": ""authoritative-product"", ""band_role"": null, ""nodata_semantics"": null, ""uncertainty"": null, ""allowed_values"": null, ""observed_min"": -0.7538676247869512, ""observed_max"": 0.873246829799791, ""attrs"": {}}]","[{""op"": ""assert_value_range"", ""params"": {""artifact"": 0, ""min"": -1, ""max"": 1}}]",PROVEN,[]
SGX3_HELDOUT-FAMILY_physical_range_violation_010,heldout-family,atomic,physical_range_violation,PROVEN,values stay in physical NDVI range,8431beabcbd3dd19d856f958afe7ceeabb7db6c47fed9c0b0082cfea85391c70,"{""goal"": ""physical_range_violation"", ""required_quantity"": null, ""required_unit"": null, ""decision_time"": null, ""max_resolution_m"": null, ""requires_bare_earth"": false, ""requires_cloud_mask"": false, ""max_uncertainty"": null, ""temporal_tolerance_h"": null, ""required_value_range"": null}","[{""name"": ""index"", ""quantity"": ""NDVI"", ""unit"": ""dimensionless"", ""scale"": ""continuous"", ""crs"": ""EPSG:32643"", ""resolution_m"": 10.0, ""temporal_resolution_h"": null, ""processing_level"": null, ""surface_model"": null, ""vertical_datum"": null, ""acquisition_time"": null, ""available_time"": null, ""provenance"": ""authoritative-product"", ""band_role"": null, ""nodata_semantics"": null, ""uncertainty"": null, ""allowed_values"": null, ""observed_min"": -0.8227485767917194, ""observed_max"": 0.7593046373274954, ""attrs"": {}}]","[{""op"": ""assert_value_range"", ""params"": {""artifact"": 0, ""min"": -1, ""max"": 1}}]",PROVEN,[]
SGX3_HELDOUT-FAMILY_physical_range_violation_011,heldout-family,compositional,physical_range_violation,PROVEN,values stay in physical NDVI range,479a9fb7e9de6f6be436d84a386d71714da75452871427b70da282472a010344,"{""goal"": ""physical_range_violation"", ""required_quantity"": null, ""required_unit"": null, ""decision_time"": null, ""max_resolution_m"": null, ""requires_bare_earth"": false, ""requires_cloud_mask"": false, ""max_uncertainty"": null, ""temporal_tolerance_h"": null, ""required_value_range"": null}","[{""name"": ""index"", ""quantity"": ""NDVI"", ""unit"": ""dimensionless"", ""scale"": ""continuous"", ""crs"": ""EPSG:32643"", ""resolution_m"": 10.0, ""temporal_resolution_h"": null, ""processing_level"": null, ""surface_model"": null, ""vertical_datum"": null, ""acquisition_time"": null, ""available_time"": null, ""provenance"": ""authoritative-product"", ""band_role"": null, ""nodata_semantics"": null, ""uncertainty"": null, ""allowed_values"": null, ""observed_min"": -0.9188000321457525, ""observed_max"": 0.08555890439466807, ""attrs"": {}}]","[{""op"": ""assert_value_range"", ""params"": {""artifact"": 0, ""min"": -1, ""max"": 1}}]",PROVEN,[]
SGX3_HELDOUT-FAMILY_physical_range_violation_012,heldout-family,compositional,physical_range_violation,PROVEN,values stay in physical NDVI range,12132531109de5b2e5237e47a0d62e779d1490c697f4eacdcd160e32e1fa2301,"{""goal"": ""physical_range_violation"", ""required_quantity"": null, ""required_unit"": null, ""decision_time"": null, ""max_resolution_m"": null, ""requires_bare_earth"": false, ""requires_cloud_mask"": false, ""max_uncertainty"": null, ""temporal_tolerance_h"": null, ""required_value_range"": null}","[{""name"": ""index"", ""quantity"": ""NDVI"", ""unit"": ""dimensionless"", ""scale"": ""continuous"", ""crs"": ""EPSG:32643"", ""resolution_m"": 10.0, ""temporal_resolution_h"": null, ""processing_level"": null, ""surface_model"": null, ""vertical_datum"": null, ""acquisition_time"": null, ""available_time"": null, ""provenance"": ""authoritative-product"", ""band_role"": null, ""nodata_semantics"": null, ""uncertainty"": null, ""allowed_values"": null, ""observed_min"": -0.6718363055037866, ""observed_max"": 0.6275577515250064, ""attrs"": {}}]","[{""op"": ""assert_value_range"", ""params"": {""artifact"": 0, ""min"": -1, ""max"": 1}}]",PROVEN,[]
SGX3_HELDOUT-FAMILY_physical_range_violation_013,heldout-family,adversarial,physical_range_violation,PROVEN,values stay in physical NDVI range,1399ec56c309ba04b9083fd53ebe7b9f51459705ce19ba452916f4c196344722,"{""goal"": ""physical_range_violation"", ""required_quantity"": null, ""required_unit"": null, ""decision_time"": null, ""max_resolution_m"": null, ""requires_bare_earth"": false, ""requires_cloud_mask"": false, ""max_uncertainty"": null, ""temporal_tolerance_h"": null, ""required_value_range"": null}","[{""name"": ""index"", ""quantity"": ""NDVI"", ""unit"": ""dimensionless"", ""scale"": ""continuous"", ""crs"": ""EPSG:32643"", ""resolution_m"": 10.0, ""temporal_resolution_h"": null, ""processing_level"": null, ""surface_model"": null, ""vertical_datum"": null, ""acquisition_time"": null, ""available_time"": null, ""provenance"": ""authoritative-product"", ""band_role"": null, ""nodata_semantics"": null, ""uncertainty"": null, ""allowed_values"": null, ""observed_min"": -0.36860274517733194, ""observed_max"": 0.7109580910108333, ""attrs"": {}}]","[{""op"": ""assert_value_range"", ""params"": {""artifact"": 0, ""min"": -1, ""max"": 1}}]",PROVEN,[]
SGX3_HELDOUT-FAMILY_physical_range_violation_014,heldout-family,compositional,physical_range_violation,PROVEN,values stay in physical NDVI range,98e8d5e26b5a869d910fa380a06226b1c72713194245ef4f8af2b8aa28a32e7c,"{""goal"": ""physical_range_violation"", ""required_quantity"": null, ""required_unit"": null, ""decision_time"": null, ""max_resolution_m"": null, ""requires_bare_earth"": false, ""requires_cloud_mask"": false, ""max_uncertainty"": null, ""temporal_tolerance_h"": null, ""required_value_range"": null}","[{""name"": ""index"", ""quantity"": ""NDVI"", ""unit"": ""dimensionless"", ""scale"": ""continuous"", ""crs"": ""EPSG:32643"", ""resolution_m"": 10.0, ""temporal_resolution_h"": null, ""processing_level"": null, ""surface_model"": null, ""vertical_datum"": null, ""acquisition_time"": null, ""available_time"": null, ""provenance"": ""authoritative-product"", ""band_role"": null, ""nodata_semantics"": null, ""uncertainty"": null, ""allowed_values"": null, ""observed_min"": -0.019345275389477168, ""observed_max"": 0.9527047775393755, ""attrs"": {}}]","[{""op"": ""assert_value_range"", ""params"": {""artifact"": 0, ""min"": -1, ""max"": 1}}]",PROVEN,[]
SGX3_HELDOUT-FAMILY_physical_range_violation_015,heldout-family,compositional,physical_range_violation,PROVEN,values stay in physical NDVI range,4c6acd63cfeb21ddcd0bc375eada0e1f17de99e6552c5347a268520e49fa0c9c,"{""goal"": ""physical_range_violation"", ""required_quantity"": null, ""required_unit"": null, ""decision_time"": null, ""max_resolution_m"": null, ""requires_bare_earth"": false, ""requires_cloud_mask"": false, ""max_uncertainty"": null, ""temporal_tolerance_h"": null, ""required_value_range"": null}","[{""name"": ""index"", ""quantity"": ""NDVI"", ""unit"": ""dimensionless"", ""scale"": ""continuous"", ""crs"": ""EPSG:32643"", ""resolution_m"": 10.0, ""temporal_resolution_h"": null, ""processing_level"": null, ""surface_model"": null, ""vertical_datum"": null, ""acquisition_time"": null, ""available_time"": null, ""provenance"": ""authoritative-product"", ""band_role"": null, ""nodata_semantics"": null, ""uncertainty"": null, ""allowed_values"": null, ""observed_min"": -0.3883724950295345, ""observed_max"": 0.34008735379575983, ""attrs"": {}}]","[{""op"": ""assert_value_range"", ""params"": {""artifact"": 0, ""min"": -1, ""max"": 1}}]",PROVEN,[]
SGX3_HELDOUT-FAMILY_categorical_mean_aggregation_000,heldout-family,compositional,categorical_mean_aggregation,REFUTED,nominal labels aggregated numerically,5e3130dfaf1ad24322cddf00c45b053a1e7d0a89559771b7553d98671980b25b,"{""goal"": ""categorical_mean_aggregation"", ""required_quantity"": null, ""required_unit"": null, ""decision_time"": null, ""max_resolution_m"": null, ""requires_bare_earth"": false, ""requires_cloud_mask"": false, ""max_uncertainty"": null, ""temporal_tolerance_h"": null, ""required_value_range"": null}","[{""name"": ""landcover"", ""quantity"": ""land_cover"", ""unit"": null, ""scale"": ""categorical"", ""crs"": ""EPSG:32643"", ""resolution_m"": 10.0, ""temporal_resolution_h"": null, ""processing_level"": null, ""surface_model"": null, ""vertical_datum"": null, ""acquisition_time"": null, ""available_time"": null, ""provenance"": ""authoritative-product"", ""band_role"": null, ""nodata_semantics"": null, ""uncertainty"": null, ""allowed_values"": [10, 20, 30, 40, 50, 60, 70, 80, 90, 95, 100], ""observed_min"": null, ""observed_max"": null, ""attrs"": {}}]","[{""op"": ""aggregate_categorical"", ""params"": {""artifact"": 0, ""method"": ""mean""}}]",REFUTED,"[{""code"": ""CATEGORICAL_AGGREGATION_INVALID"", ""verdict"": ""REFUTED"", ""message"": ""mean is not label-preserving for nominal classes."", ""step_index"": 0, ""evidence"": {}, ""repair"": null}]"
SGX3_HELDOUT-FAMILY_categorical_mean_aggregation_001,heldout-family,compositional,categorical_mean_aggregation,PROVEN,categorical aggregation is label-preserving,37319c060d9cab240e31575d3722355017f5489e7def627a71d2c2bbd1f41757,"{""goal"": ""categorical_mean_aggregation"", ""required_quantity"": null, ""required_unit"": null, ""decision_time"": null, ""max_resolution_m"": null, ""requires_bare_earth"": false, ""requires_cloud_mask"": false, ""max_uncertainty"": null, ""temporal_tolerance_h"": null, ""required_value_range"": null}","[{""name"": ""landcover"", ""quantity"": ""land_cover"", ""unit"": null, ""scale"": ""categorical"", ""crs"": ""EPSG:32643"", ""resolution_m"": 10.0, ""temporal_resolution_h"": null, ""processing_level"": null, ""surface_model"": null, ""vertical_datum"": null, ""acquisition_time"": null, ""available_time"": null, ""provenance"": ""authoritative-product"", ""band_role"": null, ""nodata_semantics"": null, ""uncertainty"": null, ""allowed_values"": [10, 20, 30, 40, 50, 60, 70, 80, 90, 95, 100], ""observed_min"": null, ""observed_max"": null, ""attrs"": {}}]","[{""op"": ""aggregate_categorical"", ""params"": {""artifact"": 0, ""method"": ""mode""}}]",PROVEN,[]
SGX3_HELDOUT-FAMILY_categorical_mean_aggregation_002,heldout-family,atomic,categorical_mean_aggregation,REFUTED,nominal labels aggregated numerically,038532d8e97c0938dc598e02c878277d1f43b44902e85161ab28cbc31149a7f2,"{""goal"": ""categorical_mean_aggregation"", ""required_quantity"": null, ""required_unit"": null, ""decision_time"": null, ""max_resolution_m"": null, ""requires_bare_earth"": false, ""requires_cloud_mask"": false, ""max_uncertainty"": null, ""temporal_tolerance_h"": null, ""required_value_range"": null}","[{""name"": ""landcover"", ""quantity"": ""land_cover"", ""unit"": null, ""scale"": ""categorical"", ""crs"": ""EPSG:32643"", ""resolution_m"": 10.0, ""temporal_resolution_h"": null, ""processing_level"": null, ""surface_model"": null, ""vertical_datum"": null, ""acquisition_time"": null, ""available_time"": null, ""provenance"": ""authoritative-product"", ""band_role"": null, ""nodata_semantics"": null, ""uncertainty"": null, ""allowed_values"": [10, 20, 30, 40, 50, 60, 70, 80, 90, 95, 100], ""observed_min"": null, ""observed_max"": null, ""attrs"": {}}]","[{""op"": ""aggregate_categorical"", ""params"": {""artifact"": 0, ""method"": ""median""}}]",REFUTED,"[{""code"": ""CATEGORICAL_AGGREGATION_INVALID"", ""verdict"": ""REFUTED"", ""message"": ""median is not label-preserving for nominal classes."", ""step_index"": 0, ""evidence"": {}, ""repair"": null}]"
SGX3_HELDOUT-FAMILY_temporal_split_overlap_000,heldout-family,adversarial,temporal_split_overlap,REFUTED,training overlaps test period,b9fccaac7484edb640bf4a2412a6119b7c3a07fb4c10f99aff994377930d5dff,"{""goal"": ""temporal_split_overlap"", ""required_quantity"": null, ""required_unit"": null, ""decision_time"": null, ""max_resolution_m"": null, ""requires_bare_earth"": false, ""requires_cloud_mask"": false, ""max_uncertainty"": null, ""temporal_tolerance_h"": null, ""required_value_range"": null}","[{""name"": ""records"", ""quantity"": ""time_series"", ""unit"": null, ""scale"": ""continuous"", ""crs"": ""EPSG:32643"", ""resolution_m"": 10.0, ""temporal_resolution_h"": null, ""processing_level"": null, ""surface_model"": null, ""vertical_datum"": null, ""acquisition_time"": null, ""available_time"": null, ""provenance"": ""authoritative-product"", ""band_role"": null, ""nodata_semantics"": null, ""uncertainty"": null, ""allowed_values"": null, ""observed_min"": null, ""observed_max"": null, ""attrs"": {}}]","[{""op"": ""split"", ""params"": {""mode"": ""temporal"", ""train_end"": ""2024-07-07T00:00:00+00:00"", ""test_start"": ""2024-07-01T00:00:00+00:00""}}]",REFUTED,"[{""code"": ""TEMPORAL_SPLIT_OVERLAP"", ""verdict"": ""REFUTED"", ""message"": ""Training and testing periods overlap or are not chronologically ordered."", ""step_index"": 0, ""evidence"": {}, ""repair"": null}]"
SGX3_HELDOUT-FAMILY_temporal_split_overlap_001,heldout-family,compositional,temporal_split_overlap,REFUTED,training overlaps test period,be5cf150529273fd60e0710d6c514d07454d7e2157c767c175df521366009032,"{""goal"": ""temporal_split_overlap"", ""required_quantity"": null, ""required_unit"": null, ""decision_time"": null, ""max_resolution_m"": null, ""requires_bare_earth"": false, ""requires_cloud_mask"": false, ""max_uncertainty"": null, ""temporal_tolerance_h"": null, ""required_value_range"": null}","[{""name"": ""records"", ""quantity"": ""time_series"", ""unit"": null, ""scale"": ""continuous"", ""crs"": ""EPSG:32643"", ""resolution_m"": 10.0, ""temporal_resolution_h"": null, ""processing_level"": null, ""surface_model"": null, ""vertical_datum"": null, ""acquisition_time"": null, ""available_time"": null, ""provenance"": ""authoritative-product"", ""band_role"": null, ""nodata_semantics"": null, ""uncertainty"": null, ""allowed_values"": null, ""observed_min"": null, ""observed_max"": null, ""attrs"": {}}]","[{""op"": ""split"", ""params"": {""mode"": ""temporal"", ""train_end"": ""2024-07-05T00:00:00+00:00"", ""test_start"": ""2024-07-01T00:00:00+00:00""}}]",REFUTED,"[{""code"": ""TEMPORAL_SPLIT_OVERLAP"", ""verdict"": ""REFUTED"", ""message"": ""Training and testing periods overlap or are not chronologically ordered."", ""step_index"": 0, ""evidence"": {}, ""repair"": null}]"
SGX3_HELDOUT-FAMILY_temporal_split_overlap_002,heldout-family,compositional,temporal_split_overlap,REFUTED,training overlaps test period,b8e9f5d2c5b4e4c9e89375161ee3bedffd8bc3a240d936b46a74cbdb1da9584a,"{""goal"": ""temporal_split_overlap"", ""required_quantity"": null, ""required_unit"": null, ""decision_time"": null, ""max_resolution_m"": null, ""requires_bare_earth"": false, ""requires_cloud_mask"": false, ""max_uncertainty"": null, ""temporal_tolerance_h"": null, ""required_value_range"": null}","[{""name"": ""records"", ""quantity"": ""time_series"", ""unit"": null, ""scale"": ""continuous"", ""crs"": ""EPSG:32643"", ""resolution_m"": 10.0, ""temporal_resolution_h"": null, ""processing_level"": null, ""surface_model"": null, ""vertical_datum"": null, ""acquisition_time"": null, ""available_time"": null, ""provenance"": ""authoritative-product"", ""band_role"": null, ""nodata_semantics"": null, ""uncertainty"": null, ""allowed_values"": null, ""observed_min"": null, ""observed_max"": null, ""attrs"": {}}]","[{""op"": ""split"", ""params"": {""mode"": ""temporal"", ""train_end"": ""2024-07-01T00:00:00+00:00"", ""test_start"": ""2024-07-01T00:00:00+00:00""}}]",REFUTED,"[{""code"": ""TEMPORAL_SPLIT_OVERLAP"", ""verdict"": ""REFUTED"", ""message"": ""Training and testing periods overlap or are not chronologically ordered."", ""step_index"": 0, ""evidence"": {}, ""repair"": null}]"
SGX3_HELDOUT-FAMILY_temporal_split_overlap_003,heldout-family,compositional,temporal_split_overlap,REFUTED,training overlaps test period,792802efc58ee2d95aeaf327d178f8dcda2f969d22e3cb04f1cdf417cdefb6f4,"{""goal"": ""temporal_split_overlap"", ""required_quantity"": null, ""required_unit"": null, ""decision_time"": null, ""max_resolution_m"": null, ""requires_bare_earth"": false, ""requires_cloud_mask"": false, ""max_uncertainty"": null, ""temporal_tolerance_h"": null, ""required_value_range"": null}","[{""name"": ""records"", ""quantity"": ""time_series"", ""unit"": null, ""scale"": ""continuous"", ""crs"": ""EPSG:32643"", ""resolution_m"": 10.0, ""temporal_resolution_h"": null, ""processing_level"": null, ""surface_model"": null, ""vertical_datum"": null, ""acquisition_time"": null, ""available_time"": null, ""provenance"": ""authoritative-product"", ""band_role"": null, ""nodata_semantics"": null, ""uncertainty"": null, ""allowed_values"": null, ""observed_min"": null, ""observed_max"": null, ""attrs"": {}}]","[{""op"": ""split"", ""params"": {""mode"": ""temporal"", ""train_end"": ""2024-07-03T00:00:00+00:00"", ""test_start"": ""2024-07-01T00:00:00+00:00""}}]",REFUTED,"[{""code"": ""TEMPORAL_SPLIT_OVERLAP"", ""verdict"": ""REFUTED"", ""message"": ""Training and testing periods overlap or are not chronologically ordered."", ""step_index"": 0, ""evidence"": {}, ""repair"": null}]"
SGX3_HELDOUT-FAMILY_temporal_split_overlap_004,heldout-family,adversarial,temporal_split_overlap,REFUTED,training overlaps test period,d9d0edf3abe1bc4206fcf36f58c388a24512db538f20ced33a0361596249b8fa,"{""goal"": ""temporal_split_overlap"", ""required_quantity"": null, ""required_unit"": null, ""decision_time"": null, ""max_resolution_m"": null, ""requires_bare_earth"": false, ""requires_cloud_mask"": false, ""max_uncertainty"": null, ""temporal_tolerance_h"": null, ""required_value_range"": null}","[{""name"": ""records"", ""quantity"": ""time_series"", ""unit"": null, ""scale"": ""continuous"", ""crs"": ""EPSG:32643"", ""resolution_m"": 10.0, ""temporal_resolution_h"": null, ""processing_level"": null, ""surface_model"": null, ""vertical_datum"": null, ""acquisition_time"": null, ""available_time"": null, ""provenance"": ""authoritative-product"", ""band_role"": null, ""nodata_semantics"": null, ""uncertainty"": null, ""allowed_values"": null, ""observed_min"": null, ""observed_max"": null, ""attrs"": {}}]","[{""op"": ""split"", ""params"": {""mode"": ""temporal"", ""train_end"": ""2024-07-11T00:00:00+00:00"", ""test_start"": ""2024-07-01T00:00:00+00:00""}}]",REFUTED,"[{""code"": ""TEMPORAL_SPLIT_OVERLAP"", ""verdict"": ""REFUTED"", ""message"": ""Training and testing periods overlap or are not chronologically ordered."", ""step_index"": 0, ""evidence"": {}, ""repair"": null}]"
SGX3_HELDOUT-FAMILY_temporal_split_overlap_005,heldout-family,atomic,temporal_split_overlap,PROVEN,strict chronological holdout,cb538f35fbe0ba26142d026540e46a0204b5b742fc51b6d22be73c4e6bc18691,"{""goal"": ""temporal_split_overlap"", ""required_quantity"": null, ""required_unit"": null, ""decision_time"": null, ""max_resolution_m"": null, ""requires_bare_earth"": false, ""requires_cloud_mask"": false, ""max_uncertainty"": null, ""temporal_tolerance_h"": null, ""required_value_range"": null}","[{""name"": ""records"", ""quantity"": ""time_series"", ""unit"": null, ""scale"": ""continuous"", ""crs"": ""EPSG:32643"", ""resolution_m"": 10.0, ""temporal_resolution_h"": null, ""processing_level"": null, ""surface_model"": null, ""vertical_datum"": null, ""acquisition_time"": null, ""available_time"": null, ""provenance"": ""authoritative-product"", ""band_role"": null, ""nodata_semantics"": null, ""uncertainty"": null, ""allowed_values"": null, ""observed_min"": null, ""observed_max"": null, ""attrs"": {}}]","[{""op"": ""split"", ""params"": {""mode"": ""temporal"", ""train_end"": ""2024-06-01T00:00:00+00:00"", ""test_start"": ""2024-07-01T00:00:00+00:00""}}]",PROVEN,[]
SGX3_HELDOUT-FAMILY_temporal_split_overlap_006,heldout-family,compositional,temporal_split_overlap,PROVEN,strict chronological holdout,65a42cbdcbf74cfa274c9fc34d56a965e758d1a757ddf00778904e0afe1c3fc3,"{""goal"": ""temporal_split_overlap"", ""required_quantity"": null, ""required_unit"": null, ""decision_time"": null, ""max_resolution_m"": null, ""requires_bare_earth"": false, ""requires_cloud_mask"": false, ""max_uncertainty"": null, ""temporal_tolerance_h"": null, ""required_value_range"": null}","[{""name"": ""records"", ""quantity"": ""time_series"", ""unit"": null, ""scale"": ""continuous"", ""crs"": ""EPSG:32643"", ""resolution_m"": 10.0, ""temporal_resolution_h"": null, ""processing_level"": null, ""surface_model"": null, ""vertical_datum"": null, ""acquisition_time"": null, ""available_time"": null, ""provenance"": ""authoritative-product"", ""band_role"": null, ""nodata_semantics"": null, ""uncertainty"": null, ""allowed_values"": null, ""observed_min"": null, ""observed_max"": null, ""attrs"": {}}]","[{""op"": ""split"", ""params"": {""mode"": ""temporal"", ""train_end"": ""2024-06-13T00:00:00+00:00"", ""test_start"": ""2024-07-01T00:00:00+00:00""}}]",PROVEN,[]
SGX3_HELDOUT-FAMILY_temporal_split_overlap_007,heldout-family,atomic,temporal_split_overlap,PROVEN,strict chronological holdout,af34976ea0511a2340541539376f8c934cb6684dd58f9ddae60c9828bb71dbf6,"{""goal"": ""temporal_split_overlap"", ""required_quantity"": null, ""required_unit"": null, ""decision_time"": null, ""max_resolution_m"": null, ""requires_bare_earth"": false, ""requires_cloud_mask"": false, ""max_uncertainty"": null, ""temporal_tolerance_h"": null, ""required_value_range"": null}","[{""name"": ""records"", ""quantity"": ""time_series"", ""unit"": null, ""scale"": ""continuous"", ""crs"": ""EPSG:32643"", ""resolution_m"": 10.0, ""temporal_resolution_h"": null, ""processing_level"": null, ""surface_model"": null, ""vertical_datum"": null, ""acquisition_time"": null, ""available_time"": null, ""provenance"": ""authoritative-product"", ""band_role"": null, ""nodata_semantics"": null, ""uncertainty"": null, ""allowed_values"": null, ""observed_min"": null, ""observed_max"": null, ""attrs"": {}}]","[{""op"": ""split"", ""params"": {""mode"": ""temporal"", ""train_end"": ""2024-06-07T00:00:00+00:00"", ""test_start"": ""2024-07-01T00:00:00+00:00""}}]",PROVEN,[]
SGX3_HELDOUT-FAMILY_temporal_split_overlap_008,heldout-family,adversarial,temporal_split_overlap,PROVEN,strict chronological holdout,5cdcd4d3b225cc11e917d90ff0c8d36625eb5b9927c08014a8a53315ec6f6427,"{""goal"": ""temporal_split_overlap"", ""required_quantity"": null, ""required_unit"": null, ""decision_time"": null, ""max_resolution_m"": null, ""requires_bare_earth"": false, ""requires_cloud_mask"": false, ""max_uncertainty"": null, ""temporal_tolerance_h"": null, ""required_value_range"": null}","[{""name"": ""records"", ""quantity"": ""time_series"", ""unit"": null, ""scale"": ""continuous"", ""crs"": ""EPSG:32643"", ""resolution_m"": 10.0, ""temporal_resolution_h"": null, ""processing_level"": null, ""surface_model"": null, ""vertical_datum"": null, ""acquisition_time"": null, ""available_time"": null, ""provenance"": ""authoritative-product"", ""band_role"": null, ""nodata_semantics"": null, ""uncertainty"": null, ""allowed_values"": null, ""observed_min"": null, ""observed_max"": null, ""attrs"": {}}]","[{""op"": ""split"", ""params"": {""mode"": ""temporal"", ""train_end"": ""2024-06-27T00:00:00+00:00"", ""test_start"": ""2024-07-01T00:00:00+00:00""}}]",PROVEN,[]
SGX3_HELDOUT-FAMILY_temporal_split_overlap_009,heldout-family,atomic,temporal_split_overlap,PROVEN,strict chronological holdout,83f6eda1579ce95d02803f5f3614866236af7656c74b619113f3f5280038e299,"{""goal"": ""temporal_split_overlap"", ""required_quantity"": null, ""required_unit"": null, ""decision_time"": null, ""max_resolution_m"": null, ""requires_bare_earth"": false, ""requires_cloud_mask"": false, ""max_uncertainty"": null, ""temporal_tolerance_h"": null, ""required_value_range"": null}","[{""name"": ""records"", ""quantity"": ""time_series"", ""unit"": null, ""scale"": ""continuous"", ""crs"": ""EPSG:32643"", ""resolution_m"": 10.0, ""temporal_resolution_h"": null, ""processing_level"": null, ""surface_model"": null, ""vertical_datum"": null, ""acquisition_time"": null, ""available_time"": null, ""provenance"": ""authoritative-product"", ""band_role"": null, ""nodata_semantics"": null, ""uncertainty"": null, ""allowed_values"": null, ""observed_min"": null, ""observed_max"": null, ""attrs"": {}}]","[{""op"": ""split"", ""params"": {""mode"": ""temporal"", ""train_end"": ""2024-06-10T00:00:00+00:00"", ""test_start"": ""2024-07-01T00:00:00+00:00""}}]",PROVEN,[]
SGX3_HELDOUT-FAMILY_temporal_split_overlap_010,heldout-family,adversarial,temporal_split_overlap,PROVEN,strict chronological holdout,8165ece3c430754595de2161d8a4d05bb786bc659f7ada7a3abc79dd5360bcd7,"{""goal"": ""temporal_split_overlap"", ""required_quantity"": null, ""required_unit"": null, ""decision_time"": null, ""max_resolution_m"": null, ""requires_bare_earth"": false, ""requires_cloud_mask"": false, ""max_uncertainty"": null, ""temporal_tolerance_h"": null, ""required_value_range"": null}","[{""name"": ""records"", ""quantity"": ""time_series"", ""unit"": null, ""scale"": ""continuous"", ""crs"": ""EPSG:32643"", ""resolution_m"": 10.0, ""temporal_resolution_h"": null, ""processing_level"": null, ""surface_model"": null, ""vertical_datum"": null, ""acquisition_time"": null, ""available_time"": null, ""provenance"": ""authoritative-product"", ""band_role"": null, ""nodata_semantics"": null, ""uncertainty"": null, ""allowed_values"": null, ""observed_min"": null, ""observed_max"": null, ""attrs"": {}}]","[{""op"": ""split"", ""params"": {""mode"": ""temporal"", ""train_end"": ""2024-06-17T00:00:00+00:00"", ""test_start"": ""2024-07-01T00:00:00+00:00""}}]",PROVEN,[]
SGX3_HELDOUT-FAMILY_temporal_split_overlap_011,heldout-family,adversarial,temporal_split_overlap,PROVEN,strict chronological holdout,c2cd26ae815e0ad41bf04ce733e7bb87bfc135d38d4a0b4d829ec99093784617,"{""goal"": ""temporal_split_overlap"", ""required_quantity"": null, ""required_unit"": null, ""decision_time"": null, ""max_resolution_m"": null, ""requires_bare_earth"": false, ""requires_cloud_mask"": false, ""max_uncertainty"": null, ""temporal_tolerance_h"": null, ""required_value_range"": null}","[{""name"": ""records"", ""quantity"": ""time_series"", ""unit"": null, ""scale"": ""continuous"", ""crs"": ""EPSG:32643"", ""resolution_m"": 10.0, ""temporal_resolution_h"": null, ""processing_level"": null, ""surface_model"": null, ""vertical_datum"": null, ""acquisition_time"": null, ""available_time"": null, ""provenance"": ""authoritative-product"", ""band_role"": null, ""nodata_semantics"": null, ""uncertainty"": null, ""allowed_values"": null, ""observed_min"": null, ""observed_max"": null, ""attrs"": {}}]","[{""op"": ""split"", ""params"": {""mode"": ""temporal"", ""train_end"": ""2024-06-11T00:00:00+00:00"", ""test_start"": ""2024-07-01T00:00:00+00:00""}}]",PROVEN,[]
SGX3_HELDOUT-FAMILY_temporal_split_overlap_012,heldout-family,atomic,temporal_split_overlap,PROVEN,strict chronological holdout,0192b57a540a5761a093652e60d0be29b0a7ff0eeb62eb6dd22d028428ad7e7f,"{""goal"": ""temporal_split_overlap"", ""required_quantity"": null, ""required_unit"": null, ""decision_time"": null, ""max_resolution_m"": null, ""requires_bare_earth"": false, ""requires_cloud_mask"": false, ""max_uncertainty"": null, ""temporal_tolerance_h"": null, ""required_value_range"": null}","[{""name"": ""records"", ""quantity"": ""time_series"", ""unit"": null, ""scale"": ""continuous"", ""crs"": ""EPSG:32643"", ""resolution_m"": 10.0, ""temporal_resolution_h"": null, ""processing_level"": null, ""surface_model"": null, ""vertical_datum"": null, ""acquisition_time"": null, ""available_time"": null, ""provenance"": ""authoritative-product"", ""band_role"": null, ""nodata_semantics"": null, ""uncertainty"": null, ""allowed_values"": null, ""observed_min"": null, ""observed_max"": null, ""attrs"": {}}]","[{""op"": ""split"", ""params"": {""mode"": ""temporal"", ""train_end"": ""2024-06-06T00:00:00+00:00"", ""test_start"": ""2024-07-01T00:00:00+00:00""}}]",PROVEN,[]
SGX3_HELDOUT-FAMILY_temporal_split_overlap_013,heldout-family,atomic,temporal_split_overlap,REFUTED,training overlaps test period,e2a7c1f2649a05beed8972a68c3414d82cc8dae25f666d486326c06b6fc30aad,"{""goal"": ""temporal_split_overlap"", ""required_quantity"": null, ""required_unit"": null, ""decision_time"": null, ""max_resolution_m"": null, ""requires_bare_earth"": false, ""requires_cloud_mask"": false, ""max_uncertainty"": null, ""temporal_tolerance_h"": null, ""required_value_range"": null}","[{""name"": ""records"", ""quantity"": ""time_series"", ""unit"": null, ""scale"": ""continuous"", ""crs"": ""EPSG:32643"", ""resolution_m"": 10.0, ""temporal_resolution_h"": null, ""processing_level"": null, ""surface_model"": null, ""vertical_datum"": null, ""acquisition_time"": null, ""available_time"": null, ""provenance"": ""authoritative-product"", ""band_role"": null, ""nodata_semantics"": null, ""uncertainty"": null, ""allowed_values"": null, ""observed_min"": null, ""observed_max"": null, ""attrs"": {}}]","[{""op"": ""split"", ""params"": {""mode"": ""temporal"", ""train_end"": ""2024-07-04T00:00:00+00:00"", ""test_start"": ""2024-07-01T00:00:00+00:00""}}]",REFUTED,"[{""code"": ""TEMPORAL_SPLIT_OVERLAP"", ""verdict"": ""REFUTED"", ""message"": ""Training and testing periods overlap or are not chronologically ordered."", ""step_index"": 0, ""evidence"": {}, ""repair"": null}]"
SGX3_HELDOUT-FAMILY_temporal_split_overlap_014,heldout-family,compositional,temporal_split_overlap,REFUTED,training overlaps test period,b1e6d2110ecc0a27b42b672366492ce6e9803b048d12b1bf912cd64067732c0b,"{""goal"": ""temporal_split_overlap"", ""required_quantity"": null, ""required_unit"": null, ""decision_time"": null, ""max_resolution_m"": null, ""requires_bare_earth"": false, ""requires_cloud_mask"": false, ""max_uncertainty"": null, ""temporal_tolerance_h"": null, ""required_value_range"": null}","[{""name"": ""records"", ""quantity"": ""time_series"", ""unit"": null, ""scale"": ""continuous"", ""crs"": ""EPSG:32643"", ""resolution_m"": 10.0, ""temporal_resolution_h"": null, ""processing_level"": null, ""surface_model"": null, ""vertical_datum"": null, ""acquisition_time"": null, ""available_time"": null, ""provenance"": ""authoritative-product"", ""band_role"": null, ""nodata_semantics"": null, ""uncertainty"": null, ""allowed_values"": null, ""observed_min"": null, ""observed_max"": null, ""attrs"": {}}]","[{""op"": ""split"", ""params"": {""mode"": ""temporal"", ""train_end"": ""2024-07-09T00:00:00+00:00"", ""test_start"": ""2024-07-01T00:00:00+00:00""}}]",REFUTED,"[{""code"": ""TEMPORAL_SPLIT_OVERLAP"", ""verdict"": ""REFUTED"", ""message"": ""Training and testing periods overlap or are not chronologically ordered."", ""step_index"": 0, ""evidence"": {}, ""repair"": null}]"
SGX3_HELDOUT-FAMILY_temporal_split_overlap_015,heldout-family,compositional,temporal_split_overlap,PROVEN,strict chronological holdout,1e58d7a04ea90317c406208d633deed8eecdba6763a86412795deac94fee0c97,"{""goal"": ""temporal_split_overlap"", ""required_quantity"": null, ""required_unit"": null, ""decision_time"": null, ""max_resolution_m"": null, ""requires_bare_earth"": false, ""requires_cloud_mask"": false, ""max_uncertainty"": null, ""temporal_tolerance_h"": null, ""required_value_range"": null}","[{""name"": ""records"", ""quantity"": ""time_series"", ""unit"": null, ""scale"": ""continuous"", ""crs"": ""EPSG:32643"", ""resolution_m"": 10.0, ""temporal_resolution_h"": null, ""processing_level"": null, ""surface_model"": null, ""vertical_datum"": null, ""acquisition_time"": null, ""available_time"": null, ""provenance"": ""authoritative-product"", ""band_role"": null, ""nodata_semantics"": null, ""uncertainty"": null, ""allowed_values"": null, ""observed_min"": null, ""observed_max"": null, ""attrs"": {}}]","[{""op"": ""split"", ""params"": {""mode"": ""temporal"", ""train_end"": ""2024-06-24T00:00:00+00:00"", ""test_start"": ""2024-07-01T00:00:00+00:00""}}]",PROVEN,[]
SGX3_HELDOUT-FAMILY_scene_overlap_leakage_000,heldout-family,adversarial,scene_overlap_leakage,REFUTED,same scene content crosses partitions,4e9e2da2beab3a4a6b0fa01f0713a0a7259f05126ddac456d6123db06898a982,"{""goal"": ""scene_overlap_leakage"", ""required_quantity"": null, ""required_unit"": null, ""decision_time"": null, ""max_resolution_m"": null, ""requires_bare_earth"": false, ""requires_cloud_mask"": false, ""max_uncertainty"": null, ""temporal_tolerance_h"": null, ""required_value_range"": null}","[{""name"": ""chips"", ""quantity"": ""image_samples"", ""unit"": null, ""scale"": ""continuous"", ""crs"": ""EPSG:32643"", ""resolution_m"": 10.0, ""temporal_resolution_h"": null, ""processing_level"": null, ""surface_model"": null, ""vertical_datum"": null, ""acquisition_time"": null, ""available_time"": null, ""provenance"": ""authoritative-product"", ""band_role"": null, ""nodata_semantics"": null, ""uncertainty"": null, ""allowed_values"": null, ""observed_min"": null, ""observed_max"": null, ""attrs"": {}}]","[{""op"": ""split"", ""params"": {""mode"": ""scene"", ""scene_overlap_fraction"": 0.302}}]",REFUTED,"[{""code"": ""SCENE_OVERLAP_LEAKAGE"", ""verdict"": ""REFUTED"", ""message"": ""The same scene content appears in both train and test partitions."", ""step_index"": 0, ""evidence"": {""overlap_fraction"": 0.302}, ""repair"": null}]"
SGX3_HELDOUT-FAMILY_scene_overlap_leakage_001,heldout-family,compositional,scene_overlap_leakage,PROVEN,scene-disjoint split,d064e258625816db0580249225ec054776d8674bd8aafc10a445f0acfb5f27c2,"{""goal"": ""scene_overlap_leakage"", ""required_quantity"": null, ""required_unit"": null, ""decision_time"": null, ""max_resolution_m"": null, ""requires_bare_earth"": false, ""requires_cloud_mask"": false, ""max_uncertainty"": null, ""temporal_tolerance_h"": null, ""required_value_range"": null}","[{""name"": ""chips"", ""quantity"": ""image_samples"", ""unit"": null, ""scale"": ""continuous"", ""crs"": ""EPSG:32643"", ""resolution_m"": 10.0, ""temporal_resolution_h"": null, ""processing_level"": null, ""surface_model"": null, ""vertical_datum"": null, ""acquisition_time"": null, ""available_time"": null, ""provenance"": ""authoritative-product"", ""band_role"": null, ""nodata_semantics"": null, ""uncertainty"": null, ""allowed_values"": null, ""observed_min"": null, ""observed_max"": null, ""attrs"": {}}]","[{""op"": ""split"", ""params"": {""mode"": ""scene"", ""scene_overlap_fraction"": 0.0}}]",PROVEN,[]
SGX3_HELDOUT-FAMILY_scene_overlap_leakage_002,heldout-family,adversarial,scene_overlap_leakage,REFUTED,same scene content crosses partitions,8b72f0ac66ec057a135e47b3c1d15d4b3f1a484a352d6bded516f77fc13ecefc,"{""goal"": ""scene_overlap_leakage"", ""required_quantity"": null, ""required_unit"": null, ""decision_time"": null, ""max_resolution_m"": null, ""requires_bare_earth"": false, ""requires_cloud_mask"": false, ""max_uncertainty"": null, ""temporal_tolerance_h"": null, ""required_value_range"": null}","[{""name"": ""chips"", ""quantity"": ""image_samples"", ""unit"": null, ""scale"": ""continuous"", ""crs"": ""EPSG:32643"", ""resolution_m"": 10.0, ""temporal_resolution_h"": null, ""processing_level"": null, ""surface_model"": null, ""vertical_datum"": null, ""acquisition_time"": null, ""available_time"": null, ""provenance"": ""authoritative-product"", ""band_role"": null, ""nodata_semantics"": null, ""uncertainty"": null, ""allowed_values"": null, ""observed_min"": null, ""observed_max"": null, ""attrs"": {}}]","[{""op"": ""split"", ""params"": {""mode"": ""scene"", ""scene_overlap_fraction"": 0.54}}]",REFUTED,"[{""code"": ""SCENE_OVERLAP_LEAKAGE"", ""verdict"": ""REFUTED"", ""message"": ""The same scene content appears in both train and test partitions."", ""step_index"": 0, ""evidence"": {""overlap_fraction"": 0.54}, ""repair"": null}]"
SGX3_HELDOUT-FAMILY_scene_overlap_leakage_003,heldout-family,compositional,scene_overlap_leakage,REFUTED,same scene content crosses partitions,07648365255cd2265d84bb5c140256b83c9b19a7e39e7819e7a8ddc9c9db2d29,"{""goal"": ""scene_overlap_leakage"", ""required_quantity"": null, ""required_unit"": null, ""decision_time"": null, ""max_resolution_m"": null, ""requires_bare_earth"": false, ""requires_cloud_mask"": false, ""max_uncertainty"": null, ""temporal_tolerance_h"": null, ""required_value_range"": null}","[{""name"": ""chips"", ""quantity"": ""image_samples"", ""unit"": null, ""scale"": ""continuous"", ""crs"": ""EPSG:32643"", ""resolution_m"": 10.0, ""temporal_resolution_h"": null, ""processing_level"": null, ""surface_model"": null, ""vertical_datum"": null, ""acquisition_time"": null, ""available_time"": null, ""provenance"": ""authoritative-product"", ""band_role"": null, ""nodata_semantics"": null, ""uncertainty"": null, ""allowed_values"": null, ""observed_min"": null, ""observed_max"": null, ""attrs"": {}}]","[{""op"": ""split"", ""params"": {""mode"": ""scene"", ""scene_overlap_fraction"": 0.611}}]",REFUTED,"[{""code"": ""SCENE_OVERLAP_LEAKAGE"", ""verdict"": ""REFUTED"", ""message"": ""The same scene content appears in both train and test partitions."", ""step_index"": 0, ""evidence"": {""overlap_fraction"": 0.611}, ""repair"": null}]"
SGX3_HELDOUT-FAMILY_scene_overlap_leakage_004,heldout-family,compositional,scene_overlap_leakage,REFUTED,same scene content crosses partitions,4cbf3aa30d97b6c41fb5e3ddedc49c44094ded0535d48d0f55e93cb5f800e732,"{""goal"": ""scene_overlap_leakage"", ""required_quantity"": null, ""required_unit"": null, ""decision_time"": null, ""max_resolution_m"": null, ""requires_bare_earth"": false, ""requires_cloud_mask"": false, ""max_uncertainty"": null, ""temporal_tolerance_h"": null, ""required_value_range"": null}","[{""name"": ""chips"", ""quantity"": ""image_samples"", ""unit"": null, ""scale"": ""continuous"", ""crs"": ""EPSG:32643"", ""resolution_m"": 10.0, ""temporal_resolution_h"": null, ""processing_level"": null, ""surface_model"": null, ""vertical_datum"": null, ""acquisition_time"": null, ""available_time"": null, ""provenance"": ""authoritative-product"", ""band_role"": null, ""nodata_semantics"": null, ""uncertainty"": null, ""allowed_values"": null, ""observed_min"": null, ""observed_max"": null, ""attrs"": {}}]","[{""op"": ""split"", ""params"": {""mode"": ""scene"", ""scene_overlap_fraction"": 0.404}}]",REFUTED,"[{""code"": ""SCENE_OVERLAP_LEAKAGE"", ""verdict"": ""REFUTED"", ""message"": ""The same scene content appears in both train and test partitions."", ""step_index"": 0, ""evidence"": {""overlap_fraction"": 0.404}, ""repair"": null}]"
SGX3_HELDOUT-FAMILY_scene_overlap_leakage_005,heldout-family,compositional,scene_overlap_leakage,REFUTED,same scene content crosses partitions,ea097a04c0c3fc2fafa2daae0f951d1cd24beaca7145dfb1abbdb519e90ff8af,"{""goal"": ""scene_overlap_leakage"", ""required_quantity"": null, ""required_unit"": null, ""decision_time"": null, ""max_resolution_m"": null, ""requires_bare_earth"": false, ""requires_cloud_mask"": false, ""max_uncertainty"": null, ""temporal_tolerance_h"": null, ""required_value_range"": null}","[{""name"": ""chips"", ""quantity"": ""image_samples"", ""unit"": null, ""scale"": ""continuous"", ""crs"": ""EPSG:32643"", ""resolution_m"": 10.0, ""temporal_resolution_h"": null, ""processing_level"": null, ""surface_model"": null, ""vertical_datum"": null, ""acquisition_time"": null, ""available_time"": null, ""provenance"": ""authoritative-product"", ""band_role"": null, ""nodata_semantics"": null, ""uncertainty"": null, ""allowed_values"": null, ""observed_min"": null, ""observed_max"": null, ""attrs"": {}}]","[{""op"": ""split"", ""params"": {""mode"": ""scene"", ""scene_overlap_fraction"": 0.594}}]",REFUTED,"[{""code"": ""SCENE_OVERLAP_LEAKAGE"", ""verdict"": ""REFUTED"", ""message"": ""The same scene content appears in both train and test partitions."", ""step_index"": 0, ""evidence"": {""overlap_fraction"": 0.594}, ""repair"": null}]"
SGX3_HELDOUT-FAMILY_scene_overlap_leakage_006,heldout-family,atomic,scene_overlap_leakage,REFUTED,same scene content crosses partitions,bc4cb75139ffa8553af786628e5bbc653317d740808986fa336a622755cca35c,"{""goal"": ""scene_overlap_leakage"", ""required_quantity"": null, ""required_unit"": null, ""decision_time"": null, ""max_resolution_m"": null, ""requires_bare_earth"": false, ""requires_cloud_mask"": false, ""max_uncertainty"": null, ""temporal_tolerance_h"": null, ""required_value_range"": null}","[{""name"": ""chips"", ""quantity"": ""image_samples"", ""unit"": null, ""scale"": ""continuous"", ""crs"": ""EPSG:32643"", ""resolution_m"": 10.0, ""temporal_resolution_h"": null, ""processing_level"": null, ""surface_model"": null, ""vertical_datum"": null, ""acquisition_time"": null, ""available_time"": null, ""provenance"": ""authoritative-product"", ""band_role"": null, ""nodata_semantics"": null, ""uncertainty"": null, ""allowed_values"": null, ""observed_min"": null, ""observed_max"": null, ""attrs"": {}}]","[{""op"": ""split"", ""params"": {""mode"": ""scene"", ""scene_overlap_fraction"": 0.396}}]",REFUTED,"[{""code"": ""SCENE_OVERLAP_LEAKAGE"", ""verdict"": ""REFUTED"", ""message"": ""The same scene content appears in both train and test partitions."", ""step_index"": 0, ""evidence"": {""overlap_fraction"": 0.396}, ""repair"": null}]"
SGX3_HELDOUT-FAMILY_scene_overlap_leakage_007,heldout-family,atomic,scene_overlap_leakage,REFUTED,same scene content crosses partitions,14c313d3a4d052cc636d81c4f371c173dd0771502f92a210f0996e3a726f8815,"{""goal"": ""scene_overlap_leakage"", ""required_quantity"": null, ""required_unit"": null, ""decision_time"": null, ""max_resolution_m"": null, ""requires_bare_earth"": false, ""requires_cloud_mask"": false, ""max_uncertainty"": null, ""temporal_tolerance_h"": null, ""required_value_range"": null}","[{""name"": ""chips"", ""quantity"": ""image_samples"", ""unit"": null, ""scale"": ""continuous"", ""crs"": ""EPSG:32643"", ""resolution_m"": 10.0, ""temporal_resolution_h"": null, ""processing_level"": null, ""surface_model"": null, ""vertical_datum"": null, ""acquisition_time"": null, ""available_time"": null, ""provenance"": ""authoritative-product"", ""band_role"": null, ""nodata_semantics"": null, ""uncertainty"": null, ""allowed_values"": null, ""observed_min"": null, ""observed_max"": null, ""attrs"": {}}]","[{""op"": ""split"", ""params"": {""mode"": ""scene"", ""scene_overlap_fraction"": 0.75}}]",REFUTED,"[{""code"": ""SCENE_OVERLAP_LEAKAGE"", ""verdict"": ""REFUTED"", ""message"": ""The same scene content appears in both train and test partitions."", ""step_index"": 0, ""evidence"": {""overlap_fraction"": 0.75}, ""repair"": null}]"
SGX3_HELDOUT-FAMILY_scene_overlap_leakage_008,heldout-family,compositional,scene_overlap_leakage,REFUTED,same scene content crosses partitions,1069337866f0a95929089bb15994c10e67350d4d2b3f8bf9bee967b010ac6a5b,"{""goal"": ""scene_overlap_leakage"", ""required_quantity"": null, ""required_unit"": null, ""decision_time"": null, ""max_resolution_m"": null, ""requires_bare_earth"": false, ""requires_cloud_mask"": false, ""max_uncertainty"": null, ""temporal_tolerance_h"": null, ""required_value_range"": null}","[{""name"": ""chips"", ""quantity"": ""image_samples"", ""unit"": null, ""scale"": ""continuous"", ""crs"": ""EPSG:32643"", ""resolution_m"": 10.0, ""temporal_resolution_h"": null, ""processing_level"": null, ""surface_model"": null, ""vertical_datum"": null, ""acquisition_time"": null, ""available_time"": null, ""provenance"": ""authoritative-product"", ""band_role"": null, ""nodata_semantics"": null, ""uncertainty"": null, ""allowed_values"": null, ""observed_min"": null, ""observed_max"": null, ""attrs"": {}}]","[{""op"": ""split"", ""params"": {""mode"": ""scene"", ""scene_overlap_fraction"": 0.132}}]",REFUTED,"[{""code"": ""SCENE_OVERLAP_LEAKAGE"", ""verdict"": ""REFUTED"", ""message"": ""The same scene content appears in both train and test partitions."", ""step_index"": 0, ""evidence"": {""overlap_fraction"": 0.132}, ""repair"": null}]"
SGX3_HELDOUT-FAMILY_scene_overlap_leakage_009,heldout-family,adversarial,scene_overlap_leakage,REFUTED,same scene content crosses partitions,964839aeeeeb51e9654c2cf5e16556bef563ef47265890bd2846153d68ea735c,"{""goal"": ""scene_overlap_leakage"", ""required_quantity"": null, ""required_unit"": null, ""decision_time"": null, ""max_resolution_m"": null, ""requires_bare_earth"": false, ""requires_cloud_mask"": false, ""max_uncertainty"": null, ""temporal_tolerance_h"": null, ""required_value_range"": null}","[{""name"": ""chips"", ""quantity"": ""image_samples"", ""unit"": null, ""scale"": ""continuous"", ""crs"": ""EPSG:32643"", ""resolution_m"": 10.0, ""temporal_resolution_h"": null, ""processing_level"": null, ""surface_model"": null, ""vertical_datum"": null, ""acquisition_time"": null, ""available_time"": null, ""provenance"": ""authoritative-product"", ""band_role"": null, ""nodata_semantics"": null, ""uncertainty"": null, ""allowed_values"": null, ""observed_min"": null, ""observed_max"": null, ""attrs"": {}}]","[{""op"": ""split"", ""params"": {""mode"": ""scene"", ""scene_overlap_fraction"": 0.039}}]",REFUTED,"[{""code"": ""SCENE_OVERLAP_LEAKAGE"", ""verdict"": ""REFUTED"", ""message"": ""The same scene content appears in both train and test partitions."", ""step_index"": 0, ""evidence"": {""overlap_fraction"": 0.039}, ""repair"": null}]"
SGX3_HELDOUT-FAMILY_scene_overlap_leakage_010,heldout-family,adversarial,scene_overlap_leakage,REFUTED,same scene content crosses partitions,7fb52db4e4ac1615a7e1bc226c1d93778b92aebc5b91fca8f691d45b59e03e3d,"{""goal"": ""scene_overlap_leakage"", ""required_quantity"": null, ""required_unit"": null, ""decision_time"": null, ""max_resolution_m"": null, ""requires_bare_earth"": false, ""requires_cloud_mask"": false, ""max_uncertainty"": null, ""temporal_tolerance_h"": null, ""required_value_range"": null}","[{""name"": ""chips"", ""quantity"": ""image_samples"", ""unit"": null, ""scale"": ""continuous"", ""crs"": ""EPSG:32643"", ""resolution_m"": 10.0, ""temporal_resolution_h"": null, ""processing_level"": null, ""surface_model"": null, ""vertical_datum"": null, ""acquisition_time"": null, ""available_time"": null, ""provenance"": ""authoritative-product"", ""band_role"": null, ""nodata_semantics"": null, ""uncertainty"": null, ""allowed_values"": null, ""observed_min"": null, ""observed_max"": null, ""attrs"": {}}]","[{""op"": ""split"", ""params"": {""mode"": ""scene"", ""scene_overlap_fraction"": 0.259}}]",REFUTED,"[{""code"": ""SCENE_OVERLAP_LEAKAGE"", ""verdict"": ""REFUTED"", ""message"": ""The same scene content appears in both train and test partitions."", ""step_index"": 0, ""evidence"": {""overlap_fraction"": 0.259}, ""repair"": null}]"
SGX3_HELDOUT-FAMILY_scene_overlap_leakage_011,heldout-family,adversarial,scene_overlap_leakage,REFUTED,same scene content crosses partitions,1dae97984f5ba4e612bfd4b70a57c116a6f7fb26d52cece5be1d7830b4dd48a2,"{""goal"": ""scene_overlap_leakage"", ""required_quantity"": null, ""required_unit"": null, ""decision_time"": null, ""max_resolution_m"": null, ""requires_bare_earth"": false, ""requires_cloud_mask"": false, ""max_uncertainty"": null, ""temporal_tolerance_h"": null, ""required_value_range"": null}","[{""name"": ""chips"", ""quantity"": ""image_samples"", ""unit"": null, ""scale"": ""continuous"", ""crs"": ""EPSG:32643"", ""resolution_m"": 10.0, ""temporal_resolution_h"": null, ""processing_level"": null, ""surface_model"": null, ""vertical_datum"": null, ""acquisition_time"": null, ""available_time"": null, ""provenance"": ""authoritative-product"", ""band_role"": null, ""nodata_semantics"": null, ""uncertainty"": null, ""allowed_values"": null, ""observed_min"": null, ""observed_max"": null, ""attrs"": {}}]","[{""op"": ""split"", ""params"": {""mode"": ""scene"", ""scene_overlap_fraction"": 0.316}}]",REFUTED,"[{""code"": ""SCENE_OVERLAP_LEAKAGE"", ""verdict"": ""REFUTED"", ""message"": ""The same scene content appears in both train and test partitions."", ""step_index"": 0, ""evidence"": {""overlap_fraction"": 0.316}, ""repair"": null}]"
SGX3_HELDOUT-FAMILY_scene_overlap_leakage_012,heldout-family,compositional,scene_overlap_leakage,REFUTED,same scene content crosses partitions,47ca46fddc117a6a78cd161fea4162c96c9bde61cf7465055721110bdb59ed12,"{""goal"": ""scene_overlap_leakage"", ""required_quantity"": null, ""required_unit"": null, ""decision_time"": null, ""max_resolution_m"": null, ""requires_bare_earth"": false, ""requires_cloud_mask"": false, ""max_uncertainty"": null, ""temporal_tolerance_h"": null, ""required_value_range"": null}","[{""name"": ""chips"", ""quantity"": ""image_samples"", ""unit"": null, ""scale"": ""continuous"", ""crs"": ""EPSG:32643"", ""resolution_m"": 10.0, ""temporal_resolution_h"": null, ""processing_level"": null, ""surface_model"": null, ""vertical_datum"": null, ""acquisition_time"": null, ""available_time"": null, ""provenance"": ""authoritative-product"", ""band_role"": null, ""nodata_semantics"": null, ""uncertainty"": null, ""allowed_values"": null, ""observed_min"": null, ""observed_max"": null, ""attrs"": {}}]","[{""op"": ""split"", ""params"": {""mode"": ""scene"", ""scene_overlap_fraction"": 0.087}}]",REFUTED,"[{""code"": ""SCENE_OVERLAP_LEAKAGE"", ""verdict"": ""REFUTED"", ""message"": ""The same scene content appears in both train and test partitions."", ""step_index"": 0, ""evidence"": {""overlap_fraction"": 0.087}, ""repair"": null}]"
SGX3_HELDOUT-FAMILY_scene_overlap_leakage_013,heldout-family,atomic,scene_overlap_leakage,REFUTED,same scene content crosses partitions,5ebda33623e3b1e83775ca505d51c4eec50e9bafa7f0250f455740f8a5c1f8e0,"{""goal"": ""scene_overlap_leakage"", ""required_quantity"": null, ""required_unit"": null, ""decision_time"": null, ""max_resolution_m"": null, ""requires_bare_earth"": false, ""requires_cloud_mask"": false, ""max_uncertainty"": null, ""temporal_tolerance_h"": null, ""required_value_range"": null}","[{""name"": ""chips"", ""quantity"": ""image_samples"", ""unit"": null, ""scale"": ""continuous"", ""crs"": ""EPSG:32643"", ""resolution_m"": 10.0, ""temporal_resolution_h"": null, ""processing_level"": null, ""surface_model"": null, ""vertical_datum"": null, ""acquisition_time"": null, ""available_time"": null, ""provenance"": ""authoritative-product"", ""band_role"": null, ""nodata_semantics"": null, ""uncertainty"": null, ""allowed_values"": null, ""observed_min"": null, ""observed_max"": null, ""attrs"": {}}]","[{""op"": ""split"", ""params"": {""mode"": ""scene"", ""scene_overlap_fraction"": 0.031}}]",REFUTED,"[{""code"": ""SCENE_OVERLAP_LEAKAGE"", ""verdict"": ""REFUTED"", ""message"": ""The same scene content appears in both train and test partitions."", ""step_index"": 0, ""evidence"": {""overlap_fraction"": 0.031}, ""repair"": null}]"
SGX3_HELDOUT-FAMILY_scene_overlap_leakage_014,heldout-family,adversarial,scene_overlap_leakage,REFUTED,same scene content crosses partitions,2a5be27ef4144afd7f87ab67c03e0a34b389b310d4587f7e5f01168107959560,"{""goal"": ""scene_overlap_leakage"", ""required_quantity"": null, ""required_unit"": null, ""decision_time"": null, ""max_resolution_m"": null, ""requires_bare_earth"": false, ""requires_cloud_mask"": false, ""max_uncertainty"": null, ""temporal_tolerance_h"": null, ""required_value_range"": null}","[{""name"": ""chips"", ""quantity"": ""image_samples"", ""unit"": null, ""scale"": ""continuous"", ""crs"": ""EPSG:32643"", ""resolution_m"": 10.0, ""temporal_resolution_h"": null, ""processing_level"": null, ""surface_model"": null, ""vertical_datum"": null, ""acquisition_time"": null, ""available_time"": null, ""provenance"": ""authoritative-product"", ""band_role"": null, ""nodata_semantics"": null, ""uncertainty"": null, ""allowed_values"": null, ""observed_min"": null, ""observed_max"": null, ""attrs"": {}}]","[{""op"": ""split"", ""params"": {""mode"": ""scene"", ""scene_overlap_fraction"": 0.686}}]",REFUTED,"[{""code"": ""SCENE_OVERLAP_LEAKAGE"", ""verdict"": ""REFUTED"", ""message"": ""The same scene content appears in both train and test partitions."", ""step_index"": 0, ""evidence"": {""overlap_fraction"": 0.686}, ""repair"": null}]"
SGX3_HELDOUT-FAMILY_scene_overlap_leakage_015,heldout-family,atomic,scene_overlap_leakage,REFUTED,same scene content crosses partitions,1cea13bc8c0bf9a08c624abb42cc563278ec41284480656b3e0bf51742c44098,"{""goal"": ""scene_overlap_leakage"", ""required_quantity"": null, ""required_unit"": null, ""decision_time"": null, ""max_resolution_m"": null, ""requires_bare_earth"": false, ""requires_cloud_mask"": false, ""max_uncertainty"": null, ""temporal_tolerance_h"": null, ""required_value_range"": null}","[{""name"": ""chips"", ""quantity"": ""image_samples"", ""unit"": null, ""scale"": ""continuous"", ""crs"": ""EPSG:32643"", ""resolution_m"": 10.0, ""temporal_resolution_h"": null, ""processing_level"": null, ""surface_model"": null, ""vertical_datum"": null, ""acquisition_time"": null, ""available_time"": null, ""provenance"": ""authoritative-product"", ""band_role"": null, ""nodata_semantics"": null, ""uncertainty"": null, ""allowed_values"": null, ""observed_min"": null, ""observed_max"": null, ""attrs"": {}}]","[{""op"": ""split"", ""params"": {""mode"": ""scene"", ""scene_overlap_fraction"": 0.192}}]",REFUTED,"[{""code"": ""SCENE_OVERLAP_LEAKAGE"", ""verdict"": ""REFUTED"", ""message"": ""The same scene content appears in both train and test partitions."", ""step_index"": 0, ""evidence"": {""overlap_fraction"": 0.192}, ""repair"": null}]"
SGX3_HELDOUT-FAMILY_quality_metadata_loss_000,heldout-family,adversarial,quality_metadata_loss,REFUTED,required quality evidence discarded,f079bc3f2c2b95f5e6e1b2b397dcd571417a5e512bc15b69c0e217d7dc9bb235,"{""goal"": ""quality_metadata_loss"", ""required_quantity"": null, ""required_unit"": null, ""decision_time"": null, ""max_resolution_m"": null, ""requires_bare_earth"": false, ""requires_cloud_mask"": false, ""max_uncertainty"": null, ""temporal_tolerance_h"": null, ""required_value_range"": null}","[{""name"": ""reflectance"", ""quantity"": ""surface_reflectance"", ""unit"": null, ""scale"": ""continuous"", ""crs"": ""EPSG:32643"", ""resolution_m"": 10.0, ""temporal_resolution_h"": null, ""processing_level"": null, ""surface_model"": null, ""vertical_datum"": null, ""acquisition_time"": null, ""available_time"": null, ""provenance"": ""authoritative-product"", ""band_role"": null, ""nodata_semantics"": null, ""uncertainty"": null, ""allowed_values"": null, ""observed_min"": null, ""observed_max"": null, ""attrs"": {""quality_layer"": ""SCL""}}]","[{""op"": ""drop_quality_metadata"", ""params"": {""artifact"": 0, ""required_downstream"": true}}]",REFUTED,"[{""code"": ""QUALITY_METADATA_LOST"", ""verdict"": ""REFUTED"", ""message"": ""A downstream-required quality flag is discarded."", ""step_index"": 0, ""evidence"": {}, ""repair"": null}]"
SGX3_HELDOUT-FAMILY_quality_metadata_loss_001,heldout-family,compositional,quality_metadata_loss,PROVEN,quality metadata not needed downstream,1a67e66c7847a8d241097c30cced499d92402590d70fd6472ef473f87f743652,"{""goal"": ""quality_metadata_loss"", ""required_quantity"": null, ""required_unit"": null, ""decision_time"": null, ""max_resolution_m"": null, ""requires_bare_earth"": false, ""requires_cloud_mask"": false, ""max_uncertainty"": null, ""temporal_tolerance_h"": null, ""required_value_range"": null}","[{""name"": ""reflectance"", ""quantity"": ""surface_reflectance"", ""unit"": null, ""scale"": ""continuous"", ""crs"": ""EPSG:32643"", ""resolution_m"": 10.0, ""temporal_resolution_h"": null, ""processing_level"": null, ""surface_model"": null, ""vertical_datum"": null, ""acquisition_time"": null, ""available_time"": null, ""provenance"": ""authoritative-product"", ""band_role"": null, ""nodata_semantics"": null, ""uncertainty"": null, ""allowed_values"": null, ""observed_min"": null, ""observed_max"": null, ""attrs"": {""quality_layer"": ""SCL""}}]","[{""op"": ""drop_quality_metadata"", ""params"": {""artifact"": 0, ""required_downstream"": false}}]",PROVEN,[]
SGX3_BLIND_flood_remote_sensing_000,blind-composition,blind,flood_remote_sensing,REFUTED,angular planar area,4799d7bc41642950a5b5a97d6271f641b82fc32d2bd6640ed32a7f7138b98212,"{""goal"": ""flood_remote_sensing"", ""required_quantity"": null, ""required_unit"": null, ""decision_time"": null, ""max_resolution_m"": null, ""requires_bare_earth"": false, ""requires_cloud_mask"": false, ""max_uncertainty"": null, ""temporal_tolerance_h"": null, ""required_value_range"": null}","[{""name"": ""flood-mask-30"", ""quantity"": ""flood_extent"", ""unit"": null, ""scale"": ""binary"", ""crs"": ""EPSG:4326"", ""resolution_m"": 30, ""temporal_resolution_h"": null, ""processing_level"": null, ""surface_model"": null, ""vertical_datum"": null, ""acquisition_time"": null, ""available_time"": null, ""provenance"": ""authoritative-product"", ""band_role"": null, ""nodata_semantics"": null, ""uncertainty"": null, ""allowed_values"": null, ""observed_min"": null, ""observed_max"": null, ""attrs"": {""cloud_mask_applied"": true}}, {""name"": ""S1"", ""quantity"": ""backscatter"", ""unit"": null, ""scale"": ""continuous"", ""crs"": ""EPSG:32643"", ""resolution_m"": 10, ""temporal_resolution_h"": null, ""processing_level"": null, ""surface_model"": null, ""vertical_datum"": null, ""acquisition_time"": ""2024-07-05T10:00:00+00:00"", ""available_time"": null, ""provenance"": ""authoritative-product"", ""band_role"": null, ""nodata_semantics"": null, ""uncertainty"": null, ""allowed_values"": null, ""observed_min"": null, ""observed_max"": null, ""attrs"": {}}, {""name"": ""S2"", ""quantity"": ""reflectance"", ""unit"": null, ""scale"": ""continuous"", ""crs"": ""EPSG:32643"", ""resolution_m"": 10, ""temporal_resolution_h"": null, ""processing_level"": null, ""surface_model"": null, ""vertical_datum"": null, ""acquisition_time"": ""2024-07-05T16:00:00+00:00"", ""available_time"": null, ""provenance"": ""authoritative-product"", ""band_role"": null, ""nodata_semantics"": null, ""uncertainty"": null, ""allowed_values"": null, ""observed_min"": null, ""observed_max"": null, ""attrs"": {}}]","[{""op"": ""require_cloud_mask"", ""params"": {""artifact"": 0}}, {""op"": ""compare_sensors"", ""params"": {""a"": 1, ""b"": 2, ""tolerance_h"": 6}}, {""op"": ""area"", ""params"": {""artifact"": 0, ""method"": ""planar"", ""output_unit"": ""km2""}}]",REFUTED,"[{""code"": ""ANGULAR_COORDINATE_AREA"", ""verdict"": ""REFUTED"", ""message"": ""Planar area is computed directly from angular coordinates."", ""step_index"": 2, ""evidence"": {""crs"": ""EPSG:4326""}, ""repair"": ""Use geodesic area or an appropriate projected/equal-area CRS.""}]"
SGX3_BLIND_flood_remote_sensing_001,blind-composition,blind,flood_remote_sensing,REFUTED,sensor timing mismatch,5a9d6f0549c6409fc182ae893ee631fa8f7e593b006ca96bef8325c651f5b4f3,"{""goal"": ""flood_remote_sensing"", ""required_quantity"": null, ""required_unit"": null, ""decision_time"": null, ""max_resolution_m"": null, ""requires_bare_earth"": false, ""requires_cloud_mask"": false, ""max_uncertainty"": null, ""temporal_tolerance_h"": null, ""required_value_range"": null}","[{""name"": ""flood-mask-20"", ""quantity"": ""flood_extent"", ""unit"": null, ""scale"": ""binary"", ""crs"": ""EPSG:6933"", ""resolution_m"": 20, ""temporal_resolution_h"": null, ""processing_level"": null, ""surface_model"": null, ""vertical_datum"": null, ""acquisition_time"": null, ""available_time"": null, ""provenance"": ""authoritative-product"", ""band_role"": null, ""nodata_semantics"": null, ""uncertainty"": null, ""allowed_values"": null, ""observed_min"": null, ""observed_max"": null, ""attrs"": {""cloud_mask_applied"": true}}, {""name"": ""S1"", ""quantity"": ""backscatter"", ""unit"": null, ""scale"": ""continuous"", ""crs"": ""EPSG:32643"", ""resolution_m"": 10, ""temporal_resolution_h"": null, ""processing_level"": null, ""surface_model"": null, ""vertical_datum"": null, ""acquisition_time"": ""2024-07-05T10:00:00+00:00"", ""available_time"": null, ""provenance"": ""authoritative-product"", ""band_role"": null, ""nodata_semantics"": null, ""uncertainty"": null, ""allowed_values"": null, ""observed_min"": null, ""observed_max"": null, ""attrs"": {}}, {""name"": ""S2"", ""quantity"": ""reflectance"", ""unit"": null, ""scale"": ""continuous"", ""crs"": ""EPSG:32643"", ""resolution_m"": 10, ""temporal_resolution_h"": null, ""processing_level"": null, ""surface_model"": null, ""vertical_datum"": null, ""acquisition_time"": ""2024-07-06T10:00:00+00:00"", ""available_time"": null, ""provenance"": ""authoritative-product"", ""band_role"": null, ""nodata_semantics"": null, ""uncertainty"": null, ""allowed_values"": null, ""observed_min"": null, ""observed_max"": null, ""attrs"": {}}]","[{""op"": ""require_cloud_mask"", ""params"": {""artifact"": 0}}, {""op"": ""compare_sensors"", ""params"": {""a"": 1, ""b"": 2, ""tolerance_h"": 12}}, {""op"": ""area"", ""params"": {""artifact"": 0, ""method"": ""geodesic"", ""output_unit"": ""km2""}}]",REFUTED,"[{""code"": ""MULTISENSOR_TIME_MISMATCH"", ""verdict"": ""REFUTED"", ""message"": ""Acquisition gap exceeds the declared scientific tolerance."", ""step_index"": 1, ""evidence"": {""gap_h"": 24.0, ""tolerance_h"": 12.0}, ""repair"": null}]"
SGX3_BLIND_flood_remote_sensing_002,blind-composition,blind,flood_remote_sensing,REFUTED,cloud mask missing; angular planar area,060bdce3cc8a487d1d1003e271e37178d2b2315852b83c75ae94b5dd5a7e6133,"{""goal"": ""flood_remote_sensing"", ""required_quantity"": null, ""required_unit"": null, ""decision_time"": null, ""max_resolution_m"": null, ""requires_bare_earth"": false, ""requires_cloud_mask"": false, ""max_uncertainty"": null, ""temporal_tolerance_h"": null, ""required_value_range"": null}","[{""name"": ""flood-mask-20"", ""quantity"": ""flood_extent"", ""unit"": null, ""scale"": ""binary"", ""crs"": ""EPSG:4326"", ""resolution_m"": 20, ""temporal_resolution_h"": null, ""processing_level"": null, ""surface_model"": null, ""vertical_datum"": null, ""acquisition_time"": null, ""available_time"": null, ""provenance"": ""authoritative-product"", ""band_role"": null, ""nodata_semantics"": null, ""uncertainty"": null, ""allowed_values"": null, ""observed_min"": null, ""observed_max"": null, ""attrs"": {""cloud_mask_applied"": false}}, {""name"": ""S1"", ""quantity"": ""backscatter"", ""unit"": null, ""scale"": ""continuous"", ""crs"": ""EPSG:32643"", ""resolution_m"": 10, ""temporal_resolution_h"": null, ""processing_level"": null, ""surface_model"": null, ""vertical_datum"": null, ""acquisition_time"": ""2024-07-05T10:00:00+00:00"", ""available_time"": null, ""provenance"": ""authoritative-product"", ""band_role"": null, ""nodata_semantics"": null, ""uncertainty"": null, ""allowed_values"": null, ""observed_min"": null, ""observed_max"": null, ""attrs"": {}}, {""name"": ""S2"", ""quantity"": ""reflectance"", ""unit"": null, ""scale"": ""continuous"", ""crs"": ""EPSG:32643"", ""resolution_m"": 10, ""temporal_resolution_h"": null, ""processing_level"": null, ""surface_model"": null, ""vertical_datum"": null, ""acquisition_time"": ""2024-07-06T10:00:00+00:00"", ""available_time"": null, ""provenance"": ""authoritative-product"", ""band_role"": null, ""nodata_semantics"": null, ""uncertainty"": null, ""allowed_values"": null, ""observed_min"": null, ""observed_max"": null, ""attrs"": {}}]","[{""op"": ""require_cloud_mask"", ""params"": {""artifact"": 0}}, {""op"": ""compare_sensors"", ""params"": {""a"": 1, ""b"": 2, ""tolerance_h"": 24}}, {""op"": ""area"", ""params"": {""artifact"": 0, ""method"": ""planar"", ""output_unit"": ""km2""}}]",REFUTED,"[{""code"": ""CLOUD_MASK_MISSING"", ""verdict"": ""REFUTED"", ""message"": ""Cloud-sensitive analysis has no recorded cloud mask."", ""step_index"": 0, ""evidence"": {}, ""repair"": null}, {""code"": ""ANGULAR_COORDINATE_AREA"", ""verdict"": ""REFUTED"", ""message"": ""Planar area is computed directly from angular coordinates."", ""step_index"": 2, ""evidence"": {""crs"": ""EPSG:4326""}, ""repair"": ""Use geodesic area or an appropriate projected/equal-area CRS.""}]"
SGX3_BLIND_flood_remote_sensing_003,blind-composition,blind,flood_remote_sensing,REFUTED,angular planar area,e8ea2ccc22a44567aa6999325054f23e7203cbd659d9bf4d3740cb39e5c831e4,"{""goal"": ""flood_remote_sensing"", ""required_quantity"": null, ""required_unit"": null, ""decision_time"": null, ""max_resolution_m"": null, ""requires_bare_earth"": false, ""requires_cloud_mask"": false, ""max_uncertainty"": null, ""temporal_tolerance_h"": null, ""required_value_range"": null}","[{""name"": ""flood-mask-30"", ""quantity"": ""flood_extent"", ""unit"": null, ""scale"": ""binary"", ""crs"": ""EPSG:4326"", ""resolution_m"": 30, ""temporal_resolution_h"": null, ""processing_level"": null, ""surface_model"": null, ""vertical_datum"": null, ""acquisition_time"": null, ""available_time"": null, ""provenance"": ""authoritative-product"", ""band_role"": null, ""nodata_semantics"": null, ""uncertainty"": null, ""allowed_values"": null, ""observed_min"": null, ""observed_max"": null, ""attrs"": {""cloud_mask_applied"": true}}, {""name"": ""S1"", ""quantity"": ""backscatter"", ""unit"": null, ""scale"": ""continuous"", ""crs"": ""EPSG:32643"", ""resolution_m"": 10, ""temporal_resolution_h"": null, ""processing_level"": null, ""surface_model"": null, ""vertical_datum"": null, ""acquisition_time"": ""2024-07-01T10:00:00+00:00"", ""available_time"": null, ""provenance"": ""authoritative-product"", ""band_role"": null, ""nodata_semantics"": null, ""uncertainty"": null, ""allowed_values"": null, ""observed_min"": null, ""observed_max"": null, ""attrs"": {}}, {""name"": ""S2"", ""quantity"": ""reflectance"", ""unit"": null, ""scale"": ""continuous"", ""crs"": ""EPSG:32643"", ""resolution_m"": 10, ""temporal_resolution_h"": null, ""processing_level"": null, ""surface_model"": null, ""vertical_datum"": null, ""acquisition_time"": ""2024-07-01T10:00:00+00:00"", ""available_time"": null, ""provenance"": ""authoritative-product"", ""band_role"": null, ""nodata_semantics"": null, ""uncertainty"": null, ""allowed_values"": null, ""observed_min"": null, ""observed_max"": null, ""attrs"": {}}]","[{""op"": ""require_cloud_mask"", ""params"": {""artifact"": 0}}, {""op"": ""compare_sensors"", ""params"": {""a"": 1, ""b"": 2, ""tolerance_h"": 12}}, {""op"": ""area"", ""params"": {""artifact"": 0, ""method"": ""planar"", ""output_unit"": ""km2""}}]",REFUTED,"[{""code"": ""ANGULAR_COORDINATE_AREA"", ""verdict"": ""REFUTED"", ""message"": ""Planar area is computed directly from angular coordinates."", ""step_index"": 2, ""evidence"": {""crs"": ""EPSG:4326""}, ""repair"": ""Use geodesic area or an appropriate projected/equal-area CRS.""}]"
SGX3_BLIND_flood_remote_sensing_004,blind-composition,blind,flood_remote_sensing,REFUTED,cloud mask missing; sensor timing mismatch,6c443f0571c52abe684c7f6b93bfe4b5f92b378cc994f9161c124d757b0f24d3,"{""goal"": ""flood_remote_sensing"", ""required_quantity"": null, ""required_unit"": null, ""decision_time"": null, ""max_resolution_m"": null, ""requires_bare_earth"": false, ""requires_cloud_mask"": false, ""max_uncertainty"": null, ""temporal_tolerance_h"": null, ""required_value_range"": null}","[{""name"": ""flood-mask-30"", ""quantity"": ""flood_extent"", ""unit"": null, ""scale"": ""binary"", ""crs"": ""EPSG:32643"", ""resolution_m"": 30, ""temporal_resolution_h"": null, ""processing_level"": null, ""surface_model"": null, ""vertical_datum"": null, ""acquisition_time"": null, ""available_time"": null, ""provenance"": ""authoritative-product"", ""band_role"": null, ""nodata_semantics"": null, ""uncertainty"": null, ""allowed_values"": null, ""observed_min"": null, ""observed_max"": null, ""attrs"": {""cloud_mask_applied"": false}}, {""name"": ""S1"", ""quantity"": ""backscatter"", ""unit"": null, ""scale"": ""continuous"", ""crs"": ""EPSG:32643"", ""resolution_m"": 10, ""temporal_resolution_h"": null, ""processing_level"": null, ""surface_model"": null, ""vertical_datum"": null, ""acquisition_time"": ""2024-07-05T10:00:00+00:00"", ""available_time"": null, ""provenance"": ""authoritative-product"", ""band_role"": null, ""nodata_semantics"": null, ""uncertainty"": null, ""allowed_values"": null, ""observed_min"": null, ""observed_max"": null, ""attrs"": {}}, {""name"": ""S2"", ""quantity"": ""reflectance"", ""unit"": null, ""scale"": ""continuous"", ""crs"": ""EPSG:32643"", ""resolution_m"": 10, ""temporal_resolution_h"": null, ""processing_level"": null, ""surface_model"": null, ""vertical_datum"": null, ""acquisition_time"": ""2024-07-07T10:00:00+00:00"", ""available_time"": null, ""provenance"": ""authoritative-product"", ""band_role"": null, ""nodata_semantics"": null, ""uncertainty"": null, ""allowed_values"": null, ""observed_min"": null, ""observed_max"": null, ""attrs"": {}}]","[{""op"": ""require_cloud_mask"", ""params"": {""artifact"": 0}}, {""op"": ""compare_sensors"", ""params"": {""a"": 1, ""b"": 2, ""tolerance_h"": 3}}, {""op"": ""area"", ""params"": {""artifact"": 0, ""method"": ""planar"", ""output_unit"": ""km2""}}]",REFUTED,"[{""code"": ""CLOUD_MASK_MISSING"", ""verdict"": ""REFUTED"", ""message"": ""Cloud-sensitive analysis has no recorded cloud mask."", ""step_index"": 0, ""evidence"": {}, ""repair"": null}, {""code"": ""MULTISENSOR_TIME_MISMATCH"", ""verdict"": ""REFUTED"", ""message"": ""Acquisition gap exceeds the declared scientific tolerance."", ""step_index"": 1, ""evidence"": {""gap_h"": 48.0, ""tolerance_h"": 3.0}, ""repair"": null}]"
SGX3_BLIND_flood_remote_sensing_005,blind-composition,blind,flood_remote_sensing,REFUTED,sensor timing mismatch,c40d2f89ff8c01a380c6d2ac481ec7e451b5b8c7a2d05472d87ebaa600e30cce,"{""goal"": ""flood_remote_sensing"", ""required_quantity"": null, ""required_unit"": null, ""decision_time"": null, ""max_resolution_m"": null, ""requires_bare_earth"": false, ""requires_cloud_mask"": false, ""max_uncertainty"": null, ""temporal_tolerance_h"": null, ""required_value_range"": null}","[{""name"": ""flood-mask-10"", ""quantity"": ""flood_extent"", ""unit"": null, ""scale"": ""binary"", ""crs"": ""EPSG:4326"", ""resolution_m"": 10, ""temporal_resolution_h"": null, ""processing_level"": null, ""surface_model"": null, ""vertical_datum"": null, ""acquisition_time"": null, ""available_time"": null, ""provenance"": ""authoritative-product"", ""band_role"": null, ""nodata_semantics"": null, ""uncertainty"": null, ""allowed_values"": null, ""observed_min"": null, ""observed_max"": null, ""attrs"": {""cloud_mask_applied"": true}}, {""name"": ""S1"", ""quantity"": ""backscatter"", ""unit"": null, ""scale"": ""continuous"", ""crs"": ""EPSG:32643"", ""resolution_m"": 10, ""temporal_resolution_h"": null, ""processing_level"": null, ""surface_model"": null, ""vertical_datum"": null, ""acquisition_time"": ""2024-07-01T10:00:00+00:00"", ""available_time"": null, ""provenance"": ""authoritative-product"", ""band_role"": null, ""nodata_semantics"": null, ""uncertainty"": null, ""allowed_values"": null, ""observed_min"": null, ""observed_max"": null, ""attrs"": {}}, {""name"": ""S2"", ""quantity"": ""reflectance"", ""unit"": null, ""scale"": ""continuous"", ""crs"": ""EPSG:32643"", ""resolution_m"": 10, ""temporal_resolution_h"": null, ""processing_level"": null, ""surface_model"": null, ""vertical_datum"": null, ""acquisition_time"": ""2024-07-01T16:00:00+00:00"", ""available_time"": null, ""provenance"": ""authoritative-product"", ""band_role"": null, ""nodata_semantics"": null, ""uncertainty"": null, ""allowed_values"": null, ""observed_min"": null, ""observed_max"": null, ""attrs"": {}}]","[{""op"": ""require_cloud_mask"", ""params"": {""artifact"": 0}}, {""op"": ""compare_sensors"", ""params"": {""a"": 1, ""b"": 2, ""tolerance_h"": 3}}, {""op"": ""area"", ""params"": {""artifact"": 0, ""method"": ""geodesic"", ""output_unit"": ""km2""}}]",REFUTED,"[{""code"": ""MULTISENSOR_TIME_MISMATCH"", ""verdict"": ""REFUTED"", ""message"": ""Acquisition gap exceeds the declared scientific tolerance."", ""step_index"": 1, ""evidence"": {""gap_h"": 6.0, ""tolerance_h"": 3.0}, ""repair"": null}]"
SGX3_BLIND_flood_remote_sensing_006,blind-composition,blind,flood_remote_sensing,REFUTED,cloud mask missing,ecb29d9ed8b635685b67120f6f4b654420f98f0ac694db41e9eaa1feac696e08,"{""goal"": ""flood_remote_sensing"", ""required_quantity"": null, ""required_unit"": null, ""decision_time"": null, ""max_resolution_m"": null, ""requires_bare_earth"": false, ""requires_cloud_mask"": false, ""max_uncertainty"": null, ""temporal_tolerance_h"": null, ""required_value_range"": null}","[{""name"": ""flood-mask-10"", ""quantity"": ""flood_extent"", ""unit"": null, ""scale"": ""binary"", ""crs"": ""EPSG:6933"", ""resolution_m"": 10, ""temporal_resolution_h"": null, ""processing_level"": null, ""surface_model"": null, ""vertical_datum"": null, ""acquisition_time"": null, ""available_time"": null, ""provenance"": ""authoritative-product"", ""band_role"": null, ""nodata_semantics"": null, ""uncertainty"": null, ""allowed_values"": null, ""observed_min"": null, ""observed_max"": null, ""attrs"": {""cloud_mask_applied"": false}}, {""name"": ""S1"", ""quantity"": ""backscatter"", ""unit"": null, ""scale"": ""continuous"", ""crs"": ""EPSG:32643"", ""resolution_m"": 10, ""temporal_resolution_h"": null, ""processing_level"": null, ""surface_model"": null, ""vertical_datum"": null, ""acquisition_time"": ""2024-07-10T10:00:00+00:00"", ""available_time"": null, ""provenance"": ""authoritative-product"", ""band_role"": null, ""nodata_semantics"": null, ""uncertainty"": null, ""allowed_values"": null, ""observed_min"": null, ""observed_max"": null, ""attrs"": {}}, {""name"": ""S2"", ""quantity"": ""reflectance"", ""unit"": null, ""scale"": ""continuous"", ""crs"": ""EPSG:32643"", ""resolution_m"": 10, ""temporal_resolution_h"": null, ""processing_level"": null, ""surface_model"": null, ""vertical_datum"": null, ""acquisition_time"": ""2024-07-10T16:00:00+00:00"", ""available_time"": null, ""provenance"": ""authoritative-product"", ""band_role"": null, ""nodata_semantics"": null, ""uncertainty"": null, ""allowed_values"": null, ""observed_min"": null, ""observed_max"": null, ""attrs"": {}}]","[{""op"": ""require_cloud_mask"", ""params"": {""artifact"": 0}}, {""op"": ""compare_sensors"", ""params"": {""a"": 1, ""b"": 2, ""tolerance_h"": 12}}, {""op"": ""area"", ""params"": {""artifact"": 0, ""method"": ""geodesic"", ""output_unit"": ""km2""}}]",REFUTED,"[{""code"": ""CLOUD_MASK_MISSING"", ""verdict"": ""REFUTED"", ""message"": ""Cloud-sensitive analysis has no recorded cloud mask."", ""step_index"": 0, ""evidence"": {}, ""repair"": null}]"
SGX3_BLIND_flood_remote_sensing_007,blind-composition,blind,flood_remote_sensing,REFUTED,sensor timing mismatch,35e656fe488ead7606798d7583e04f01a7366aa243310fb7fc54a5a26fb56e6a,"{""goal"": ""flood_remote_sensing"", ""required_quantity"": null, ""required_unit"": null, ""decision_time"": null, ""max_resolution_m"": null, ""requires_bare_earth"": false, ""requires_cloud_mask"": false, ""max_uncertainty"": null, ""temporal_tolerance_h"": null, ""required_value_range"": null}","[{""name"": ""flood-mask-10"", ""quantity"": ""flood_extent"", ""unit"": null, ""scale"": ""binary"", ""crs"": ""EPSG:6933"", ""resolution_m"": 10, ""temporal_resolution_h"": null, ""processing_level"": null, ""surface_model"": null, ""vertical_datum"": null, ""acquisition_time"": null, ""available_time"": null, ""provenance"": ""authoritative-product"", ""band_role"": null, ""nodata_semantics"": null, ""uncertainty"": null, ""allowed_values"": null, ""observed_min"": null, ""observed_max"": null, ""attrs"": {""cloud_mask_applied"": true}}, {""name"": ""S1"", ""quantity"": ""backscatter"", ""unit"": null, ""scale"": ""continuous"", ""crs"": ""EPSG:32643"", ""resolution_m"": 10, ""temporal_resolution_h"": null, ""processing_level"": null, ""surface_model"": null, ""vertical_datum"": null, ""acquisition_time"": ""2024-07-05T10:00:00+00:00"", ""available_time"": null, ""provenance"": ""authoritative-product"", ""band_role"": null, ""nodata_semantics"": null, ""uncertainty"": null, ""allowed_values"": null, ""observed_min"": null, ""observed_max"": null, ""attrs"": {}}, {""name"": ""S2"", ""quantity"": ""reflectance"", ""unit"": null, ""scale"": ""continuous"", ""crs"": ""EPSG:32643"", ""resolution_m"": 10, ""temporal_resolution_h"": null, ""processing_level"": null, ""surface_model"": null, ""vertical_datum"": null, ""acquisition_time"": ""2024-07-05T22:00:00+00:00"", ""available_time"": null, ""provenance"": ""authoritative-product"", ""band_role"": null, ""nodata_semantics"": null, ""uncertainty"": null, ""allowed_values"": null, ""observed_min"": null, ""observed_max"": null, ""attrs"": {}}]","[{""op"": ""require_cloud_mask"", ""params"": {""artifact"": 0}}, {""op"": ""compare_sensors"", ""params"": {""a"": 1, ""b"": 2, ""tolerance_h"": 6}}, {""op"": ""area"", ""params"": {""artifact"": 0, ""method"": ""geodesic"", ""output_unit"": ""km2""}}]",REFUTED,"[{""code"": ""MULTISENSOR_TIME_MISMATCH"", ""verdict"": ""REFUTED"", ""message"": ""Acquisition gap exceeds the declared scientific tolerance."", ""step_index"": 1, ""evidence"": {""gap_h"": 12.0, ""tolerance_h"": 6.0}, ""repair"": null}]"
SGX3_BLIND_flood_remote_sensing_008,blind-composition,blind,flood_remote_sensing,PROVEN,all constraints satisfied,c4f37593d41ca2897f0eb469e5a02d907622cffad32197e568b72f32ff285013,"{""goal"": ""flood_remote_sensing"", ""required_quantity"": null, ""required_unit"": null, ""decision_time"": null, ""max_resolution_m"": null, ""requires_bare_earth"": false, ""requires_cloud_mask"": false, ""max_uncertainty"": null, ""temporal_tolerance_h"": null, ""required_value_range"": null}","[{""name"": ""flood-mask-20"", ""quantity"": ""flood_extent"", ""unit"": null, ""scale"": ""binary"", ""crs"": ""EPSG:6933"", ""resolution_m"": 20, ""temporal_resolution_h"": null, ""processing_level"": null, ""surface_model"": null, ""vertical_datum"": null, ""acquisition_time"": null, ""available_time"": null, ""provenance"": ""authoritative-product"", ""band_role"": null, ""nodata_semantics"": null, ""uncertainty"": null, ""allowed_values"": null, ""observed_min"": null, ""observed_max"": null, ""attrs"": {""cloud_mask_applied"": true}}, {""name"": ""S1"", ""quantity"": ""backscatter"", ""unit"": null, ""scale"": ""continuous"", ""crs"": ""EPSG:32643"", ""resolution_m"": 10, ""temporal_resolution_h"": null, ""processing_level"": null, ""surface_model"": null, ""vertical_datum"": null, ""acquisition_time"": ""2024-07-10T10:00:00+00:00"", ""available_time"": null, ""provenance"": ""authoritative-product"", ""band_role"": null, ""nodata_semantics"": null, ""uncertainty"": null, ""allowed_values"": null, ""observed_min"": null, ""observed_max"": null, ""attrs"": {}}, {""name"": ""S2"", ""quantity"": ""reflectance"", ""unit"": null, ""scale"": ""continuous"", ""crs"": ""EPSG:32643"", ""resolution_m"": 10, ""temporal_resolution_h"": null, ""processing_level"": null, ""surface_model"": null, ""vertical_datum"": null, ""acquisition_time"": ""2024-07-10T13:00:00+00:00"", ""available_time"": null, ""provenance"": ""authoritative-product"", ""band_role"": null, ""nodata_semantics"": null, ""uncertainty"": null, ""allowed_values"": null, ""observed_min"": null, ""observed_max"": null, ""attrs"": {}}]","[{""op"": ""require_cloud_mask"", ""params"": {""artifact"": 0}}, {""op"": ""compare_sensors"", ""params"": {""a"": 1, ""b"": 2, ""tolerance_h"": 6}}, {""op"": ""area"", ""params"": {""artifact"": 0, ""method"": ""planar"", ""output_unit"": ""km2""}}]",PROVEN,[]
SGX3_BLIND_flood_remote_sensing_009,blind-composition,blind,flood_remote_sensing,REFUTED,cloud mask missing,990818ea8ccf9355fc3a7fbe1d8375c1ade3128310e8b749e08c3083db5840dc,"{""goal"": ""flood_remote_sensing"", ""required_quantity"": null, ""required_unit"": null, ""decision_time"": null, ""max_resolution_m"": null, ""requires_bare_earth"": false, ""requires_cloud_mask"": false, ""max_uncertainty"": null, ""temporal_tolerance_h"": null, ""required_value_range"": null}","[{""name"": ""flood-mask-20"", ""quantity"": ""flood_extent"", ""unit"": null, ""scale"": ""binary"", ""crs"": ""EPSG:32643"", ""resolution_m"": 20, ""temporal_resolution_h"": null, ""processing_level"": null, ""surface_model"": null, ""vertical_datum"": null, ""acquisition_time"": null, ""available_time"": null, ""provenance"": ""authoritative-product"", ""band_role"": null, ""nodata_semantics"": null, ""uncertainty"": null, ""allowed_values"": null, ""observed_min"": null, ""observed_max"": null, ""attrs"": {""cloud_mask_applied"": false}}, {""name"": ""S1"", ""quantity"": ""backscatter"", ""unit"": null, ""scale"": ""continuous"", ""crs"": ""EPSG:32643"", ""resolution_m"": 10, ""temporal_resolution_h"": null, ""processing_level"": null, ""surface_model"": null, ""vertical_datum"": null, ""acquisition_time"": ""2024-07-01T10:00:00+00:00"", ""available_time"": null, ""provenance"": ""authoritative-product"", ""band_role"": null, ""nodata_semantics"": null, ""uncertainty"": null, ""allowed_values"": null, ""observed_min"": null, ""observed_max"": null, ""attrs"": {}}, {""name"": ""S2"", ""quantity"": ""reflectance"", ""unit"": null, ""scale"": ""continuous"", ""crs"": ""EPSG:32643"", ""resolution_m"": 10, ""temporal_resolution_h"": null, ""processing_level"": null, ""surface_model"": null, ""vertical_datum"": null, ""acquisition_time"": ""2024-07-01T16:00:00+00:00"", ""available_time"": null, ""provenance"": ""authoritative-product"", ""band_role"": null, ""nodata_semantics"": null, ""uncertainty"": null, ""allowed_values"": null, ""observed_min"": null, ""observed_max"": null, ""attrs"": {}}]","[{""op"": ""require_cloud_mask"", ""params"": {""artifact"": 0}}, {""op"": ""compare_sensors"", ""params"": {""a"": 1, ""b"": 2, ""tolerance_h"": 24}}, {""op"": ""area"", ""params"": {""artifact"": 0, ""method"": ""geodesic"", ""output_unit"": ""km2""}}]",REFUTED,"[{""code"": ""CLOUD_MASK_MISSING"", ""verdict"": ""REFUTED"", ""message"": ""Cloud-sensitive analysis has no recorded cloud mask."", ""step_index"": 0, ""evidence"": {}, ""repair"": null}]"
SGX3_BLIND_flood_remote_sensing_010,blind-composition,blind,flood_remote_sensing,PROVEN,all constraints satisfied,55d7876c3192d094c8b36635fe3b1ea12cfde335bbdbf5f2c871da00434b161e,"{""goal"": ""flood_remote_sensing"", ""required_quantity"": null, ""required_unit"": null, ""decision_time"": null, ""max_resolution_m"": null, ""requires_bare_earth"": false, ""requires_cloud_mask"": false, ""max_uncertainty"": null, ""temporal_tolerance_h"": null, ""required_value_range"": null}","[{""name"": ""flood-mask-30"", ""quantity"": ""flood_extent"", ""unit"": null, ""scale"": ""binary"", ""crs"": ""EPSG:32643"", ""resolution_m"": 30, ""temporal_resolution_h"": null, ""processing_level"": null, ""surface_model"": null, ""vertical_datum"": null, ""acquisition_time"": null, ""available_time"": null, ""provenance"": ""authoritative-product"", ""band_role"": null, ""nodata_semantics"": null, ""uncertainty"": null, ""allowed_values"": null, ""observed_min"": null, ""observed_max"": null, ""attrs"": {""cloud_mask_applied"": true}}, {""name"": ""S1"", ""quantity"": ""backscatter"", ""unit"": null, ""scale"": ""continuous"", ""crs"": ""EPSG:32643"", ""resolution_m"": 10, ""temporal_resolution_h"": null, ""processing_level"": null, ""surface_model"": null, ""vertical_datum"": null, ""acquisition_time"": ""2024-07-15T10:00:00+00:00"", ""available_time"": null, ""provenance"": ""authoritative-product"", ""band_role"": null, ""nodata_semantics"": null, ""uncertainty"": null, ""allowed_values"": null, ""observed_min"": null, ""observed_max"": null, ""attrs"": {}}, {""name"": ""S2"", ""quantity"": ""reflectance"", ""unit"": null, ""scale"": ""continuous"", ""crs"": ""EPSG:32643"", ""resolution_m"": 10, ""temporal_resolution_h"": null, ""processing_level"": null, ""surface_model"": null, ""vertical_datum"": null, ""acquisition_time"": ""2024-07-15T10:00:00+00:00"", ""available_time"": null, ""provenance"": ""authoritative-product"", ""band_role"": null, ""nodata_semantics"": null, ""uncertainty"": null, ""allowed_values"": null, ""observed_min"": null, ""observed_max"": null, ""attrs"": {}}]","[{""op"": ""require_cloud_mask"", ""params"": {""artifact"": 0}}, {""op"": ""compare_sensors"", ""params"": {""a"": 1, ""b"": 2, ""tolerance_h"": 12}}, {""op"": ""area"", ""params"": {""artifact"": 0, ""method"": ""geodesic"", ""output_unit"": ""km2""}}]",PROVEN,[]
SGX3_BLIND_flood_remote_sensing_011,blind-composition,blind,flood_remote_sensing,REFUTED,cloud mask missing,e4385af882ef7a38454d857d8b47434a8631b2ac5b358ddb253d4360cd3357ae,"{""goal"": ""flood_remote_sensing"", ""required_quantity"": null, ""required_unit"": null, ""decision_time"": null, ""max_resolution_m"": null, ""requires_bare_earth"": false, ""requires_cloud_mask"": false, ""max_uncertainty"": null, ""temporal_tolerance_h"": null, ""required_value_range"": null}","[{""name"": ""flood-mask-20"", ""quantity"": ""flood_extent"", ""unit"": null, ""scale"": ""binary"", ""crs"": ""EPSG:6933"", ""resolution_m"": 20, ""temporal_resolution_h"": null, ""processing_level"": null, ""surface_model"": null, ""vertical_datum"": null, ""acquisition_time"": null, ""available_time"": null, ""provenance"": ""authoritative-product"", ""band_role"": null, ""nodata_semantics"": null, ""uncertainty"": null, ""allowed_values"": null, ""observed_min"": null, ""observed_max"": null, ""attrs"": {""cloud_mask_applied"": false}}, {""name"": ""S1"", ""quantity"": ""backscatter"", ""unit"": null, ""scale"": ""continuous"", ""crs"": ""EPSG:32643"", ""resolution_m"": 10, ""temporal_resolution_h"": null, ""processing_level"": null, ""surface_model"": null, ""vertical_datum"": null, ""acquisition_time"": ""2024-07-15T10:00:00+00:00"", ""available_time"": null, ""provenance"": ""authoritative-product"", ""band_role"": null, ""nodata_semantics"": null, ""uncertainty"": null, ""allowed_values"": null, ""observed_min"": null, ""observed_max"": null, ""attrs"": {}}, {""name"": ""S2"", ""quantity"": ""reflectance"", ""unit"": null, ""scale"": ""continuous"", ""crs"": ""EPSG:32643"", ""resolution_m"": 10, ""temporal_resolution_h"": null, ""processing_level"": null, ""surface_model"": null, ""vertical_datum"": null, ""acquisition_time"": ""2024-07-15T10:00:00+00:00"", ""available_time"": null, ""provenance"": ""authoritative-product"", ""band_role"": null, ""nodata_semantics"": null, ""uncertainty"": null, ""allowed_values"": null, ""observed_min"": null, ""observed_max"": null, ""attrs"": {}}]","[{""op"": ""require_cloud_mask"", ""params"": {""artifact"": 0}}, {""op"": ""compare_sensors"", ""params"": {""a"": 1, ""b"": 2, ""tolerance_h"": 12}}, {""op"": ""area"", ""params"": {""artifact"": 0, ""method"": ""geodesic"", ""output_unit"": ""km2""}}]",REFUTED,"[{""code"": ""CLOUD_MASK_MISSING"", ""verdict"": ""REFUTED"", ""message"": ""Cloud-sensitive analysis has no recorded cloud mask."", ""step_index"": 0, ""evidence"": {}, ""repair"": null}]"
SGX3_BLIND_flood_remote_sensing_012,blind-composition,blind,flood_remote_sensing,REFUTED,sensor timing mismatch; angular planar area,461100296d18d9432eedc0cbb75049b0185a552792c408a41cf618fc8c71ecdc,"{""goal"": ""flood_remote_sensing"", ""required_quantity"": null, ""required_unit"": null, ""decision_time"": null, ""max_resolution_m"": null, ""requires_bare_earth"": false, ""requires_cloud_mask"": false, ""max_uncertainty"": null, ""temporal_tolerance_h"": null, ""required_value_range"": null}","[{""name"": ""flood-mask-10"", ""quantity"": ""flood_extent"", ""unit"": null, ""scale"": ""binary"", ""crs"": ""EPSG:4326"", ""resolution_m"": 10, ""temporal_resolution_h"": null, ""processing_level"": null, ""surface_model"": null, ""vertical_datum"": null, ""acquisition_time"": null, ""available_time"": null, ""provenance"": ""authoritative-product"", ""band_role"": null, ""nodata_semantics"": null, ""uncertainty"": null, ""allowed_values"": null, ""observed_min"": null, ""observed_max"": null, ""attrs"": {""cloud_mask_applied"": true}}, {""name"": ""S1"", ""quantity"": ""backscatter"", ""unit"": null, ""scale"": ""continuous"", ""crs"": ""EPSG:32643"", ""resolution_m"": 10, ""temporal_resolution_h"": null, ""processing_level"": null, ""surface_model"": null, ""vertical_datum"": null, ""acquisition_time"": ""2024-07-15T10:00:00+00:00"", ""available_time"": null, ""provenance"": ""authoritative-product"", ""band_role"": null, ""nodata_semantics"": null, ""uncertainty"": null, ""allowed_values"": null, ""observed_min"": null, ""observed_max"": null, ""attrs"": {}}, {""name"": ""S2"", ""quantity"": ""reflectance"", ""unit"": null, ""scale"": ""continuous"", ""crs"": ""EPSG:32643"", ""resolution_m"": 10, ""temporal_resolution_h"": null, ""processing_level"": null, ""surface_model"": null, ""vertical_datum"": null, ""acquisition_time"": ""2024-07-17T10:00:00+00:00"", ""available_time"": null, ""provenance"": ""authoritative-product"", ""band_role"": null, ""nodata_semantics"": null, ""uncertainty"": null, ""allowed_values"": null, ""observed_min"": null, ""observed_max"": null, ""attrs"": {}}]","[{""op"": ""require_cloud_mask"", ""params"": {""artifact"": 0}}, {""op"": ""compare_sensors"", ""params"": {""a"": 1, ""b"": 2, ""tolerance_h"": 6}}, {""op"": ""area"", ""params"": {""artifact"": 0, ""method"": ""planar"", ""output_unit"": ""km2""}}]",REFUTED,"[{""code"": ""MULTISENSOR_TIME_MISMATCH"", ""verdict"": ""REFUTED"", ""message"": ""Acquisition gap exceeds the declared scientific tolerance."", ""step_index"": 1, ""evidence"": {""gap_h"": 48.0, ""tolerance_h"": 6.0}, ""repair"": null}, {""code"": ""ANGULAR_COORDINATE_AREA"", ""verdict"": ""REFUTED"", ""message"": ""Planar area is computed directly from angular coordinates."", ""step_index"": 2, ""evidence"": {""crs"": ""EPSG:4326""}, ""repair"": ""Use geodesic area or an appropriate projected/equal-area CRS.""}]"
SGX3_BLIND_flood_remote_sensing_013,blind-composition,blind,flood_remote_sensing,REFUTED,sensor timing mismatch,899783cbfeeb661ed6902435c4f4ef803e8a69b052fa44cb3f3c9816f1b8410b,"{""goal"": ""flood_remote_sensing"", ""required_quantity"": null, ""required_unit"": null, ""decision_time"": null, ""max_resolution_m"": null, ""requires_bare_earth"": false, ""requires_cloud_mask"": false, ""max_uncertainty"": null, ""temporal_tolerance_h"": null, ""required_value_range"": null}","[{""name"": ""flood-mask-20"", ""quantity"": ""flood_extent"", ""unit"": null, ""scale"": ""binary"", ""crs"": ""EPSG:6933"", ""resolution_m"": 20, ""temporal_resolution_h"": null, ""processing_level"": null, ""surface_model"": null, ""vertical_datum"": null, ""acquisition_time"": null, ""available_time"": null, ""provenance"": ""authoritative-product"", ""band_role"": null, ""nodata_semantics"": null, ""uncertainty"": null, ""allowed_values"": null, ""observed_min"": null, ""observed_max"": null, ""attrs"": {""cloud_mask_applied"": true}}, {""name"": ""S1"", ""quantity"": ""backscatter"", ""unit"": null, ""scale"": ""continuous"", ""crs"": ""EPSG:32643"", ""resolution_m"": 10, ""temporal_resolution_h"": null, ""processing_level"": null, ""surface_model"": null, ""vertical_datum"": null, ""acquisition_time"": ""2024-07-10T10:00:00+00:00"", ""available_time"": null, ""provenance"": ""authoritative-product"", ""band_role"": null, ""nodata_semantics"": null, ""uncertainty"": null, ""allowed_values"": null, ""observed_min"": null, ""observed_max"": null, ""attrs"": {}}, {""name"": ""S2"", ""quantity"": ""reflectance"", ""unit"": null, ""scale"": ""continuous"", ""crs"": ""EPSG:32643"", ""resolution_m"": 10, ""temporal_resolution_h"": null, ""processing_level"": null, ""surface_model"": null, ""vertical_datum"": null, ""acquisition_time"": ""2024-07-10T22:00:00+00:00"", ""available_time"": null, ""provenance"": ""authoritative-product"", ""band_role"": null, ""nodata_semantics"": null, ""uncertainty"": null, ""allowed_values"": null, ""observed_min"": null, ""observed_max"": null, ""attrs"": {}}]","[{""op"": ""require_cloud_mask"", ""params"": {""artifact"": 0}}, {""op"": ""compare_sensors"", ""params"": {""a"": 1, ""b"": 2, ""tolerance_h"": 6}}, {""op"": ""area"", ""params"": {""artifact"": 0, ""method"": ""planar"", ""output_unit"": ""km2""}}]",REFUTED,"[{""code"": ""MULTISENSOR_TIME_MISMATCH"", ""verdict"": ""REFUTED"", ""message"": ""Acquisition gap exceeds the declared scientific tolerance."", ""step_index"": 1, ""evidence"": {""gap_h"": 12.0, ""tolerance_h"": 6.0}, ""repair"": null}]"
SGX3_BLIND_flood_remote_sensing_014,blind-composition,blind,flood_remote_sensing,REFUTED,cloud mask missing; sensor timing mismatch,350f041c4d0add7990e43621eafe009302b6d67c6bc03c7c2e6d46f2060236ef,"{""goal"": ""flood_remote_sensing"", ""required_quantity"": null, ""required_unit"": null, ""decision_time"": null, ""max_resolution_m"": null, ""requires_bare_earth"": false, ""requires_cloud_mask"": false, ""max_uncertainty"": null, ""temporal_tolerance_h"": null, ""required_value_range"": null}","[{""name"": ""flood-mask-10"", ""quantity"": ""flood_extent"", ""unit"": null, ""scale"": ""binary"", ""crs"": ""EPSG:4326"", ""resolution_m"": 10, ""temporal_resolution_h"": null, ""processing_level"": null, ""surface_model"": null, ""vertical_datum"": null, ""acquisition_time"": null, ""available_time"": null, ""provenance"": ""authoritative-product"", ""band_role"": null, ""nodata_semantics"": null, ""uncertainty"": null, ""allowed_values"": null, ""observed_min"": null, ""observed_max"": null, ""attrs"": {""cloud_mask_applied"": false}}, {""name"": ""S1"", ""quantity"": ""backscatter"", ""unit"": null, ""scale"": ""continuous"", ""crs"": ""EPSG:32643"", ""resolution_m"": 10, ""temporal_resolution_h"": null, ""processing_level"": null, ""surface_model"": null, ""vertical_datum"": null, ""acquisition_time"": ""2024-07-10T10:00:00+00:00"", ""available_time"": null, ""provenance"": ""authoritative-product"", ""band_role"": null, ""nodata_semantics"": null, ""uncertainty"": null, ""allowed_values"": null, ""observed_min"": null, ""observed_max"": null, ""attrs"": {}}, {""name"": ""S2"", ""quantity"": ""reflectance"", ""unit"": null, ""scale"": ""continuous"", ""crs"": ""EPSG:32643"", ""resolution_m"": 10, ""temporal_resolution_h"": null, ""processing_level"": null, ""surface_model"": null, ""vertical_datum"": null, ""acquisition_time"": ""2024-07-11T10:00:00+00:00"", ""available_time"": null, ""provenance"": ""authoritative-product"", ""band_role"": null, ""nodata_semantics"": null, ""uncertainty"": null, ""allowed_values"": null, ""observed_min"": null, ""observed_max"": null, ""attrs"": {}}]","[{""op"": ""require_cloud_mask"", ""params"": {""artifact"": 0}}, {""op"": ""compare_sensors"", ""params"": {""a"": 1, ""b"": 2, ""tolerance_h"": 6}}, {""op"": ""area"", ""params"": {""artifact"": 0, ""method"": ""geodesic"", ""output_unit"": ""km2""}}]",REFUTED,"[{""code"": ""CLOUD_MASK_MISSING"", ""verdict"": ""REFUTED"", ""message"": ""Cloud-sensitive analysis has no recorded cloud mask."", ""step_index"": 0, ""evidence"": {}, ""repair"": null}, {""code"": ""MULTISENSOR_TIME_MISMATCH"", ""verdict"": ""REFUTED"", ""message"": ""Acquisition gap exceeds the declared scientific tolerance."", ""step_index"": 1, ""evidence"": {""gap_h"": 24.0, ""tolerance_h"": 6.0}, ""repair"": null}]"
SGX3_BLIND_flood_remote_sensing_015,blind-composition,blind,flood_remote_sensing,REFUTED,cloud mask missing; angular planar area,f83c7afa3a7262e877fffb43889b92de4156544f731f38de16d96ad598aa69b5,"{""goal"": ""flood_remote_sensing"", ""required_quantity"": null, ""required_unit"": null, ""decision_time"": null, ""max_resolution_m"": null, ""requires_bare_earth"": false, ""requires_cloud_mask"": false, ""max_uncertainty"": null, ""temporal_tolerance_h"": null, ""required_value_range"": null}","[{""name"": ""flood-mask-10"", ""quantity"": ""flood_extent"", ""unit"": null, ""scale"": ""binary"", ""crs"": ""EPSG:4326"", ""resolution_m"": 10, ""temporal_resolution_h"": null, ""processing_level"": null, ""surface_model"": null, ""vertical_datum"": null, ""acquisition_time"": null, ""available_time"": null, ""provenance"": ""authoritative-product"", ""band_role"": null, ""nodata_semantics"": null, ""uncertainty"": null, ""allowed_values"": null, ""observed_min"": null, ""observed_max"": null, ""attrs"": {""cloud_mask_applied"": false}}, {""name"": ""S1"", ""quantity"": ""backscatter"", ""unit"": null, ""scale"": ""continuous"", ""crs"": ""EPSG:32643"", ""resolution_m"": 10, ""temporal_resolution_h"": null, ""processing_level"": null, ""surface_model"": null, ""vertical_datum"": null, ""acquisition_time"": ""2024-07-10T10:00:00+00:00"", ""available_time"": null, ""provenance"": ""authoritative-product"", ""band_role"": null, ""nodata_semantics"": null, ""uncertainty"": null, ""allowed_values"": null, ""observed_min"": null, ""observed_max"": null, ""attrs"": {}}, {""name"": ""S2"", ""quantity"": ""reflectance"", ""unit"": null, ""scale"": ""continuous"", ""crs"": ""EPSG:32643"", ""resolution_m"": 10, ""temporal_resolution_h"": null, ""processing_level"": null, ""surface_model"": null, ""vertical_datum"": null, ""acquisition_time"": ""2024-07-10T22:00:00+00:00"", ""available_time"": null, ""provenance"": ""authoritative-product"", ""band_role"": null, ""nodata_semantics"": null, ""uncertainty"": null, ""allowed_values"": null, ""observed_min"": null, ""observed_max"": null, ""attrs"": {}}]","[{""op"": ""require_cloud_mask"", ""params"": {""artifact"": 0}}, {""op"": ""compare_sensors"", ""params"": {""a"": 1, ""b"": 2, ""tolerance_h"": 24}}, {""op"": ""area"", ""params"": {""artifact"": 0, ""method"": ""planar"", ""output_unit"": ""km2""}}]",REFUTED,"[{""code"": ""CLOUD_MASK_MISSING"", ""verdict"": ""REFUTED"", ""message"": ""Cloud-sensitive analysis has no recorded cloud mask."", ""step_index"": 0, ""evidence"": {}, ""repair"": null}, {""code"": ""ANGULAR_COORDINATE_AREA"", ""verdict"": ""REFUTED"", ""message"": ""Planar area is computed directly from angular coordinates."", ""step_index"": 2, ""evidence"": {""crs"": ""EPSG:4326""}, ""repair"": ""Use geodesic area or an appropriate projected/equal-area CRS.""}]"
SGX3_BLIND_flood_remote_sensing_016,blind-composition,blind,flood_remote_sensing,REFUTED,cloud mask missing; angular planar area,3f61b6038987ac5a96bbd817becacabeb0739df3d0ad989a49607f0a8ea209fe,"{""goal"": ""flood_remote_sensing"", ""required_quantity"": null, ""required_unit"": null, ""decision_time"": null, ""max_resolution_m"": null, ""requires_bare_earth"": false, ""requires_cloud_mask"": false, ""max_uncertainty"": null, ""temporal_tolerance_h"": null, ""required_value_range"": null}","[{""name"": ""flood-mask-30"", ""quantity"": ""flood_extent"", ""unit"": null, ""scale"": ""binary"", ""crs"": ""EPSG:4326"", ""resolution_m"": 30, ""temporal_resolution_h"": null, ""processing_level"": null, ""surface_model"": null, ""vertical_datum"": null, ""acquisition_time"": null, ""available_time"": null, ""provenance"": ""authoritative-product"", ""band_role"": null, ""nodata_semantics"": null, ""uncertainty"": null, ""allowed_values"": null, ""observed_min"": null, ""observed_max"": null, ""attrs"": {""cloud_mask_applied"": false}}, {""name"": ""S1"", ""quantity"": ""backscatter"", ""unit"": null, ""scale"": ""continuous"", ""crs"": ""EPSG:32643"", ""resolution_m"": 10, ""temporal_resolution_h"": null, ""processing_level"": null, ""surface_model"": null, ""vertical_datum"": null, ""acquisition_time"": ""2024-07-05T10:00:00+00:00"", ""available_time"": null, ""provenance"": ""authoritative-product"", ""band_role"": null, ""nodata_semantics"": null, ""uncertainty"": null, ""allowed_values"": null, ""observed_min"": null, ""observed_max"": null, ""attrs"": {}}, {""name"": ""S2"", ""quantity"": ""reflectance"", ""unit"": null, ""scale"": ""continuous"", ""crs"": ""EPSG:32643"", ""resolution_m"": 10, ""temporal_resolution_h"": null, ""processing_level"": null, ""surface_model"": null, ""vertical_datum"": null, ""acquisition_time"": ""2024-07-05T13:00:00+00:00"", ""available_time"": null, ""provenance"": ""authoritative-product"", ""band_role"": null, ""nodata_semantics"": null, ""uncertainty"": null, ""allowed_values"": null, ""observed_min"": null, ""observed_max"": null, ""attrs"": {}}]","[{""op"": ""require_cloud_mask"", ""params"": {""artifact"": 0}}, {""op"": ""compare_sensors"", ""params"": {""a"": 1, ""b"": 2, ""tolerance_h"": 24}}, {""op"": ""area"", ""params"": {""artifact"": 0, ""method"": ""planar"", ""output_unit"": ""km2""}}]",REFUTED,"[{""code"": ""CLOUD_MASK_MISSING"", ""verdict"": ""REFUTED"", ""message"": ""Cloud-sensitive analysis has no recorded cloud mask."", ""step_index"": 0, ""evidence"": {}, ""repair"": null}, {""code"": ""ANGULAR_COORDINATE_AREA"", ""verdict"": ""REFUTED"", ""message"": ""Planar area is computed directly from angular coordinates."", ""step_index"": 2, ""evidence"": {""crs"": ""EPSG:4326""}, ""repair"": ""Use geodesic area or an appropriate projected/equal-area CRS.""}]"
SGX3_BLIND_flood_remote_sensing_017,blind-composition,blind,flood_remote_sensing,REFUTED,cloud mask missing,e6d990635c6a63439912f9f1ad09d24eb021df7324a3731603506e0dbd153e20,"{""goal"": ""flood_remote_sensing"", ""required_quantity"": null, ""required_unit"": null, ""decision_time"": null, ""max_resolution_m"": null, ""requires_bare_earth"": false, ""requires_cloud_mask"": false, ""max_uncertainty"": null, ""temporal_tolerance_h"": null, ""required_value_range"": null}","[{""name"": ""flood-mask-20"", ""quantity"": ""flood_extent"", ""unit"": null, ""scale"": ""binary"", ""crs"": ""EPSG:32643"", ""resolution_m"": 20, ""temporal_resolution_h"": null, ""processing_level"": null, ""surface_model"": null, ""vertical_datum"": null, ""acquisition_time"": null, ""available_time"": null, ""provenance"": ""authoritative-product"", ""band_role"": null, ""nodata_semantics"": null, ""uncertainty"": null, ""allowed_values"": null, ""observed_min"": null, ""observed_max"": null, ""attrs"": {""cloud_mask_applied"": false}}, {""name"": ""S1"", ""quantity"": ""backscatter"", ""unit"": null, ""scale"": ""continuous"", ""crs"": ""EPSG:32643"", ""resolution_m"": 10, ""temporal_resolution_h"": null, ""processing_level"": null, ""surface_model"": null, ""vertical_datum"": null, ""acquisition_time"": ""2024-07-05T10:00:00+00:00"", ""available_time"": null, ""provenance"": ""authoritative-product"", ""band_role"": null, ""nodata_semantics"": null, ""uncertainty"": null, ""allowed_values"": null, ""observed_min"": null, ""observed_max"": null, ""attrs"": {}}, {""name"": ""S2"", ""quantity"": ""reflectance"", ""unit"": null, ""scale"": ""continuous"", ""crs"": ""EPSG:32643"", ""resolution_m"": 10, ""temporal_resolution_h"": null, ""processing_level"": null, ""surface_model"": null, ""vertical_datum"": null, ""acquisition_time"": ""2024-07-05T22:00:00+00:00"", ""available_time"": null, ""provenance"": ""authoritative-product"", ""band_role"": null, ""nodata_semantics"": null, ""uncertainty"": null, ""allowed_values"": null, ""observed_min"": null, ""observed_max"": null, ""attrs"": {}}]","[{""op"": ""require_cloud_mask"", ""params"": {""artifact"": 0}}, {""op"": ""compare_sensors"", ""params"": {""a"": 1, ""b"": 2, ""tolerance_h"": 12}}, {""op"": ""area"", ""params"": {""artifact"": 0, ""method"": ""geodesic"", ""output_unit"": ""km2""}}]",REFUTED,"[{""code"": ""CLOUD_MASK_MISSING"", ""verdict"": ""REFUTED"", ""message"": ""Cloud-sensitive analysis has no recorded cloud mask."", ""step_index"": 0, ""evidence"": {}, ""repair"": null}]"
SGX3_BLIND_flood_remote_sensing_018,blind-composition,blind,flood_remote_sensing,REFUTED,sensor timing mismatch,4c524e689629de6907062e5f26aaf0e30155c4ec5fde93cd6f6766252eebc4ff,"{""goal"": ""flood_remote_sensing"", ""required_quantity"": null, ""required_unit"": null, ""decision_time"": null, ""max_resolution_m"": null, ""requires_bare_earth"": false, ""requires_cloud_mask"": false, ""max_uncertainty"": null, ""temporal_tolerance_h"": null, ""required_value_range"": null}","[{""name"": ""flood-mask-30"", ""quantity"": ""flood_extent"", ""unit"": null, ""scale"": ""binary"", ""crs"": ""EPSG:32643"", ""resolution_m"": 30, ""temporal_resolution_h"": null, ""processing_level"": null, ""surface_model"": null, ""vertical_datum"": null, ""acquisition_time"": null, ""available_time"": null, ""provenance"": ""authoritative-product"", ""band_role"": null, ""nodata_semantics"": null, ""uncertainty"": null, ""allowed_values"": null, ""observed_min"": null, ""observed_max"": null, ""attrs"": {""cloud_mask_applied"": true}}, {""name"": ""S1"", ""quantity"": ""backscatter"", ""unit"": null, ""scale"": ""continuous"", ""crs"": ""EPSG:32643"", ""resolution_m"": 10, ""temporal_resolution_h"": null, ""processing_level"": null, ""surface_model"": null, ""vertical_datum"": null, ""acquisition_time"": ""2024-07-10T10:00:00+00:00"", ""available_time"": null, ""provenance"": ""authoritative-product"", ""band_role"": null, ""nodata_semantics"": null, ""uncertainty"": null, ""allowed_values"": null, ""observed_min"": null, ""observed_max"": null, ""attrs"": {}}, {""name"": ""S2"", ""quantity"": ""reflectance"", ""unit"": null, ""scale"": ""continuous"", ""crs"": ""EPSG:32643"", ""resolution_m"": 10, ""temporal_resolution_h"": null, ""processing_level"": null, ""surface_model"": null, ""vertical_datum"": null, ""acquisition_time"": ""2024-07-13T10:00:00+00:00"", ""available_time"": null, ""provenance"": ""authoritative-product"", ""band_role"": null, ""nodata_semantics"": null, ""uncertainty"": null, ""allowed_values"": null, ""observed_min"": null, ""observed_max"": null, ""attrs"": {}}]","[{""op"": ""require_cloud_mask"", ""params"": {""artifact"": 0}}, {""op"": ""compare_sensors"", ""params"": {""a"": 1, ""b"": 2, ""tolerance_h"": 24}}, {""op"": ""area"", ""params"": {""artifact"": 0, ""method"": ""planar"", ""output_unit"": ""km2""}}]",REFUTED,"[{""code"": ""MULTISENSOR_TIME_MISMATCH"", ""verdict"": ""REFUTED"", ""message"": ""Acquisition gap exceeds the declared scientific tolerance."", ""step_index"": 1, ""evidence"": {""gap_h"": 72.0, ""tolerance_h"": 24.0}, ""repair"": null}]"
SGX3_BLIND_flood_remote_sensing_019,blind-composition,blind,flood_remote_sensing,PROVEN,all constraints satisfied,7fcede14bd6a1b4e13f85a68134f74bb5aedcb84ba0f46003c4dbd7ca6c537a5,"{""goal"": ""flood_remote_sensing"", ""required_quantity"": null, ""required_unit"": null, ""decision_time"": null, ""max_resolution_m"": null, ""requires_bare_earth"": false, ""requires_cloud_mask"": false, ""max_uncertainty"": null, ""temporal_tolerance_h"": null, ""required_value_range"": null}","[{""name"": ""flood-mask-10"", ""quantity"": ""flood_extent"", ""unit"": null, ""scale"": ""binary"", ""crs"": ""EPSG:32643"", ""resolution_m"": 10, ""temporal_resolution_h"": null, ""processing_level"": null, ""surface_model"": null, ""vertical_datum"": null, ""acquisition_time"": null, ""available_time"": null, ""provenance"": ""authoritative-product"", ""band_role"": null, ""nodata_semantics"": null, ""uncertainty"": null, ""allowed_values"": null, ""observed_min"": null, ""observed_max"": null, ""attrs"": {""cloud_mask_applied"": true}}, {""name"": ""S1"", ""quantity"": ""backscatter"", ""unit"": null, ""scale"": ""continuous"", ""crs"": ""EPSG:32643"", ""resolution_m"": 10, ""temporal_resolution_h"": null, ""processing_level"": null, ""surface_model"": null, ""vertical_datum"": null, ""acquisition_time"": ""2024-07-15T10:00:00+00:00"", ""available_time"": null, ""provenance"": ""authoritative-product"", ""band_role"": null, ""nodata_semantics"": null, ""uncertainty"": null, ""allowed_values"": null, ""observed_min"": null, ""observed_max"": null, ""attrs"": {}}, {""name"": ""S2"", ""quantity"": ""reflectance"", ""unit"": null, ""scale"": ""continuous"", ""crs"": ""EPSG:32643"", ""resolution_m"": 10, ""temporal_resolution_h"": null, ""processing_level"": null, ""surface_model"": null, ""vertical_datum"": null, ""acquisition_time"": ""2024-07-15T16:00:00+00:00"", ""available_time"": null, ""provenance"": ""authoritative-product"", ""band_role"": null, ""nodata_semantics"": null, ""uncertainty"": null, ""allowed_values"": null, ""observed_min"": null, ""observed_max"": null, ""attrs"": {}}]","[{""op"": ""require_cloud_mask"", ""params"": {""artifact"": 0}}, {""op"": ""compare_sensors"", ""params"": {""a"": 1, ""b"": 2, ""tolerance_h"": 6}}, {""op"": ""area"", ""params"": {""artifact"": 0, ""method"": ""planar"", ""output_unit"": ""km2""}}]",PROVEN,[]
SGX3_BLIND_flood_remote_sensing_020,blind-composition,blind,flood_remote_sensing,REFUTED,cloud mask missing,99eefb3555e441d842c141bf1c2afb4c76d0d1818e94eb66064e4ce6b0dbc081,"{""goal"": ""flood_remote_sensing"", ""required_quantity"": null, ""required_unit"": null, ""decision_time"": null, ""max_resolution_m"": null, ""requires_bare_earth"": false, ""requires_cloud_mask"": false, ""max_uncertainty"": null, ""temporal_tolerance_h"": null, ""required_value_range"": null}","[{""name"": ""flood-mask-20"", ""quantity"": ""flood_extent"", ""unit"": null, ""scale"": ""binary"", ""crs"": ""EPSG:32643"", ""resolution_m"": 20, ""temporal_resolution_h"": null, ""processing_level"": null, ""surface_model"": null, ""vertical_datum"": null, ""acquisition_time"": null, ""available_time"": null, ""provenance"": ""authoritative-product"", ""band_role"": null, ""nodata_semantics"": null, ""uncertainty"": null, ""allowed_values"": null, ""observed_min"": null, ""observed_max"": null, ""attrs"": {""cloud_mask_applied"": false}}, {""name"": ""S1"", ""quantity"": ""backscatter"", ""unit"": null, ""scale"": ""continuous"", ""crs"": ""EPSG:32643"", ""resolution_m"": 10, ""temporal_resolution_h"": null, ""processing_level"": null, ""surface_model"": null, ""vertical_datum"": null, ""acquisition_time"": ""2024-07-01T10:00:00+00:00"", ""available_time"": null, ""provenance"": ""authoritative-product"", ""band_role"": null, ""nodata_semantics"": null, ""uncertainty"": null, ""allowed_values"": null, ""observed_min"": null, ""observed_max"": null, ""attrs"": {}}, {""name"": ""S2"", ""quantity"": ""reflectance"", ""unit"": null, ""scale"": ""continuous"", ""crs"": ""EPSG:32643"", ""resolution_m"": 10, ""temporal_resolution_h"": null, ""processing_level"": null, ""surface_model"": null, ""vertical_datum"": null, ""acquisition_time"": ""2024-07-01T13:00:00+00:00"", ""available_time"": null, ""provenance"": ""authoritative-product"", ""band_role"": null, ""nodata_semantics"": null, ""uncertainty"": null, ""allowed_values"": null, ""observed_min"": null, ""observed_max"": null, ""attrs"": {}}]","[{""op"": ""require_cloud_mask"", ""params"": {""artifact"": 0}}, {""op"": ""compare_sensors"", ""params"": {""a"": 1, ""b"": 2, ""tolerance_h"": 12}}, {""op"": ""area"", ""params"": {""artifact"": 0, ""method"": ""planar"", ""output_unit"": ""km2""}}]",REFUTED,"[{""code"": ""CLOUD_MASK_MISSING"", ""verdict"": ""REFUTED"", ""message"": ""Cloud-sensitive analysis has no recorded cloud mask."", ""step_index"": 0, ""evidence"": {}, ""repair"": null}]"
SGX3_BLIND_flood_remote_sensing_021,blind-composition,blind,flood_remote_sensing,REFUTED,cloud mask missing,0f18edf0ab2226ec75c12fb1cfc9646cae61f15facc5465fc572ed8b97f0aa14,"{""goal"": ""flood_remote_sensing"", ""required_quantity"": null, ""required_unit"": null, ""decision_time"": null, ""max_resolution_m"": null, ""requires_bare_earth"": false, ""requires_cloud_mask"": false, ""max_uncertainty"": null, ""temporal_tolerance_h"": null, ""required_value_range"": null}","[{""name"": ""flood-mask-20"", ""quantity"": ""flood_extent"", ""unit"": null, ""scale"": ""binary"", ""crs"": ""EPSG:32643"", ""resolution_m"": 20, ""temporal_resolution_h"": null, ""processing_level"": null, ""surface_model"": null, ""vertical_datum"": null, ""acquisition_time"": null, ""available_time"": null, ""provenance"": ""authoritative-product"", ""band_role"": null, ""nodata_semantics"": null, ""uncertainty"": null, ""allowed_values"": null, ""observed_min"": null, ""observed_max"": null, ""attrs"": {""cloud_mask_applied"": false}}, {""name"": ""S1"", ""quantity"": ""backscatter"", ""unit"": null, ""scale"": ""continuous"", ""crs"": ""EPSG:32643"", ""resolution_m"": 10, ""temporal_resolution_h"": null, ""processing_level"": null, ""surface_model"": null, ""vertical_datum"": null, ""acquisition_time"": ""2024-07-05T10:00:00+00:00"", ""available_time"": null, ""provenance"": ""authoritative-product"", ""band_role"": null, ""nodata_semantics"": null, ""uncertainty"": null, ""allowed_values"": null, ""observed_min"": null, ""observed_max"": null, ""attrs"": {}}, {""name"": ""S2"", ""quantity"": ""reflectance"", ""unit"": null, ""scale"": ""continuous"", ""crs"": ""EPSG:32643"", ""resolution_m"": 10, ""temporal_resolution_h"": null, ""processing_level"": null, ""surface_model"": null, ""vertical_datum"": null, ""acquisition_time"": ""2024-07-05T16:00:00+00:00"", ""available_time"": null, ""provenance"": ""authoritative-product"", ""band_role"": null, ""nodata_semantics"": null, ""uncertainty"": null, ""allowed_values"": null, ""observed_min"": null, ""observed_max"": null, ""attrs"": {}}]","[{""op"": ""require_cloud_mask"", ""params"": {""artifact"": 0}}, {""op"": ""compare_sensors"", ""params"": {""a"": 1, ""b"": 2, ""tolerance_h"": 6}}, {""op"": ""area"", ""params"": {""artifact"": 0, ""method"": ""planar"", ""output_unit"": ""km2""}}]",REFUTED,"[{""code"": ""CLOUD_MASK_MISSING"", ""verdict"": ""REFUTED"", ""message"": ""Cloud-sensitive analysis has no recorded cloud mask."", ""step_index"": 0, ""evidence"": {}, ""repair"": null}]"
SGX3_BLIND_flood_remote_sensing_022,blind-composition,blind,flood_remote_sensing,REFUTED,cloud mask missing,fbe5373691504bce5c8559c631873712a1d4a6e5800e7ae1d77abd3e3d85c807,"{""goal"": ""flood_remote_sensing"", ""required_quantity"": null, ""required_unit"": null, ""decision_time"": null, ""max_resolution_m"": null, ""requires_bare_earth"": false, ""requires_cloud_mask"": false, ""max_uncertainty"": null, ""temporal_tolerance_h"": null, ""required_value_range"": null}","[{""name"": ""flood-mask-30"", ""quantity"": ""flood_extent"", ""unit"": null, ""scale"": ""binary"", ""crs"": ""EPSG:6933"", ""resolution_m"": 30, ""temporal_resolution_h"": null, ""processing_level"": null, ""surface_model"": null, ""vertical_datum"": null, ""acquisition_time"": null, ""available_time"": null, ""provenance"": ""authoritative-product"", ""band_role"": null, ""nodata_semantics"": null, ""uncertainty"": null, ""allowed_values"": null, ""observed_min"": null, ""observed_max"": null, ""attrs"": {""cloud_mask_applied"": false}}, {""name"": ""S1"", ""quantity"": ""backscatter"", ""unit"": null, ""scale"": ""continuous"", ""crs"": ""EPSG:32643"", ""resolution_m"": 10, ""temporal_resolution_h"": null, ""processing_level"": null, ""surface_model"": null, ""vertical_datum"": null, ""acquisition_time"": ""2024-07-10T10:00:00+00:00"", ""available_time"": null, ""provenance"": ""authoritative-product"", ""band_role"": null, ""nodata_semantics"": null, ""uncertainty"": null, ""allowed_values"": null, ""observed_min"": null, ""observed_max"": null, ""attrs"": {}}, {""name"": ""S2"", ""quantity"": ""reflectance"", ""unit"": null, ""scale"": ""continuous"", ""crs"": ""EPSG:32643"", ""resolution_m"": 10, ""temporal_resolution_h"": null, ""processing_level"": null, ""surface_model"": null, ""vertical_datum"": null, ""acquisition_time"": ""2024-07-10T22:00:00+00:00"", ""available_time"": null, ""provenance"": ""authoritative-product"", ""band_role"": null, ""nodata_semantics"": null, ""uncertainty"": null, ""allowed_values"": null, ""observed_min"": null, ""observed_max"": null, ""attrs"": {}}]","[{""op"": ""require_cloud_mask"", ""params"": {""artifact"": 0}}, {""op"": ""compare_sensors"", ""params"": {""a"": 1, ""b"": 2, ""tolerance_h"": 12}}, {""op"": ""area"", ""params"": {""artifact"": 0, ""method"": ""geodesic"", ""output_unit"": ""km2""}}]",REFUTED,"[{""code"": ""CLOUD_MASK_MISSING"", ""verdict"": ""REFUTED"", ""message"": ""Cloud-sensitive analysis has no recorded cloud mask."", ""step_index"": 0, ""evidence"": {}, ""repair"": null}]"
SGX3_BLIND_flood_remote_sensing_023,blind-composition,blind,flood_remote_sensing,REFUTED,cloud mask missing; sensor timing mismatch,973931e0c45e543122937919516c52df1d8a507f74f7cf4ce10177fdc77adf3c,"{""goal"": ""flood_remote_sensing"", ""required_quantity"": null, ""required_unit"": null, ""decision_time"": null, ""max_resolution_m"": null, ""requires_bare_earth"": false, ""requires_cloud_mask"": false, ""max_uncertainty"": null, ""temporal_tolerance_h"": null, ""required_value_range"": null}","[{""name"": ""flood-mask-30"", ""quantity"": ""flood_extent"", ""unit"": null, ""scale"": ""binary"", ""crs"": ""EPSG:6933"", ""resolution_m"": 30, ""temporal_resolution_h"": null, ""processing_level"": null, ""surface_model"": null, ""vertical_datum"": null, ""acquisition_time"": null, ""available_time"": null, ""provenance"": ""authoritative-product"", ""band_role"": null, ""nodata_semantics"": null, ""uncertainty"": null, ""allowed_values"": null, ""observed_min"": null, ""observed_max"": null, ""attrs"": {""cloud_mask_applied"": false}}, {""name"": ""S1"", ""quantity"": ""backscatter"", ""unit"": null, ""scale"": ""continuous"", ""crs"": ""EPSG:32643"", ""resolution_m"": 10, ""temporal_resolution_h"": null, ""processing_level"": null, ""surface_model"": null, ""vertical_datum"": null, ""acquisition_time"": ""2024-07-15T10:00:00+00:00"", ""available_time"": null, ""provenance"": ""authoritative-product"", ""band_role"": null, ""nodata_semantics"": null, ""uncertainty"": null, ""allowed_values"": null, ""observed_min"": null, ""observed_max"": null, ""attrs"": {}}, {""name"": ""S2"", ""quantity"": ""reflectance"", ""unit"": null, ""scale"": ""continuous"", ""crs"": ""EPSG:32643"", ""resolution_m"": 10, ""temporal_resolution_h"": null, ""processing_level"": null, ""surface_model"": null, ""vertical_datum"": null, ""acquisition_time"": ""2024-07-18T10:00:00+00:00"", ""available_time"": null, ""provenance"": ""authoritative-product"", ""band_role"": null, ""nodata_semantics"": null, ""uncertainty"": null, ""allowed_values"": null, ""observed_min"": null, ""observed_max"": null, ""attrs"": {}}]","[{""op"": ""require_cloud_mask"", ""params"": {""artifact"": 0}}, {""op"": ""compare_sensors"", ""params"": {""a"": 1, ""b"": 2, ""tolerance_h"": 3}}, {""op"": ""area"", ""params"": {""artifact"": 0, ""method"": ""planar"", ""output_unit"": ""km2""}}]",REFUTED,"[{""code"": ""CLOUD_MASK_MISSING"", ""verdict"": ""REFUTED"", ""message"": ""Cloud-sensitive analysis has no recorded cloud mask."", ""step_index"": 0, ""evidence"": {}, ""repair"": null}, {""code"": ""MULTISENSOR_TIME_MISMATCH"", ""verdict"": ""REFUTED"", ""message"": ""Acquisition gap exceeds the declared scientific tolerance."", ""step_index"": 1, ""evidence"": {""gap_h"": 72.0, ""tolerance_h"": 3.0}, ""repair"": null}]"
SGX3_BLIND_flood_remote_sensing_024,blind-composition,blind,flood_remote_sensing,REFUTED,sensor timing mismatch; angular planar area,fb1cae74d8583577b97e6845f0574e72de216a3f2faa17d149a0e64e6941baa4,"{""goal"": ""flood_remote_sensing"", ""required_quantity"": null, ""required_unit"": null, ""decision_time"": null, ""max_resolution_m"": null, ""requires_bare_earth"": false, ""requires_cloud_mask"": false, ""max_uncertainty"": null, ""temporal_tolerance_h"": null, ""required_value_range"": null}","[{""name"": ""flood-mask-20"", ""quantity"": ""flood_extent"", ""unit"": null, ""scale"": ""binary"", ""crs"": ""EPSG:4326"", ""resolution_m"": 20, ""temporal_resolution_h"": null, ""processing_level"": null, ""surface_model"": null, ""vertical_datum"": null, ""acquisition_time"": null, ""available_time"": null, ""provenance"": ""authoritative-product"", ""band_role"": null, ""nodata_semantics"": null, ""uncertainty"": null, ""allowed_values"": null, ""observed_min"": null, ""observed_max"": null, ""attrs"": {""cloud_mask_applied"": true}}, {""name"": ""S1"", ""quantity"": ""backscatter"", ""unit"": null, ""scale"": ""continuous"", ""crs"": ""EPSG:32643"", ""resolution_m"": 10, ""temporal_resolution_h"": null, ""processing_level"": null, ""surface_model"": null, ""vertical_datum"": null, ""acquisition_time"": ""2024-07-01T10:00:00+00:00"", ""available_time"": null, ""provenance"": ""authoritative-product"", ""band_role"": null, ""nodata_semantics"": null, ""uncertainty"": null, ""allowed_values"": null, ""observed_min"": null, ""observed_max"": null, ""attrs"": {}}, {""name"": ""S2"", ""quantity"": ""reflectance"", ""unit"": null, ""scale"": ""continuous"", ""crs"": ""EPSG:32643"", ""resolution_m"": 10, ""temporal_resolution_h"": null, ""processing_level"": null, ""surface_model"": null, ""vertical_datum"": null, ""acquisition_time"": ""2024-07-04T10:00:00+00:00"", ""available_time"": null, ""provenance"": ""authoritative-product"", ""band_role"": null, ""nodata_semantics"": null, ""uncertainty"": null, ""allowed_values"": null, ""observed_min"": null, ""observed_max"": null, ""attrs"": {}}]","[{""op"": ""require_cloud_mask"", ""params"": {""artifact"": 0}}, {""op"": ""compare_sensors"", ""params"": {""a"": 1, ""b"": 2, ""tolerance_h"": 3}}, {""op"": ""area"", ""params"": {""artifact"": 0, ""method"": ""planar"", ""output_unit"": ""km2""}}]",REFUTED,"[{""code"": ""MULTISENSOR_TIME_MISMATCH"", ""verdict"": ""REFUTED"", ""message"": ""Acquisition gap exceeds the declared scientific tolerance."", ""step_index"": 1, ""evidence"": {""gap_h"": 72.0, ""tolerance_h"": 3.0}, ""repair"": null}, {""code"": ""ANGULAR_COORDINATE_AREA"", ""verdict"": ""REFUTED"", ""message"": ""Planar area is computed directly from angular coordinates."", ""step_index"": 2, ""evidence"": {""crs"": ""EPSG:4326""}, ""repair"": ""Use geodesic area or an appropriate projected/equal-area CRS.""}]"
SGX3_BLIND_flood_remote_sensing_025,blind-composition,blind,flood_remote_sensing,PROVEN,all constraints satisfied,ff0d68084659dbe1eb21f71aa92688c0a3405e20fb1e3225e833d3e23ac0404a,"{""goal"": ""flood_remote_sensing"", ""required_quantity"": null, ""required_unit"": null, ""decision_time"": null, ""max_resolution_m"": null, ""requires_bare_earth"": false, ""requires_cloud_mask"": false, ""max_uncertainty"": null, ""temporal_tolerance_h"": null, ""required_value_range"": null}","[{""name"": ""flood-mask-10"", ""quantity"": ""flood_extent"", ""unit"": null, ""scale"": ""binary"", ""crs"": ""EPSG:4326"", ""resolution_m"": 10, ""temporal_resolution_h"": null, ""processing_level"": null, ""surface_model"": null, ""vertical_datum"": null, ""acquisition_time"": null, ""available_time"": null, ""provenance"": ""authoritative-product"", ""band_role"": null, ""nodata_semantics"": null, ""uncertainty"": null, ""allowed_values"": null, ""observed_min"": null, ""observed_max"": null, ""attrs"": {""cloud_mask_applied"": true}}, {""name"": ""S1"", ""quantity"": ""backscatter"", ""unit"": null, ""scale"": ""continuous"", ""crs"": ""EPSG:32643"", ""resolution_m"": 10, ""temporal_resolution_h"": null, ""processing_level"": null, ""surface_model"": null, ""vertical_datum"": null, ""acquisition_time"": ""2024-07-15T10:00:00+00:00"", ""available_time"": null, ""provenance"": ""authoritative-product"", ""band_role"": null, ""nodata_semantics"": null, ""uncertainty"": null, ""allowed_values"": null, ""observed_min"": null, ""observed_max"": null, ""attrs"": {}}, {""name"": ""S2"", ""quantity"": ""reflectance"", ""unit"": null, ""scale"": ""continuous"", ""crs"": ""EPSG:32643"", ""resolution_m"": 10, ""temporal_resolution_h"": null, ""processing_level"": null, ""surface_model"": null, ""vertical_datum"": null, ""acquisition_time"": ""2024-07-15T13:00:00+00:00"", ""available_time"": null, ""provenance"": ""authoritative-product"", ""band_role"": null, ""nodata_semantics"": null, ""uncertainty"": null, ""allowed_values"": null, ""observed_min"": null, ""observed_max"": null, ""attrs"": {}}]","[{""op"": ""require_cloud_mask"", ""params"": {""artifact"": 0}}, {""op"": ""compare_sensors"", ""params"": {""a"": 1, ""b"": 2, ""tolerance_h"": 3}}, {""op"": ""area"", ""params"": {""artifact"": 0, ""method"": ""geodesic"", ""output_unit"": ""km2""}}]",PROVEN,[]
SGX3_BLIND_flood_remote_sensing_026,blind-composition,blind,flood_remote_sensing,REFUTED,cloud mask missing; sensor timing mismatch,51e4bb23f0b812e14030b842851fad3b3477b7a27fef0d2bbd3028e301c4e6bf,"{""goal"": ""flood_remote_sensing"", ""required_quantity"": null, ""required_unit"": null, ""decision_time"": null, ""max_resolution_m"": null, ""requires_bare_earth"": false, ""requires_cloud_mask"": false, ""max_uncertainty"": null, ""temporal_tolerance_h"": null, ""required_value_range"": null}","[{""name"": ""flood-mask-10"", ""quantity"": ""flood_extent"", ""unit"": null, ""scale"": ""binary"", ""crs"": ""EPSG:32643"", ""resolution_m"": 10, ""temporal_resolution_h"": null, ""processing_level"": null, ""surface_model"": null, ""vertical_datum"": null, ""acquisition_time"": null, ""available_time"": null, ""provenance"": ""authoritative-product"", ""band_role"": null, ""nodata_semantics"": null, ""uncertainty"": null, ""allowed_values"": null, ""observed_min"": null, ""observed_max"": null, ""attrs"": {""cloud_mask_applied"": false}}, {""name"": ""S1"", ""quantity"": ""backscatter"", ""unit"": null, ""scale"": ""continuous"", ""crs"": ""EPSG:32643"", ""resolution_m"": 10, ""temporal_resolution_h"": null, ""processing_level"": null, ""surface_model"": null, ""vertical_datum"": null, ""acquisition_time"": ""2024-07-15T10:00:00+00:00"", ""available_time"": null, ""provenance"": ""authoritative-product"", ""band_role"": null, ""nodata_semantics"": null, ""uncertainty"": null, ""allowed_values"": null, ""observed_min"": null, ""observed_max"": null, ""attrs"": {}}, {""name"": ""S2"", ""quantity"": ""reflectance"", ""unit"": null, ""scale"": ""continuous"", ""crs"": ""EPSG:32643"", ""resolution_m"": 10, ""temporal_resolution_h"": null, ""processing_level"": null, ""surface_model"": null, ""vertical_datum"": null, ""acquisition_time"": ""2024-07-18T10:00:00+00:00"", ""available_time"": null, ""provenance"": ""authoritative-product"", ""band_role"": null, ""nodata_semantics"": null, ""uncertainty"": null, ""allowed_values"": null, ""observed_min"": null, ""observed_max"": null, ""attrs"": {}}]","[{""op"": ""require_cloud_mask"", ""params"": {""artifact"": 0}}, {""op"": ""compare_sensors"", ""params"": {""a"": 1, ""b"": 2, ""tolerance_h"": 12}}, {""op"": ""area"", ""params"": {""artifact"": 0, ""method"": ""planar"", ""output_unit"": ""km2""}}]",REFUTED,"[{""code"": ""CLOUD_MASK_MISSING"", ""verdict"": ""REFUTED"", ""message"": ""Cloud-sensitive analysis has no recorded cloud mask."", ""step_index"": 0, ""evidence"": {}, ""repair"": null}, {""code"": ""MULTISENSOR_TIME_MISMATCH"", ""verdict"": ""REFUTED"", ""message"": ""Acquisition gap exceeds the declared scientific tolerance."", ""step_index"": 1, ""evidence"": {""gap_h"": 72.0, ""tolerance_h"": 12.0}, ""repair"": null}]"
SGX3_BLIND_flood_remote_sensing_027,blind-composition,blind,flood_remote_sensing,REFUTED,cloud mask missing,8ed6f6cc1fe0276be566b1b5804423d2850642c45f1d435555d87841570923e6,"{""goal"": ""flood_remote_sensing"", ""required_quantity"": null, ""required_unit"": null, ""decision_time"": null, ""max_resolution_m"": null, ""requires_bare_earth"": false, ""requires_cloud_mask"": false, ""max_uncertainty"": null, ""temporal_tolerance_h"": null, ""required_value_range"": null}","[{""name"": ""flood-mask-30"", ""quantity"": ""flood_extent"", ""unit"": null, ""scale"": ""binary"", ""crs"": ""EPSG:6933"", ""resolution_m"": 30, ""temporal_resolution_h"": null, ""processing_level"": null, ""surface_model"": null, ""vertical_datum"": null, ""acquisition_time"": null, ""available_time"": null, ""provenance"": ""authoritative-product"", ""band_role"": null, ""nodata_semantics"": null, ""uncertainty"": null, ""allowed_values"": null, ""observed_min"": null, ""observed_max"": null, ""attrs"": {""cloud_mask_applied"": false}}, {""name"": ""S1"", ""quantity"": ""backscatter"", ""unit"": null, ""scale"": ""continuous"", ""crs"": ""EPSG:32643"", ""resolution_m"": 10, ""temporal_resolution_h"": null, ""processing_level"": null, ""surface_model"": null, ""vertical_datum"": null, ""acquisition_time"": ""2024-07-01T10:00:00+00:00"", ""available_time"": null, ""provenance"": ""authoritative-product"", ""band_role"": null, ""nodata_semantics"": null, ""uncertainty"": null, ""allowed_values"": null, ""observed_min"": null, ""observed_max"": null, ""attrs"": {}}, {""name"": ""S2"", ""quantity"": ""reflectance"", ""unit"": null, ""scale"": ""continuous"", ""crs"": ""EPSG:32643"", ""resolution_m"": 10, ""temporal_resolution_h"": null, ""processing_level"": null, ""surface_model"": null, ""vertical_datum"": null, ""acquisition_time"": ""2024-07-01T13:00:00+00:00"", ""available_time"": null, ""provenance"": ""authoritative-product"", ""band_role"": null, ""nodata_semantics"": null, ""uncertainty"": null, ""allowed_values"": null, ""observed_min"": null, ""observed_max"": null, ""attrs"": {}}]","[{""op"": ""require_cloud_mask"", ""params"": {""artifact"": 0}}, {""op"": ""compare_sensors"", ""params"": {""a"": 1, ""b"": 2, ""tolerance_h"": 24}}, {""op"": ""area"", ""params"": {""artifact"": 0, ""method"": ""geodesic"", ""output_unit"": ""km2""}}]",REFUTED,"[{""code"": ""CLOUD_MASK_MISSING"", ""verdict"": ""REFUTED"", ""message"": ""Cloud-sensitive analysis has no recorded cloud mask."", ""step_index"": 0, ""evidence"": {}, ""repair"": null}]"
SGX3_BLIND_flood_remote_sensing_028,blind-composition,blind,flood_remote_sensing,REFUTED,cloud mask missing; sensor timing mismatch,f561c5b1e23e734596512914983673acca1128be383291f7f17d736459060d9d,"{""goal"": ""flood_remote_sensing"", ""required_quantity"": null, ""required_unit"": null, ""decision_time"": null, ""max_resolution_m"": null, ""requires_bare_earth"": false, ""requires_cloud_mask"": false, ""max_uncertainty"": null, ""temporal_tolerance_h"": null, ""required_value_range"": null}","[{""name"": ""flood-mask-20"", ""quantity"": ""flood_extent"", ""unit"": null, ""scale"": ""binary"", ""crs"": ""EPSG:32643"", ""resolution_m"": 20, ""temporal_resolution_h"": null, ""processing_level"": null, ""surface_model"": null, ""vertical_datum"": null, ""acquisition_time"": null, ""available_time"": null, ""provenance"": ""authoritative-product"", ""band_role"": null, ""nodata_semantics"": null, ""uncertainty"": null, ""allowed_values"": null, ""observed_min"": null, ""observed_max"": null, ""attrs"": {""cloud_mask_applied"": false}}, {""name"": ""S1"", ""quantity"": ""backscatter"", ""unit"": null, ""scale"": ""continuous"", ""crs"": ""EPSG:32643"", ""resolution_m"": 10, ""temporal_resolution_h"": null, ""processing_level"": null, ""surface_model"": null, ""vertical_datum"": null, ""acquisition_time"": ""2024-07-05T10:00:00+00:00"", ""available_time"": null, ""provenance"": ""authoritative-product"", ""band_role"": null, ""nodata_semantics"": null, ""uncertainty"": null, ""allowed_values"": null, ""observed_min"": null, ""observed_max"": null, ""attrs"": {}}, {""name"": ""S2"", ""quantity"": ""reflectance"", ""unit"": null, ""scale"": ""continuous"", ""crs"": ""EPSG:32643"", ""resolution_m"": 10, ""temporal_resolution_h"": null, ""processing_level"": null, ""surface_model"": null, ""vertical_datum"": null, ""acquisition_time"": ""2024-07-08T10:00:00+00:00"", ""available_time"": null, ""provenance"": ""authoritative-product"", ""band_role"": null, ""nodata_semantics"": null, ""uncertainty"": null, ""allowed_values"": null, ""observed_min"": null, ""observed_max"": null, ""attrs"": {}}]","[{""op"": ""require_cloud_mask"", ""params"": {""artifact"": 0}}, {""op"": ""compare_sensors"", ""params"": {""a"": 1, ""b"": 2, ""tolerance_h"": 3}}, {""op"": ""area"", ""params"": {""artifact"": 0, ""method"": ""geodesic"", ""output_unit"": ""km2""}}]",REFUTED,"[{""code"": ""CLOUD_MASK_MISSING"", ""verdict"": ""REFUTED"", ""message"": ""Cloud-sensitive analysis has no recorded cloud mask."", ""step_index"": 0, ""evidence"": {}, ""repair"": null}, {""code"": ""MULTISENSOR_TIME_MISMATCH"", ""verdict"": ""REFUTED"", ""message"": ""Acquisition gap exceeds the declared scientific tolerance."", ""step_index"": 1, ""evidence"": {""gap_h"": 72.0, ""tolerance_h"": 3.0}, ""repair"": null}]"
SGX3_BLIND_flood_remote_sensing_029,blind-composition,blind,flood_remote_sensing,PROVEN,all constraints satisfied,6fe7bf0ce03fcab7db2c336520900f295661375c6e22070a38ede62b2538b74e,"{""goal"": ""flood_remote_sensing"", ""required_quantity"": null, ""required_unit"": null, ""decision_time"": null, ""max_resolution_m"": null, ""requires_bare_earth"": false, ""requires_cloud_mask"": false, ""max_uncertainty"": null, ""temporal_tolerance_h"": null, ""required_value_range"": null}","[{""name"": ""flood-mask-10"", ""quantity"": ""flood_extent"", ""unit"": null, ""scale"": ""binary"", ""crs"": ""EPSG:6933"", ""resolution_m"": 10, ""temporal_resolution_h"": null, ""processing_level"": null, ""surface_model"": null, ""vertical_datum"": null, ""acquisition_time"": null, ""available_time"": null, ""provenance"": ""authoritative-product"", ""band_role"": null, ""nodata_semantics"": null, ""uncertainty"": null, ""allowed_values"": null, ""observed_min"": null, ""observed_max"": null, ""attrs"": {""cloud_mask_applied"": true}}, {""name"": ""S1"", ""quantity"": ""backscatter"", ""unit"": null, ""scale"": ""continuous"", ""crs"": ""EPSG:32643"", ""resolution_m"": 10, ""temporal_resolution_h"": null, ""processing_level"": null, ""surface_model"": null, ""vertical_datum"": null, ""acquisition_time"": ""2024-07-10T10:00:00+00:00"", ""available_time"": null, ""provenance"": ""authoritative-product"", ""band_role"": null, ""nodata_semantics"": null, ""uncertainty"": null, ""allowed_values"": null, ""observed_min"": null, ""observed_max"": null, ""attrs"": {}}, {""name"": ""S2"", ""quantity"": ""reflectance"", ""unit"": null, ""scale"": ""continuous"", ""crs"": ""EPSG:32643"", ""resolution_m"": 10, ""temporal_resolution_h"": null, ""processing_level"": null, ""surface_model"": null, ""vertical_datum"": null, ""acquisition_time"": ""2024-07-10T10:00:00+00:00"", ""available_time"": null, ""provenance"": ""authoritative-product"", ""band_role"": null, ""nodata_semantics"": null, ""uncertainty"": null, ""allowed_values"": null, ""observed_min"": null, ""observed_max"": null, ""attrs"": {}}]","[{""op"": ""require_cloud_mask"", ""params"": {""artifact"": 0}}, {""op"": ""compare_sensors"", ""params"": {""a"": 1, ""b"": 2, ""tolerance_h"": 6}}, {""op"": ""area"", ""params"": {""artifact"": 0, ""method"": ""geodesic"", ""output_unit"": ""km2""}}]",PROVEN,[]
SGX3_BLIND_flood_remote_sensing_030,blind-composition,blind,flood_remote_sensing,REFUTED,cloud mask missing; sensor timing mismatch,88ab8360a8a2b7593ad8c90e9fcf08bcf893f6916a0849c964e48d6b5af81bf1,"{""goal"": ""flood_remote_sensing"", ""required_quantity"": null, ""required_unit"": null, ""decision_time"": null, ""max_resolution_m"": null, ""requires_bare_earth"": false, ""requires_cloud_mask"": false, ""max_uncertainty"": null, ""temporal_tolerance_h"": null, ""required_value_range"": null}","[{""name"": ""flood-mask-10"", ""quantity"": ""flood_extent"", ""unit"": null, ""scale"": ""binary"", ""crs"": ""EPSG:32643"", ""resolution_m"": 10, ""temporal_resolution_h"": null, ""processing_level"": null, ""surface_model"": null, ""vertical_datum"": null, ""acquisition_time"": null, ""available_time"": null, ""provenance"": ""authoritative-product"", ""band_role"": null, ""nodata_semantics"": null, ""uncertainty"": null, ""allowed_values"": null, ""observed_min"": null, ""observed_max"": null, ""attrs"": {""cloud_mask_applied"": false}}, {""name"": ""S1"", ""quantity"": ""backscatter"", ""unit"": null, ""scale"": ""continuous"", ""crs"": ""EPSG:32643"", ""resolution_m"": 10, ""temporal_resolution_h"": null, ""processing_level"": null, ""surface_model"": null, ""vertical_datum"": null, ""acquisition_time"": ""2024-07-05T10:00:00+00:00"", ""available_time"": null, ""provenance"": ""authoritative-product"", ""band_role"": null, ""nodata_semantics"": null, ""uncertainty"": null, ""allowed_values"": null, ""observed_min"": null, ""observed_max"": null, ""attrs"": {}}, {""name"": ""S2"", ""quantity"": ""reflectance"", ""unit"": null, ""scale"": ""continuous"", ""crs"": ""EPSG:32643"", ""resolution_m"": 10, ""temporal_resolution_h"": null, ""processing_level"": null, ""surface_model"": null, ""vertical_datum"": null, ""acquisition_time"": ""2024-07-07T10:00:00+00:00"", ""available_time"": null, ""provenance"": ""authoritative-product"", ""band_role"": null, ""nodata_semantics"": null, ""uncertainty"": null, ""allowed_values"": null, ""observed_min"": null, ""observed_max"": null, ""attrs"": {}}]","[{""op"": ""require_cloud_mask"", ""params"": {""artifact"": 0}}, {""op"": ""compare_sensors"", ""params"": {""a"": 1, ""b"": 2, ""tolerance_h"": 24}}, {""op"": ""area"", ""params"": {""artifact"": 0, ""method"": ""planar"", ""output_unit"": ""km2""}}]",REFUTED,"[{""code"": ""CLOUD_MASK_MISSING"", ""verdict"": ""REFUTED"", ""message"": ""Cloud-sensitive analysis has no recorded cloud mask."", ""step_index"": 0, ""evidence"": {}, ""repair"": null}, {""code"": ""MULTISENSOR_TIME_MISMATCH"", ""verdict"": ""REFUTED"", ""message"": ""Acquisition gap exceeds the declared scientific tolerance."", ""step_index"": 1, ""evidence"": {""gap_h"": 48.0, ""tolerance_h"": 24.0}, ""repair"": null}]"
SGX3_BLIND_flood_remote_sensing_031,blind-composition,blind,flood_remote_sensing,REFUTED,sensor timing mismatch,124cbcfb28a60b15f12e2e766387e13fb55289ace381ac59468744511e9223d1,"{""goal"": ""flood_remote_sensing"", ""required_quantity"": null, ""required_unit"": null, ""decision_time"": null, ""max_resolution_m"": null, ""requires_bare_earth"": false, ""requires_cloud_mask"": false, ""max_uncertainty"": null, ""temporal_tolerance_h"": null, ""required_value_range"": null}","[{""name"": ""flood-mask-30"", ""quantity"": ""flood_extent"", ""unit"": null, ""scale"": ""binary"", ""crs"": ""EPSG:4326"", ""resolution_m"": 30, ""temporal_resolution_h"": null, ""processing_level"": null, ""surface_model"": null, ""vertical_datum"": null, ""acquisition_time"": null, ""available_time"": null, ""provenance"": ""authoritative-product"", ""band_role"": null, ""nodata_semantics"": null, ""uncertainty"": null, ""allowed_values"": null, ""observed_min"": null, ""observed_max"": null, ""attrs"": {""cloud_mask_applied"": true}}, {""name"": ""S1"", ""quantity"": ""backscatter"", ""unit"": null, ""scale"": ""continuous"", ""crs"": ""EPSG:32643"", ""resolution_m"": 10, ""temporal_resolution_h"": null, ""processing_level"": null, ""surface_model"": null, ""vertical_datum"": null, ""acquisition_time"": ""2024-07-05T10:00:00+00:00"", ""available_time"": null, ""provenance"": ""authoritative-product"", ""band_role"": null, ""nodata_semantics"": null, ""uncertainty"": null, ""allowed_values"": null, ""observed_min"": null, ""observed_max"": null, ""attrs"": {}}, {""name"": ""S2"", ""quantity"": ""reflectance"", ""unit"": null, ""scale"": ""continuous"", ""crs"": ""EPSG:32643"", ""resolution_m"": 10, ""temporal_resolution_h"": null, ""processing_level"": null, ""surface_model"": null, ""vertical_datum"": null, ""acquisition_time"": ""2024-07-08T10:00:00+00:00"", ""available_time"": null, ""provenance"": ""authoritative-product"", ""band_role"": null, ""nodata_semantics"": null, ""uncertainty"": null, ""allowed_values"": null, ""observed_min"": null, ""observed_max"": null, ""attrs"": {}}]","[{""op"": ""require_cloud_mask"", ""params"": {""artifact"": 0}}, {""op"": ""compare_sensors"", ""params"": {""a"": 1, ""b"": 2, ""tolerance_h"": 3}}, {""op"": ""area"", ""params"": {""artifact"": 0, ""method"": ""geodesic"", ""output_unit"": ""km2""}}]",REFUTED,"[{""code"": ""MULTISENSOR_TIME_MISMATCH"", ""verdict"": ""REFUTED"", ""message"": ""Acquisition gap exceeds the declared scientific tolerance."", ""step_index"": 1, ""evidence"": {""gap_h"": 72.0, ""tolerance_h"": 3.0}, ""repair"": null}]"
SGX3_BLIND_flood_remote_sensing_032,blind-composition,blind,flood_remote_sensing,REFUTED,sensor timing mismatch,18f5a45e4d0eceaa347cc22340a55d7c8f01bb3ee6a62f2142ee4e58aa20215b,"{""goal"": ""flood_remote_sensing"", ""required_quantity"": null, ""required_unit"": null, ""decision_time"": null, ""max_resolution_m"": null, ""requires_bare_earth"": false, ""requires_cloud_mask"": false, ""max_uncertainty"": null, ""temporal_tolerance_h"": null, ""required_value_range"": null}","[{""name"": ""flood-mask-30"", ""quantity"": ""flood_extent"", ""unit"": null, ""scale"": ""binary"", ""crs"": ""EPSG:32643"", ""resolution_m"": 30, ""temporal_resolution_h"": null, ""processing_level"": null, ""surface_model"": null, ""vertical_datum"": null, ""acquisition_time"": null, ""available_time"": null, ""provenance"": ""authoritative-product"", ""band_role"": null, ""nodata_semantics"": null, ""uncertainty"": null, ""allowed_values"": null, ""observed_min"": null, ""observed_max"": null, ""attrs"": {""cloud_mask_applied"": true}}, {""name"": ""S1"", ""quantity"": ""backscatter"", ""unit"": null, ""scale"": ""continuous"", ""crs"": ""EPSG:32643"", ""resolution_m"": 10, ""temporal_resolution_h"": null, ""processing_level"": null, ""surface_model"": null, ""vertical_datum"": null, ""acquisition_time"": ""2024-07-15T10:00:00+00:00"", ""available_time"": null, ""provenance"": ""authoritative-product"", ""band_role"": null, ""nodata_semantics"": null, ""uncertainty"": null, ""allowed_values"": null, ""observed_min"": null, ""observed_max"": null, ""attrs"": {}}, {""name"": ""S2"", ""quantity"": ""reflectance"", ""unit"": null, ""scale"": ""continuous"", ""crs"": ""EPSG:32643"", ""resolution_m"": 10, ""temporal_resolution_h"": null, ""processing_level"": null, ""surface_model"": null, ""vertical_datum"": null, ""acquisition_time"": ""2024-07-18T10:00:00+00:00"", ""available_time"": null, ""provenance"": ""authoritative-product"", ""band_role"": null, ""nodata_semantics"": null, ""uncertainty"": null, ""allowed_values"": null, ""observed_min"": null, ""observed_max"": null, ""attrs"": {}}]","[{""op"": ""require_cloud_mask"", ""params"": {""artifact"": 0}}, {""op"": ""compare_sensors"", ""params"": {""a"": 1, ""b"": 2, ""tolerance_h"": 12}}, {""op"": ""area"", ""params"": {""artifact"": 0, ""method"": ""planar"", ""output_unit"": ""km2""}}]",REFUTED,"[{""code"": ""MULTISENSOR_TIME_MISMATCH"", ""verdict"": ""REFUTED"", ""message"": ""Acquisition gap exceeds the declared scientific tolerance."", ""step_index"": 1, ""evidence"": {""gap_h"": 72.0, ""tolerance_h"": 12.0}, ""repair"": null}]"
SGX3_BLIND_flood_remote_sensing_033,blind-composition,blind,flood_remote_sensing,REFUTED,sensor timing mismatch,aa99895a973d2cc52cf1ccfa3cf2ed805d6a948b1660da1d686dc63172c31ff8,"{""goal"": ""flood_remote_sensing"", ""required_quantity"": null, ""required_unit"": null, ""decision_time"": null, ""max_resolution_m"": null, ""requires_bare_earth"": false, ""requires_cloud_mask"": false, ""max_uncertainty"": null, ""temporal_tolerance_h"": null, ""required_value_range"": null}","[{""name"": ""flood-mask-20"", ""quantity"": ""flood_extent"", ""unit"": null, ""scale"": ""binary"", ""crs"": ""EPSG:6933"", ""resolution_m"": 20, ""temporal_resolution_h"": null, ""processing_level"": null, ""surface_model"": null, ""vertical_datum"": null, ""acquisition_time"": null, ""available_time"": null, ""provenance"": ""authoritative-product"", ""band_role"": null, ""nodata_semantics"": null, ""uncertainty"": null, ""allowed_values"": null, ""observed_min"": null, ""observed_max"": null, ""attrs"": {""cloud_mask_applied"": true}}, {""name"": ""S1"", ""quantity"": ""backscatter"", ""unit"": null, ""scale"": ""continuous"", ""crs"": ""EPSG:32643"", ""resolution_m"": 10, ""temporal_resolution_h"": null, ""processing_level"": null, ""surface_model"": null, ""vertical_datum"": null, ""acquisition_time"": ""2024-07-05T10:00:00+00:00"", ""available_time"": null, ""provenance"": ""authoritative-product"", ""band_role"": null, ""nodata_semantics"": null, ""uncertainty"": null, ""allowed_values"": null, ""observed_min"": null, ""observed_max"": null, ""attrs"": {}}, {""name"": ""S2"", ""quantity"": ""reflectance"", ""unit"": null, ""scale"": ""continuous"", ""crs"": ""EPSG:32643"", ""resolution_m"": 10, ""temporal_resolution_h"": null, ""processing_level"": null, ""surface_model"": null, ""vertical_datum"": null, ""acquisition_time"": ""2024-07-08T10:00:00+00:00"", ""available_time"": null, ""provenance"": ""authoritative-product"", ""band_role"": null, ""nodata_semantics"": null, ""uncertainty"": null, ""allowed_values"": null, ""observed_min"": null, ""observed_max"": null, ""attrs"": {}}]","[{""op"": ""require_cloud_mask"", ""params"": {""artifact"": 0}}, {""op"": ""compare_sensors"", ""params"": {""a"": 1, ""b"": 2, ""tolerance_h"": 12}}, {""op"": ""area"", ""params"": {""artifact"": 0, ""method"": ""geodesic"", ""output_unit"": ""km2""}}]",REFUTED,"[{""code"": ""MULTISENSOR_TIME_MISMATCH"", ""verdict"": ""REFUTED"", ""message"": ""Acquisition gap exceeds the declared scientific tolerance."", ""step_index"": 1, ""evidence"": {""gap_h"": 72.0, ""tolerance_h"": 12.0}, ""repair"": null}]"
SGX3_BLIND_flood_remote_sensing_034,blind-composition,blind,flood_remote_sensing,REFUTED,cloud mask missing; sensor timing mismatch; angular planar area,a8e1d89eb76a223dd21997a6f10820c41469ae169a27c4e3456f242bdc4b49b1,"{""goal"": ""flood_remote_sensing"", ""required_quantity"": null, ""required_unit"": null, ""decision_time"": null, ""max_resolution_m"": null, ""requires_bare_earth"": false, ""requires_cloud_mask"": false, ""max_uncertainty"": null, ""temporal_tolerance_h"": null, ""required_value_range"": null}","[{""name"": ""flood-mask-20"", ""quantity"": ""flood_extent"", ""unit"": null, ""scale"": ""binary"", ""crs"": ""EPSG:4326"", ""resolution_m"": 20, ""temporal_resolution_h"": null, ""processing_level"": null, ""surface_model"": null, ""vertical_datum"": null, ""acquisition_time"": null, ""available_time"": null, ""provenance"": ""authoritative-product"", ""band_role"": null, ""nodata_semantics"": null, ""uncertainty"": null, ""allowed_values"": null, ""observed_min"": null, ""observed_max"": null, ""attrs"": {""cloud_mask_applied"": false}}, {""name"": ""S1"", ""quantity"": ""backscatter"", ""unit"": null, ""scale"": ""continuous"", ""crs"": ""EPSG:32643"", ""resolution_m"": 10, ""temporal_resolution_h"": null, ""processing_level"": null, ""surface_model"": null, ""vertical_datum"": null, ""acquisition_time"": ""2024-07-10T10:00:00+00:00"", ""available_time"": null, ""provenance"": ""authoritative-product"", ""band_role"": null, ""nodata_semantics"": null, ""uncertainty"": null, ""allowed_values"": null, ""observed_min"": null, ""observed_max"": null, ""attrs"": {}}, {""name"": ""S2"", ""quantity"": ""reflectance"", ""unit"": null, ""scale"": ""continuous"", ""crs"": ""EPSG:32643"", ""resolution_m"": 10, ""temporal_resolution_h"": null, ""processing_level"": null, ""surface_model"": null, ""vertical_datum"": null, ""acquisition_time"": ""2024-07-13T10:00:00+00:00"", ""available_time"": null, ""provenance"": ""authoritative-product"", ""band_role"": null, ""nodata_semantics"": null, ""uncertainty"": null, ""allowed_values"": null, ""observed_min"": null, ""observed_max"": null, ""attrs"": {}}]","[{""op"": ""require_cloud_mask"", ""params"": {""artifact"": 0}}, {""op"": ""compare_sensors"", ""params"": {""a"": 1, ""b"": 2, ""tolerance_h"": 12}}, {""op"": ""area"", ""params"": {""artifact"": 0, ""method"": ""planar"", ""output_unit"": ""km2""}}]",REFUTED,"[{""code"": ""CLOUD_MASK_MISSING"", ""verdict"": ""REFUTED"", ""message"": ""Cloud-sensitive analysis has no recorded cloud mask."", ""step_index"": 0, ""evidence"": {}, ""repair"": null}, {""code"": ""MULTISENSOR_TIME_MISMATCH"", ""verdict"": ""REFUTED"", ""message"": ""Acquisition gap exceeds the declared scientific tolerance."", ""step_index"": 1, ""evidence"": {""gap_h"": 72.0, ""tolerance_h"": 12.0}, ""repair"": null}, {""code"": ""ANGULAR_COORDINATE_AREA"", ""verdict"": ""REFUTED"", ""message"": ""Planar area is computed directly from angular coordinates."", ""step_index"": 2, ""evidence"": {""crs"": ""EPSG:4326""}, ""repair"": ""Use geodesic area or an appropriate projected/equal-area CRS.""}]"
SGX3_BLIND_flood_remote_sensing_035,blind-composition,blind,flood_remote_sensing,REFUTED,cloud mask missing; sensor timing mismatch,31562b472902d6bd25dd13a6237ff820b24e6838d1d849305c4874d626ffa81d,"{""goal"": ""flood_remote_sensing"", ""required_quantity"": null, ""required_unit"": null, ""decision_time"": null, ""max_resolution_m"": null, ""requires_bare_earth"": false, ""requires_cloud_mask"": false, ""max_uncertainty"": null, ""temporal_tolerance_h"": null, ""required_value_range"": null}","[{""name"": ""flood-mask-20"", ""quantity"": ""flood_extent"", ""unit"": null, ""scale"": ""binary"", ""crs"": ""EPSG:6933"", ""resolution_m"": 20, ""temporal_resolution_h"": null, ""processing_level"": null, ""surface_model"": null, ""vertical_datum"": null, ""acquisition_time"": null, ""available_time"": null, ""provenance"": ""authoritative-product"", ""band_role"": null, ""nodata_semantics"": null, ""uncertainty"": null, ""allowed_values"": null, ""observed_min"": null, ""observed_max"": null, ""attrs"": {""cloud_mask_applied"": false}}, {""name"": ""S1"", ""quantity"": ""backscatter"", ""unit"": null, ""scale"": ""continuous"", ""crs"": ""EPSG:32643"", ""resolution_m"": 10, ""temporal_resolution_h"": null, ""processing_level"": null, ""surface_model"": null, ""vertical_datum"": null, ""acquisition_time"": ""2024-07-10T10:00:00+00:00"", ""available_time"": null, ""provenance"": ""authoritative-product"", ""band_role"": null, ""nodata_semantics"": null, ""uncertainty"": null, ""allowed_values"": null, ""observed_min"": null, ""observed_max"": null, ""attrs"": {}}, {""name"": ""S2"", ""quantity"": ""reflectance"", ""unit"": null, ""scale"": ""continuous"", ""crs"": ""EPSG:32643"", ""resolution_m"": 10, ""temporal_resolution_h"": null, ""processing_level"": null, ""surface_model"": null, ""vertical_datum"": null, ""acquisition_time"": ""2024-07-10T22:00:00+00:00"", ""available_time"": null, ""provenance"": ""authoritative-product"", ""band_role"": null, ""nodata_semantics"": null, ""uncertainty"": null, ""allowed_values"": null, ""observed_min"": null, ""observed_max"": null, ""attrs"": {}}]","[{""op"": ""require_cloud_mask"", ""params"": {""artifact"": 0}}, {""op"": ""compare_sensors"", ""params"": {""a"": 1, ""b"": 2, ""tolerance_h"": 3}}, {""op"": ""area"", ""params"": {""artifact"": 0, ""method"": ""geodesic"", ""output_unit"": ""km2""}}]",REFUTED,"[{""code"": ""CLOUD_MASK_MISSING"", ""verdict"": ""REFUTED"", ""message"": ""Cloud-sensitive analysis has no recorded cloud mask."", ""step_index"": 0, ""evidence"": {}, ""repair"": null}, {""code"": ""MULTISENSOR_TIME_MISMATCH"", ""verdict"": ""REFUTED"", ""message"": ""Acquisition gap exceeds the declared scientific tolerance."", ""step_index"": 1, ""evidence"": {""gap_h"": 12.0, ""tolerance_h"": 3.0}, ""repair"": null}]"
SGX3_BLIND_flood_remote_sensing_036,blind-composition,blind,flood_remote_sensing,PROVEN,all constraints satisfied,2b41771a0f94dba3a580131e5ca7e9509b6e5cbccb0101ac6d3ee95fa5d53e85,"{""goal"": ""flood_remote_sensing"", ""required_quantity"": null, ""required_unit"": null, ""decision_time"": null, ""max_resolution_m"": null, ""requires_bare_earth"": false, ""requires_cloud_mask"": false, ""max_uncertainty"": null, ""temporal_tolerance_h"": null, ""required_value_range"": null}","[{""name"": ""flood-mask-10"", ""quantity"": ""flood_extent"", ""unit"": null, ""scale"": ""binary"", ""crs"": ""EPSG:32643"", ""resolution_m"": 10, ""temporal_resolution_h"": null, ""processing_level"": null, ""surface_model"": null, ""vertical_datum"": null, ""acquisition_time"": null, ""available_time"": null, ""provenance"": ""authoritative-product"", ""band_role"": null, ""nodata_semantics"": null, ""uncertainty"": null, ""allowed_values"": null, ""observed_min"": null, ""observed_max"": null, ""attrs"": {""cloud_mask_applied"": true}}, {""name"": ""S1"", ""quantity"": ""backscatter"", ""unit"": null, ""scale"": ""continuous"", ""crs"": ""EPSG:32643"", ""resolution_m"": 10, ""temporal_resolution_h"": null, ""processing_level"": null, ""surface_model"": null, ""vertical_datum"": null, ""acquisition_time"": ""2024-07-05T10:00:00+00:00"", ""available_time"": null, ""provenance"": ""authoritative-product"", ""band_role"": null, ""nodata_semantics"": null, ""uncertainty"": null, ""allowed_values"": null, ""observed_min"": null, ""observed_max"": null, ""attrs"": {}}, {""name"": ""S2"", ""quantity"": ""reflectance"", ""unit"": null, ""scale"": ""continuous"", ""crs"": ""EPSG:32643"", ""resolution_m"": 10, ""temporal_resolution_h"": null, ""processing_level"": null, ""surface_model"": null, ""vertical_datum"": null, ""acquisition_time"": ""2024-07-05T10:00:00+00:00"", ""available_time"": null, ""provenance"": ""authoritative-product"", ""band_role"": null, ""nodata_semantics"": null, ""uncertainty"": null, ""allowed_values"": null, ""observed_min"": null, ""observed_max"": null, ""attrs"": {}}]","[{""op"": ""require_cloud_mask"", ""params"": {""artifact"": 0}}, {""op"": ""compare_sensors"", ""params"": {""a"": 1, ""b"": 2, ""tolerance_h"": 12}}, {""op"": ""area"", ""params"": {""artifact"": 0, ""method"": ""geodesic"", ""output_unit"": ""km2""}}]",PROVEN,[]
SGX3_BLIND_flood_remote_sensing_037,blind-composition,blind,flood_remote_sensing,REFUTED,cloud mask missing; sensor timing mismatch; angular planar area,c52b4ae78269591fad18c0eb9fd7e56e7740689fcec7bdec418bdadda993bdb7,"{""goal"": ""flood_remote_sensing"", ""required_quantity"": null, ""required_unit"": null, ""decision_time"": null, ""max_resolution_m"": null, ""requires_bare_earth"": false, ""requires_cloud_mask"": false, ""max_uncertainty"": null, ""temporal_tolerance_h"": null, ""required_value_range"": null}","[{""name"": ""flood-mask-20"", ""quantity"": ""flood_extent"", ""unit"": null, ""scale"": ""binary"", ""crs"": ""EPSG:4326"", ""resolution_m"": 20, ""temporal_resolution_h"": null, ""processing_level"": null, ""surface_model"": null, ""vertical_datum"": null, ""acquisition_time"": null, ""available_time"": null, ""provenance"": ""authoritative-product"", ""band_role"": null, ""nodata_semantics"": null, ""uncertainty"": null, ""allowed_values"": null, ""observed_min"": null, ""observed_max"": null, ""attrs"": {""cloud_mask_applied"": false}}, {""name"": ""S1"", ""quantity"": ""backscatter"", ""unit"": null, ""scale"": ""continuous"", ""crs"": ""EPSG:32643"", ""resolution_m"": 10, ""temporal_resolution_h"": null, ""processing_level"": null, ""surface_model"": null, ""vertical_datum"": null, ""acquisition_time"": ""2024-07-05T10:00:00+00:00"", ""available_time"": null, ""provenance"": ""authoritative-product"", ""band_role"": null, ""nodata_semantics"": null, ""uncertainty"": null, ""allowed_values"": null, ""observed_min"": null, ""observed_max"": null, ""attrs"": {}}, {""name"": ""S2"", ""quantity"": ""reflectance"", ""unit"": null, ""scale"": ""continuous"", ""crs"": ""EPSG:32643"", ""resolution_m"": 10, ""temporal_resolution_h"": null, ""processing_level"": null, ""surface_model"": null, ""vertical_datum"": null, ""acquisition_time"": ""2024-07-05T22:00:00+00:00"", ""available_time"": null, ""provenance"": ""authoritative-product"", ""band_role"": null, ""nodata_semantics"": null, ""uncertainty"": null, ""allowed_values"": null, ""observed_min"": null, ""observed_max"": null, ""attrs"": {}}]","[{""op"": ""require_cloud_mask"", ""params"": {""artifact"": 0}}, {""op"": ""compare_sensors"", ""params"": {""a"": 1, ""b"": 2, ""tolerance_h"": 3}}, {""op"": ""area"", ""params"": {""artifact"": 0, ""method"": ""planar"", ""output_unit"": ""km2""}}]",REFUTED,"[{""code"": ""CLOUD_MASK_MISSING"", ""verdict"": ""REFUTED"", ""message"": ""Cloud-sensitive analysis has no recorded cloud mask."", ""step_index"": 0, ""evidence"": {}, ""repair"": null}, {""code"": ""MULTISENSOR_TIME_MISMATCH"", ""verdict"": ""REFUTED"", ""message"": ""Acquisition gap exceeds the declared scientific tolerance."", ""step_index"": 1, ""evidence"": {""gap_h"": 12.0, ""tolerance_h"": 3.0}, ""repair"": null}, {""code"": ""ANGULAR_COORDINATE_AREA"", ""verdict"": ""REFUTED"", ""message"": ""Planar area is computed directly from angular coordinates."", ""step_index"": 2, ""evidence"": {""crs"": ""EPSG:4326""}, ""repair"": ""Use geodesic area or an appropriate projected/equal-area CRS.""}]"
SGX3_BLIND_flood_remote_sensing_038,blind-composition,blind,flood_remote_sensing,REFUTED,sensor timing mismatch,766419886eef1c0767c483d91cda8decd3b7f6f2bd0c44f686fcbff573be0e3e,"{""goal"": ""flood_remote_sensing"", ""required_quantity"": null, ""required_unit"": null, ""decision_time"": null, ""max_resolution_m"": null, ""requires_bare_earth"": false, ""requires_cloud_mask"": false, ""max_uncertainty"": null, ""temporal_tolerance_h"": null, ""required_value_range"": null}","[{""name"": ""flood-mask-30"", ""quantity"": ""flood_extent"", ""unit"": null, ""scale"": ""binary"", ""crs"": ""EPSG:32643"", ""resolution_m"": 30, ""temporal_resolution_h"": null, ""processing_level"": null, ""surface_model"": null, ""vertical_datum"": null, ""acquisition_time"": null, ""available_time"": null, ""provenance"": ""authoritative-product"", ""band_role"": null, ""nodata_semantics"": null, ""uncertainty"": null, ""allowed_values"": null, ""observed_min"": null, ""observed_max"": null, ""attrs"": {""cloud_mask_applied"": true}}, {""name"": ""S1"", ""quantity"": ""backscatter"", ""unit"": null, ""scale"": ""continuous"", ""crs"": ""EPSG:32643"", ""resolution_m"": 10, ""temporal_resolution_h"": null, ""processing_level"": null, ""surface_model"": null, ""vertical_datum"": null, ""acquisition_time"": ""2024-07-05T10:00:00+00:00"", ""available_time"": null, ""provenance"": ""authoritative-product"", ""band_role"": null, ""nodata_semantics"": null, ""uncertainty"": null, ""allowed_values"": null, ""observed_min"": null, ""observed_max"": null, ""attrs"": {}}, {""name"": ""S2"", ""quantity"": ""reflectance"", ""unit"": null, ""scale"": ""continuous"", ""crs"": ""EPSG:32643"", ""resolution_m"": 10, ""temporal_resolution_h"": null, ""processing_level"": null, ""surface_model"": null, ""vertical_datum"": null, ""acquisition_time"": ""2024-07-05T22:00:00+00:00"", ""available_time"": null, ""provenance"": ""authoritative-product"", ""band_role"": null, ""nodata_semantics"": null, ""uncertainty"": null, ""allowed_values"": null, ""observed_min"": null, ""observed_max"": null, ""attrs"": {}}]","[{""op"": ""require_cloud_mask"", ""params"": {""artifact"": 0}}, {""op"": ""compare_sensors"", ""params"": {""a"": 1, ""b"": 2, ""tolerance_h"": 3}}, {""op"": ""area"", ""params"": {""artifact"": 0, ""method"": ""geodesic"", ""output_unit"": ""km2""}}]",REFUTED,"[{""code"": ""MULTISENSOR_TIME_MISMATCH"", ""verdict"": ""REFUTED"", ""message"": ""Acquisition gap exceeds the declared scientific tolerance."", ""step_index"": 1, ""evidence"": {""gap_h"": 12.0, ""tolerance_h"": 3.0}, ""repair"": null}]"
SGX3_BLIND_flood_remote_sensing_039,blind-composition,blind,flood_remote_sensing,REFUTED,cloud mask missing; sensor timing mismatch,2a1a160819389676231c91f40df10a0eece449365bbc4059d45054a833dda7b3,"{""goal"": ""flood_remote_sensing"", ""required_quantity"": null, ""required_unit"": null, ""decision_time"": null, ""max_resolution_m"": null, ""requires_bare_earth"": false, ""requires_cloud_mask"": false, ""max_uncertainty"": null, ""temporal_tolerance_h"": null, ""required_value_range"": null}","[{""name"": ""flood-mask-10"", ""quantity"": ""flood_extent"", ""unit"": null, ""scale"": ""binary"", ""crs"": ""EPSG:4326"", ""resolution_m"": 10, ""temporal_resolution_h"": null, ""processing_level"": null, ""surface_model"": null, ""vertical_datum"": null, ""acquisition_time"": null, ""available_time"": null, ""provenance"": ""authoritative-product"", ""band_role"": null, ""nodata_semantics"": null, ""uncertainty"": null, ""allowed_values"": null, ""observed_min"": null, ""observed_max"": null, ""attrs"": {""cloud_mask_applied"": false}}, {""name"": ""S1"", ""quantity"": ""backscatter"", ""unit"": null, ""scale"": ""continuous"", ""crs"": ""EPSG:32643"", ""resolution_m"": 10, ""temporal_resolution_h"": null, ""processing_level"": null, ""surface_model"": null, ""vertical_datum"": null, ""acquisition_time"": ""2024-07-15T10:00:00+00:00"", ""available_time"": null, ""provenance"": ""authoritative-product"", ""band_role"": null, ""nodata_semantics"": null, ""uncertainty"": null, ""allowed_values"": null, ""observed_min"": null, ""observed_max"": null, ""attrs"": {}}, {""name"": ""S2"", ""quantity"": ""reflectance"", ""unit"": null, ""scale"": ""continuous"", ""crs"": ""EPSG:32643"", ""resolution_m"": 10, ""temporal_resolution_h"": null, ""processing_level"": null, ""surface_model"": null, ""vertical_datum"": null, ""acquisition_time"": ""2024-07-18T10:00:00+00:00"", ""available_time"": null, ""provenance"": ""authoritative-product"", ""band_role"": null, ""nodata_semantics"": null, ""uncertainty"": null, ""allowed_values"": null, ""observed_min"": null, ""observed_max"": null, ""attrs"": {}}]","[{""op"": ""require_cloud_mask"", ""params"": {""artifact"": 0}}, {""op"": ""compare_sensors"", ""params"": {""a"": 1, ""b"": 2, ""tolerance_h"": 24}}, {""op"": ""area"", ""params"": {""artifact"": 0, ""method"": ""geodesic"", ""output_unit"": ""km2""}}]",REFUTED,"[{""code"": ""CLOUD_MASK_MISSING"", ""verdict"": ""REFUTED"", ""message"": ""Cloud-sensitive analysis has no recorded cloud mask."", ""step_index"": 0, ""evidence"": {}, ""repair"": null}, {""code"": ""MULTISENSOR_TIME_MISMATCH"", ""verdict"": ""REFUTED"", ""message"": ""Acquisition gap exceeds the declared scientific tolerance."", ""step_index"": 1, ""evidence"": {""gap_h"": 72.0, ""tolerance_h"": 24.0}, ""repair"": null}]"
SGX3_BLIND_flood_remote_sensing_040,blind-composition,blind,flood_remote_sensing,REFUTED,cloud mask missing; sensor timing mismatch,e1b183b2f045d5a514604e1080ac30e95c6c71e4567ac284f31dbfdd87feb399,"{""goal"": ""flood_remote_sensing"", ""required_quantity"": null, ""required_unit"": null, ""decision_time"": null, ""max_resolution_m"": null, ""requires_bare_earth"": false, ""requires_cloud_mask"": false, ""max_uncertainty"": null, ""temporal_tolerance_h"": null, ""required_value_range"": null}","[{""name"": ""flood-mask-10"", ""quantity"": ""flood_extent"", ""unit"": null, ""scale"": ""binary"", ""crs"": ""EPSG:32643"", ""resolution_m"": 10, ""temporal_resolution_h"": null, ""processing_level"": null, ""surface_model"": null, ""vertical_datum"": null, ""acquisition_time"": null, ""available_time"": null, ""provenance"": ""authoritative-product"", ""band_role"": null, ""nodata_semantics"": null, ""uncertainty"": null, ""allowed_values"": null, ""observed_min"": null, ""observed_max"": null, ""attrs"": {""cloud_mask_applied"": false}}, {""name"": ""S1"", ""quantity"": ""backscatter"", ""unit"": null, ""scale"": ""continuous"", ""crs"": ""EPSG:32643"", ""resolution_m"": 10, ""temporal_resolution_h"": null, ""processing_level"": null, ""surface_model"": null, ""vertical_datum"": null, ""acquisition_time"": ""2024-07-15T10:00:00+00:00"", ""available_time"": null, ""provenance"": ""authoritative-product"", ""band_role"": null, ""nodata_semantics"": null, ""uncertainty"": null, ""allowed_values"": null, ""observed_min"": null, ""observed_max"": null, ""attrs"": {}}, {""name"": ""S2"", ""quantity"": ""reflectance"", ""unit"": null, ""scale"": ""continuous"", ""crs"": ""EPSG:32643"", ""resolution_m"": 10, ""temporal_resolution_h"": null, ""processing_level"": null, ""surface_model"": null, ""vertical_datum"": null, ""acquisition_time"": ""2024-07-15T22:00:00+00:00"", ""available_time"": null, ""provenance"": ""authoritative-product"", ""band_role"": null, ""nodata_semantics"": null, ""uncertainty"": null, ""allowed_values"": null, ""observed_min"": null, ""observed_max"": null, ""attrs"": {}}]","[{""op"": ""require_cloud_mask"", ""params"": {""artifact"": 0}}, {""op"": ""compare_sensors"", ""params"": {""a"": 1, ""b"": 2, ""tolerance_h"": 6}}, {""op"": ""area"", ""params"": {""artifact"": 0, ""method"": ""planar"", ""output_unit"": ""km2""}}]",REFUTED,"[{""code"": ""CLOUD_MASK_MISSING"", ""verdict"": ""REFUTED"", ""message"": ""Cloud-sensitive analysis has no recorded cloud mask."", ""step_index"": 0, ""evidence"": {}, ""repair"": null}, {""code"": ""MULTISENSOR_TIME_MISMATCH"", ""verdict"": ""REFUTED"", ""message"": ""Acquisition gap exceeds the declared scientific tolerance."", ""step_index"": 1, ""evidence"": {""gap_h"": 12.0, ""tolerance_h"": 6.0}, ""repair"": null}]"
SGX3_BLIND_flood_remote_sensing_041,blind-composition,blind,flood_remote_sensing,REFUTED,sensor timing mismatch,96a359709c394e01cdf6e478adb2dd18b47af31c33422023218cddeff6d0bc65,"{""goal"": ""flood_remote_sensing"", ""required_quantity"": null, ""required_unit"": null, ""decision_time"": null, ""max_resolution_m"": null, ""requires_bare_earth"": false, ""requires_cloud_mask"": false, ""max_uncertainty"": null, ""temporal_tolerance_h"": null, ""required_value_range"": null}","[{""name"": ""flood-mask-10"", ""quantity"": ""flood_extent"", ""unit"": null, ""scale"": ""binary"", ""crs"": ""EPSG:32643"", ""resolution_m"": 10, ""temporal_resolution_h"": null, ""processing_level"": null, ""surface_model"": null, ""vertical_datum"": null, ""acquisition_time"": null, ""available_time"": null, ""provenance"": ""authoritative-product"", ""band_role"": null, ""nodata_semantics"": null, ""uncertainty"": null, ""allowed_values"": null, ""observed_min"": null, ""observed_max"": null, ""attrs"": {""cloud_mask_applied"": true}}, {""name"": ""S1"", ""quantity"": ""backscatter"", ""unit"": null, ""scale"": ""continuous"", ""crs"": ""EPSG:32643"", ""resolution_m"": 10, ""temporal_resolution_h"": null, ""processing_level"": null, ""surface_model"": null, ""vertical_datum"": null, ""acquisition_time"": ""2024-07-01T10:00:00+00:00"", ""available_time"": null, ""provenance"": ""authoritative-product"", ""band_role"": null, ""nodata_semantics"": null, ""uncertainty"": null, ""allowed_values"": null, ""observed_min"": null, ""observed_max"": null, ""attrs"": {}}, {""name"": ""S2"", ""quantity"": ""reflectance"", ""unit"": null, ""scale"": ""continuous"", ""crs"": ""EPSG:32643"", ""resolution_m"": 10, ""temporal_resolution_h"": null, ""processing_level"": null, ""surface_model"": null, ""vertical_datum"": null, ""acquisition_time"": ""2024-07-03T10:00:00+00:00"", ""available_time"": null, ""provenance"": ""authoritative-product"", ""band_role"": null, ""nodata_semantics"": null, ""uncertainty"": null, ""allowed_values"": null, ""observed_min"": null, ""observed_max"": null, ""attrs"": {}}]","[{""op"": ""require_cloud_mask"", ""params"": {""artifact"": 0}}, {""op"": ""compare_sensors"", ""params"": {""a"": 1, ""b"": 2, ""tolerance_h"": 3}}, {""op"": ""area"", ""params"": {""artifact"": 0, ""method"": ""geodesic"", ""output_unit"": ""km2""}}]",REFUTED,"[{""code"": ""MULTISENSOR_TIME_MISMATCH"", ""verdict"": ""REFUTED"", ""message"": ""Acquisition gap exceeds the declared scientific tolerance."", ""step_index"": 1, ""evidence"": {""gap_h"": 48.0, ""tolerance_h"": 3.0}, ""repair"": null}]"
SGX3_BLIND_flood_remote_sensing_042,blind-composition,blind,flood_remote_sensing,REFUTED,sensor timing mismatch,f80c5cd82ec2fcf0688fb5692db4779bd2117e5a25c08807448fc5131b015f78,"{""goal"": ""flood_remote_sensing"", ""required_quantity"": null, ""required_unit"": null, ""decision_time"": null, ""max_resolution_m"": null, ""requires_bare_earth"": false, ""requires_cloud_mask"": false, ""max_uncertainty"": null, ""temporal_tolerance_h"": null, ""required_value_range"": null}","[{""name"": ""flood-mask-10"", ""quantity"": ""flood_extent"", ""unit"": null, ""scale"": ""binary"", ""crs"": ""EPSG:6933"", ""resolution_m"": 10, ""temporal_resolution_h"": null, ""processing_level"": null, ""surface_model"": null, ""vertical_datum"": null, ""acquisition_time"": null, ""available_time"": null, ""provenance"": ""authoritative-product"", ""band_role"": null, ""nodata_semantics"": null, ""uncertainty"": null, ""allowed_values"": null, ""observed_min"": null, ""observed_max"": null, ""attrs"": {""cloud_mask_applied"": true}}, {""name"": ""S1"", ""quantity"": ""backscatter"", ""unit"": null, ""scale"": ""continuous"", ""crs"": ""EPSG:32643"", ""resolution_m"": 10, ""temporal_resolution_h"": null, ""processing_level"": null, ""surface_model"": null, ""vertical_datum"": null, ""acquisition_time"": ""2024-07-15T10:00:00+00:00"", ""available_time"": null, ""provenance"": ""authoritative-product"", ""band_role"": null, ""nodata_semantics"": null, ""uncertainty"": null, ""allowed_values"": null, ""observed_min"": null, ""observed_max"": null, ""attrs"": {}}, {""name"": ""S2"", ""quantity"": ""reflectance"", ""unit"": null, ""scale"": ""continuous"", ""crs"": ""EPSG:32643"", ""resolution_m"": 10, ""temporal_resolution_h"": null, ""processing_level"": null, ""surface_model"": null, ""vertical_datum"": null, ""acquisition_time"": ""2024-07-17T10:00:00+00:00"", ""available_time"": null, ""provenance"": ""authoritative-product"", ""band_role"": null, ""nodata_semantics"": null, ""uncertainty"": null, ""allowed_values"": null, ""observed_min"": null, ""observed_max"": null, ""attrs"": {}}]","[{""op"": ""require_cloud_mask"", ""params"": {""artifact"": 0}}, {""op"": ""compare_sensors"", ""params"": {""a"": 1, ""b"": 2, ""tolerance_h"": 12}}, {""op"": ""area"", ""params"": {""artifact"": 0, ""method"": ""geodesic"", ""output_unit"": ""km2""}}]",REFUTED,"[{""code"": ""MULTISENSOR_TIME_MISMATCH"", ""verdict"": ""REFUTED"", ""message"": ""Acquisition gap exceeds the declared scientific tolerance."", ""step_index"": 1, ""evidence"": {""gap_h"": 48.0, ""tolerance_h"": 12.0}, ""repair"": null}]"
SGX3_BLIND_flood_remote_sensing_043,blind-composition,blind,flood_remote_sensing,PROVEN,all constraints satisfied,f2e53f056e29b08de29a1a1eed5498160252e714b46af3acbcee11bf1703ec9f,"{""goal"": ""flood_remote_sensing"", ""required_quantity"": null, ""required_unit"": null, ""decision_time"": null, ""max_resolution_m"": null, ""requires_bare_earth"": false, ""requires_cloud_mask"": false, ""max_uncertainty"": null, ""temporal_tolerance_h"": null, ""required_value_range"": null}","[{""name"": ""flood-mask-30"", ""quantity"": ""flood_extent"", ""unit"": null, ""scale"": ""binary"", ""crs"": ""EPSG:6933"", ""resolution_m"": 30, ""temporal_resolution_h"": null, ""processing_level"": null, ""surface_model"": null, ""vertical_datum"": null, ""acquisition_time"": null, ""available_time"": null, ""provenance"": ""authoritative-product"", ""band_role"": null, ""nodata_semantics"": null, ""uncertainty"": null, ""allowed_values"": null, ""observed_min"": null, ""observed_max"": null, ""attrs"": {""cloud_mask_applied"": true}}, {""name"": ""S1"", ""quantity"": ""backscatter"", ""unit"": null, ""scale"": ""continuous"", ""crs"": ""EPSG:32643"", ""resolution_m"": 10, ""temporal_resolution_h"": null, ""processing_level"": null, ""surface_model"": null, ""vertical_datum"": null, ""acquisition_time"": ""2024-07-05T10:00:00+00:00"", ""available_time"": null, ""provenance"": ""authoritative-product"", ""band_role"": null, ""nodata_semantics"": null, ""uncertainty"": null, ""allowed_values"": null, ""observed_min"": null, ""observed_max"": null, ""attrs"": {}}, {""name"": ""S2"", ""quantity"": ""reflectance"", ""unit"": null, ""scale"": ""continuous"", ""crs"": ""EPSG:32643"", ""resolution_m"": 10, ""temporal_resolution_h"": null, ""processing_level"": null, ""surface_model"": null, ""vertical_datum"": null, ""acquisition_time"": ""2024-07-05T13:00:00+00:00"", ""available_time"": null, ""provenance"": ""authoritative-product"", ""band_role"": null, ""nodata_semantics"": null, ""uncertainty"": null, ""allowed_values"": null, ""observed_min"": null, ""observed_max"": null, ""attrs"": {}}]","[{""op"": ""require_cloud_mask"", ""params"": {""artifact"": 0}}, {""op"": ""compare_sensors"", ""params"": {""a"": 1, ""b"": 2, ""tolerance_h"": 6}}, {""op"": ""area"", ""params"": {""artifact"": 0, ""method"": ""planar"", ""output_unit"": ""km2""}}]",PROVEN,[]
SGX3_BLIND_flood_remote_sensing_044,blind-composition,blind,flood_remote_sensing,REFUTED,sensor timing mismatch,dbf39eb2c4431d1bb230acfac63bca4090519d848500c32f20a899e3a901c004,"{""goal"": ""flood_remote_sensing"", ""required_quantity"": null, ""required_unit"": null, ""decision_time"": null, ""max_resolution_m"": null, ""requires_bare_earth"": false, ""requires_cloud_mask"": false, ""max_uncertainty"": null, ""temporal_tolerance_h"": null, ""required_value_range"": null}","[{""name"": ""flood-mask-10"", ""quantity"": ""flood_extent"", ""unit"": null, ""scale"": ""binary"", ""crs"": ""EPSG:4326"", ""resolution_m"": 10, ""temporal_resolution_h"": null, ""processing_level"": null, ""surface_model"": null, ""vertical_datum"": null, ""acquisition_time"": null, ""available_time"": null, ""provenance"": ""authoritative-product"", ""band_role"": null, ""nodata_semantics"": null, ""uncertainty"": null, ""allowed_values"": null, ""observed_min"": null, ""observed_max"": null, ""attrs"": {""cloud_mask_applied"": true}}, {""name"": ""S1"", ""quantity"": ""backscatter"", ""unit"": null, ""scale"": ""continuous"", ""crs"": ""EPSG:32643"", ""resolution_m"": 10, ""temporal_resolution_h"": null, ""processing_level"": null, ""surface_model"": null, ""vertical_datum"": null, ""acquisition_time"": ""2024-07-10T10:00:00+00:00"", ""available_time"": null, ""provenance"": ""authoritative-product"", ""band_role"": null, ""nodata_semantics"": null, ""uncertainty"": null, ""allowed_values"": null, ""observed_min"": null, ""observed_max"": null, ""attrs"": {}}, {""name"": ""S2"", ""quantity"": ""reflectance"", ""unit"": null, ""scale"": ""continuous"", ""crs"": ""EPSG:32643"", ""resolution_m"": 10, ""temporal_resolution_h"": null, ""processing_level"": null, ""surface_model"": null, ""vertical_datum"": null, ""acquisition_time"": ""2024-07-10T22:00:00+00:00"", ""available_time"": null, ""provenance"": ""authoritative-product"", ""band_role"": null, ""nodata_semantics"": null, ""uncertainty"": null, ""allowed_values"": null, ""observed_min"": null, ""observed_max"": null, ""attrs"": {}}]","[{""op"": ""require_cloud_mask"", ""params"": {""artifact"": 0}}, {""op"": ""compare_sensors"", ""params"": {""a"": 1, ""b"": 2, ""tolerance_h"": 3}}, {""op"": ""area"", ""params"": {""artifact"": 0, ""method"": ""geodesic"", ""output_unit"": ""km2""}}]",REFUTED,"[{""code"": ""MULTISENSOR_TIME_MISMATCH"", ""verdict"": ""REFUTED"", ""message"": ""Acquisition gap exceeds the declared scientific tolerance."", ""step_index"": 1, ""evidence"": {""gap_h"": 12.0, ""tolerance_h"": 3.0}, ""repair"": null}]"
SGX3_BLIND_flood_remote_sensing_045,blind-composition,blind,flood_remote_sensing,REFUTED,angular planar area,ce52d94124811a7d5fa7be766f1643c947a20685f924837423eac3e2937f3c42,"{""goal"": ""flood_remote_sensing"", ""required_quantity"": null, ""required_unit"": null, ""decision_time"": null, ""max_resolution_m"": null, ""requires_bare_earth"": false, ""requires_cloud_mask"": false, ""max_uncertainty"": null, ""temporal_tolerance_h"": null, ""required_value_range"": null}","[{""name"": ""flood-mask-30"", ""quantity"": ""flood_extent"", ""unit"": null, ""scale"": ""binary"", ""crs"": ""EPSG:4326"", ""resolution_m"": 30, ""temporal_resolution_h"": null, ""processing_level"": null, ""surface_model"": null, ""vertical_datum"": null, ""acquisition_time"": null, ""available_time"": null, ""provenance"": ""authoritative-product"", ""band_role"": null, ""nodata_semantics"": null, ""uncertainty"": null, ""allowed_values"": null, ""observed_min"": null, ""observed_max"": null, ""attrs"": {""cloud_mask_applied"": true}}, {""name"": ""S1"", ""quantity"": ""backscatter"", ""unit"": null, ""scale"": ""continuous"", ""crs"": ""EPSG:32643"", ""resolution_m"": 10, ""temporal_resolution_h"": null, ""processing_level"": null, ""surface_model"": null, ""vertical_datum"": null, ""acquisition_time"": ""2024-07-10T10:00:00+00:00"", ""available_time"": null, ""provenance"": ""authoritative-product"", ""band_role"": null, ""nodata_semantics"": null, ""uncertainty"": null, ""allowed_values"": null, ""observed_min"": null, ""observed_max"": null, ""attrs"": {}}, {""name"": ""S2"", ""quantity"": ""reflectance"", ""unit"": null, ""scale"": ""continuous"", ""crs"": ""EPSG:32643"", ""resolution_m"": 10, ""temporal_resolution_h"": null, ""processing_level"": null, ""surface_model"": null, ""vertical_datum"": null, ""acquisition_time"": ""2024-07-10T13:00:00+00:00"", ""available_time"": null, ""provenance"": ""authoritative-product"", ""band_role"": null, ""nodata_semantics"": null, ""uncertainty"": null, ""allowed_values"": null, ""observed_min"": null, ""observed_max"": null, ""attrs"": {}}]","[{""op"": ""require_cloud_mask"", ""params"": {""artifact"": 0}}, {""op"": ""compare_sensors"", ""params"": {""a"": 1, ""b"": 2, ""tolerance_h"": 3}}, {""op"": ""area"", ""params"": {""artifact"": 0, ""method"": ""planar"", ""output_unit"": ""km2""}}]",REFUTED,"[{""code"": ""ANGULAR_COORDINATE_AREA"", ""verdict"": ""REFUTED"", ""message"": ""Planar area is computed directly from angular coordinates."", ""step_index"": 2, ""evidence"": {""crs"": ""EPSG:4326""}, ""repair"": ""Use geodesic area or an appropriate projected/equal-area CRS.""}]"
SGX3_BLIND_flood_remote_sensing_046,blind-composition,blind,flood_remote_sensing,REFUTED,cloud mask missing; sensor timing mismatch,a97faacfdd23424c4f19c2825edcf1d915e1be553d9fc80cc6e42ae344914ac5,"{""goal"": ""flood_remote_sensing"", ""required_quantity"": null, ""required_unit"": null, ""decision_time"": null, ""max_resolution_m"": null, ""requires_bare_earth"": false, ""requires_cloud_mask"": false, ""max_uncertainty"": null, ""temporal_tolerance_h"": null, ""required_value_range"": null}","[{""name"": ""flood-mask-20"", ""quantity"": ""flood_extent"", ""unit"": null, ""scale"": ""binary"", ""crs"": ""EPSG:32643"", ""resolution_m"": 20, ""temporal_resolution_h"": null, ""processing_level"": null, ""surface_model"": null, ""vertical_datum"": null, ""acquisition_time"": null, ""available_time"": null, ""provenance"": ""authoritative-product"", ""band_role"": null, ""nodata_semantics"": null, ""uncertainty"": null, ""allowed_values"": null, ""observed_min"": null, ""observed_max"": null, ""attrs"": {""cloud_mask_applied"": false}}, {""name"": ""S1"", ""quantity"": ""backscatter"", ""unit"": null, ""scale"": ""continuous"", ""crs"": ""EPSG:32643"", ""resolution_m"": 10, ""temporal_resolution_h"": null, ""processing_level"": null, ""surface_model"": null, ""vertical_datum"": null, ""acquisition_time"": ""2024-07-10T10:00:00+00:00"", ""available_time"": null, ""provenance"": ""authoritative-product"", ""band_role"": null, ""nodata_semantics"": null, ""uncertainty"": null, ""allowed_values"": null, ""observed_min"": null, ""observed_max"": null, ""attrs"": {}}, {""name"": ""S2"", ""quantity"": ""reflectance"", ""unit"": null, ""scale"": ""continuous"", ""crs"": ""EPSG:32643"", ""resolution_m"": 10, ""temporal_resolution_h"": null, ""processing_level"": null, ""surface_model"": null, ""vertical_datum"": null, ""acquisition_time"": ""2024-07-11T10:00:00+00:00"", ""available_time"": null, ""provenance"": ""authoritative-product"", ""band_role"": null, ""nodata_semantics"": null, ""uncertainty"": null, ""allowed_values"": null, ""observed_min"": null, ""observed_max"": null, ""attrs"": {}}]","[{""op"": ""require_cloud_mask"", ""params"": {""artifact"": 0}}, {""op"": ""compare_sensors"", ""params"": {""a"": 1, ""b"": 2, ""tolerance_h"": 6}}, {""op"": ""area"", ""params"": {""artifact"": 0, ""method"": ""planar"", ""output_unit"": ""km2""}}]",REFUTED,"[{""code"": ""CLOUD_MASK_MISSING"", ""verdict"": ""REFUTED"", ""message"": ""Cloud-sensitive analysis has no recorded cloud mask."", ""step_index"": 0, ""evidence"": {}, ""repair"": null}, {""code"": ""MULTISENSOR_TIME_MISMATCH"", ""verdict"": ""REFUTED"", ""message"": ""Acquisition gap exceeds the declared scientific tolerance."", ""step_index"": 1, ""evidence"": {""gap_h"": 24.0, ""tolerance_h"": 6.0}, ""repair"": null}]"
SGX3_BLIND_flood_remote_sensing_047,blind-composition,blind,flood_remote_sensing,PROVEN,all constraints satisfied,4dbb26a53db2c45e1d9ec595168d8de0892426445433df107eb724aaf5598ebf,"{""goal"": ""flood_remote_sensing"", ""required_quantity"": null, ""required_unit"": null, ""decision_time"": null, ""max_resolution_m"": null, ""requires_bare_earth"": false, ""requires_cloud_mask"": false, ""max_uncertainty"": null, ""temporal_tolerance_h"": null, ""required_value_range"": null}","[{""name"": ""flood-mask-10"", ""quantity"": ""flood_extent"", ""unit"": null, ""scale"": ""binary"", ""crs"": ""EPSG:32643"", ""resolution_m"": 10, ""temporal_resolution_h"": null, ""processing_level"": null, ""surface_model"": null, ""vertical_datum"": null, ""acquisition_time"": null, ""available_time"": null, ""provenance"": ""authoritative-product"", ""band_role"": null, ""nodata_semantics"": null, ""uncertainty"": null, ""allowed_values"": null, ""observed_min"": null, ""observed_max"": null, ""attrs"": {""cloud_mask_applied"": true}}, {""name"": ""S1"", ""quantity"": ""backscatter"", ""unit"": null, ""scale"": ""continuous"", ""crs"": ""EPSG:32643"", ""resolution_m"": 10, ""temporal_resolution_h"": null, ""processing_level"": null, ""surface_model"": null, ""vertical_datum"": null, ""acquisition_time"": ""2024-07-05T10:00:00+00:00"", ""available_time"": null, ""provenance"": ""authoritative-product"", ""band_role"": null, ""nodata_semantics"": null, ""uncertainty"": null, ""allowed_values"": null, ""observed_min"": null, ""observed_max"": null, ""attrs"": {}}, {""name"": ""S2"", ""quantity"": ""reflectance"", ""unit"": null, ""scale"": ""continuous"", ""crs"": ""EPSG:32643"", ""resolution_m"": 10, ""temporal_resolution_h"": null, ""processing_level"": null, ""surface_model"": null, ""vertical_datum"": null, ""acquisition_time"": ""2024-07-05T13:00:00+00:00"", ""available_time"": null, ""provenance"": ""authoritative-product"", ""band_role"": null, ""nodata_semantics"": null, ""uncertainty"": null, ""allowed_values"": null, ""observed_min"": null, ""observed_max"": null, ""attrs"": {}}]","[{""op"": ""require_cloud_mask"", ""params"": {""artifact"": 0}}, {""op"": ""compare_sensors"", ""params"": {""a"": 1, ""b"": 2, ""tolerance_h"": 12}}, {""op"": ""area"", ""params"": {""artifact"": 0, ""method"": ""geodesic"", ""output_unit"": ""km2""}}]",PROVEN,[]
SGX3_BLIND_flood_remote_sensing_048,blind-composition,blind,flood_remote_sensing,REFUTED,cloud mask missing; sensor timing mismatch,ba8acda28bee2c8ec7141d8c18723887d6546f6cff31095a9142489719c5caa5,"{""goal"": ""flood_remote_sensing"", ""required_quantity"": null, ""required_unit"": null, ""decision_time"": null, ""max_resolution_m"": null, ""requires_bare_earth"": false, ""requires_cloud_mask"": false, ""max_uncertainty"": null, ""temporal_tolerance_h"": null, ""required_value_range"": null}","[{""name"": ""flood-mask-20"", ""quantity"": ""flood_extent"", ""unit"": null, ""scale"": ""binary"", ""crs"": ""EPSG:4326"", ""resolution_m"": 20, ""temporal_resolution_h"": null, ""processing_level"": null, ""surface_model"": null, ""vertical_datum"": null, ""acquisition_time"": null, ""available_time"": null, ""provenance"": ""authoritative-product"", ""band_role"": null, ""nodata_semantics"": null, ""uncertainty"": null, ""allowed_values"": null, ""observed_min"": null, ""observed_max"": null, ""attrs"": {""cloud_mask_applied"": false}}, {""name"": ""S1"", ""quantity"": ""backscatter"", ""unit"": null, ""scale"": ""continuous"", ""crs"": ""EPSG:32643"", ""resolution_m"": 10, ""temporal_resolution_h"": null, ""processing_level"": null, ""surface_model"": null, ""vertical_datum"": null, ""acquisition_time"": ""2024-07-10T10:00:00+00:00"", ""available_time"": null, ""provenance"": ""authoritative-product"", ""band_role"": null, ""nodata_semantics"": null, ""uncertainty"": null, ""allowed_values"": null, ""observed_min"": null, ""observed_max"": null, ""attrs"": {}}, {""name"": ""S2"", ""quantity"": ""reflectance"", ""unit"": null, ""scale"": ""continuous"", ""crs"": ""EPSG:32643"", ""resolution_m"": 10, ""temporal_resolution_h"": null, ""processing_level"": null, ""surface_model"": null, ""vertical_datum"": null, ""acquisition_time"": ""2024-07-13T10:00:00+00:00"", ""available_time"": null, ""provenance"": ""authoritative-product"", ""band_role"": null, ""nodata_semantics"": null, ""uncertainty"": null, ""allowed_values"": null, ""observed_min"": null, ""observed_max"": null, ""attrs"": {}}]","[{""op"": ""require_cloud_mask"", ""params"": {""artifact"": 0}}, {""op"": ""compare_sensors"", ""params"": {""a"": 1, ""b"": 2, ""tolerance_h"": 12}}, {""op"": ""area"", ""params"": {""artifact"": 0, ""method"": ""geodesic"", ""output_unit"": ""km2""}}]",REFUTED,"[{""code"": ""CLOUD_MASK_MISSING"", ""verdict"": ""REFUTED"", ""message"": ""Cloud-sensitive analysis has no recorded cloud mask."", ""step_index"": 0, ""evidence"": {}, ""repair"": null}, {""code"": ""MULTISENSOR_TIME_MISMATCH"", ""verdict"": ""REFUTED"", ""message"": ""Acquisition gap exceeds the declared scientific tolerance."", ""step_index"": 1, ""evidence"": {""gap_h"": 72.0, ""tolerance_h"": 12.0}, ""repair"": null}]"
SGX3_BLIND_flood_remote_sensing_049,blind-composition,blind,flood_remote_sensing,PROVEN,all constraints satisfied,d039fecc0bb2c755b1db985d68ba9daf68fec949b97d8d0ff03c9b51aadfb39e,"{""goal"": ""flood_remote_sensing"", ""required_quantity"": null, ""required_unit"": null, ""decision_time"": null, ""max_resolution_m"": null, ""requires_bare_earth"": false, ""requires_cloud_mask"": false, ""max_uncertainty"": null, ""temporal_tolerance_h"": null, ""required_value_range"": null}","[{""name"": ""flood-mask-20"", ""quantity"": ""flood_extent"", ""unit"": null, ""scale"": ""binary"", ""crs"": ""EPSG:6933"", ""resolution_m"": 20, ""temporal_resolution_h"": null, ""processing_level"": null, ""surface_model"": null, ""vertical_datum"": null, ""acquisition_time"": null, ""available_time"": null, ""provenance"": ""authoritative-product"", ""band_role"": null, ""nodata_semantics"": null, ""uncertainty"": null, ""allowed_values"": null, ""observed_min"": null, ""observed_max"": null, ""attrs"": {""cloud_mask_applied"": true}}, {""name"": ""S1"", ""quantity"": ""backscatter"", ""unit"": null, ""scale"": ""continuous"", ""crs"": ""EPSG:32643"", ""resolution_m"": 10, ""temporal_resolution_h"": null, ""processing_level"": null, ""surface_model"": null, ""vertical_datum"": null, ""acquisition_time"": ""2024-07-15T10:00:00+00:00"", ""available_time"": null, ""provenance"": ""authoritative-product"", ""band_role"": null, ""nodata_semantics"": null, ""uncertainty"": null, ""allowed_values"": null, ""observed_min"": null, ""observed_max"": null, ""attrs"": {}}, {""name"": ""S2"", ""quantity"": ""reflectance"", ""unit"": null, ""scale"": ""continuous"", ""crs"": ""EPSG:32643"", ""resolution_m"": 10, ""temporal_resolution_h"": null, ""processing_level"": null, ""surface_model"": null, ""vertical_datum"": null, ""acquisition_time"": ""2024-07-15T22:00:00+00:00"", ""available_time"": null, ""provenance"": ""authoritative-product"", ""band_role"": null, ""nodata_semantics"": null, ""uncertainty"": null, ""allowed_values"": null, ""observed_min"": null, ""observed_max"": null, ""attrs"": {}}]","[{""op"": ""require_cloud_mask"", ""params"": {""artifact"": 0}}, {""op"": ""compare_sensors"", ""params"": {""a"": 1, ""b"": 2, ""tolerance_h"": 24}}, {""op"": ""area"", ""params"": {""artifact"": 0, ""method"": ""geodesic"", ""output_unit"": ""km2""}}]",PROVEN,[]
SGX3_BLIND_landslide_forecast_000,blind-composition,blind,landslide_forecast,UNPROVEN,missing rainfall provenance,1cdd238d7e1f0f7b1a6a8a0c7daafbc6767f0454b0f618b7e8f63e6135455096,"{""goal"": ""landslide forecast"", ""required_quantity"": null, ""required_unit"": null, ""decision_time"": ""2024-08-20T12:00:00+00:00"", ""max_resolution_m"": null, ""requires_bare_earth"": false, ""requires_cloud_mask"": false, ""max_uncertainty"": null, ""temporal_tolerance_h"": null, ""required_value_range"": null}","[{""name"": ""IMERG-feature"", ""quantity"": ""rainfall"", ""unit"": ""mm"", ""scale"": ""continuous"", ""crs"": ""EPSG:32643"", ""resolution_m"": 10.0, ""temporal_resolution_h"": null, ""processing_level"": null, ""surface_model"": null, ""vertical_datum"": null, ""acquisition_time"": null, ""available_time"": ""2024-08-20T09:00:00+00:00"", ""provenance"": null, ""band_role"": null, ""nodata_semantics"": null, ""uncertainty"": null, ""allowed_values"": null, ""observed_min"": null, ""observed_max"": null, ""attrs"": {}}, {""name"": ""terrain-60"", ""quantity"": ""elevation"", ""unit"": ""m"", ""scale"": ""continuous"", ""crs"": ""EPSG:32643"", ""resolution_m"": 60, ""temporal_resolution_h"": null, ""processing_level"": null, ""surface_model"": ""DTM"", ""vertical_datum"": ""EGM2008"", ""acquisition_time"": null, ""available_time"": null, ""provenance"": ""Copernicus DEM"", ""band_role"": null, ""nodata_semantics"": null, ""uncertainty"": null, ""allowed_values"": null, ""observed_min"": null, ""observed_max"": null, ""attrs"": {}}]","[{""op"": ""predict"", ""params"": {""features"": [0]}}, {""op"": ""require_bare_earth"", ""params"": {""artifact"": 1}}]",UNPROVEN,"[{""code"": ""PROVENANCE_MISSING"", ""verdict"": ""UNPROVEN"", ""message"": ""Provenance is missing for artifact 0: IMERG-feature."", ""step_index"": null, ""evidence"": {""artifact"": 0}, ""repair"": ""Attach authoritative product/version/acquisition metadata.""}]"
SGX3_BLIND_landslide_forecast_001,blind-composition,blind,landslide_forecast,REFUTED,DSM used for bare-earth requirement,c7a38ca4b8a80524d083aaea37ece49b308ff5c2dc6d991b3f477aa790812ec2,"{""goal"": ""landslide forecast"", ""required_quantity"": null, ""required_unit"": null, ""decision_time"": ""2024-08-15T12:00:00+00:00"", ""max_resolution_m"": null, ""requires_bare_earth"": false, ""requires_cloud_mask"": false, ""max_uncertainty"": null, ""temporal_tolerance_h"": null, ""required_value_range"": null}","[{""name"": ""IMERG-feature"", ""quantity"": ""rainfall"", ""unit"": ""mm"", ""scale"": ""continuous"", ""crs"": ""EPSG:32643"", ""resolution_m"": 10.0, ""temporal_resolution_h"": null, ""processing_level"": null, ""surface_model"": null, ""vertical_datum"": null, ""acquisition_time"": null, ""available_time"": ""2024-08-15T06:00:00+00:00"", ""provenance"": ""NASA GPM IMERG"", ""band_role"": null, ""nodata_semantics"": null, ""uncertainty"": null, ""allowed_values"": null, ""observed_min"": null, ""observed_max"": null, ""attrs"": {}}, {""name"": ""terrain-30"", ""quantity"": ""elevation"", ""unit"": ""m"", ""scale"": ""continuous"", ""crs"": ""EPSG:32643"", ""resolution_m"": 30, ""temporal_resolution_h"": null, ""processing_level"": null, ""surface_model"": ""DSM"", ""vertical_datum"": ""EGM2008"", ""acquisition_time"": null, ""available_time"": null, ""provenance"": ""Copernicus DEM"", ""band_role"": null, ""nodata_semantics"": null, ""uncertainty"": null, ""allowed_values"": null, ""observed_min"": null, ""observed_max"": null, ""attrs"": {}}]","[{""op"": ""predict"", ""params"": {""features"": [0]}}, {""op"": ""require_bare_earth"", ""params"": {""artifact"": 1}}]",REFUTED,"[{""code"": ""DSM_USED_AS_DTM"", ""verdict"": ""REFUTED"", ""message"": ""Bare-earth analysis is requested from a DSM."", ""step_index"": 1, ""evidence"": {}, ""repair"": null}]"
SGX3_BLIND_landslide_forecast_002,blind-composition,blind,landslide_forecast,REFUTED,future feature; missing rainfall provenance,b4c282a4ae9e22c612736d9e3ddcfc7f54a3bc04b9300ba96619b95184854bbd,"{""goal"": ""landslide forecast"", ""required_quantity"": null, ""required_unit"": null, ""decision_time"": ""2024-08-01T12:00:00+00:00"", ""max_resolution_m"": null, ""requires_bare_earth"": false, ""requires_cloud_mask"": false, ""max_uncertainty"": null, ""temporal_tolerance_h"": null, ""required_value_range"": null}","[{""name"": ""IMERG-feature"", ""quantity"": ""rainfall"", ""unit"": ""mm"", ""scale"": ""continuous"", ""crs"": ""EPSG:32643"", ""resolution_m"": 10.0, ""temporal_resolution_h"": null, ""processing_level"": null, ""surface_model"": null, ""vertical_datum"": null, ""acquisition_time"": null, ""available_time"": ""2024-08-02T12:00:00+00:00"", ""provenance"": null, ""band_role"": null, ""nodata_semantics"": null, ""uncertainty"": null, ""allowed_values"": null, ""observed_min"": null, ""observed_max"": null, ""attrs"": {}}, {""name"": ""terrain-60"", ""quantity"": ""elevation"", ""unit"": ""m"", ""scale"": ""continuous"", ""crs"": ""EPSG:32643"", ""resolution_m"": 60, ""temporal_resolution_h"": null, ""processing_level"": null, ""surface_model"": ""DTM"", ""vertical_datum"": ""EGM2008"", ""acquisition_time"": null, ""available_time"": null, ""provenance"": ""Copernicus DEM"", ""band_role"": null, ""nodata_semantics"": null, ""uncertainty"": null, ""allowed_values"": null, ""observed_min"": null, ""observed_max"": null, ""attrs"": {}}]","[{""op"": ""predict"", ""params"": {""features"": [0]}}, {""op"": ""require_bare_earth"", ""params"": {""artifact"": 1}}]",REFUTED,"[{""code"": ""PROVENANCE_MISSING"", ""verdict"": ""UNPROVEN"", ""message"": ""Provenance is missing for artifact 0: IMERG-feature."", ""step_index"": null, ""evidence"": {""artifact"": 0}, ""repair"": ""Attach authoritative product/version/acquisition metadata.""}, {""code"": ""FUTURE_INFORMATION"", ""verdict"": ""REFUTED"", ""message"": ""A model feature becomes available after the decision time."", ""step_index"": 0, ""evidence"": {""artifact"": 0, ""feature_time"": ""2024-08-02 12:00:00+00:00"", ""decision_time"": ""2024-08-01 12:00:00+00:00""}, ""repair"": null}]"
SGX3_BLIND_landslide_forecast_003,blind-composition,blind,landslide_forecast,REFUTED,future feature; DSM used for bare-earth requirement,5c2f6eb2c79e58a1430ae1b485318b2fe23d60f03062a6e2ebf4534f229bec5a,"{""goal"": ""landslide forecast"", ""required_quantity"": null, ""required_unit"": null, ""decision_time"": ""2024-08-15T12:00:00+00:00"", ""max_resolution_m"": null, ""requires_bare_earth"": false, ""requires_cloud_mask"": false, ""max_uncertainty"": null, ""temporal_tolerance_h"": null, ""required_value_range"": null}","[{""name"": ""IMERG-feature"", ""quantity"": ""rainfall"", ""unit"": ""mm"", ""scale"": ""continuous"", ""crs"": ""EPSG:32643"", ""resolution_m"": 10.0, ""temporal_resolution_h"": null, ""processing_level"": null, ""surface_model"": null, ""vertical_datum"": null, ""acquisition_time"": null, ""available_time"": ""2024-08-16T00:00:00+00:00"", ""provenance"": ""NASA GPM IMERG"", ""band_role"": null, ""nodata_semantics"": null, ""uncertainty"": null, ""allowed_values"": null, ""observed_min"": null, ""observed_max"": null, ""attrs"": {}}, {""name"": ""terrain-90"", ""quantity"": ""elevation"", ""unit"": ""m"", ""scale"": ""continuous"", ""crs"": ""EPSG:32643"", ""resolution_m"": 90, ""temporal_resolution_h"": null, ""processing_level"": null, ""surface_model"": ""DSM"", ""vertical_datum"": ""EGM2008"", ""acquisition_time"": null, ""available_time"": null, ""provenance"": ""Copernicus DEM"", ""band_role"": null, ""nodata_semantics"": null, ""uncertainty"": null, ""allowed_values"": null, ""observed_min"": null, ""observed_max"": null, ""attrs"": {}}]","[{""op"": ""predict"", ""params"": {""features"": [0]}}, {""op"": ""require_bare_earth"", ""params"": {""artifact"": 1}}]",REFUTED,"[{""code"": ""FUTURE_INFORMATION"", ""verdict"": ""REFUTED"", ""message"": ""A model feature becomes available after the decision time."", ""step_index"": 0, ""evidence"": {""artifact"": 0, ""feature_time"": ""2024-08-16 00:00:00+00:00"", ""decision_time"": ""2024-08-15 12:00:00+00:00""}, ""repair"": null}, {""code"": ""DSM_USED_AS_DTM"", ""verdict"": ""REFUTED"", ""message"": ""Bare-earth analysis is requested from a DSM."", ""step_index"": 1, ""evidence"": {}, ""repair"": null}]"
SGX3_BLIND_landslide_forecast_004,blind-composition,blind,landslide_forecast,REFUTED,future feature; missing rainfall provenance,a5f2ee6310d29ced61905ba689c88bde6e13aef7af473c173db60977d3906ae0,"{""goal"": ""landslide forecast"", ""required_quantity"": null, ""required_unit"": null, ""decision_time"": ""2024-08-10T12:00:00+00:00"", ""max_resolution_m"": null, ""requires_bare_earth"": false, ""requires_cloud_mask"": false, ""max_uncertainty"": null, ""temporal_tolerance_h"": null, ""required_value_range"": null}","[{""name"": ""IMERG-feature"", ""quantity"": ""rainfall"", ""unit"": ""mm"", ""scale"": ""continuous"", ""crs"": ""EPSG:32643"", ""resolution_m"": 10.0, ""temporal_resolution_h"": null, ""processing_level"": null, ""surface_model"": null, ""vertical_datum"": null, ""acquisition_time"": null, ""available_time"": ""2024-08-10T15:00:00+00:00"", ""provenance"": null, ""band_role"": null, ""nodata_semantics"": null, ""uncertainty"": null, ""allowed_values"": null, ""observed_min"": null, ""observed_max"": null, ""attrs"": {}}, {""name"": ""terrain-90"", ""quantity"": ""elevation"", ""unit"": ""m"", ""scale"": ""continuous"", ""crs"": ""EPSG:32643"", ""resolution_m"": 90, ""temporal_resolution_h"": null, ""processing_level"": null, ""surface_model"": ""DTM"", ""vertical_datum"": ""EGM2008"", ""acquisition_time"": null, ""available_time"": null, ""provenance"": ""Copernicus DEM"", ""band_role"": null, ""nodata_semantics"": null, ""uncertainty"": null, ""allowed_values"": null, ""observed_min"": null, ""observed_max"": null, ""attrs"": {}}]","[{""op"": ""predict"", ""params"": {""features"": [0]}}, {""op"": ""require_bare_earth"", ""params"": {""artifact"": 1}}]",REFUTED,"[{""code"": ""PROVENANCE_MISSING"", ""verdict"": ""UNPROVEN"", ""message"": ""Provenance is missing for artifact 0: IMERG-feature."", ""step_index"": null, ""evidence"": {""artifact"": 0}, ""repair"": ""Attach authoritative product/version/acquisition metadata.""}, {""code"": ""FUTURE_INFORMATION"", ""verdict"": ""REFUTED"", ""message"": ""A model feature becomes available after the decision time."", ""step_index"": 0, ""evidence"": {""artifact"": 0, ""feature_time"": ""2024-08-10 15:00:00+00:00"", ""decision_time"": ""2024-08-10 12:00:00+00:00""}, ""repair"": null}]"
SGX3_BLIND_landslide_forecast_005,blind-composition,blind,landslide_forecast,REFUTED,future feature; DSM used for bare-earth requirement,88956c48052ce2bd0fd7cc07060a9ebd69da49e6fb7512c023bcef2cc4eef128,"{""goal"": ""landslide forecast"", ""required_quantity"": null, ""required_unit"": null, ""decision_time"": ""2024-08-01T12:00:00+00:00"", ""max_resolution_m"": null, ""requires_bare_earth"": false, ""requires_cloud_mask"": false, ""max_uncertainty"": null, ""temporal_tolerance_h"": null, ""required_value_range"": null}","[{""name"": ""IMERG-feature"", ""quantity"": ""rainfall"", ""unit"": ""mm"", ""scale"": ""continuous"", ""crs"": ""EPSG:32643"", ""resolution_m"": 10.0, ""temporal_resolution_h"": null, ""processing_level"": null, ""surface_model"": null, ""vertical_datum"": null, ""acquisition_time"": null, ""available_time"": ""2024-08-01T13:00:00+00:00"", ""provenance"": ""NASA GPM IMERG"", ""band_role"": null, ""nodata_semantics"": null, ""uncertainty"": null, ""allowed_values"": null, ""observed_min"": null, ""observed_max"": null, ""attrs"": {}}, {""name"": ""terrain-60"", ""quantity"": ""elevation"", ""unit"": ""m"", ""scale"": ""continuous"", ""crs"": ""EPSG:32643"", ""resolution_m"": 60, ""temporal_resolution_h"": null, ""processing_level"": null, ""surface_model"": ""DSM"", ""vertical_datum"": ""EGM2008"", ""acquisition_time"": null, ""available_time"": null, ""provenance"": ""Copernicus DEM"", ""band_role"": null, ""nodata_semantics"": null, ""uncertainty"": null, ""allowed_values"": null, ""observed_min"": null, ""observed_max"": null, ""attrs"": {}}]","[{""op"": ""predict"", ""params"": {""features"": [0]}}, {""op"": ""require_bare_earth"", ""params"": {""artifact"": 1}}]",REFUTED,"[{""code"": ""FUTURE_INFORMATION"", ""verdict"": ""REFUTED"", ""message"": ""A model feature becomes available after the decision time."", ""step_index"": 0, ""evidence"": {""artifact"": 0, ""feature_time"": ""2024-08-01 13:00:00+00:00"", ""decision_time"": ""2024-08-01 12:00:00+00:00""}, ""repair"": null}, {""code"": ""DSM_USED_AS_DTM"", ""verdict"": ""REFUTED"", ""message"": ""Bare-earth analysis is requested from a DSM."", ""step_index"": 1, ""evidence"": {}, ""repair"": null}]"
SGX3_BLIND_landslide_forecast_006,blind-composition,blind,landslide_forecast,REFUTED,future feature,ba9ab8597f5265c54390de3bec2dfecf56062daa4c7fbb061a06ec32e5848e55,"{""goal"": ""landslide forecast"", ""required_quantity"": null, ""required_unit"": null, ""decision_time"": ""2024-08-15T12:00:00+00:00"", ""max_resolution_m"": null, ""requires_bare_earth"": false, ""requires_cloud_mask"": false, ""max_uncertainty"": null, ""temporal_tolerance_h"": null, ""required_value_range"": null}","[{""name"": ""IMERG-feature"", ""quantity"": ""rainfall"", ""unit"": ""mm"", ""scale"": ""continuous"", ""crs"": ""EPSG:32643"", ""resolution_m"": 10.0, ""temporal_resolution_h"": null, ""processing_level"": null, ""surface_model"": null, ""vertical_datum"": null, ""acquisition_time"": null, ""available_time"": ""2024-08-16T00:00:00+00:00"", ""provenance"": ""NASA GPM IMERG"", ""band_role"": null, ""nodata_semantics"": null, ""uncertainty"": null, ""allowed_values"": null, ""observed_min"": null, ""observed_max"": null, ""attrs"": {}}, {""name"": ""terrain-30"", ""quantity"": ""elevation"", ""unit"": ""m"", ""scale"": ""continuous"", ""crs"": ""EPSG:32643"", ""resolution_m"": 30, ""temporal_resolution_h"": null, ""processing_level"": null, ""surface_model"": ""DTM"", ""vertical_datum"": ""EGM2008"", ""acquisition_time"": null, ""available_time"": null, ""provenance"": ""Copernicus DEM"", ""band_role"": null, ""nodata_semantics"": null, ""uncertainty"": null, ""allowed_values"": null, ""observed_min"": null, ""observed_max"": null, ""attrs"": {}}]","[{""op"": ""predict"", ""params"": {""features"": [0]}}, {""op"": ""require_bare_earth"", ""params"": {""artifact"": 1}}]",REFUTED,"[{""code"": ""FUTURE_INFORMATION"", ""verdict"": ""REFUTED"", ""message"": ""A model feature becomes available after the decision time."", ""step_index"": 0, ""evidence"": {""artifact"": 0, ""feature_time"": ""2024-08-16 00:00:00+00:00"", ""decision_time"": ""2024-08-15 12:00:00+00:00""}, ""repair"": null}]"
SGX3_BLIND_landslide_forecast_007,blind-composition,blind,landslide_forecast,UNPROVEN,missing rainfall provenance,e3d18f9f7f33e8b5955a1175e03bf7b8864fd3bc8b71279ad4846c59578d23af,"{""goal"": ""landslide forecast"", ""required_quantity"": null, ""required_unit"": null, ""decision_time"": ""2024-08-05T12:00:00+00:00"", ""max_resolution_m"": null, ""requires_bare_earth"": false, ""requires_cloud_mask"": false, ""max_uncertainty"": null, ""temporal_tolerance_h"": null, ""required_value_range"": null}","[{""name"": ""IMERG-feature"", ""quantity"": ""rainfall"", ""unit"": ""mm"", ""scale"": ""continuous"", ""crs"": ""EPSG:32643"", ""resolution_m"": 10.0, ""temporal_resolution_h"": null, ""processing_level"": null, ""surface_model"": null, ""vertical_datum"": null, ""acquisition_time"": null, ""available_time"": ""2024-08-05T06:00:00+00:00"", ""provenance"": null, ""band_role"": null, ""nodata_semantics"": null, ""uncertainty"": null, ""allowed_values"": null, ""observed_min"": null, ""observed_max"": null, ""attrs"": {}}, {""name"": ""terrain-90"", ""quantity"": ""elevation"", ""unit"": ""m"", ""scale"": ""continuous"", ""crs"": ""EPSG:32643"", ""resolution_m"": 90, ""temporal_resolution_h"": null, ""processing_level"": null, ""surface_model"": ""DTM"", ""vertical_datum"": ""EGM2008"", ""acquisition_time"": null, ""available_time"": null, ""provenance"": ""Copernicus DEM"", ""band_role"": null, ""nodata_semantics"": null, ""uncertainty"": null, ""allowed_values"": null, ""observed_min"": null, ""observed_max"": null, ""attrs"": {}}]","[{""op"": ""predict"", ""params"": {""features"": [0]}}, {""op"": ""require_bare_earth"", ""params"": {""artifact"": 1}}]",UNPROVEN,"[{""code"": ""PROVENANCE_MISSING"", ""verdict"": ""UNPROVEN"", ""message"": ""Provenance is missing for artifact 0: IMERG-feature."", ""step_index"": null, ""evidence"": {""artifact"": 0}, ""repair"": ""Attach authoritative product/version/acquisition metadata.""}]"
SGX3_BLIND_landslide_forecast_008,blind-composition,blind,landslide_forecast,REFUTED,future feature,238bc6f0cae18efe983e615af4ca4d9ff436402a94dea1ce2042170fa573a8e8,"{""goal"": ""landslide forecast"", ""required_quantity"": null, ""required_unit"": null, ""decision_time"": ""2024-08-01T12:00:00+00:00"", ""max_resolution_m"": null, ""requires_bare_earth"": false, ""requires_cloud_mask"": false, ""max_uncertainty"": null, ""temporal_tolerance_h"": null, ""required_value_range"": null}","[{""name"": ""IMERG-feature"", ""quantity"": ""rainfall"", ""unit"": ""mm"", ""scale"": ""continuous"", ""crs"": ""EPSG:32643"", ""resolution_m"": 10.0, ""temporal_resolution_h"": null, ""processing_level"": null, ""surface_model"": null, ""vertical_datum"": null, ""acquisition_time"": null, ""available_time"": ""2024-08-01T15:00:00+00:00"", ""provenance"": ""NASA GPM IMERG"", ""band_role"": null, ""nodata_semantics"": null, ""uncertainty"": null, ""allowed_values"": null, ""observed_min"": null, ""observed_max"": null, ""attrs"": {}}, {""name"": ""terrain-30"", ""quantity"": ""elevation"", ""unit"": ""m"", ""scale"": ""continuous"", ""crs"": ""EPSG:32643"", ""resolution_m"": 30, ""temporal_resolution_h"": null, ""processing_level"": null, ""surface_model"": ""DTM"", ""vertical_datum"": ""EGM2008"", ""acquisition_time"": null, ""available_time"": null, ""provenance"": ""Copernicus DEM"", ""band_role"": null, ""nodata_semantics"": null, ""uncertainty"": null, ""allowed_values"": null, ""observed_min"": null, ""observed_max"": null, ""attrs"": {}}]","[{""op"": ""predict"", ""params"": {""features"": [0]}}, {""op"": ""require_bare_earth"", ""params"": {""artifact"": 1}}]",REFUTED,"[{""code"": ""FUTURE_INFORMATION"", ""verdict"": ""REFUTED"", ""message"": ""A model feature becomes available after the decision time."", ""step_index"": 0, ""evidence"": {""artifact"": 0, ""feature_time"": ""2024-08-01 15:00:00+00:00"", ""decision_time"": ""2024-08-01 12:00:00+00:00""}, ""repair"": null}]"
SGX3_BLIND_landslide_forecast_009,blind-composition,blind,landslide_forecast,PROVEN,all constraints satisfied,a291835d0f42275f62230675696ca3d58f9c6241c2a01b1917410c6884467d18,"{""goal"": ""landslide forecast"", ""required_quantity"": null, ""required_unit"": null, ""decision_time"": ""2024-08-20T12:00:00+00:00"", ""max_resolution_m"": null, ""requires_bare_earth"": false, ""requires_cloud_mask"": false, ""max_uncertainty"": null, ""temporal_tolerance_h"": null, ""required_value_range"": null}","[{""name"": ""IMERG-feature"", ""quantity"": ""rainfall"", ""unit"": ""mm"", ""scale"": ""continuous"", ""crs"": ""EPSG:32643"", ""resolution_m"": 10.0, ""temporal_resolution_h"": null, ""processing_level"": null, ""surface_model"": null, ""vertical_datum"": null, ""acquisition_time"": null, ""available_time"": ""2024-08-20T06:00:00+00:00"", ""provenance"": ""NASA GPM IMERG"", ""band_role"": null, ""nodata_semantics"": null, ""uncertainty"": null, ""allowed_values"": null, ""observed_min"": null, ""observed_max"": null, ""attrs"": {}}, {""name"": ""terrain-60"", ""quantity"": ""elevation"", ""unit"": ""m"", ""scale"": ""continuous"", ""crs"": ""EPSG:32643"", ""resolution_m"": 60, ""temporal_resolution_h"": null, ""processing_level"": null, ""surface_model"": ""DTM"", ""vertical_datum"": ""EGM2008"", ""acquisition_time"": null, ""available_time"": null, ""provenance"": ""Copernicus DEM"", ""band_role"": null, ""nodata_semantics"": null, ""uncertainty"": null, ""allowed_values"": null, ""observed_min"": null, ""observed_max"": null, ""attrs"": {}}]","[{""op"": ""predict"", ""params"": {""features"": [0]}}, {""op"": ""require_bare_earth"", ""params"": {""artifact"": 1}}]",PROVEN,[]
SGX3_BLIND_landslide_forecast_010,blind-composition,blind,landslide_forecast,PROVEN,all constraints satisfied,2358a463fbd5a1f6481a88a4013be011b19aa1207575e354739a505f41032752,"{""goal"": ""landslide forecast"", ""required_quantity"": null, ""required_unit"": null, ""decision_time"": ""2024-08-05T12:00:00+00:00"", ""max_resolution_m"": null, ""requires_bare_earth"": false, ""requires_cloud_mask"": false, ""max_uncertainty"": null, ""temporal_tolerance_h"": null, ""required_value_range"": null}","[{""name"": ""IMERG-feature"", ""quantity"": ""rainfall"", ""unit"": ""mm"", ""scale"": ""continuous"", ""crs"": ""EPSG:32643"", ""resolution_m"": 10.0, ""temporal_resolution_h"": null, ""processing_level"": null, ""surface_model"": null, ""vertical_datum"": null, ""acquisition_time"": null, ""available_time"": ""2024-08-04T12:00:00+00:00"", ""provenance"": ""NASA GPM IMERG"", ""band_role"": null, ""nodata_semantics"": null, ""uncertainty"": null, ""allowed_values"": null, ""observed_min"": null, ""observed_max"": null, ""attrs"": {}}, {""name"": ""terrain-90"", ""quantity"": ""elevation"", ""unit"": ""m"", ""scale"": ""continuous"", ""crs"": ""EPSG:32643"", ""resolution_m"": 90, ""temporal_resolution_h"": null, ""processing_level"": null, ""surface_model"": ""DTM"", ""vertical_datum"": ""EGM2008"", ""acquisition_time"": null, ""available_time"": null, ""provenance"": ""Copernicus DEM"", ""band_role"": null, ""nodata_semantics"": null, ""uncertainty"": null, ""allowed_values"": null, ""observed_min"": null, ""observed_max"": null, ""attrs"": {}}]","[{""op"": ""predict"", ""params"": {""features"": [0]}}, {""op"": ""require_bare_earth"", ""params"": {""artifact"": 1}}]",PROVEN,[]
SGX3_BLIND_landslide_forecast_011,blind-composition,blind,landslide_forecast,UNPROVEN,missing rainfall provenance,b954d1428f41a4b2a7f066daf17dddab0da15d615bf4611a270acdb64288f53f,"{""goal"": ""landslide forecast"", ""required_quantity"": null, ""required_unit"": null, ""decision_time"": ""2024-08-05T12:00:00+00:00"", ""max_resolution_m"": null, ""requires_bare_earth"": false, ""requires_cloud_mask"": false, ""max_uncertainty"": null, ""temporal_tolerance_h"": null, ""required_value_range"": null}","[{""name"": ""IMERG-feature"", ""quantity"": ""rainfall"", ""unit"": ""mm"", ""scale"": ""continuous"", ""crs"": ""EPSG:32643"", ""resolution_m"": 10.0, ""temporal_resolution_h"": null, ""processing_level"": null, ""surface_model"": null, ""vertical_datum"": null, ""acquisition_time"": null, ""available_time"": ""2024-08-05T11:00:00+00:00"", ""provenance"": null, ""band_role"": null, ""nodata_semantics"": null, ""uncertainty"": null, ""allowed_values"": null, ""observed_min"": null, ""observed_max"": null, ""attrs"": {}}, {""name"": ""terrain-90"", ""quantity"": ""elevation"", ""unit"": ""m"", ""scale"": ""continuous"", ""crs"": ""EPSG:32643"", ""resolution_m"": 90, ""temporal_resolution_h"": null, ""processing_level"": null, ""surface_model"": ""DTM"", ""vertical_datum"": ""EGM2008"", ""acquisition_time"": null, ""available_time"": null, ""provenance"": ""Copernicus DEM"", ""band_role"": null, ""nodata_semantics"": null, ""uncertainty"": null, ""allowed_values"": null, ""observed_min"": null, ""observed_max"": null, ""attrs"": {}}]","[{""op"": ""predict"", ""params"": {""features"": [0]}}, {""op"": ""require_bare_earth"", ""params"": {""artifact"": 1}}]",UNPROVEN,"[{""code"": ""PROVENANCE_MISSING"", ""verdict"": ""UNPROVEN"", ""message"": ""Provenance is missing for artifact 0: IMERG-feature."", ""step_index"": null, ""evidence"": {""artifact"": 0}, ""repair"": ""Attach authoritative product/version/acquisition metadata.""}]"
SGX3_BLIND_landslide_forecast_012,blind-composition,blind,landslide_forecast,REFUTED,future feature; DSM used for bare-earth requirement; missing rainfall provenance,bc7903929a6dcc024807f0c71d5e19ca3613775b1411960edbb05343d75c76f8,"{""goal"": ""landslide forecast"", ""required_quantity"": null, ""required_unit"": null, ""decision_time"": ""2024-08-10T12:00:00+00:00"", ""max_resolution_m"": null, ""requires_bare_earth"": false, ""requires_cloud_mask"": false, ""max_uncertainty"": null, ""temporal_tolerance_h"": null, ""required_value_range"": null}","[{""name"": ""IMERG-feature"", ""quantity"": ""rainfall"", ""unit"": ""mm"", ""scale"": ""continuous"", ""crs"": ""EPSG:32643"", ""resolution_m"": 10.0, ""temporal_resolution_h"": null, ""processing_level"": null, ""surface_model"": null, ""vertical_datum"": null, ""acquisition_time"": null, ""available_time"": ""2024-08-10T13:00:00+00:00"", ""provenance"": null, ""band_role"": null, ""nodata_semantics"": null, ""uncertainty"": null, ""allowed_values"": null, ""observed_min"": null, ""observed_max"": null, ""attrs"": {}}, {""name"": ""terrain-90"", ""quantity"": ""elevation"", ""unit"": ""m"", ""scale"": ""continuous"", ""crs"": ""EPSG:32643"", ""resolution_m"": 90, ""temporal_resolution_h"": null, ""processing_level"": null, ""surface_model"": ""DSM"", ""vertical_datum"": ""EGM2008"", ""acquisition_time"": null, ""available_time"": null, ""provenance"": ""Copernicus DEM"", ""band_role"": null, ""nodata_semantics"": null, ""uncertainty"": null, ""allowed_values"": null, ""observed_min"": null, ""observed_max"": null, ""attrs"": {}}]","[{""op"": ""predict"", ""params"": {""features"": [0]}}, {""op"": ""require_bare_earth"", ""params"": {""artifact"": 1}}]",REFUTED,"[{""code"": ""PROVENANCE_MISSING"", ""verdict"": ""UNPROVEN"", ""message"": ""Provenance is missing for artifact 0: IMERG-feature."", ""step_index"": null, ""evidence"": {""artifact"": 0}, ""repair"": ""Attach authoritative product/version/acquisition metadata.""}, {""code"": ""FUTURE_INFORMATION"", ""verdict"": ""REFUTED"", ""message"": ""A model feature becomes available after the decision time."", ""step_index"": 0, ""evidence"": {""artifact"": 0, ""feature_time"": ""2024-08-10 13:00:00+00:00"", ""decision_time"": ""2024-08-10 12:00:00+00:00""}, ""repair"": null}, {""code"": ""DSM_USED_AS_DTM"", ""verdict"": ""REFUTED"", ""message"": ""Bare-earth analysis is requested from a DSM."", ""step_index"": 1, ""evidence"": {}, ""repair"": null}]"
SGX3_BLIND_landslide_forecast_013,blind-composition,blind,landslide_forecast,PROVEN,all constraints satisfied,45f6590b84b2ea7310f984644ac7cf7fe65a42d0e78f72b9cf4b23eb29101235,"{""goal"": ""landslide forecast"", ""required_quantity"": null, ""required_unit"": null, ""decision_time"": ""2024-08-15T12:00:00+00:00"", ""max_resolution_m"": null, ""requires_bare_earth"": false, ""requires_cloud_mask"": false, ""max_uncertainty"": null, ""temporal_tolerance_h"": null, ""required_value_range"": null}","[{""name"": ""IMERG-feature"", ""quantity"": ""rainfall"", ""unit"": ""mm"", ""scale"": ""continuous"", ""crs"": ""EPSG:32643"", ""resolution_m"": 10.0, ""temporal_resolution_h"": null, ""processing_level"": null, ""surface_model"": null, ""vertical_datum"": null, ""acquisition_time"": null, ""available_time"": ""2024-08-15T11:00:00+00:00"", ""provenance"": ""NASA GPM IMERG"", ""band_role"": null, ""nodata_semantics"": null, ""uncertainty"": null, ""allowed_values"": null, ""observed_min"": null, ""observed_max"": null, ""attrs"": {}}, {""name"": ""terrain-60"", ""quantity"": ""elevation"", ""unit"": ""m"", ""scale"": ""continuous"", ""crs"": ""EPSG:32643"", ""resolution_m"": 60, ""temporal_resolution_h"": null, ""processing_level"": null, ""surface_model"": ""DTM"", ""vertical_datum"": ""EGM2008"", ""acquisition_time"": null, ""available_time"": null, ""provenance"": ""Copernicus DEM"", ""band_role"": null, ""nodata_semantics"": null, ""uncertainty"": null, ""allowed_values"": null, ""observed_min"": null, ""observed_max"": null, ""attrs"": {}}]","[{""op"": ""predict"", ""params"": {""features"": [0]}}, {""op"": ""require_bare_earth"", ""params"": {""artifact"": 1}}]",PROVEN,[]
SGX3_BLIND_landslide_forecast_014,blind-composition,blind,landslide_forecast,REFUTED,DSM used for bare-earth requirement; missing rainfall provenance,9a80d9b8e1b5568f675d475ce38e55aa89646d9588240b7f5d7d3e8109db31a3,"{""goal"": ""landslide forecast"", ""required_quantity"": null, ""required_unit"": null, ""decision_time"": ""2024-08-01T12:00:00+00:00"", ""max_resolution_m"": null, ""requires_bare_earth"": false, ""requires_cloud_mask"": false, ""max_uncertainty"": null, ""temporal_tolerance_h"": null, ""required_value_range"": null}","[{""name"": ""IMERG-feature"", ""quantity"": ""rainfall"", ""unit"": ""mm"", ""scale"": ""continuous"", ""crs"": ""EPSG:32643"", ""resolution_m"": 10.0, ""temporal_resolution_h"": null, ""processing_level"": null, ""surface_model"": null, ""vertical_datum"": null, ""acquisition_time"": null, ""available_time"": ""2024-08-01T00:00:00+00:00"", ""provenance"": null, ""band_role"": null, ""nodata_semantics"": null, ""uncertainty"": null, ""allowed_values"": null, ""observed_min"": null, ""observed_max"": null, ""attrs"": {}}, {""name"": ""terrain-60"", ""quantity"": ""elevation"", ""unit"": ""m"", ""scale"": ""continuous"", ""crs"": ""EPSG:32643"", ""resolution_m"": 60, ""temporal_resolution_h"": null, ""processing_level"": null, ""surface_model"": ""DSM"", ""vertical_datum"": ""EGM2008"", ""acquisition_time"": null, ""available_time"": null, ""provenance"": ""Copernicus DEM"", ""band_role"": null, ""nodata_semantics"": null, ""uncertainty"": null, ""allowed_values"": null, ""observed_min"": null, ""observed_max"": null, ""attrs"": {}}]","[{""op"": ""predict"", ""params"": {""features"": [0]}}, {""op"": ""require_bare_earth"", ""params"": {""artifact"": 1}}]",REFUTED,"[{""code"": ""PROVENANCE_MISSING"", ""verdict"": ""UNPROVEN"", ""message"": ""Provenance is missing for artifact 0: IMERG-feature."", ""step_index"": null, ""evidence"": {""artifact"": 0}, ""repair"": ""Attach authoritative product/version/acquisition metadata.""}, {""code"": ""DSM_USED_AS_DTM"", ""verdict"": ""REFUTED"", ""message"": ""Bare-earth analysis is requested from a DSM."", ""step_index"": 1, ""evidence"": {}, ""repair"": null}]"
SGX3_BLIND_landslide_forecast_015,blind-composition,blind,landslide_forecast,REFUTED,future feature; missing rainfall provenance,835685418ea64a5c7254d8225cab7e7bd39ffb2d8122bf263fc17ab2e5383c93,"{""goal"": ""landslide forecast"", ""required_quantity"": null, ""required_unit"": null, ""decision_time"": ""2024-08-05T12:00:00+00:00"", ""max_resolution_m"": null, ""requires_bare_earth"": false, ""requires_cloud_mask"": false, ""max_uncertainty"": null, ""temporal_tolerance_h"": null, ""required_value_range"": null}","[{""name"": ""IMERG-feature"", ""quantity"": ""rainfall"", ""unit"": ""mm"", ""scale"": ""continuous"", ""crs"": ""EPSG:32643"", ""resolution_m"": 10.0, ""temporal_resolution_h"": null, ""processing_level"": null, ""surface_model"": null, ""vertical_datum"": null, ""acquisition_time"": null, ""available_time"": ""2024-08-06T00:00:00+00:00"", ""provenance"": null, ""band_role"": null, ""nodata_semantics"": null, ""uncertainty"": null, ""allowed_values"": null, ""observed_min"": null, ""observed_max"": null, ""attrs"": {}}, {""name"": ""terrain-30"", ""quantity"": ""elevation"", ""unit"": ""m"", ""scale"": ""continuous"", ""crs"": ""EPSG:32643"", ""resolution_m"": 30, ""temporal_resolution_h"": null, ""processing_level"": null, ""surface_model"": ""DTM"", ""vertical_datum"": ""EGM2008"", ""acquisition_time"": null, ""available_time"": null, ""provenance"": ""Copernicus DEM"", ""band_role"": null, ""nodata_semantics"": null, ""uncertainty"": null, ""allowed_values"": null, ""observed_min"": null, ""observed_max"": null, ""attrs"": {}}]","[{""op"": ""predict"", ""params"": {""features"": [0]}}, {""op"": ""require_bare_earth"", ""params"": {""artifact"": 1}}]",REFUTED,"[{""code"": ""PROVENANCE_MISSING"", ""verdict"": ""UNPROVEN"", ""message"": ""Provenance is missing for artifact 0: IMERG-feature."", ""step_index"": null, ""evidence"": {""artifact"": 0}, ""repair"": ""Attach authoritative product/version/acquisition metadata.""}, {""code"": ""FUTURE_INFORMATION"", ""verdict"": ""REFUTED"", ""message"": ""A model feature becomes available after the decision time."", ""step_index"": 0, ""evidence"": {""artifact"": 0, ""feature_time"": ""2024-08-06 00:00:00+00:00"", ""decision_time"": ""2024-08-05 12:00:00+00:00""}, ""repair"": null}]"
SGX3_BLIND_landslide_forecast_016,blind-composition,blind,landslide_forecast,REFUTED,future feature; DSM used for bare-earth requirement; missing rainfall provenance,13db26622761fe56446cf6783a54c73d0e14a51b34aef3cf7e9fbaf430ed460d,"{""goal"": ""landslide forecast"", ""required_quantity"": null, ""required_unit"": null, ""decision_time"": ""2024-08-15T12:00:00+00:00"", ""max_resolution_m"": null, ""requires_bare_earth"": false, ""requires_cloud_mask"": false, ""max_uncertainty"": null, ""temporal_tolerance_h"": null, ""required_value_range"": null}","[{""name"": ""IMERG-feature"", ""quantity"": ""rainfall"", ""unit"": ""mm"", ""scale"": ""continuous"", ""crs"": ""EPSG:32643"", ""resolution_m"": 10.0, ""temporal_resolution_h"": null, ""processing_level"": null, ""surface_model"": null, ""vertical_datum"": null, ""acquisition_time"": null, ""available_time"": ""2024-08-15T18:00:00+00:00"", ""provenance"": null, ""band_role"": null, ""nodata_semantics"": null, ""uncertainty"": null, ""allowed_values"": null, ""observed_min"": null, ""observed_max"": null, ""attrs"": {}}, {""name"": ""terrain-60"", ""quantity"": ""elevation"", ""unit"": ""m"", ""scale"": ""continuous"", ""crs"": ""EPSG:32643"", ""resolution_m"": 60, ""temporal_resolution_h"": null, ""processing_level"": null, ""surface_model"": ""DSM"", ""vertical_datum"": ""EGM2008"", ""acquisition_time"": null, ""available_time"": null, ""provenance"": ""Copernicus DEM"", ""band_role"": null, ""nodata_semantics"": null, ""uncertainty"": null, ""allowed_values"": null, ""observed_min"": null, ""observed_max"": null, ""attrs"": {}}]","[{""op"": ""predict"", ""params"": {""features"": [0]}}, {""op"": ""require_bare_earth"", ""params"": {""artifact"": 1}}]",REFUTED,"[{""code"": ""PROVENANCE_MISSING"", ""verdict"": ""UNPROVEN"", ""message"": ""Provenance is missing for artifact 0: IMERG-feature."", ""step_index"": null, ""evidence"": {""artifact"": 0}, ""repair"": ""Attach authoritative product/version/acquisition metadata.""}, {""code"": ""FUTURE_INFORMATION"", ""verdict"": ""REFUTED"", ""message"": ""A model feature becomes available after the decision time."", ""step_index"": 0, ""evidence"": {""artifact"": 0, ""feature_time"": ""2024-08-15 18:00:00+00:00"", ""decision_time"": ""2024-08-15 12:00:00+00:00""}, ""repair"": null}, {""code"": ""DSM_USED_AS_DTM"", ""verdict"": ""REFUTED"", ""message"": ""Bare-earth analysis is requested from a DSM."", ""step_index"": 1, ""evidence"": {}, ""repair"": null}]"
SGX3_BLIND_landslide_forecast_017,blind-composition,blind,landslide_forecast,REFUTED,future feature,76e76653cd22ca7b1904eda6ba20464952d2ae38a8fd98caf81ed4196aa71d54,"{""goal"": ""landslide forecast"", ""required_quantity"": null, ""required_unit"": null, ""decision_time"": ""2024-08-05T12:00:00+00:00"", ""max_resolution_m"": null, ""requires_bare_earth"": false, ""requires_cloud_mask"": false, ""max_uncertainty"": null, ""temporal_tolerance_h"": null, ""required_value_range"": null}","[{""name"": ""IMERG-feature"", ""quantity"": ""rainfall"", ""unit"": ""mm"", ""scale"": ""continuous"", ""crs"": ""EPSG:32643"", ""resolution_m"": 10.0, ""temporal_resolution_h"": null, ""processing_level"": null, ""surface_model"": null, ""vertical_datum"": null, ""acquisition_time"": null, ""available_time"": ""2024-08-05T15:00:00+00:00"", ""provenance"": ""NASA GPM IMERG"", ""band_role"": null, ""nodata_semantics"": null, ""uncertainty"": null, ""allowed_values"": null, ""observed_min"": null, ""observed_max"": null, ""attrs"": {}}, {""name"": ""terrain-30"", ""quantity"": ""elevation"", ""unit"": ""m"", ""scale"": ""continuous"", ""crs"": ""EPSG:32643"", ""resolution_m"": 30, ""temporal_resolution_h"": null, ""processing_level"": null, ""surface_model"": ""DTM"", ""vertical_datum"": ""EGM2008"", ""acquisition_time"": null, ""available_time"": null, ""provenance"": ""Copernicus DEM"", ""band_role"": null, ""nodata_semantics"": null, ""uncertainty"": null, ""allowed_values"": null, ""observed_min"": null, ""observed_max"": null, ""attrs"": {}}]","[{""op"": ""predict"", ""params"": {""features"": [0]}}, {""op"": ""require_bare_earth"", ""params"": {""artifact"": 1}}]",REFUTED,"[{""code"": ""FUTURE_INFORMATION"", ""verdict"": ""REFUTED"", ""message"": ""A model feature becomes available after the decision time."", ""step_index"": 0, ""evidence"": {""artifact"": 0, ""feature_time"": ""2024-08-05 15:00:00+00:00"", ""decision_time"": ""2024-08-05 12:00:00+00:00""}, ""repair"": null}]"
SGX3_BLIND_landslide_forecast_018,blind-composition,blind,landslide_forecast,REFUTED,future feature,fee28523bc0e9b33d797c569d96ce326610762e937a33de808ca4818da080f5c,"{""goal"": ""landslide forecast"", ""required_quantity"": null, ""required_unit"": null, ""decision_time"": ""2024-08-20T12:00:00+00:00"", ""max_resolution_m"": null, ""requires_bare_earth"": false, ""requires_cloud_mask"": false, ""max_uncertainty"": null, ""temporal_tolerance_h"": null, ""required_value_range"": null}","[{""name"": ""IMERG-feature"", ""quantity"": ""rainfall"", ""unit"": ""mm"", ""scale"": ""continuous"", ""crs"": ""EPSG:32643"", ""resolution_m"": 10.0, ""temporal_resolution_h"": null, ""processing_level"": null, ""surface_model"": null, ""vertical_datum"": null, ""acquisition_time"": null, ""available_time"": ""2024-08-20T18:00:00+00:00"", ""provenance"": ""NASA GPM IMERG"", ""band_role"": null, ""nodata_semantics"": null, ""uncertainty"": null, ""allowed_values"": null, ""observed_min"": null, ""observed_max"": null, ""attrs"": {}}, {""name"": ""terrain-60"", ""quantity"": ""elevation"", ""unit"": ""m"", ""scale"": ""continuous"", ""crs"": ""EPSG:32643"", ""resolution_m"": 60, ""temporal_resolution_h"": null, ""processing_level"": null, ""surface_model"": ""DTM"", ""vertical_datum"": ""EGM2008"", ""acquisition_time"": null, ""available_time"": null, ""provenance"": ""Copernicus DEM"", ""band_role"": null, ""nodata_semantics"": null, ""uncertainty"": null, ""allowed_values"": null, ""observed_min"": null, ""observed_max"": null, ""attrs"": {}}]","[{""op"": ""predict"", ""params"": {""features"": [0]}}, {""op"": ""require_bare_earth"", ""params"": {""artifact"": 1}}]",REFUTED,"[{""code"": ""FUTURE_INFORMATION"", ""verdict"": ""REFUTED"", ""message"": ""A model feature becomes available after the decision time."", ""step_index"": 0, ""evidence"": {""artifact"": 0, ""feature_time"": ""2024-08-20 18:00:00+00:00"", ""decision_time"": ""2024-08-20 12:00:00+00:00""}, ""repair"": null}]"
SGX3_BLIND_landslide_forecast_019,blind-composition,blind,landslide_forecast,REFUTED,future feature; DSM used for bare-earth requirement; missing rainfall provenance,3ef115f52cc71649d6d550fbda6ba0ea58a0f056b056f64eb20684ac5e0e9dca,"{""goal"": ""landslide forecast"", ""required_quantity"": null, ""required_unit"": null, ""decision_time"": ""2024-08-15T12:00:00+00:00"", ""max_resolution_m"": null, ""requires_bare_earth"": false, ""requires_cloud_mask"": false, ""max_uncertainty"": null, ""temporal_tolerance_h"": null, ""required_value_range"": null}","[{""name"": ""IMERG-feature"", ""quantity"": ""rainfall"", ""unit"": ""mm"", ""scale"": ""continuous"", ""crs"": ""EPSG:32643"", ""resolution_m"": 10.0, ""temporal_resolution_h"": null, ""processing_level"": null, ""surface_model"": null, ""vertical_datum"": null, ""acquisition_time"": null, ""available_time"": ""2024-08-16T12:00:00+00:00"", ""provenance"": null, ""band_role"": null, ""nodata_semantics"": null, ""uncertainty"": null, ""allowed_values"": null, ""observed_min"": null, ""observed_max"": null, ""attrs"": {}}, {""name"": ""terrain-60"", ""quantity"": ""elevation"", ""unit"": ""m"", ""scale"": ""continuous"", ""crs"": ""EPSG:32643"", ""resolution_m"": 60, ""temporal_resolution_h"": null, ""processing_level"": null, ""surface_model"": ""DSM"", ""vertical_datum"": ""EGM2008"", ""acquisition_time"": null, ""available_time"": null, ""provenance"": ""Copernicus DEM"", ""band_role"": null, ""nodata_semantics"": null, ""uncertainty"": null, ""allowed_values"": null, ""observed_min"": null, ""observed_max"": null, ""attrs"": {}}]","[{""op"": ""predict"", ""params"": {""features"": [0]}}, {""op"": ""require_bare_earth"", ""params"": {""artifact"": 1}}]",REFUTED,"[{""code"": ""PROVENANCE_MISSING"", ""verdict"": ""UNPROVEN"", ""message"": ""Provenance is missing for artifact 0: IMERG-feature."", ""step_index"": null, ""evidence"": {""artifact"": 0}, ""repair"": ""Attach authoritative product/version/acquisition metadata.""}, {""code"": ""FUTURE_INFORMATION"", ""verdict"": ""REFUTED"", ""message"": ""A model feature becomes available after the decision time."", ""step_index"": 0, ""evidence"": {""artifact"": 0, ""feature_time"": ""2024-08-16 12:00:00+00:00"", ""decision_time"": ""2024-08-15 12:00:00+00:00""}, ""repair"": null}, {""code"": ""DSM_USED_AS_DTM"", ""verdict"": ""REFUTED"", ""message"": ""Bare-earth analysis is requested from a DSM."", ""step_index"": 1, ""evidence"": {}, ""repair"": null}]"
SGX3_BLIND_landslide_forecast_020,blind-composition,blind,landslide_forecast,REFUTED,future feature; DSM used for bare-earth requirement,6d61866ba9e81a83117d7890f108aa770b2fc505217c189ed5b9acc55f26667e,"{""goal"": ""landslide forecast"", ""required_quantity"": null, ""required_unit"": null, ""decision_time"": ""2024-08-15T12:00:00+00:00"", ""max_resolution_m"": null, ""requires_bare_earth"": false, ""requires_cloud_mask"": false, ""max_uncertainty"": null, ""temporal_tolerance_h"": null, ""required_value_range"": null}","[{""name"": ""IMERG-feature"", ""quantity"": ""rainfall"", ""unit"": ""mm"", ""scale"": ""continuous"", ""crs"": ""EPSG:32643"", ""resolution_m"": 10.0, ""temporal_resolution_h"": null, ""processing_level"": null, ""surface_model"": null, ""vertical_datum"": null, ""acquisition_time"": null, ""available_time"": ""2024-08-15T13:00:00+00:00"", ""provenance"": ""NASA GPM IMERG"", ""band_role"": null, ""nodata_semantics"": null, ""uncertainty"": null, ""allowed_values"": null, ""observed_min"": null, ""observed_max"": null, ""attrs"": {}}, {""name"": ""terrain-30"", ""quantity"": ""elevation"", ""unit"": ""m"", ""scale"": ""continuous"", ""crs"": ""EPSG:32643"", ""resolution_m"": 30, ""temporal_resolution_h"": null, ""processing_level"": null, ""surface_model"": ""DSM"", ""vertical_datum"": ""EGM2008"", ""acquisition_time"": null, ""available_time"": null, ""provenance"": ""Copernicus DEM"", ""band_role"": null, ""nodata_semantics"": null, ""uncertainty"": null, ""allowed_values"": null, ""observed_min"": null, ""observed_max"": null, ""attrs"": {}}]","[{""op"": ""predict"", ""params"": {""features"": [0]}}, {""op"": ""require_bare_earth"", ""params"": {""artifact"": 1}}]",REFUTED,"[{""code"": ""FUTURE_INFORMATION"", ""verdict"": ""REFUTED"", ""message"": ""A model feature becomes available after the decision time."", ""step_index"": 0, ""evidence"": {""artifact"": 0, ""feature_time"": ""2024-08-15 13:00:00+00:00"", ""decision_time"": ""2024-08-15 12:00:00+00:00""}, ""repair"": null}, {""code"": ""DSM_USED_AS_DTM"", ""verdict"": ""REFUTED"", ""message"": ""Bare-earth analysis is requested from a DSM."", ""step_index"": 1, ""evidence"": {}, ""repair"": null}]"
SGX3_BLIND_landslide_forecast_021,blind-composition,blind,landslide_forecast,REFUTED,DSM used for bare-earth requirement; missing rainfall provenance,2f1abc39a2fe67370167af01e4e0e087e3d4674a03738e555824e5bb7c4483a2,"{""goal"": ""landslide forecast"", ""required_quantity"": null, ""required_unit"": null, ""decision_time"": ""2024-08-05T12:00:00+00:00"", ""max_resolution_m"": null, ""requires_bare_earth"": false, ""requires_cloud_mask"": false, ""max_uncertainty"": null, ""temporal_tolerance_h"": null, ""required_value_range"": null}","[{""name"": ""IMERG-feature"", ""quantity"": ""rainfall"", ""unit"": ""mm"", ""scale"": ""continuous"", ""crs"": ""EPSG:32643"", ""resolution_m"": 10.0, ""temporal_resolution_h"": null, ""processing_level"": null, ""surface_model"": null, ""vertical_datum"": null, ""acquisition_time"": null, ""available_time"": ""2024-08-05T06:00:00+00:00"", ""provenance"": null, ""band_role"": null, ""nodata_semantics"": null, ""uncertainty"": null, ""allowed_values"": null, ""observed_min"": null, ""observed_max"": null, ""attrs"": {}}, {""name"": ""terrain-90"", ""quantity"": ""elevation"", ""unit"": ""m"", ""scale"": ""continuous"", ""crs"": ""EPSG:32643"", ""resolution_m"": 90, ""temporal_resolution_h"": null, ""processing_level"": null, ""surface_model"": ""DSM"", ""vertical_datum"": ""EGM2008"", ""acquisition_time"": null, ""available_time"": null, ""provenance"": ""Copernicus DEM"", ""band_role"": null, ""nodata_semantics"": null, ""uncertainty"": null, ""allowed_values"": null, ""observed_min"": null, ""observed_max"": null, ""attrs"": {}}]","[{""op"": ""predict"", ""params"": {""features"": [0]}}, {""op"": ""require_bare_earth"", ""params"": {""artifact"": 1}}]",REFUTED,"[{""code"": ""PROVENANCE_MISSING"", ""verdict"": ""UNPROVEN"", ""message"": ""Provenance is missing for artifact 0: IMERG-feature."", ""step_index"": null, ""evidence"": {""artifact"": 0}, ""repair"": ""Attach authoritative product/version/acquisition metadata.""}, {""code"": ""DSM_USED_AS_DTM"", ""verdict"": ""REFUTED"", ""message"": ""Bare-earth analysis is requested from a DSM."", ""step_index"": 1, ""evidence"": {}, ""repair"": null}]"
SGX3_BLIND_landslide_forecast_022,blind-composition,blind,landslide_forecast,REFUTED,future feature; DSM used for bare-earth requirement,3aed8a98630554323e09ca1f53abd788df7a7d059a4c91abcb9ec481706e36c6,"{""goal"": ""landslide forecast"", ""required_quantity"": null, ""required_unit"": null, ""decision_time"": ""2024-08-05T12:00:00+00:00"", ""max_resolution_m"": null, ""requires_bare_earth"": false, ""requires_cloud_mask"": false, ""max_uncertainty"": null, ""temporal_tolerance_h"": null, ""required_value_range"": null}","[{""name"": ""IMERG-feature"", ""quantity"": ""rainfall"", ""unit"": ""mm"", ""scale"": ""continuous"", ""crs"": ""EPSG:32643"", ""resolution_m"": 10.0, ""temporal_resolution_h"": null, ""processing_level"": null, ""surface_model"": null, ""vertical_datum"": null, ""acquisition_time"": null, ""available_time"": ""2024-08-06T00:00:00+00:00"", ""provenance"": ""NASA GPM IMERG"", ""band_role"": null, ""nodata_semantics"": null, ""uncertainty"": null, ""allowed_values"": null, ""observed_min"": null, ""observed_max"": null, ""attrs"": {}}, {""name"": ""terrain-60"", ""quantity"": ""elevation"", ""unit"": ""m"", ""scale"": ""continuous"", ""crs"": ""EPSG:32643"", ""resolution_m"": 60, ""temporal_resolution_h"": null, ""processing_level"": null, ""surface_model"": ""DSM"", ""vertical_datum"": ""EGM2008"", ""acquisition_time"": null, ""available_time"": null, ""provenance"": ""Copernicus DEM"", ""band_role"": null, ""nodata_semantics"": null, ""uncertainty"": null, ""allowed_values"": null, ""observed_min"": null, ""observed_max"": null, ""attrs"": {}}]","[{""op"": ""predict"", ""params"": {""features"": [0]}}, {""op"": ""require_bare_earth"", ""params"": {""artifact"": 1}}]",REFUTED,"[{""code"": ""FUTURE_INFORMATION"", ""verdict"": ""REFUTED"", ""message"": ""A model feature becomes available after the decision time."", ""step_index"": 0, ""evidence"": {""artifact"": 0, ""feature_time"": ""2024-08-06 00:00:00+00:00"", ""decision_time"": ""2024-08-05 12:00:00+00:00""}, ""repair"": null}, {""code"": ""DSM_USED_AS_DTM"", ""verdict"": ""REFUTED"", ""message"": ""Bare-earth analysis is requested from a DSM."", ""step_index"": 1, ""evidence"": {}, ""repair"": null}]"
SGX3_BLIND_landslide_forecast_023,blind-composition,blind,landslide_forecast,REFUTED,future feature; DSM used for bare-earth requirement; missing rainfall provenance,790f4b6edb0bb68eb548d00342d691d39167d38e4721e8e25cfc0d5d5f8c9b94,"{""goal"": ""landslide forecast"", ""required_quantity"": null, ""required_unit"": null, ""decision_time"": ""2024-08-01T12:00:00+00:00"", ""max_resolution_m"": null, ""requires_bare_earth"": false, ""requires_cloud_mask"": false, ""max_uncertainty"": null, ""temporal_tolerance_h"": null, ""required_value_range"": null}","[{""name"": ""IMERG-feature"", ""quantity"": ""rainfall"", ""unit"": ""mm"", ""scale"": ""continuous"", ""crs"": ""EPSG:32643"", ""resolution_m"": 10.0, ""temporal_resolution_h"": null, ""processing_level"": null, ""surface_model"": null, ""vertical_datum"": null, ""acquisition_time"": null, ""available_time"": ""2024-08-02T00:00:00+00:00"", ""provenance"": null, ""band_role"": null, ""nodata_semantics"": null, ""uncertainty"": null, ""allowed_values"": null, ""observed_min"": null, ""observed_max"": null, ""attrs"": {}}, {""name"": ""terrain-30"", ""quantity"": ""elevation"", ""unit"": ""m"", ""scale"": ""continuous"", ""crs"": ""EPSG:32643"", ""resolution_m"": 30, ""temporal_resolution_h"": null, ""processing_level"": null, ""surface_model"": ""DSM"", ""vertical_datum"": ""EGM2008"", ""acquisition_time"": null, ""available_time"": null, ""provenance"": ""Copernicus DEM"", ""band_role"": null, ""nodata_semantics"": null, ""uncertainty"": null, ""allowed_values"": null, ""observed_min"": null, ""observed_max"": null, ""attrs"": {}}]","[{""op"": ""predict"", ""params"": {""features"": [0]}}, {""op"": ""require_bare_earth"", ""params"": {""artifact"": 1}}]",REFUTED,"[{""code"": ""PROVENANCE_MISSING"", ""verdict"": ""UNPROVEN"", ""message"": ""Provenance is missing for artifact 0: IMERG-feature."", ""step_index"": null, ""evidence"": {""artifact"": 0}, ""repair"": ""Attach authoritative product/version/acquisition metadata.""}, {""code"": ""FUTURE_INFORMATION"", ""verdict"": ""REFUTED"", ""message"": ""A model feature becomes available after the decision time."", ""step_index"": 0, ""evidence"": {""artifact"": 0, ""feature_time"": ""2024-08-02 00:00:00+00:00"", ""decision_time"": ""2024-08-01 12:00:00+00:00""}, ""repair"": null}, {""code"": ""DSM_USED_AS_DTM"", ""verdict"": ""REFUTED"", ""message"": ""Bare-earth analysis is requested from a DSM."", ""step_index"": 1, ""evidence"": {}, ""repair"": null}]"
SGX3_BLIND_landslide_forecast_024,blind-composition,blind,landslide_forecast,REFUTED,future feature; DSM used for bare-earth requirement,96d6ee18138b22f09b06b6e2b27b5fe2873be57c8cc6fc723c9b0d7c26c24255,"{""goal"": ""landslide forecast"", ""required_quantity"": null, ""required_unit"": null, ""decision_time"": ""2024-08-10T12:00:00+00:00"", ""max_resolution_m"": null, ""requires_bare_earth"": false, ""requires_cloud_mask"": false, ""max_uncertainty"": null, ""temporal_tolerance_h"": null, ""required_value_range"": null}","[{""name"": ""IMERG-feature"", ""quantity"": ""rainfall"", ""unit"": ""mm"", ""scale"": ""continuous"", ""crs"": ""EPSG:32643"", ""resolution_m"": 10.0, ""temporal_resolution_h"": null, ""processing_level"": null, ""surface_model"": null, ""vertical_datum"": null, ""acquisition_time"": null, ""available_time"": ""2024-08-11T00:00:00+00:00"", ""provenance"": ""NASA GPM IMERG"", ""band_role"": null, ""nodata_semantics"": null, ""uncertainty"": null, ""allowed_values"": null, ""observed_min"": null, ""observed_max"": null, ""attrs"": {}}, {""name"": ""terrain-90"", ""quantity"": ""elevation"", ""unit"": ""m"", ""scale"": ""continuous"", ""crs"": ""EPSG:32643"", ""resolution_m"": 90, ""temporal_resolution_h"": null, ""processing_level"": null, ""surface_model"": ""DSM"", ""vertical_datum"": ""EGM2008"", ""acquisition_time"": null, ""available_time"": null, ""provenance"": ""Copernicus DEM"", ""band_role"": null, ""nodata_semantics"": null, ""uncertainty"": null, ""allowed_values"": null, ""observed_min"": null, ""observed_max"": null, ""attrs"": {}}]","[{""op"": ""predict"", ""params"": {""features"": [0]}}, {""op"": ""require_bare_earth"", ""params"": {""artifact"": 1}}]",REFUTED,"[{""code"": ""FUTURE_INFORMATION"", ""verdict"": ""REFUTED"", ""message"": ""A model feature becomes available after the decision time."", ""step_index"": 0, ""evidence"": {""artifact"": 0, ""feature_time"": ""2024-08-11 00:00:00+00:00"", ""decision_time"": ""2024-08-10 12:00:00+00:00""}, ""repair"": null}, {""code"": ""DSM_USED_AS_DTM"", ""verdict"": ""REFUTED"", ""message"": ""Bare-earth analysis is requested from a DSM."", ""step_index"": 1, ""evidence"": {}, ""repair"": null}]"
SGX3_BLIND_landslide_forecast_025,blind-composition,blind,landslide_forecast,REFUTED,DSM used for bare-earth requirement; missing rainfall provenance,4697d2490e39522256e586cdbfd9fc1eceb5e429c09f1030b42972a2069e8887,"{""goal"": ""landslide forecast"", ""required_quantity"": null, ""required_unit"": null, ""decision_time"": ""2024-08-05T12:00:00+00:00"", ""max_resolution_m"": null, ""requires_bare_earth"": false, ""requires_cloud_mask"": false, ""max_uncertainty"": null, ""temporal_tolerance_h"": null, ""required_value_range"": null}","[{""name"": ""IMERG-feature"", ""quantity"": ""rainfall"", ""unit"": ""mm"", ""scale"": ""continuous"", ""crs"": ""EPSG:32643"", ""resolution_m"": 10.0, ""temporal_resolution_h"": null, ""processing_level"": null, ""surface_model"": null, ""vertical_datum"": null, ""acquisition_time"": null, ""available_time"": ""2024-08-04T12:00:00+00:00"", ""provenance"": null, ""band_role"": null, ""nodata_semantics"": null, ""uncertainty"": null, ""allowed_values"": null, ""observed_min"": null, ""observed_max"": null, ""attrs"": {}}, {""name"": ""terrain-60"", ""quantity"": ""elevation"", ""unit"": ""m"", ""scale"": ""continuous"", ""crs"": ""EPSG:32643"", ""resolution_m"": 60, ""temporal_resolution_h"": null, ""processing_level"": null, ""surface_model"": ""DSM"", ""vertical_datum"": ""EGM2008"", ""acquisition_time"": null, ""available_time"": null, ""provenance"": ""Copernicus DEM"", ""band_role"": null, ""nodata_semantics"": null, ""uncertainty"": null, ""allowed_values"": null, ""observed_min"": null, ""observed_max"": null, ""attrs"": {}}]","[{""op"": ""predict"", ""params"": {""features"": [0]}}, {""op"": ""require_bare_earth"", ""params"": {""artifact"": 1}}]",REFUTED,"[{""code"": ""PROVENANCE_MISSING"", ""verdict"": ""UNPROVEN"", ""message"": ""Provenance is missing for artifact 0: IMERG-feature."", ""step_index"": null, ""evidence"": {""artifact"": 0}, ""repair"": ""Attach authoritative product/version/acquisition metadata.""}, {""code"": ""DSM_USED_AS_DTM"", ""verdict"": ""REFUTED"", ""message"": ""Bare-earth analysis is requested from a DSM."", ""step_index"": 1, ""evidence"": {}, ""repair"": null}]"
SGX3_BLIND_landslide_forecast_026,blind-composition,blind,landslide_forecast,REFUTED,future feature; missing rainfall provenance,5d5984d64ddd49ecf3d3de96e8c0e65a8fe5354ac70506cb6cd283408367fa85,"{""goal"": ""landslide forecast"", ""required_quantity"": null, ""required_unit"": null, ""decision_time"": ""2024-08-05T12:00:00+00:00"", ""max_resolution_m"": null, ""requires_bare_earth"": false, ""requires_cloud_mask"": false, ""max_uncertainty"": null, ""temporal_tolerance_h"": null, ""required_value_range"": null}","[{""name"": ""IMERG-feature"", ""quantity"": ""rainfall"", ""unit"": ""mm"", ""scale"": ""continuous"", ""crs"": ""EPSG:32643"", ""resolution_m"": 10.0, ""temporal_resolution_h"": null, ""processing_level"": null, ""surface_model"": null, ""vertical_datum"": null, ""acquisition_time"": null, ""available_time"": ""2024-08-05T13:00:00+00:00"", ""provenance"": null, ""band_role"": null, ""nodata_semantics"": null, ""uncertainty"": null, ""allowed_values"": null, ""observed_min"": null, ""observed_max"": null, ""attrs"": {}}, {""name"": ""terrain-60"", ""quantity"": ""elevation"", ""unit"": ""m"", ""scale"": ""continuous"", ""crs"": ""EPSG:32643"", ""resolution_m"": 60, ""temporal_resolution_h"": null, ""processing_level"": null, ""surface_model"": ""DTM"", ""vertical_datum"": ""EGM2008"", ""acquisition_time"": null, ""available_time"": null, ""provenance"": ""Copernicus DEM"", ""band_role"": null, ""nodata_semantics"": null, ""uncertainty"": null, ""allowed_values"": null, ""observed_min"": null, ""observed_max"": null, ""attrs"": {}}]","[{""op"": ""predict"", ""params"": {""features"": [0]}}, {""op"": ""require_bare_earth"", ""params"": {""artifact"": 1}}]",REFUTED,"[{""code"": ""PROVENANCE_MISSING"", ""verdict"": ""UNPROVEN"", ""message"": ""Provenance is missing for artifact 0: IMERG-feature."", ""step_index"": null, ""evidence"": {""artifact"": 0}, ""repair"": ""Attach authoritative product/version/acquisition metadata.""}, {""code"": ""FUTURE_INFORMATION"", ""verdict"": ""REFUTED"", ""message"": ""A model feature becomes available after the decision time."", ""step_index"": 0, ""evidence"": {""artifact"": 0, ""feature_time"": ""2024-08-05 13:00:00+00:00"", ""decision_time"": ""2024-08-05 12:00:00+00:00""}, ""repair"": null}]"
SGX3_BLIND_landslide_forecast_027,blind-composition,blind,landslide_forecast,REFUTED,future feature; DSM used for bare-earth requirement,cbef2c5760a4580fe64ce0378aefb77b7359392bde81ff1979d9aedae6dc822f,"{""goal"": ""landslide forecast"", ""required_quantity"": null, ""required_unit"": null, ""decision_time"": ""2024-08-01T12:00:00+00:00"", ""max_resolution_m"": null, ""requires_bare_earth"": false, ""requires_cloud_mask"": false, ""max_uncertainty"": null, ""temporal_tolerance_h"": null, ""required_value_range"": null}","[{""name"": ""IMERG-feature"", ""quantity"": ""rainfall"", ""unit"": ""mm"", ""scale"": ""continuous"", ""crs"": ""EPSG:32643"", ""resolution_m"": 10.0, ""temporal_resolution_h"": null, ""processing_level"": null, ""surface_model"": null, ""vertical_datum"": null, ""acquisition_time"": null, ""available_time"": ""2024-08-01T15:00:00+00:00"", ""provenance"": ""NASA GPM IMERG"", ""band_role"": null, ""nodata_semantics"": null, ""uncertainty"": null, ""allowed_values"": null, ""observed_min"": null, ""observed_max"": null, ""attrs"": {}}, {""name"": ""terrain-60"", ""quantity"": ""elevation"", ""unit"": ""m"", ""scale"": ""continuous"", ""crs"": ""EPSG:32643"", ""resolution_m"": 60, ""temporal_resolution_h"": null, ""processing_level"": null, ""surface_model"": ""DSM"", ""vertical_datum"": ""EGM2008"", ""acquisition_time"": null, ""available_time"": null, ""provenance"": ""Copernicus DEM"", ""band_role"": null, ""nodata_semantics"": null, ""uncertainty"": null, ""allowed_values"": null, ""observed_min"": null, ""observed_max"": null, ""attrs"": {}}]","[{""op"": ""predict"", ""params"": {""features"": [0]}}, {""op"": ""require_bare_earth"", ""params"": {""artifact"": 1}}]",REFUTED,"[{""code"": ""FUTURE_INFORMATION"", ""verdict"": ""REFUTED"", ""message"": ""A model feature becomes available after the decision time."", ""step_index"": 0, ""evidence"": {""artifact"": 0, ""feature_time"": ""2024-08-01 15:00:00+00:00"", ""decision_time"": ""2024-08-01 12:00:00+00:00""}, ""repair"": null}, {""code"": ""DSM_USED_AS_DTM"", ""verdict"": ""REFUTED"", ""message"": ""Bare-earth analysis is requested from a DSM."", ""step_index"": 1, ""evidence"": {}, ""repair"": null}]"
SGX3_BLIND_landslide_forecast_028,blind-composition,blind,landslide_forecast,REFUTED,future feature; DSM used for bare-earth requirement; missing rainfall provenance,6aae9ede3f30be6899b5a1caf05231b1d4a28673f0c07d4170278b1b741b725c,"{""goal"": ""landslide forecast"", ""required_quantity"": null, ""required_unit"": null, ""decision_time"": ""2024-08-05T12:00:00+00:00"", ""max_resolution_m"": null, ""requires_bare_earth"": false, ""requires_cloud_mask"": false, ""max_uncertainty"": null, ""temporal_tolerance_h"": null, ""required_value_range"": null}","[{""name"": ""IMERG-feature"", ""quantity"": ""rainfall"", ""unit"": ""mm"", ""scale"": ""continuous"", ""crs"": ""EPSG:32643"", ""resolution_m"": 10.0, ""temporal_resolution_h"": null, ""processing_level"": null, ""surface_model"": null, ""vertical_datum"": null, ""acquisition_time"": null, ""available_time"": ""2024-08-06T00:00:00+00:00"", ""provenance"": null, ""band_role"": null, ""nodata_semantics"": null, ""uncertainty"": null, ""allowed_values"": null, ""observed_min"": null, ""observed_max"": null, ""attrs"": {}}, {""name"": ""terrain-90"", ""quantity"": ""elevation"", ""unit"": ""m"", ""scale"": ""continuous"", ""crs"": ""EPSG:32643"", ""resolution_m"": 90, ""temporal_resolution_h"": null, ""processing_level"": null, ""surface_model"": ""DSM"", ""vertical_datum"": ""EGM2008"", ""acquisition_time"": null, ""available_time"": null, ""provenance"": ""Copernicus DEM"", ""band_role"": null, ""nodata_semantics"": null, ""uncertainty"": null, ""allowed_values"": null, ""observed_min"": null, ""observed_max"": null, ""attrs"": {}}]","[{""op"": ""predict"", ""params"": {""features"": [0]}}, {""op"": ""require_bare_earth"", ""params"": {""artifact"": 1}}]",REFUTED,"[{""code"": ""PROVENANCE_MISSING"", ""verdict"": ""UNPROVEN"", ""message"": ""Provenance is missing for artifact 0: IMERG-feature."", ""step_index"": null, ""evidence"": {""artifact"": 0}, ""repair"": ""Attach authoritative product/version/acquisition metadata.""}, {""code"": ""FUTURE_INFORMATION"", ""verdict"": ""REFUTED"", ""message"": ""A model feature becomes available after the decision time."", ""step_index"": 0, ""evidence"": {""artifact"": 0, ""feature_time"": ""2024-08-06 00:00:00+00:00"", ""decision_time"": ""2024-08-05 12:00:00+00:00""}, ""repair"": null}, {""code"": ""DSM_USED_AS_DTM"", ""verdict"": ""REFUTED"", ""message"": ""Bare-earth analysis is requested from a DSM."", ""step_index"": 1, ""evidence"": {}, ""repair"": null}]"
SGX3_BLIND_landslide_forecast_029,blind-composition,blind,landslide_forecast,REFUTED,DSM used for bare-earth requirement,7dcfcc4ee35443e2cc5606a542fad49e557d99ae798a034fe6e860ec9590ef01,"{""goal"": ""landslide forecast"", ""required_quantity"": null, ""required_unit"": null, ""decision_time"": ""2024-08-05T12:00:00+00:00"", ""max_resolution_m"": null, ""requires_bare_earth"": false, ""requires_cloud_mask"": false, ""max_uncertainty"": null, ""temporal_tolerance_h"": null, ""required_value_range"": null}","[{""name"": ""IMERG-feature"", ""quantity"": ""rainfall"", ""unit"": ""mm"", ""scale"": ""continuous"", ""crs"": ""EPSG:32643"", ""resolution_m"": 10.0, ""temporal_resolution_h"": null, ""processing_level"": null, ""surface_model"": null, ""vertical_datum"": null, ""acquisition_time"": null, ""available_time"": ""2024-08-05T00:00:00+00:00"", ""provenance"": ""NASA GPM IMERG"", ""band_role"": null, ""nodata_semantics"": null, ""uncertainty"": null, ""allowed_values"": null, ""observed_min"": null, ""observed_max"": null, ""attrs"": {}}, {""name"": ""terrain-60"", ""quantity"": ""elevation"", ""unit"": ""m"", ""scale"": ""continuous"", ""crs"": ""EPSG:32643"", ""resolution_m"": 60, ""temporal_resolution_h"": null, ""processing_level"": null, ""surface_model"": ""DSM"", ""vertical_datum"": ""EGM2008"", ""acquisition_time"": null, ""available_time"": null, ""provenance"": ""Copernicus DEM"", ""band_role"": null, ""nodata_semantics"": null, ""uncertainty"": null, ""allowed_values"": null, ""observed_min"": null, ""observed_max"": null, ""attrs"": {}}]","[{""op"": ""predict"", ""params"": {""features"": [0]}}, {""op"": ""require_bare_earth"", ""params"": {""artifact"": 1}}]",REFUTED,"[{""code"": ""DSM_USED_AS_DTM"", ""verdict"": ""REFUTED"", ""message"": ""Bare-earth analysis is requested from a DSM."", ""step_index"": 1, ""evidence"": {}, ""repair"": null}]"
SGX3_BLIND_landslide_forecast_030,blind-composition,blind,landslide_forecast,REFUTED,DSM used for bare-earth requirement; missing rainfall provenance,7946bda47fb7c110ee486625c873e73004aba102190d72c4dc60089de88263da,"{""goal"": ""landslide forecast"", ""required_quantity"": null, ""required_unit"": null, ""decision_time"": ""2024-08-15T12:00:00+00:00"", ""max_resolution_m"": null, ""requires_bare_earth"": false, ""requires_cloud_mask"": false, ""max_uncertainty"": null, ""temporal_tolerance_h"": null, ""required_value_range"": null}","[{""name"": ""IMERG-feature"", ""quantity"": ""rainfall"", ""unit"": ""mm"", ""scale"": ""continuous"", ""crs"": ""EPSG:32643"", ""resolution_m"": 10.0, ""temporal_resolution_h"": null, ""processing_level"": null, ""surface_model"": null, ""vertical_datum"": null, ""acquisition_time"": null, ""available_time"": ""2024-08-14T12:00:00+00:00"", ""provenance"": null, ""band_role"": null, ""nodata_semantics"": null, ""uncertainty"": null, ""allowed_values"": null, ""observed_min"": null, ""observed_max"": null, ""attrs"": {}}, {""name"": ""terrain-60"", ""quantity"": ""elevation"", ""unit"": ""m"", ""scale"": ""continuous"", ""crs"": ""EPSG:32643"", ""resolution_m"": 60, ""temporal_resolution_h"": null, ""processing_level"": null, ""surface_model"": ""DSM"", ""vertical_datum"": ""EGM2008"", ""acquisition_time"": null, ""available_time"": null, ""provenance"": ""Copernicus DEM"", ""band_role"": null, ""nodata_semantics"": null, ""uncertainty"": null, ""allowed_values"": null, ""observed_min"": null, ""observed_max"": null, ""attrs"": {}}]","[{""op"": ""predict"", ""params"": {""features"": [0]}}, {""op"": ""require_bare_earth"", ""params"": {""artifact"": 1}}]",REFUTED,"[{""code"": ""PROVENANCE_MISSING"", ""verdict"": ""UNPROVEN"", ""message"": ""Provenance is missing for artifact 0: IMERG-feature."", ""step_index"": null, ""evidence"": {""artifact"": 0}, ""repair"": ""Attach authoritative product/version/acquisition metadata.""}, {""code"": ""DSM_USED_AS_DTM"", ""verdict"": ""REFUTED"", ""message"": ""Bare-earth analysis is requested from a DSM."", ""step_index"": 1, ""evidence"": {}, ""repair"": null}]"
SGX3_BLIND_landslide_forecast_031,blind-composition,blind,landslide_forecast,UNPROVEN,missing rainfall provenance,efadc6275f0d37ac6f9f27606ac4e76914f2f6f821b56373549665a9442498b7,"{""goal"": ""landslide forecast"", ""required_quantity"": null, ""required_unit"": null, ""decision_time"": ""2024-08-15T12:00:00+00:00"", ""max_resolution_m"": null, ""requires_bare_earth"": false, ""requires_cloud_mask"": false, ""max_uncertainty"": null, ""temporal_tolerance_h"": null, ""required_value_range"": null}","[{""name"": ""IMERG-feature"", ""quantity"": ""rainfall"", ""unit"": ""mm"", ""scale"": ""continuous"", ""crs"": ""EPSG:32643"", ""resolution_m"": 10.0, ""temporal_resolution_h"": null, ""processing_level"": null, ""surface_model"": null, ""vertical_datum"": null, ""acquisition_time"": null, ""available_time"": ""2024-08-15T06:00:00+00:00"", ""provenance"": null, ""band_role"": null, ""nodata_semantics"": null, ""uncertainty"": null, ""allowed_values"": null, ""observed_min"": null, ""observed_max"": null, ""attrs"": {}}, {""name"": ""terrain-60"", ""quantity"": ""elevation"", ""unit"": ""m"", ""scale"": ""continuous"", ""crs"": ""EPSG:32643"", ""resolution_m"": 60, ""temporal_resolution_h"": null, ""processing_level"": null, ""surface_model"": ""DTM"", ""vertical_datum"": ""EGM2008"", ""acquisition_time"": null, ""available_time"": null, ""provenance"": ""Copernicus DEM"", ""band_role"": null, ""nodata_semantics"": null, ""uncertainty"": null, ""allowed_values"": null, ""observed_min"": null, ""observed_max"": null, ""attrs"": {}}]","[{""op"": ""predict"", ""params"": {""features"": [0]}}, {""op"": ""require_bare_earth"", ""params"": {""artifact"": 1}}]",UNPROVEN,"[{""code"": ""PROVENANCE_MISSING"", ""verdict"": ""UNPROVEN"", ""message"": ""Provenance is missing for artifact 0: IMERG-feature."", ""step_index"": null, ""evidence"": {""artifact"": 0}, ""repair"": ""Attach authoritative product/version/acquisition metadata.""}]"
SGX3_BLIND_landslide_forecast_032,blind-composition,blind,landslide_forecast,PROVEN,all constraints satisfied,6c0415d27e84a74339f5982e26d41554e746a46fd8b16cdb79405b59afe891fc,"{""goal"": ""landslide forecast"", ""required_quantity"": null, ""required_unit"": null, ""decision_time"": ""2024-08-01T12:00:00+00:00"", ""max_resolution_m"": null, ""requires_bare_earth"": false, ""requires_cloud_mask"": false, ""max_uncertainty"": null, ""temporal_tolerance_h"": null, ""required_value_range"": null}","[{""name"": ""IMERG-feature"", ""quantity"": ""rainfall"", ""unit"": ""mm"", ""scale"": ""continuous"", ""crs"": ""EPSG:32643"", ""resolution_m"": 10.0, ""temporal_resolution_h"": null, ""processing_level"": null, ""surface_model"": null, ""vertical_datum"": null, ""acquisition_time"": null, ""available_time"": ""2024-07-31T12:00:00+00:00"", ""provenance"": ""NASA GPM IMERG"", ""band_role"": null, ""nodata_semantics"": null, ""uncertainty"": null, ""allowed_values"": null, ""observed_min"": null, ""observed_max"": null, ""attrs"": {}}, {""name"": ""terrain-90"", ""quantity"": ""elevation"", ""unit"": ""m"", ""scale"": ""continuous"", ""crs"": ""EPSG:32643"", ""resolution_m"": 90, ""temporal_resolution_h"": null, ""processing_level"": null, ""surface_model"": ""DTM"", ""vertical_datum"": ""EGM2008"", ""acquisition_time"": null, ""available_time"": null, ""provenance"": ""Copernicus DEM"", ""band_role"": null, ""nodata_semantics"": null, ""uncertainty"": null, ""allowed_values"": null, ""observed_min"": null, ""observed_max"": null, ""attrs"": {}}]","[{""op"": ""predict"", ""params"": {""features"": [0]}}, {""op"": ""require_bare_earth"", ""params"": {""artifact"": 1}}]",PROVEN,[]
SGX3_BLIND_landslide_forecast_033,blind-composition,blind,landslide_forecast,REFUTED,future feature; missing rainfall provenance,2c944e02295dfb8f8f9e52c134bd3569eeba1e11cbe7dfe6553e76eef9de0a40,"{""goal"": ""landslide forecast"", ""required_quantity"": null, ""required_unit"": null, ""decision_time"": ""2024-08-20T12:00:00+00:00"", ""max_resolution_m"": null, ""requires_bare_earth"": false, ""requires_cloud_mask"": false, ""max_uncertainty"": null, ""temporal_tolerance_h"": null, ""required_value_range"": null}","[{""name"": ""IMERG-feature"", ""quantity"": ""rainfall"", ""unit"": ""mm"", ""scale"": ""continuous"", ""crs"": ""EPSG:32643"", ""resolution_m"": 10.0, ""temporal_resolution_h"": null, ""processing_level"": null, ""surface_model"": null, ""vertical_datum"": null, ""acquisition_time"": null, ""available_time"": ""2024-08-20T15:00:00+00:00"", ""provenance"": null, ""band_role"": null, ""nodata_semantics"": null, ""uncertainty"": null, ""allowed_values"": null, ""observed_min"": null, ""observed_max"": null, ""attrs"": {}}, {""name"": ""terrain-90"", ""quantity"": ""elevation"", ""unit"": ""m"", ""scale"": ""continuous"", ""crs"": ""EPSG:32643"", ""resolution_m"": 90, ""temporal_resolution_h"": null, ""processing_level"": null, ""surface_model"": ""DTM"", ""vertical_datum"": ""EGM2008"", ""acquisition_time"": null, ""available_time"": null, ""provenance"": ""Copernicus DEM"", ""band_role"": null, ""nodata_semantics"": null, ""uncertainty"": null, ""allowed_values"": null, ""observed_min"": null, ""observed_max"": null, ""attrs"": {}}]","[{""op"": ""predict"", ""params"": {""features"": [0]}}, {""op"": ""require_bare_earth"", ""params"": {""artifact"": 1}}]",REFUTED,"[{""code"": ""PROVENANCE_MISSING"", ""verdict"": ""UNPROVEN"", ""message"": ""Provenance is missing for artifact 0: IMERG-feature."", ""step_index"": null, ""evidence"": {""artifact"": 0}, ""repair"": ""Attach authoritative product/version/acquisition metadata.""}, {""code"": ""FUTURE_INFORMATION"", ""verdict"": ""REFUTED"", ""message"": ""A model feature becomes available after the decision time."", ""step_index"": 0, ""evidence"": {""artifact"": 0, ""feature_time"": ""2024-08-20 15:00:00+00:00"", ""decision_time"": ""2024-08-20 12:00:00+00:00""}, ""repair"": null}]"
SGX3_BLIND_landslide_forecast_034,blind-composition,blind,landslide_forecast,REFUTED,DSM used for bare-earth requirement,387c28e34008ea50b96b069e4c19b0cbb231a659d887624ef94dbc9bacb62d44,"{""goal"": ""landslide forecast"", ""required_quantity"": null, ""required_unit"": null, ""decision_time"": ""2024-08-01T12:00:00+00:00"", ""max_resolution_m"": null, ""requires_bare_earth"": false, ""requires_cloud_mask"": false, ""max_uncertainty"": null, ""temporal_tolerance_h"": null, ""required_value_range"": null}","[{""name"": ""IMERG-feature"", ""quantity"": ""rainfall"", ""unit"": ""mm"", ""scale"": ""continuous"", ""crs"": ""EPSG:32643"", ""resolution_m"": 10.0, ""temporal_resolution_h"": null, ""processing_level"": null, ""surface_model"": null, ""vertical_datum"": null, ""acquisition_time"": null, ""available_time"": ""2024-08-01T09:00:00+00:00"", ""provenance"": ""NASA GPM IMERG"", ""band_role"": null, ""nodata_semantics"": null, ""uncertainty"": null, ""allowed_values"": null, ""observed_min"": null, ""observed_max"": null, ""attrs"": {}}, {""name"": ""terrain-90"", ""quantity"": ""elevation"", ""unit"": ""m"", ""scale"": ""continuous"", ""crs"": ""EPSG:32643"", ""resolution_m"": 90, ""temporal_resolution_h"": null, ""processing_level"": null, ""surface_model"": ""DSM"", ""vertical_datum"": ""EGM2008"", ""acquisition_time"": null, ""available_time"": null, ""provenance"": ""Copernicus DEM"", ""band_role"": null, ""nodata_semantics"": null, ""uncertainty"": null, ""allowed_values"": null, ""observed_min"": null, ""observed_max"": null, ""attrs"": {}}]","[{""op"": ""predict"", ""params"": {""features"": [0]}}, {""op"": ""require_bare_earth"", ""params"": {""artifact"": 1}}]",REFUTED,"[{""code"": ""DSM_USED_AS_DTM"", ""verdict"": ""REFUTED"", ""message"": ""Bare-earth analysis is requested from a DSM."", ""step_index"": 1, ""evidence"": {}, ""repair"": null}]"
SGX3_BLIND_landslide_forecast_035,blind-composition,blind,landslide_forecast,PROVEN,all constraints satisfied,fc3df6dc12ded6335d22b773e92e97efd6657d49d795f3665b06777c57f0264d,"{""goal"": ""landslide forecast"", ""required_quantity"": null, ""required_unit"": null, ""decision_time"": ""2024-08-05T12:00:00+00:00"", ""max_resolution_m"": null, ""requires_bare_earth"": false, ""requires_cloud_mask"": false, ""max_uncertainty"": null, ""temporal_tolerance_h"": null, ""required_value_range"": null}","[{""name"": ""IMERG-feature"", ""quantity"": ""rainfall"", ""unit"": ""mm"", ""scale"": ""continuous"", ""crs"": ""EPSG:32643"", ""resolution_m"": 10.0, ""temporal_resolution_h"": null, ""processing_level"": null, ""surface_model"": null, ""vertical_datum"": null, ""acquisition_time"": null, ""available_time"": ""2024-08-05T06:00:00+00:00"", ""provenance"": ""NASA GPM IMERG"", ""band_role"": null, ""nodata_semantics"": null, ""uncertainty"": null, ""allowed_values"": null, ""observed_min"": null, ""observed_max"": null, ""attrs"": {}}, {""name"": ""terrain-60"", ""quantity"": ""elevation"", ""unit"": ""m"", ""scale"": ""continuous"", ""crs"": ""EPSG:32643"", ""resolution_m"": 60, ""temporal_resolution_h"": null, ""processing_level"": null, ""surface_model"": ""DTM"", ""vertical_datum"": ""EGM2008"", ""acquisition_time"": null, ""available_time"": null, ""provenance"": ""Copernicus DEM"", ""band_role"": null, ""nodata_semantics"": null, ""uncertainty"": null, ""allowed_values"": null, ""observed_min"": null, ""observed_max"": null, ""attrs"": {}}]","[{""op"": ""predict"", ""params"": {""features"": [0]}}, {""op"": ""require_bare_earth"", ""params"": {""artifact"": 1}}]",PROVEN,[]
SGX3_BLIND_landslide_forecast_036,blind-composition,blind,landslide_forecast,REFUTED,future feature; DSM used for bare-earth requirement; missing rainfall provenance,8c2e101180343e832725bdad70ddcf6216ae34b660357ea9f5077c0fda0c9efa,"{""goal"": ""landslide forecast"", ""required_quantity"": null, ""required_unit"": null, ""decision_time"": ""2024-08-15T12:00:00+00:00"", ""max_resolution_m"": null, ""requires_bare_earth"": false, ""requires_cloud_mask"": false, ""max_uncertainty"": null, ""temporal_tolerance_h"": null, ""required_value_range"": null}","[{""name"": ""IMERG-feature"", ""quantity"": ""rainfall"", ""unit"": ""mm"", ""scale"": ""continuous"", ""crs"": ""EPSG:32643"", ""resolution_m"": 10.0, ""temporal_resolution_h"": null, ""processing_level"": null, ""surface_model"": null, ""vertical_datum"": null, ""acquisition_time"": null, ""available_time"": ""2024-08-15T13:00:00+00:00"", ""provenance"": null, ""band_role"": null, ""nodata_semantics"": null, ""uncertainty"": null, ""allowed_values"": null, ""observed_min"": null, ""observed_max"": null, ""attrs"": {}}, {""name"": ""terrain-30"", ""quantity"": ""elevation"", ""unit"": ""m"", ""scale"": ""continuous"", ""crs"": ""EPSG:32643"", ""resolution_m"": 30, ""temporal_resolution_h"": null, ""processing_level"": null, ""surface_model"": ""DSM"", ""vertical_datum"": ""EGM2008"", ""acquisition_time"": null, ""available_time"": null, ""provenance"": ""Copernicus DEM"", ""band_role"": null, ""nodata_semantics"": null, ""uncertainty"": null, ""allowed_values"": null, ""observed_min"": null, ""observed_max"": null, ""attrs"": {}}]","[{""op"": ""predict"", ""params"": {""features"": [0]}}, {""op"": ""require_bare_earth"", ""params"": {""artifact"": 1}}]",REFUTED,"[{""code"": ""PROVENANCE_MISSING"", ""verdict"": ""UNPROVEN"", ""message"": ""Provenance is missing for artifact 0: IMERG-feature."", ""step_index"": null, ""evidence"": {""artifact"": 0}, ""repair"": ""Attach authoritative product/version/acquisition metadata.""}, {""code"": ""FUTURE_INFORMATION"", ""verdict"": ""REFUTED"", ""message"": ""A model feature becomes available after the decision time."", ""step_index"": 0, ""evidence"": {""artifact"": 0, ""feature_time"": ""2024-08-15 13:00:00+00:00"", ""decision_time"": ""2024-08-15 12:00:00+00:00""}, ""repair"": null}, {""code"": ""DSM_USED_AS_DTM"", ""verdict"": ""REFUTED"", ""message"": ""Bare-earth analysis is requested from a DSM."", ""step_index"": 1, ""evidence"": {}, ""repair"": null}]"
SGX3_BLIND_landslide_forecast_037,blind-composition,blind,landslide_forecast,UNPROVEN,missing rainfall provenance,28ad446ed9985abda669823e07333f4af3c12eb42978428203985903ad94e5cb,"{""goal"": ""landslide forecast"", ""required_quantity"": null, ""required_unit"": null, ""decision_time"": ""2024-08-10T12:00:00+00:00"", ""max_resolution_m"": null, ""requires_bare_earth"": false, ""requires_cloud_mask"": false, ""max_uncertainty"": null, ""temporal_tolerance_h"": null, ""required_value_range"": null}","[{""name"": ""IMERG-feature"", ""quantity"": ""rainfall"", ""unit"": ""mm"", ""scale"": ""continuous"", ""crs"": ""EPSG:32643"", ""resolution_m"": 10.0, ""temporal_resolution_h"": null, ""processing_level"": null, ""surface_model"": null, ""vertical_datum"": null, ""acquisition_time"": null, ""available_time"": ""2024-08-10T11:00:00+00:00"", ""provenance"": null, ""band_role"": null, ""nodata_semantics"": null, ""uncertainty"": null, ""allowed_values"": null, ""observed_min"": null, ""observed_max"": null, ""attrs"": {}}, {""name"": ""terrain-60"", ""quantity"": ""elevation"", ""unit"": ""m"", ""scale"": ""continuous"", ""crs"": ""EPSG:32643"", ""resolution_m"": 60, ""temporal_resolution_h"": null, ""processing_level"": null, ""surface_model"": ""DTM"", ""vertical_datum"": ""EGM2008"", ""acquisition_time"": null, ""available_time"": null, ""provenance"": ""Copernicus DEM"", ""band_role"": null, ""nodata_semantics"": null, ""uncertainty"": null, ""allowed_values"": null, ""observed_min"": null, ""observed_max"": null, ""attrs"": {}}]","[{""op"": ""predict"", ""params"": {""features"": [0]}}, {""op"": ""require_bare_earth"", ""params"": {""artifact"": 1}}]",UNPROVEN,"[{""code"": ""PROVENANCE_MISSING"", ""verdict"": ""UNPROVEN"", ""message"": ""Provenance is missing for artifact 0: IMERG-feature."", ""step_index"": null, ""evidence"": {""artifact"": 0}, ""repair"": ""Attach authoritative product/version/acquisition metadata.""}]"
SGX3_BLIND_landslide_forecast_038,blind-composition,blind,landslide_forecast,REFUTED,future feature; DSM used for bare-earth requirement,45c7bd87b1d90d27f662dd3c37d14f3ec5f12fcc398ea06778c158cce945a160,"{""goal"": ""landslide forecast"", ""required_quantity"": null, ""required_unit"": null, ""decision_time"": ""2024-08-01T12:00:00+00:00"", ""max_resolution_m"": null, ""requires_bare_earth"": false, ""requires_cloud_mask"": false, ""max_uncertainty"": null, ""temporal_tolerance_h"": null, ""required_value_range"": null}","[{""name"": ""IMERG-feature"", ""quantity"": ""rainfall"", ""unit"": ""mm"", ""scale"": ""continuous"", ""crs"": ""EPSG:32643"", ""resolution_m"": 10.0, ""temporal_resolution_h"": null, ""processing_level"": null, ""surface_model"": null, ""vertical_datum"": null, ""acquisition_time"": null, ""available_time"": ""2024-08-01T18:00:00+00:00"", ""provenance"": ""NASA GPM IMERG"", ""band_role"": null, ""nodata_semantics"": null, ""uncertainty"": null, ""allowed_values"": null, ""observed_min"": null, ""observed_max"": null, ""attrs"": {}}, {""name"": ""terrain-30"", ""quantity"": ""elevation"", ""unit"": ""m"", ""scale"": ""continuous"", ""crs"": ""EPSG:32643"", ""resolution_m"": 30, ""temporal_resolution_h"": null, ""processing_level"": null, ""surface_model"": ""DSM"", ""vertical_datum"": ""EGM2008"", ""acquisition_time"": null, ""available_time"": null, ""provenance"": ""Copernicus DEM"", ""band_role"": null, ""nodata_semantics"": null, ""uncertainty"": null, ""allowed_values"": null, ""observed_min"": null, ""observed_max"": null, ""attrs"": {}}]","[{""op"": ""predict"", ""params"": {""features"": [0]}}, {""op"": ""require_bare_earth"", ""params"": {""artifact"": 1}}]",REFUTED,"[{""code"": ""FUTURE_INFORMATION"", ""verdict"": ""REFUTED"", ""message"": ""A model feature becomes available after the decision time."", ""step_index"": 0, ""evidence"": {""artifact"": 0, ""feature_time"": ""2024-08-01 18:00:00+00:00"", ""decision_time"": ""2024-08-01 12:00:00+00:00""}, ""repair"": null}, {""code"": ""DSM_USED_AS_DTM"", ""verdict"": ""REFUTED"", ""message"": ""Bare-earth analysis is requested from a DSM."", ""step_index"": 1, ""evidence"": {}, ""repair"": null}]"
SGX3_BLIND_landslide_forecast_039,blind-composition,blind,landslide_forecast,REFUTED,DSM used for bare-earth requirement; missing rainfall provenance,a5f4676cc070de5b70d92cbfc4798746cd27e2375717e076357bd89d709d0595,"{""goal"": ""landslide forecast"", ""required_quantity"": null, ""required_unit"": null, ""decision_time"": ""2024-08-20T12:00:00+00:00"", ""max_resolution_m"": null, ""requires_bare_earth"": false, ""requires_cloud_mask"": false, ""max_uncertainty"": null, ""temporal_tolerance_h"": null, ""required_value_range"": null}","[{""name"": ""IMERG-feature"", ""quantity"": ""rainfall"", ""unit"": ""mm"", ""scale"": ""continuous"", ""crs"": ""EPSG:32643"", ""resolution_m"": 10.0, ""temporal_resolution_h"": null, ""processing_level"": null, ""surface_model"": null, ""vertical_datum"": null, ""acquisition_time"": null, ""available_time"": ""2024-08-20T00:00:00+00:00"", ""provenance"": null, ""band_role"": null, ""nodata_semantics"": null, ""uncertainty"": null, ""allowed_values"": null, ""observed_min"": null, ""observed_max"": null, ""attrs"": {}}, {""name"": ""terrain-30"", ""quantity"": ""elevation"", ""unit"": ""m"", ""scale"": ""continuous"", ""crs"": ""EPSG:32643"", ""resolution_m"": 30, ""temporal_resolution_h"": null, ""processing_level"": null, ""surface_model"": ""DSM"", ""vertical_datum"": ""EGM2008"", ""acquisition_time"": null, ""available_time"": null, ""provenance"": ""Copernicus DEM"", ""band_role"": null, ""nodata_semantics"": null, ""uncertainty"": null, ""allowed_values"": null, ""observed_min"": null, ""observed_max"": null, ""attrs"": {}}]","[{""op"": ""predict"", ""params"": {""features"": [0]}}, {""op"": ""require_bare_earth"", ""params"": {""artifact"": 1}}]",REFUTED,"[{""code"": ""PROVENANCE_MISSING"", ""verdict"": ""UNPROVEN"", ""message"": ""Provenance is missing for artifact 0: IMERG-feature."", ""step_index"": null, ""evidence"": {""artifact"": 0}, ""repair"": ""Attach authoritative product/version/acquisition metadata.""}, {""code"": ""DSM_USED_AS_DTM"", ""verdict"": ""REFUTED"", ""message"": ""Bare-earth analysis is requested from a DSM."", ""step_index"": 1, ""evidence"": {}, ""repair"": null}]"
SGX3_BLIND_landslide_forecast_040,blind-composition,blind,landslide_forecast,REFUTED,future feature; DSM used for bare-earth requirement; missing rainfall provenance,79a0a73031ca01bab642303172b1cd258b323ec0ca41ca8e150ee21b9c62605a,"{""goal"": ""landslide forecast"", ""required_quantity"": null, ""required_unit"": null, ""decision_time"": ""2024-08-20T12:00:00+00:00"", ""max_resolution_m"": null, ""requires_bare_earth"": false, ""requires_cloud_mask"": false, ""max_uncertainty"": null, ""temporal_tolerance_h"": null, ""required_value_range"": null}","[{""name"": ""IMERG-feature"", ""quantity"": ""rainfall"", ""unit"": ""mm"", ""scale"": ""continuous"", ""crs"": ""EPSG:32643"", ""resolution_m"": 10.0, ""temporal_resolution_h"": null, ""processing_level"": null, ""surface_model"": null, ""vertical_datum"": null, ""acquisition_time"": null, ""available_time"": ""2024-08-20T13:00:00+00:00"", ""provenance"": null, ""band_role"": null, ""nodata_semantics"": null, ""uncertainty"": null, ""allowed_values"": null, ""observed_min"": null, ""observed_max"": null, ""attrs"": {}}, {""name"": ""terrain-30"", ""quantity"": ""elevation"", ""unit"": ""m"", ""scale"": ""continuous"", ""crs"": ""EPSG:32643"", ""resolution_m"": 30, ""temporal_resolution_h"": null, ""processing_level"": null, ""surface_model"": ""DSM"", ""vertical_datum"": ""EGM2008"", ""acquisition_time"": null, ""available_time"": null, ""provenance"": ""Copernicus DEM"", ""band_role"": null, ""nodata_semantics"": null, ""uncertainty"": null, ""allowed_values"": null, ""observed_min"": null, ""observed_max"": null, ""attrs"": {}}]","[{""op"": ""predict"", ""params"": {""features"": [0]}}, {""op"": ""require_bare_earth"", ""params"": {""artifact"": 1}}]",REFUTED,"[{""code"": ""PROVENANCE_MISSING"", ""verdict"": ""UNPROVEN"", ""message"": ""Provenance is missing for artifact 0: IMERG-feature."", ""step_index"": null, ""evidence"": {""artifact"": 0}, ""repair"": ""Attach authoritative product/version/acquisition metadata.""}, {""code"": ""FUTURE_INFORMATION"", ""verdict"": ""REFUTED"", ""message"": ""A model feature becomes available after the decision time."", ""step_index"": 0, ""evidence"": {""artifact"": 0, ""feature_time"": ""2024-08-20 13:00:00+00:00"", ""decision_time"": ""2024-08-20 12:00:00+00:00""}, ""repair"": null}, {""code"": ""DSM_USED_AS_DTM"", ""verdict"": ""REFUTED"", ""message"": ""Bare-earth analysis is requested from a DSM."", ""step_index"": 1, ""evidence"": {}, ""repair"": null}]"
SGX3_BLIND_landslide_forecast_041,blind-composition,blind,landslide_forecast,PROVEN,all constraints satisfied,475a3186312cef3663710bd8951ec77dde412f1c4bd72b90e2f3e9e1f3c377e3,"{""goal"": ""landslide forecast"", ""required_quantity"": null, ""required_unit"": null, ""decision_time"": ""2024-08-10T12:00:00+00:00"", ""max_resolution_m"": null, ""requires_bare_earth"": false, ""requires_cloud_mask"": false, ""max_uncertainty"": null, ""temporal_tolerance_h"": null, ""required_value_range"": null}","[{""name"": ""IMERG-feature"", ""quantity"": ""rainfall"", ""unit"": ""mm"", ""scale"": ""continuous"", ""crs"": ""EPSG:32643"", ""resolution_m"": 10.0, ""temporal_resolution_h"": null, ""processing_level"": null, ""surface_model"": null, ""vertical_datum"": null, ""acquisition_time"": null, ""available_time"": ""2024-08-10T11:00:00+00:00"", ""provenance"": ""NASA GPM IMERG"", ""band_role"": null, ""nodata_semantics"": null, ""uncertainty"": null, ""allowed_values"": null, ""observed_min"": null, ""observed_max"": null, ""attrs"": {}}, {""name"": ""terrain-90"", ""quantity"": ""elevation"", ""unit"": ""m"", ""scale"": ""continuous"", ""crs"": ""EPSG:32643"", ""resolution_m"": 90, ""temporal_resolution_h"": null, ""processing_level"": null, ""surface_model"": ""DTM"", ""vertical_datum"": ""EGM2008"", ""acquisition_time"": null, ""available_time"": null, ""provenance"": ""Copernicus DEM"", ""band_role"": null, ""nodata_semantics"": null, ""uncertainty"": null, ""allowed_values"": null, ""observed_min"": null, ""observed_max"": null, ""attrs"": {}}]","[{""op"": ""predict"", ""params"": {""features"": [0]}}, {""op"": ""require_bare_earth"", ""params"": {""artifact"": 1}}]",PROVEN,[]
SGX3_BLIND_landslide_forecast_042,blind-composition,blind,landslide_forecast,REFUTED,DSM used for bare-earth requirement,81003b7177953057b81a93cc1b1e73646bc1a3307bb70f54d356745de3075356,"{""goal"": ""landslide forecast"", ""required_quantity"": null, ""required_unit"": null, ""decision_time"": ""2024-08-20T12:00:00+00:00"", ""max_resolution_m"": null, ""requires_bare_earth"": false, ""requires_cloud_mask"": false, ""max_uncertainty"": null, ""temporal_tolerance_h"": null, ""required_value_range"": null}","[{""name"": ""IMERG-feature"", ""quantity"": ""rainfall"", ""unit"": ""mm"", ""scale"": ""continuous"", ""crs"": ""EPSG:32643"", ""resolution_m"": 10.0, ""temporal_resolution_h"": null, ""processing_level"": null, ""surface_model"": null, ""vertical_datum"": null, ""acquisition_time"": null, ""available_time"": ""2024-08-20T09:00:00+00:00"", ""provenance"": ""NASA GPM IMERG"", ""band_role"": null, ""nodata_semantics"": null, ""uncertainty"": null, ""allowed_values"": null, ""observed_min"": null, ""observed_max"": null, ""attrs"": {}}, {""name"": ""terrain-60"", ""quantity"": ""elevation"", ""unit"": ""m"", ""scale"": ""continuous"", ""crs"": ""EPSG:32643"", ""resolution_m"": 60, ""temporal_resolution_h"": null, ""processing_level"": null, ""surface_model"": ""DSM"", ""vertical_datum"": ""EGM2008"", ""acquisition_time"": null, ""available_time"": null, ""provenance"": ""Copernicus DEM"", ""band_role"": null, ""nodata_semantics"": null, ""uncertainty"": null, ""allowed_values"": null, ""observed_min"": null, ""observed_max"": null, ""attrs"": {}}]","[{""op"": ""predict"", ""params"": {""features"": [0]}}, {""op"": ""require_bare_earth"", ""params"": {""artifact"": 1}}]",REFUTED,"[{""code"": ""DSM_USED_AS_DTM"", ""verdict"": ""REFUTED"", ""message"": ""Bare-earth analysis is requested from a DSM."", ""step_index"": 1, ""evidence"": {}, ""repair"": null}]"
SGX3_BLIND_landslide_forecast_043,blind-composition,blind,landslide_forecast,REFUTED,future feature; DSM used for bare-earth requirement,5bbde042204d6b1a98fab50f821aa5566cdb688cbd9b29cacc642bcc4b5d4442,"{""goal"": ""landslide forecast"", ""required_quantity"": null, ""required_unit"": null, ""decision_time"": ""2024-08-20T12:00:00+00:00"", ""max_resolution_m"": null, ""requires_bare_earth"": false, ""requires_cloud_mask"": false, ""max_uncertainty"": null, ""temporal_tolerance_h"": null, ""required_value_range"": null}","[{""name"": ""IMERG-feature"", ""quantity"": ""rainfall"", ""unit"": ""mm"", ""scale"": ""continuous"", ""crs"": ""EPSG:32643"", ""resolution_m"": 10.0, ""temporal_resolution_h"": null, ""processing_level"": null, ""surface_model"": null, ""vertical_datum"": null, ""acquisition_time"": null, ""available_time"": ""2024-08-20T15:00:00+00:00"", ""provenance"": ""NASA GPM IMERG"", ""band_role"": null, ""nodata_semantics"": null, ""uncertainty"": null, ""allowed_values"": null, ""observed_min"": null, ""observed_max"": null, ""attrs"": {}}, {""name"": ""terrain-30"", ""quantity"": ""elevation"", ""unit"": ""m"", ""scale"": ""continuous"", ""crs"": ""EPSG:32643"", ""resolution_m"": 30, ""temporal_resolution_h"": null, ""processing_level"": null, ""surface_model"": ""DSM"", ""vertical_datum"": ""EGM2008"", ""acquisition_time"": null, ""available_time"": null, ""provenance"": ""Copernicus DEM"", ""band_role"": null, ""nodata_semantics"": null, ""uncertainty"": null, ""allowed_values"": null, ""observed_min"": null, ""observed_max"": null, ""attrs"": {}}]","[{""op"": ""predict"", ""params"": {""features"": [0]}}, {""op"": ""require_bare_earth"", ""params"": {""artifact"": 1}}]",REFUTED,"[{""code"": ""FUTURE_INFORMATION"", ""verdict"": ""REFUTED"", ""message"": ""A model feature becomes available after the decision time."", ""step_index"": 0, ""evidence"": {""artifact"": 0, ""feature_time"": ""2024-08-20 15:00:00+00:00"", ""decision_time"": ""2024-08-20 12:00:00+00:00""}, ""repair"": null}, {""code"": ""DSM_USED_AS_DTM"", ""verdict"": ""REFUTED"", ""message"": ""Bare-earth analysis is requested from a DSM."", ""step_index"": 1, ""evidence"": {}, ""repair"": null}]"
SGX3_BLIND_landslide_forecast_044,blind-composition,blind,landslide_forecast,REFUTED,future feature,7da6e959d5c05f4c7a8988dd5157300db8e2ef87f46b7d8ba1091c9e4746cd42,"{""goal"": ""landslide forecast"", ""required_quantity"": null, ""required_unit"": null, ""decision_time"": ""2024-08-10T12:00:00+00:00"", ""max_resolution_m"": null, ""requires_bare_earth"": false, ""requires_cloud_mask"": false, ""max_uncertainty"": null, ""temporal_tolerance_h"": null, ""required_value_range"": null}","[{""name"": ""IMERG-feature"", ""quantity"": ""rainfall"", ""unit"": ""mm"", ""scale"": ""continuous"", ""crs"": ""EPSG:32643"", ""resolution_m"": 10.0, ""temporal_resolution_h"": null, ""processing_level"": null, ""surface_model"": null, ""vertical_datum"": null, ""acquisition_time"": null, ""available_time"": ""2024-08-10T18:00:00+00:00"", ""provenance"": ""NASA GPM IMERG"", ""band_role"": null, ""nodata_semantics"": null, ""uncertainty"": null, ""allowed_values"": null, ""observed_min"": null, ""observed_max"": null, ""attrs"": {}}, {""name"": ""terrain-90"", ""quantity"": ""elevation"", ""unit"": ""m"", ""scale"": ""continuous"", ""crs"": ""EPSG:32643"", ""resolution_m"": 90, ""temporal_resolution_h"": null, ""processing_level"": null, ""surface_model"": ""DTM"", ""vertical_datum"": ""EGM2008"", ""acquisition_time"": null, ""available_time"": null, ""provenance"": ""Copernicus DEM"", ""band_role"": null, ""nodata_semantics"": null, ""uncertainty"": null, ""allowed_values"": null, ""observed_min"": null, ""observed_max"": null, ""attrs"": {}}]","[{""op"": ""predict"", ""params"": {""features"": [0]}}, {""op"": ""require_bare_earth"", ""params"": {""artifact"": 1}}]",REFUTED,"[{""code"": ""FUTURE_INFORMATION"", ""verdict"": ""REFUTED"", ""message"": ""A model feature becomes available after the decision time."", ""step_index"": 0, ""evidence"": {""artifact"": 0, ""feature_time"": ""2024-08-10 18:00:00+00:00"", ""decision_time"": ""2024-08-10 12:00:00+00:00""}, ""repair"": null}]"
SGX3_BLIND_landslide_forecast_045,blind-composition,blind,landslide_forecast,REFUTED,future feature; missing rainfall provenance,95db1b17c65260bd16d7fa5d2277a1b35620e02b495c8be1b85ef3a504f412aa,"{""goal"": ""landslide forecast"", ""required_quantity"": null, ""required_unit"": null, ""decision_time"": ""2024-08-01T12:00:00+00:00"", ""max_resolution_m"": null, ""requires_bare_earth"": false, ""requires_cloud_mask"": false, ""max_uncertainty"": null, ""temporal_tolerance_h"": null, ""required_value_range"": null}","[{""name"": ""IMERG-feature"", ""quantity"": ""rainfall"", ""unit"": ""mm"", ""scale"": ""continuous"", ""crs"": ""EPSG:32643"", ""resolution_m"": 10.0, ""temporal_resolution_h"": null, ""processing_level"": null, ""surface_model"": null, ""vertical_datum"": null, ""acquisition_time"": null, ""available_time"": ""2024-08-02T00:00:00+00:00"", ""provenance"": null, ""band_role"": null, ""nodata_semantics"": null, ""uncertainty"": null, ""allowed_values"": null, ""observed_min"": null, ""observed_max"": null, ""attrs"": {}}, {""name"": ""terrain-30"", ""quantity"": ""elevation"", ""unit"": ""m"", ""scale"": ""continuous"", ""crs"": ""EPSG:32643"", ""resolution_m"": 30, ""temporal_resolution_h"": null, ""processing_level"": null, ""surface_model"": ""DTM"", ""vertical_datum"": ""EGM2008"", ""acquisition_time"": null, ""available_time"": null, ""provenance"": ""Copernicus DEM"", ""band_role"": null, ""nodata_semantics"": null, ""uncertainty"": null, ""allowed_values"": null, ""observed_min"": null, ""observed_max"": null, ""attrs"": {}}]","[{""op"": ""predict"", ""params"": {""features"": [0]}}, {""op"": ""require_bare_earth"", ""params"": {""artifact"": 1}}]",REFUTED,"[{""code"": ""PROVENANCE_MISSING"", ""verdict"": ""UNPROVEN"", ""message"": ""Provenance is missing for artifact 0: IMERG-feature."", ""step_index"": null, ""evidence"": {""artifact"": 0}, ""repair"": ""Attach authoritative product/version/acquisition metadata.""}, {""code"": ""FUTURE_INFORMATION"", ""verdict"": ""REFUTED"", ""message"": ""A model feature becomes available after the decision time."", ""step_index"": 0, ""evidence"": {""artifact"": 0, ""feature_time"": ""2024-08-02 00:00:00+00:00"", ""decision_time"": ""2024-08-01 12:00:00+00:00""}, ""repair"": null}]"
SGX3_BLIND_landslide_forecast_046,blind-composition,blind,landslide_forecast,REFUTED,future feature; missing rainfall provenance,ba2a4a9aef217b76d53b71d1e88b4a2f8a11dbfa9c587c09096cda211ce7b6d7,"{""goal"": ""landslide forecast"", ""required_quantity"": null, ""required_unit"": null, ""decision_time"": ""2024-08-20T12:00:00+00:00"", ""max_resolution_m"": null, ""requires_bare_earth"": false, ""requires_cloud_mask"": false, ""max_uncertainty"": null, ""temporal_tolerance_h"": null, ""required_value_range"": null}","[{""name"": ""IMERG-feature"", ""quantity"": ""rainfall"", ""unit"": ""mm"", ""scale"": ""continuous"", ""crs"": ""EPSG:32643"", ""resolution_m"": 10.0, ""temporal_resolution_h"": null, ""processing_level"": null, ""surface_model"": null, ""vertical_datum"": null, ""acquisition_time"": null, ""available_time"": ""2024-08-21T00:00:00+00:00"", ""provenance"": null, ""band_role"": null, ""nodata_semantics"": null, ""uncertainty"": null, ""allowed_values"": null, ""observed_min"": null, ""observed_max"": null, ""attrs"": {}}, {""name"": ""terrain-60"", ""quantity"": ""elevation"", ""unit"": ""m"", ""scale"": ""continuous"", ""crs"": ""EPSG:32643"", ""resolution_m"": 60, ""temporal_resolution_h"": null, ""processing_level"": null, ""surface_model"": ""DTM"", ""vertical_datum"": ""EGM2008"", ""acquisition_time"": null, ""available_time"": null, ""provenance"": ""Copernicus DEM"", ""band_role"": null, ""nodata_semantics"": null, ""uncertainty"": null, ""allowed_values"": null, ""observed_min"": null, ""observed_max"": null, ""attrs"": {}}]","[{""op"": ""predict"", ""params"": {""features"": [0]}}, {""op"": ""require_bare_earth"", ""params"": {""artifact"": 1}}]",REFUTED,"[{""code"": ""PROVENANCE_MISSING"", ""verdict"": ""UNPROVEN"", ""message"": ""Provenance is missing for artifact 0: IMERG-feature."", ""step_index"": null, ""evidence"": {""artifact"": 0}, ""repair"": ""Attach authoritative product/version/acquisition metadata.""}, {""code"": ""FUTURE_INFORMATION"", ""verdict"": ""REFUTED"", ""message"": ""A model feature becomes available after the decision time."", ""step_index"": 0, ""evidence"": {""artifact"": 0, ""feature_time"": ""2024-08-21 00:00:00+00:00"", ""decision_time"": ""2024-08-20 12:00:00+00:00""}, ""repair"": null}]"
SGX3_BLIND_landslide_forecast_047,blind-composition,blind,landslide_forecast,REFUTED,DSM used for bare-earth requirement,4bca0b8b7e4376478eb1d212ec91522b222bc03cf82d8bcce603ea937681650e,"{""goal"": ""landslide forecast"", ""required_quantity"": null, ""required_unit"": null, ""decision_time"": ""2024-08-15T12:00:00+00:00"", ""max_resolution_m"": null, ""requires_bare_earth"": false, ""requires_cloud_mask"": false, ""max_uncertainty"": null, ""temporal_tolerance_h"": null, ""required_value_range"": null}","[{""name"": ""IMERG-feature"", ""quantity"": ""rainfall"", ""unit"": ""mm"", ""scale"": ""continuous"", ""crs"": ""EPSG:32643"", ""resolution_m"": 10.0, ""temporal_resolution_h"": null, ""processing_level"": null, ""surface_model"": null, ""vertical_datum"": null, ""acquisition_time"": null, ""available_time"": ""2024-08-15T00:00:00+00:00"", ""provenance"": ""NASA GPM IMERG"", ""band_role"": null, ""nodata_semantics"": null, ""uncertainty"": null, ""allowed_values"": null, ""observed_min"": null, ""observed_max"": null, ""attrs"": {}}, {""name"": ""terrain-30"", ""quantity"": ""elevation"", ""unit"": ""m"", ""scale"": ""continuous"", ""crs"": ""EPSG:32643"", ""resolution_m"": 30, ""temporal_resolution_h"": null, ""processing_level"": null, ""surface_model"": ""DSM"", ""vertical_datum"": ""EGM2008"", ""acquisition_time"": null, ""available_time"": null, ""provenance"": ""Copernicus DEM"", ""band_role"": null, ""nodata_semantics"": null, ""uncertainty"": null, ""allowed_values"": null, ""observed_min"": null, ""observed_max"": null, ""attrs"": {}}]","[{""op"": ""predict"", ""params"": {""features"": [0]}}, {""op"": ""require_bare_earth"", ""params"": {""artifact"": 1}}]",REFUTED,"[{""code"": ""DSM_USED_AS_DTM"", ""verdict"": ""REFUTED"", ""message"": ""Bare-earth analysis is requested from a DSM."", ""step_index"": 1, ""evidence"": {}, ""repair"": null}]"
SGX3_BLIND_landslide_forecast_048,blind-composition,blind,landslide_forecast,REFUTED,DSM used for bare-earth requirement; missing rainfall provenance,2d9384768ecd36beb7c942708a943fb00ba20aa1e0131493acfaa0569e852f88,"{""goal"": ""landslide forecast"", ""required_quantity"": null, ""required_unit"": null, ""decision_time"": ""2024-08-15T12:00:00+00:00"", ""max_resolution_m"": null, ""requires_bare_earth"": false, ""requires_cloud_mask"": false, ""max_uncertainty"": null, ""temporal_tolerance_h"": null, ""required_value_range"": null}","[{""name"": ""IMERG-feature"", ""quantity"": ""rainfall"", ""unit"": ""mm"", ""scale"": ""continuous"", ""crs"": ""EPSG:32643"", ""resolution_m"": 10.0, ""temporal_resolution_h"": null, ""processing_level"": null, ""surface_model"": null, ""vertical_datum"": null, ""acquisition_time"": null, ""available_time"": ""2024-08-15T09:00:00+00:00"", ""provenance"": null, ""band_role"": null, ""nodata_semantics"": null, ""uncertainty"": null, ""allowed_values"": null, ""observed_min"": null, ""observed_max"": null, ""attrs"": {}}, {""name"": ""terrain-30"", ""quantity"": ""elevation"", ""unit"": ""m"", ""scale"": ""continuous"", ""crs"": ""EPSG:32643"", ""resolution_m"": 30, ""temporal_resolution_h"": null, ""processing_level"": null, ""surface_model"": ""DSM"", ""vertical_datum"": ""EGM2008"", ""acquisition_time"": null, ""available_time"": null, ""provenance"": ""Copernicus DEM"", ""band_role"": null, ""nodata_semantics"": null, ""uncertainty"": null, ""allowed_values"": null, ""observed_min"": null, ""observed_max"": null, ""attrs"": {}}]","[{""op"": ""predict"", ""params"": {""features"": [0]}}, {""op"": ""require_bare_earth"", ""params"": {""artifact"": 1}}]",REFUTED,"[{""code"": ""PROVENANCE_MISSING"", ""verdict"": ""UNPROVEN"", ""message"": ""Provenance is missing for artifact 0: IMERG-feature."", ""step_index"": null, ""evidence"": {""artifact"": 0}, ""repair"": ""Attach authoritative product/version/acquisition metadata.""}, {""code"": ""DSM_USED_AS_DTM"", ""verdict"": ""REFUTED"", ""message"": ""Bare-earth analysis is requested from a DSM."", ""step_index"": 1, ""evidence"": {}, ""repair"": null}]"
SGX3_BLIND_landslide_forecast_049,blind-composition,blind,landslide_forecast,REFUTED,future feature; missing rainfall provenance,02a0e6beff8f91af5059ed40240b08092723e69d3d559aa5d02a96b76c30a86f,"{""goal"": ""landslide forecast"", ""required_quantity"": null, ""required_unit"": null, ""decision_time"": ""2024-08-20T12:00:00+00:00"", ""max_resolution_m"": null, ""requires_bare_earth"": false, ""requires_cloud_mask"": false, ""max_uncertainty"": null, ""temporal_tolerance_h"": null, ""required_value_range"": null}","[{""name"": ""IMERG-feature"", ""quantity"": ""rainfall"", ""unit"": ""mm"", ""scale"": ""continuous"", ""crs"": ""EPSG:32643"", ""resolution_m"": 10.0, ""temporal_resolution_h"": null, ""processing_level"": null, ""surface_model"": null, ""vertical_datum"": null, ""acquisition_time"": null, ""available_time"": ""2024-08-20T18:00:00+00:00"", ""provenance"": null, ""band_role"": null, ""nodata_semantics"": null, ""uncertainty"": null, ""allowed_values"": null, ""observed_min"": null, ""observed_max"": null, ""attrs"": {}}, {""name"": ""terrain-30"", ""quantity"": ""elevation"", ""unit"": ""m"", ""scale"": ""continuous"", ""crs"": ""EPSG:32643"", ""resolution_m"": 30, ""temporal_resolution_h"": null, ""processing_level"": null, ""surface_model"": ""DTM"", ""vertical_datum"": ""EGM2008"", ""acquisition_time"": null, ""available_time"": null, ""provenance"": ""Copernicus DEM"", ""band_role"": null, ""nodata_semantics"": null, ""uncertainty"": null, ""allowed_values"": null, ""observed_min"": null, ""observed_max"": null, ""attrs"": {}}]","[{""op"": ""predict"", ""params"": {""features"": [0]}}, {""op"": ""require_bare_earth"", ""params"": {""artifact"": 1}}]",REFUTED,"[{""code"": ""PROVENANCE_MISSING"", ""verdict"": ""UNPROVEN"", ""message"": ""Provenance is missing for artifact 0: IMERG-feature."", ""step_index"": null, ""evidence"": {""artifact"": 0}, ""repair"": ""Attach authoritative product/version/acquisition metadata.""}, {""code"": ""FUTURE_INFORMATION"", ""verdict"": ""REFUTED"", ""message"": ""A model feature becomes available after the decision time."", ""step_index"": 0, ""evidence"": {""artifact"": 0, ""feature_time"": ""2024-08-20 18:00:00+00:00"", ""decision_time"": ""2024-08-20 12:00:00+00:00""}, ""repair"": null}]"
SGX3_BLIND_landcover_change_000,blind-composition,blind,landcover_change,PROVEN,all constraints satisfied,e7911bd4e843996bb77125275afcbd338dae0e7e34bbaecff134848ce7c0caa5,"{""goal"": ""landcover_change"", ""required_quantity"": null, ""required_unit"": null, ""decision_time"": null, ""max_resolution_m"": null, ""requires_bare_earth"": false, ""requires_cloud_mask"": false, ""max_uncertainty"": null, ""temporal_tolerance_h"": null, ""required_value_range"": null}","[{""name"": ""WorldCover-10"", ""quantity"": ""land_cover"", ""unit"": null, ""scale"": ""categorical"", ""crs"": ""EPSG:4326"", ""resolution_m"": 10, ""temporal_resolution_h"": null, ""processing_level"": null, ""surface_model"": null, ""vertical_datum"": null, ""acquisition_time"": null, ""available_time"": null, ""provenance"": ""ESA WorldCover"", ""band_role"": null, ""nodata_semantics"": null, ""uncertainty"": null, ""allowed_values"": [10, 20, 30, 40, 50, 60, 70, 80, 90, 95, 100], ""observed_min"": null, ""observed_max"": null, ""attrs"": {}}]","[{""op"": ""resample"", ""params"": {""artifact"": 0, ""method"": ""mode"", ""target_resolution_m"": 40, ""evidence_of_new_information"": true}}]",PROVEN,[]
SGX3_BLIND_landcover_change_001,blind-composition,blind,landcover_change,PROVEN,all constraints satisfied,b9a48d3c4ab5219decc3098a247565670382f2421579975146c77ef6c0a8da2d,"{""goal"": ""landcover_change"", ""required_quantity"": null, ""required_unit"": null, ""decision_time"": null, ""max_resolution_m"": null, ""requires_bare_earth"": false, ""requires_cloud_mask"": false, ""max_uncertainty"": null, ""temporal_tolerance_h"": null, ""required_value_range"": null}","[{""name"": ""WorldCover-20"", ""quantity"": ""land_cover"", ""unit"": null, ""scale"": ""categorical"", ""crs"": ""EPSG:4326"", ""resolution_m"": 20, ""temporal_resolution_h"": null, ""processing_level"": null, ""surface_model"": null, ""vertical_datum"": null, ""acquisition_time"": null, ""available_time"": null, ""provenance"": ""ESA WorldCover"", ""band_role"": null, ""nodata_semantics"": null, ""uncertainty"": null, ""allowed_values"": [10, 20, 30, 40, 50, 60, 70, 80, 90, 95, 100], ""observed_min"": null, ""observed_max"": null, ""attrs"": {}}]","[{""op"": ""resample"", ""params"": {""artifact"": 0, ""method"": ""nearest"", ""target_resolution_m"": 60, ""evidence_of_new_information"": true}}]",PROVEN,[]
SGX3_BLIND_landcover_change_002,blind-composition,blind,landcover_change,REFUTED,continuous categorical interpolation,0ad53e045f0d440496bea712a5fa3128903da036a932bb45607a48cab31d8c65,"{""goal"": ""landcover_change"", ""required_quantity"": null, ""required_unit"": null, ""decision_time"": null, ""max_resolution_m"": null, ""requires_bare_earth"": false, ""requires_cloud_mask"": false, ""max_uncertainty"": null, ""temporal_tolerance_h"": null, ""required_value_range"": null}","[{""name"": ""WorldCover-10"", ""quantity"": ""land_cover"", ""unit"": null, ""scale"": ""categorical"", ""crs"": ""EPSG:4326"", ""resolution_m"": 10, ""temporal_resolution_h"": null, ""processing_level"": null, ""surface_model"": null, ""vertical_datum"": null, ""acquisition_time"": null, ""available_time"": null, ""provenance"": ""ESA WorldCover"", ""band_role"": null, ""nodata_semantics"": null, ""uncertainty"": null, ""allowed_values"": [10, 20, 30, 40, 50, 60, 70, 80, 90, 95, 100], ""observed_min"": null, ""observed_max"": null, ""attrs"": {}}]","[{""op"": ""resample"", ""params"": {""artifact"": 0, ""method"": ""bilinear"", ""target_resolution_m"": 50, ""evidence_of_new_information"": true}}]",REFUTED,"[{""code"": ""CATEGORICAL_INTERPOLATION"", ""verdict"": ""REFUTED"", ""message"": ""bilinear interpolation does not preserve categorical identity."", ""step_index"": 0, ""evidence"": {""measurement_scale"": ""categorical"", ""method"": ""bilinear""}, ""repair"": ""Use nearest-neighbour for identity preservation or mode/majority for aggregation.""}]"
SGX3_BLIND_landcover_change_003,blind-composition,blind,landcover_change,REFUTED,continuous categorical interpolation,9e1beb3bb2cc6fe1501dc398a45a7f713b7004f94321fa05f403d30c6042e212,"{""goal"": ""landcover_change"", ""required_quantity"": null, ""required_unit"": null, ""decision_time"": null, ""max_resolution_m"": null, ""requires_bare_earth"": false, ""requires_cloud_mask"": false, ""max_uncertainty"": null, ""temporal_tolerance_h"": null, ""required_value_range"": null}","[{""name"": ""WorldCover-20"", ""quantity"": ""land_cover"", ""unit"": null, ""scale"": ""categorical"", ""crs"": ""EPSG:4326"", ""resolution_m"": 20, ""temporal_resolution_h"": null, ""processing_level"": null, ""surface_model"": null, ""vertical_datum"": null, ""acquisition_time"": null, ""available_time"": null, ""provenance"": ""ESA WorldCover"", ""band_role"": null, ""nodata_semantics"": null, ""uncertainty"": null, ""allowed_values"": [10, 20, 30, 40, 50, 60, 70, 80, 90, 95, 100], ""observed_min"": null, ""observed_max"": null, ""attrs"": {}}]","[{""op"": ""resample"", ""params"": {""artifact"": 0, ""method"": ""cubic"", ""target_resolution_m"": 50, ""evidence_of_new_information"": true}}]",REFUTED,"[{""code"": ""CATEGORICAL_INTERPOLATION"", ""verdict"": ""REFUTED"", ""message"": ""cubic interpolation does not preserve categorical identity."", ""step_index"": 0, ""evidence"": {""measurement_scale"": ""categorical"", ""method"": ""cubic""}, ""repair"": ""Use nearest-neighbour for identity preservation or mode/majority for aggregation.""}]"
SGX3_BLIND_landcover_change_004,blind-composition,blind,landcover_change,REFUTED,continuous categorical interpolation,df738ffd5c118bb5ca0f01d2a641b41ce20c2825494c8e3338f2558329b6bdc9,"{""goal"": ""landcover_change"", ""required_quantity"": null, ""required_unit"": null, ""decision_time"": null, ""max_resolution_m"": null, ""requires_bare_earth"": false, ""requires_cloud_mask"": false, ""max_uncertainty"": null, ""temporal_tolerance_h"": null, ""required_value_range"": null}","[{""name"": ""WorldCover-20"", ""quantity"": ""land_cover"", ""unit"": null, ""scale"": ""categorical"", ""crs"": ""EPSG:4326"", ""resolution_m"": 20, ""temporal_resolution_h"": null, ""processing_level"": null, ""surface_model"": null, ""vertical_datum"": null, ""acquisition_time"": null, ""available_time"": null, ""provenance"": ""ESA WorldCover"", ""band_role"": null, ""nodata_semantics"": null, ""uncertainty"": null, ""allowed_values"": [10, 20, 30, 40, 50, 60, 70, 80, 90, 95, 100], ""observed_min"": null, ""observed_max"": null, ""attrs"": {}}]","[{""op"": ""resample"", ""params"": {""artifact"": 0, ""method"": ""cubic"", ""target_resolution_m"": 90, ""evidence_of_new_information"": true}}]",REFUTED,"[{""code"": ""CATEGORICAL_INTERPOLATION"", ""verdict"": ""REFUTED"", ""message"": ""cubic interpolation does not preserve categorical identity."", ""step_index"": 0, ""evidence"": {""measurement_scale"": ""categorical"", ""method"": ""cubic""}, ""repair"": ""Use nearest-neighbour for identity preservation or mode/majority for aggregation.""}]"
SGX3_BLIND_landcover_change_005,blind-composition,blind,landcover_change,REFUTED,continuous categorical interpolation,796aaf2ae010fe8780b3f1213cb1976bdc4f7396c784cce55421f8a2f4199652,"{""goal"": ""landcover_change"", ""required_quantity"": null, ""required_unit"": null, ""decision_time"": null, ""max_resolution_m"": null, ""requires_bare_earth"": false, ""requires_cloud_mask"": false, ""max_uncertainty"": null, ""temporal_tolerance_h"": null, ""required_value_range"": null}","[{""name"": ""WorldCover-20"", ""quantity"": ""land_cover"", ""unit"": null, ""scale"": ""categorical"", ""crs"": ""EPSG:4326"", ""resolution_m"": 20, ""temporal_resolution_h"": null, ""processing_level"": null, ""surface_model"": null, ""vertical_datum"": null, ""acquisition_time"": null, ""available_time"": null, ""provenance"": ""ESA WorldCover"", ""band_role"": null, ""nodata_semantics"": null, ""uncertainty"": null, ""allowed_values"": [10, 20, 30, 40, 50, 60, 70, 80, 90, 95, 100], ""observed_min"": null, ""observed_max"": null, ""attrs"": {}}]","[{""op"": ""resample"", ""params"": {""artifact"": 0, ""method"": ""bilinear"", ""target_resolution_m"": 40, ""evidence_of_new_information"": true}}]",REFUTED,"[{""code"": ""CATEGORICAL_INTERPOLATION"", ""verdict"": ""REFUTED"", ""message"": ""bilinear interpolation does not preserve categorical identity."", ""step_index"": 0, ""evidence"": {""measurement_scale"": ""categorical"", ""method"": ""bilinear""}, ""repair"": ""Use nearest-neighbour for identity preservation or mode/majority for aggregation.""}]"
SGX3_BLIND_landcover_change_006,blind-composition,blind,landcover_change,UNPROVEN,missing provenance,4376df06b525890f380232acddf969afeadeb5bbfabd6389b8a4e39ee7f825e7,"{""goal"": ""landcover_change"", ""required_quantity"": null, ""required_unit"": null, ""decision_time"": null, ""max_resolution_m"": null, ""requires_bare_earth"": false, ""requires_cloud_mask"": false, ""max_uncertainty"": null, ""temporal_tolerance_h"": null, ""required_value_range"": null}","[{""name"": ""WorldCover-20"", ""quantity"": ""land_cover"", ""unit"": null, ""scale"": ""categorical"", ""crs"": ""EPSG:4326"", ""resolution_m"": 20, ""temporal_resolution_h"": null, ""processing_level"": null, ""surface_model"": null, ""vertical_datum"": null, ""acquisition_time"": null, ""available_time"": null, ""provenance"": null, ""band_role"": null, ""nodata_semantics"": null, ""uncertainty"": null, ""allowed_values"": [10, 20, 30, 40, 50, 60, 70, 80, 90, 95, 100], ""observed_min"": null, ""observed_max"": null, ""attrs"": {}}]","[{""op"": ""resample"", ""params"": {""artifact"": 0, ""method"": ""mode"", ""target_resolution_m"": 20, ""evidence_of_new_information"": true}}]",UNPROVEN,"[{""code"": ""PROVENANCE_MISSING"", ""verdict"": ""UNPROVEN"", ""message"": ""Provenance is missing for artifact 0: WorldCover-20."", ""step_index"": null, ""evidence"": {""artifact"": 0}, ""repair"": ""Attach authoritative product/version/acquisition metadata.""}]"
SGX3_BLIND_landcover_change_007,blind-composition,blind,landcover_change,REFUTED,continuous categorical interpolation,29f455c72cc424e8acac15afa58483d050b8b6df054e284e6d32a6be73b4a091,"{""goal"": ""landcover_change"", ""required_quantity"": null, ""required_unit"": null, ""decision_time"": null, ""max_resolution_m"": null, ""requires_bare_earth"": false, ""requires_cloud_mask"": false, ""max_uncertainty"": null, ""temporal_tolerance_h"": null, ""required_value_range"": null}","[{""name"": ""WorldCover-20"", ""quantity"": ""land_cover"", ""unit"": null, ""scale"": ""categorical"", ""crs"": ""EPSG:4326"", ""resolution_m"": 20, ""temporal_resolution_h"": null, ""processing_level"": null, ""surface_model"": null, ""vertical_datum"": null, ""acquisition_time"": null, ""available_time"": null, ""provenance"": ""ESA WorldCover"", ""band_role"": null, ""nodata_semantics"": null, ""uncertainty"": null, ""allowed_values"": [10, 20, 30, 40, 50, 60, 70, 80, 90, 95, 100], ""observed_min"": null, ""observed_max"": null, ""attrs"": {}}]","[{""op"": ""resample"", ""params"": {""artifact"": 0, ""method"": ""lanczos"", ""target_resolution_m"": 40, ""evidence_of_new_information"": true}}]",REFUTED,"[{""code"": ""CATEGORICAL_INTERPOLATION"", ""verdict"": ""REFUTED"", ""message"": ""lanczos interpolation does not preserve categorical identity."", ""step_index"": 0, ""evidence"": {""measurement_scale"": ""categorical"", ""method"": ""lanczos""}, ""repair"": ""Use nearest-neighbour for identity preservation or mode/majority for aggregation.""}]"
SGX3_BLIND_landcover_change_008,blind-composition,blind,landcover_change,REFUTED,continuous categorical interpolation,b732e77e990a01a1e839a288675033a165c2d2158e38dfcd6fa1c7ad7ff47336,"{""goal"": ""landcover_change"", ""required_quantity"": null, ""required_unit"": null, ""decision_time"": null, ""max_resolution_m"": null, ""requires_bare_earth"": false, ""requires_cloud_mask"": false, ""max_uncertainty"": null, ""temporal_tolerance_h"": null, ""required_value_range"": null}","[{""name"": ""WorldCover-20"", ""quantity"": ""land_cover"", ""unit"": null, ""scale"": ""categorical"", ""crs"": ""EPSG:4326"", ""resolution_m"": 20, ""temporal_resolution_h"": null, ""processing_level"": null, ""surface_model"": null, ""vertical_datum"": null, ""acquisition_time"": null, ""available_time"": null, ""provenance"": ""ESA WorldCover"", ""band_role"": null, ""nodata_semantics"": null, ""uncertainty"": null, ""allowed_values"": [10, 20, 30, 40, 50, 60, 70, 80, 90, 95, 100], ""observed_min"": null, ""observed_max"": null, ""attrs"": {}}]","[{""op"": ""resample"", ""params"": {""artifact"": 0, ""method"": ""bilinear"", ""target_resolution_m"": 90, ""evidence_of_new_information"": true}}]",REFUTED,"[{""code"": ""CATEGORICAL_INTERPOLATION"", ""verdict"": ""REFUTED"", ""message"": ""bilinear interpolation does not preserve categorical identity."", ""step_index"": 0, ""evidence"": {""measurement_scale"": ""categorical"", ""method"": ""bilinear""}, ""repair"": ""Use nearest-neighbour for identity preservation or mode/majority for aggregation.""}]"
SGX3_BLIND_landcover_change_009,blind-composition,blind,landcover_change,REFUTED,continuous categorical interpolation; missing provenance,be5c4dd0bfe0365b37c517d6d997973595f86ff891d1a8664f6e585ec999e920,"{""goal"": ""landcover_change"", ""required_quantity"": null, ""required_unit"": null, ""decision_time"": null, ""max_resolution_m"": null, ""requires_bare_earth"": false, ""requires_cloud_mask"": false, ""max_uncertainty"": null, ""temporal_tolerance_h"": null, ""required_value_range"": null}","[{""name"": ""WorldCover-10"", ""quantity"": ""land_cover"", ""unit"": null, ""scale"": ""categorical"", ""crs"": ""EPSG:4326"", ""resolution_m"": 10, ""temporal_resolution_h"": null, ""processing_level"": null, ""surface_model"": null, ""vertical_datum"": null, ""acquisition_time"": null, ""available_time"": null, ""provenance"": null, ""band_role"": null, ""nodata_semantics"": null, ""uncertainty"": null, ""allowed_values"": [10, 20, 30, 40, 50, 60, 70, 80, 90, 95, 100], ""observed_min"": null, ""observed_max"": null, ""attrs"": {}}]","[{""op"": ""resample"", ""params"": {""artifact"": 0, ""method"": ""cubic"", ""target_resolution_m"": 90, ""evidence_of_new_information"": true}}]",REFUTED,"[{""code"": ""PROVENANCE_MISSING"", ""verdict"": ""UNPROVEN"", ""message"": ""Provenance is missing for artifact 0: WorldCover-10."", ""step_index"": null, ""evidence"": {""artifact"": 0}, ""repair"": ""Attach authoritative product/version/acquisition metadata.""}, {""code"": ""CATEGORICAL_INTERPOLATION"", ""verdict"": ""REFUTED"", ""message"": ""cubic interpolation does not preserve categorical identity."", ""step_index"": 0, ""evidence"": {""measurement_scale"": ""categorical"", ""method"": ""cubic""}, ""repair"": ""Use nearest-neighbour for identity preservation or mode/majority for aggregation.""}]"
SGX3_BLIND_landcover_change_010,blind-composition,blind,landcover_change,UNPROVEN,missing provenance,43ff07533e7e3a61c0627206fc698d7fa29c9bb8e8e126638d7e0c266dd39563,"{""goal"": ""landcover_change"", ""required_quantity"": null, ""required_unit"": null, ""decision_time"": null, ""max_resolution_m"": null, ""requires_bare_earth"": false, ""requires_cloud_mask"": false, ""max_uncertainty"": null, ""temporal_tolerance_h"": null, ""required_value_range"": null}","[{""name"": ""WorldCover-10"", ""quantity"": ""land_cover"", ""unit"": null, ""scale"": ""categorical"", ""crs"": ""EPSG:4326"", ""resolution_m"": 10, ""temporal_resolution_h"": null, ""processing_level"": null, ""surface_model"": null, ""vertical_datum"": null, ""acquisition_time"": null, ""available_time"": null, ""provenance"": null, ""band_role"": null, ""nodata_semantics"": null, ""uncertainty"": null, ""allowed_values"": [10, 20, 30, 40, 50, 60, 70, 80, 90, 95, 100], ""observed_min"": null, ""observed_max"": null, ""attrs"": {}}]","[{""op"": ""resample"", ""params"": {""artifact"": 0, ""method"": ""nearest"", ""target_resolution_m"": 90, ""evidence_of_new_information"": true}}]",UNPROVEN,"[{""code"": ""PROVENANCE_MISSING"", ""verdict"": ""UNPROVEN"", ""message"": ""Provenance is missing for artifact 0: WorldCover-10."", ""step_index"": null, ""evidence"": {""artifact"": 0}, ""repair"": ""Attach authoritative product/version/acquisition metadata.""}]"
SGX3_BLIND_landcover_change_011,blind-composition,blind,landcover_change,REFUTED,continuous categorical interpolation,6bea5948612240d397f9b2e520ef5aa1a0be99f67b4670d17c33ed2c961b9ada,"{""goal"": ""landcover_change"", ""required_quantity"": null, ""required_unit"": null, ""decision_time"": null, ""max_resolution_m"": null, ""requires_bare_earth"": false, ""requires_cloud_mask"": false, ""max_uncertainty"": null, ""temporal_tolerance_h"": null, ""required_value_range"": null}","[{""name"": ""WorldCover-10"", ""quantity"": ""land_cover"", ""unit"": null, ""scale"": ""categorical"", ""crs"": ""EPSG:4326"", ""resolution_m"": 10, ""temporal_resolution_h"": null, ""processing_level"": null, ""surface_model"": null, ""vertical_datum"": null, ""acquisition_time"": null, ""available_time"": null, ""provenance"": ""ESA WorldCover"", ""band_role"": null, ""nodata_semantics"": null, ""uncertainty"": null, ""allowed_values"": [10, 20, 30, 40, 50, 60, 70, 80, 90, 95, 100], ""observed_min"": null, ""observed_max"": null, ""attrs"": {}}]","[{""op"": ""resample"", ""params"": {""artifact"": 0, ""method"": ""lanczos"", ""target_resolution_m"": 60, ""evidence_of_new_information"": true}}]",REFUTED,"[{""code"": ""CATEGORICAL_INTERPOLATION"", ""verdict"": ""REFUTED"", ""message"": ""lanczos interpolation does not preserve categorical identity."", ""step_index"": 0, ""evidence"": {""measurement_scale"": ""categorical"", ""method"": ""lanczos""}, ""repair"": ""Use nearest-neighbour for identity preservation or mode/majority for aggregation.""}]"
SGX3_BLIND_landcover_change_012,blind-composition,blind,landcover_change,REFUTED,continuous categorical interpolation; missing provenance,87e7d72168e11f21d16edc503e21331377bd8d67d0bc6c9eb17a824601e7f95e,"{""goal"": ""landcover_change"", ""required_quantity"": null, ""required_unit"": null, ""decision_time"": null, ""max_resolution_m"": null, ""requires_bare_earth"": false, ""requires_cloud_mask"": false, ""max_uncertainty"": null, ""temporal_tolerance_h"": null, ""required_value_range"": null}","[{""name"": ""WorldCover-20"", ""quantity"": ""land_cover"", ""unit"": null, ""scale"": ""categorical"", ""crs"": ""EPSG:4326"", ""resolution_m"": 20, ""temporal_resolution_h"": null, ""processing_level"": null, ""surface_model"": null, ""vertical_datum"": null, ""acquisition_time"": null, ""available_time"": null, ""provenance"": null, ""band_role"": null, ""nodata_semantics"": null, ""uncertainty"": null, ""allowed_values"": [10, 20, 30, 40, 50, 60, 70, 80, 90, 95, 100], ""observed_min"": null, ""observed_max"": null, ""attrs"": {}}]","[{""op"": ""resample"", ""params"": {""artifact"": 0, ""method"": ""lanczos"", ""target_resolution_m"": 40, ""evidence_of_new_information"": true}}]",REFUTED,"[{""code"": ""PROVENANCE_MISSING"", ""verdict"": ""UNPROVEN"", ""message"": ""Provenance is missing for artifact 0: WorldCover-20."", ""step_index"": null, ""evidence"": {""artifact"": 0}, ""repair"": ""Attach authoritative product/version/acquisition metadata.""}, {""code"": ""CATEGORICAL_INTERPOLATION"", ""verdict"": ""REFUTED"", ""message"": ""lanczos interpolation does not preserve categorical identity."", ""step_index"": 0, ""evidence"": {""measurement_scale"": ""categorical"", ""method"": ""lanczos""}, ""repair"": ""Use nearest-neighbour for identity preservation or mode/majority for aggregation.""}]"
SGX3_BLIND_landcover_change_013,blind-composition,blind,landcover_change,REFUTED,continuous categorical interpolation,9d268db32ffb8885f9639c0590a10f1549be5078a89b2122273d29b14b37f563,"{""goal"": ""landcover_change"", ""required_quantity"": null, ""required_unit"": null, ""decision_time"": null, ""max_resolution_m"": null, ""requires_bare_earth"": false, ""requires_cloud_mask"": false, ""max_uncertainty"": null, ""temporal_tolerance_h"": null, ""required_value_range"": null}","[{""name"": ""WorldCover-20"", ""quantity"": ""land_cover"", ""unit"": null, ""scale"": ""categorical"", ""crs"": ""EPSG:4326"", ""resolution_m"": 20, ""temporal_resolution_h"": null, ""processing_level"": null, ""surface_model"": null, ""vertical_datum"": null, ""acquisition_time"": null, ""available_time"": null, ""provenance"": ""ESA WorldCover"", ""band_role"": null, ""nodata_semantics"": null, ""uncertainty"": null, ""allowed_values"": [10, 20, 30, 40, 50, 60, 70, 80, 90, 95, 100], ""observed_min"": null, ""observed_max"": null, ""attrs"": {}}]","[{""op"": ""resample"", ""params"": {""artifact"": 0, ""method"": ""bilinear"", ""target_resolution_m"": 60, ""evidence_of_new_information"": true}}]",REFUTED,"[{""code"": ""CATEGORICAL_INTERPOLATION"", ""verdict"": ""REFUTED"", ""message"": ""bilinear interpolation does not preserve categorical identity."", ""step_index"": 0, ""evidence"": {""measurement_scale"": ""categorical"", ""method"": ""bilinear""}, ""repair"": ""Use nearest-neighbour for identity preservation or mode/majority for aggregation.""}]"
SGX3_BLIND_landcover_change_014,blind-composition,blind,landcover_change,UNPROVEN,missing provenance,80be04bca4a9b196a5b04212b3a83f028eb7dc739342ca4dbb6c3eeacb2f0efb,"{""goal"": ""landcover_change"", ""required_quantity"": null, ""required_unit"": null, ""decision_time"": null, ""max_resolution_m"": null, ""requires_bare_earth"": false, ""requires_cloud_mask"": false, ""max_uncertainty"": null, ""temporal_tolerance_h"": null, ""required_value_range"": null}","[{""name"": ""WorldCover-10"", ""quantity"": ""land_cover"", ""unit"": null, ""scale"": ""categorical"", ""crs"": ""EPSG:4326"", ""resolution_m"": 10, ""temporal_resolution_h"": null, ""processing_level"": null, ""surface_model"": null, ""vertical_datum"": null, ""acquisition_time"": null, ""available_time"": null, ""provenance"": null, ""band_role"": null, ""nodata_semantics"": null, ""uncertainty"": null, ""allowed_values"": [10, 20, 30, 40, 50, 60, 70, 80, 90, 95, 100], ""observed_min"": null, ""observed_max"": null, ""attrs"": {}}]","[{""op"": ""resample"", ""params"": {""artifact"": 0, ""method"": ""mode"", ""target_resolution_m"": 90, ""evidence_of_new_information"": true}}]",UNPROVEN,"[{""code"": ""PROVENANCE_MISSING"", ""verdict"": ""UNPROVEN"", ""message"": ""Provenance is missing for artifact 0: WorldCover-10."", ""step_index"": null, ""evidence"": {""artifact"": 0}, ""repair"": ""Attach authoritative product/version/acquisition metadata.""}]"
SGX3_BLIND_landcover_change_015,blind-composition,blind,landcover_change,REFUTED,continuous categorical interpolation,e61d1d6fae60799c832da726821fc4b864d3efe5f0eea250770fbe9b18816c2b,"{""goal"": ""landcover_change"", ""required_quantity"": null, ""required_unit"": null, ""decision_time"": null, ""max_resolution_m"": null, ""requires_bare_earth"": false, ""requires_cloud_mask"": false, ""max_uncertainty"": null, ""temporal_tolerance_h"": null, ""required_value_range"": null}","[{""name"": ""WorldCover-20"", ""quantity"": ""land_cover"", ""unit"": null, ""scale"": ""categorical"", ""crs"": ""EPSG:4326"", ""resolution_m"": 20, ""temporal_resolution_h"": null, ""processing_level"": null, ""surface_model"": null, ""vertical_datum"": null, ""acquisition_time"": null, ""available_time"": null, ""provenance"": ""ESA WorldCover"", ""band_role"": null, ""nodata_semantics"": null, ""uncertainty"": null, ""allowed_values"": [10, 20, 30, 40, 50, 60, 70, 80, 90, 95, 100], ""observed_min"": null, ""observed_max"": null, ""attrs"": {}}]","[{""op"": ""resample"", ""params"": {""artifact"": 0, ""method"": ""cubic"", ""target_resolution_m"": 40, ""evidence_of_new_information"": true}}]",REFUTED,"[{""code"": ""CATEGORICAL_INTERPOLATION"", ""verdict"": ""REFUTED"", ""message"": ""cubic interpolation does not preserve categorical identity."", ""step_index"": 0, ""evidence"": {""measurement_scale"": ""categorical"", ""method"": ""cubic""}, ""repair"": ""Use nearest-neighbour for identity preservation or mode/majority for aggregation.""}]"
SGX3_BLIND_landcover_change_016,blind-composition,blind,landcover_change,REFUTED,continuous categorical interpolation; missing provenance,6d6e27ecd8a6adb94d834df70af20c58df6b76bf574c051f0dc2735733df6893,"{""goal"": ""landcover_change"", ""required_quantity"": null, ""required_unit"": null, ""decision_time"": null, ""max_resolution_m"": null, ""requires_bare_earth"": false, ""requires_cloud_mask"": false, ""max_uncertainty"": null, ""temporal_tolerance_h"": null, ""required_value_range"": null}","[{""name"": ""WorldCover-20"", ""quantity"": ""land_cover"", ""unit"": null, ""scale"": ""categorical"", ""crs"": ""EPSG:4326"", ""resolution_m"": 20, ""temporal_resolution_h"": null, ""processing_level"": null, ""surface_model"": null, ""vertical_datum"": null, ""acquisition_time"": null, ""available_time"": null, ""provenance"": null, ""band_role"": null, ""nodata_semantics"": null, ""uncertainty"": null, ""allowed_values"": [10, 20, 30, 40, 50, 60, 70, 80, 90, 95, 100], ""observed_min"": null, ""observed_max"": null, ""attrs"": {}}]","[{""op"": ""resample"", ""params"": {""artifact"": 0, ""method"": ""lanczos"", ""target_resolution_m"": 90, ""evidence_of_new_information"": true}}]",REFUTED,"[{""code"": ""PROVENANCE_MISSING"", ""verdict"": ""UNPROVEN"", ""message"": ""Provenance is missing for artifact 0: WorldCover-20."", ""step_index"": null, ""evidence"": {""artifact"": 0}, ""repair"": ""Attach authoritative product/version/acquisition metadata.""}, {""code"": ""CATEGORICAL_INTERPOLATION"", ""verdict"": ""REFUTED"", ""message"": ""lanczos interpolation does not preserve categorical identity."", ""step_index"": 0, ""evidence"": {""measurement_scale"": ""categorical"", ""method"": ""lanczos""}, ""repair"": ""Use nearest-neighbour for identity preservation or mode/majority for aggregation.""}]"
SGX3_BLIND_landcover_change_017,blind-composition,blind,landcover_change,REFUTED,continuous categorical interpolation; missing provenance,73729e3ee011fb0d11ed00e28c9249b7cdf6a40cbb092ce8e86b38f82f403bfd,"{""goal"": ""landcover_change"", ""required_quantity"": null, ""required_unit"": null, ""decision_time"": null, ""max_resolution_m"": null, ""requires_bare_earth"": false, ""requires_cloud_mask"": false, ""max_uncertainty"": null, ""temporal_tolerance_h"": null, ""required_value_range"": null}","[{""name"": ""WorldCover-10"", ""quantity"": ""land_cover"", ""unit"": null, ""scale"": ""categorical"", ""crs"": ""EPSG:4326"", ""resolution_m"": 10, ""temporal_resolution_h"": null, ""processing_level"": null, ""surface_model"": null, ""vertical_datum"": null, ""acquisition_time"": null, ""available_time"": null, ""provenance"": null, ""band_role"": null, ""nodata_semantics"": null, ""uncertainty"": null, ""allowed_values"": [10, 20, 30, 40, 50, 60, 70, 80, 90, 95, 100], ""observed_min"": null, ""observed_max"": null, ""attrs"": {}}]","[{""op"": ""resample"", ""params"": {""artifact"": 0, ""method"": ""bilinear"", ""target_resolution_m"": 60, ""evidence_of_new_information"": true}}]",REFUTED,"[{""code"": ""PROVENANCE_MISSING"", ""verdict"": ""UNPROVEN"", ""message"": ""Provenance is missing for artifact 0: WorldCover-10."", ""step_index"": null, ""evidence"": {""artifact"": 0}, ""repair"": ""Attach authoritative product/version/acquisition metadata.""}, {""code"": ""CATEGORICAL_INTERPOLATION"", ""verdict"": ""REFUTED"", ""message"": ""bilinear interpolation does not preserve categorical identity."", ""step_index"": 0, ""evidence"": {""measurement_scale"": ""categorical"", ""method"": ""bilinear""}, ""repair"": ""Use nearest-neighbour for identity preservation or mode/majority for aggregation.""}]"
SGX3_BLIND_landcover_change_018,blind-composition,blind,landcover_change,REFUTED,continuous categorical interpolation; missing provenance,c464fac37e07682b1237d1bddaec3d1148748e0223ff60f30d6f762b934410c1,"{""goal"": ""landcover_change"", ""required_quantity"": null, ""required_unit"": null, ""decision_time"": null, ""max_resolution_m"": null, ""requires_bare_earth"": false, ""requires_cloud_mask"": false, ""max_uncertainty"": null, ""temporal_tolerance_h"": null, ""required_value_range"": null}","[{""name"": ""WorldCover-10"", ""quantity"": ""land_cover"", ""unit"": null, ""scale"": ""categorical"", ""crs"": ""EPSG:4326"", ""resolution_m"": 10, ""temporal_resolution_h"": null, ""processing_level"": null, ""surface_model"": null, ""vertical_datum"": null, ""acquisition_time"": null, ""available_time"": null, ""provenance"": null, ""band_role"": null, ""nodata_semantics"": null, ""uncertainty"": null, ""allowed_values"": [10, 20, 30, 40, 50, 60, 70, 80, 90, 95, 100], ""observed_min"": null, ""observed_max"": null, ""attrs"": {}}]","[{""op"": ""resample"", ""params"": {""artifact"": 0, ""method"": ""lanczos"", ""target_resolution_m"": 60, ""evidence_of_new_information"": true}}]",REFUTED,"[{""code"": ""PROVENANCE_MISSING"", ""verdict"": ""UNPROVEN"", ""message"": ""Provenance is missing for artifact 0: WorldCover-10."", ""step_index"": null, ""evidence"": {""artifact"": 0}, ""repair"": ""Attach authoritative product/version/acquisition metadata.""}, {""code"": ""CATEGORICAL_INTERPOLATION"", ""verdict"": ""REFUTED"", ""message"": ""lanczos interpolation does not preserve categorical identity."", ""step_index"": 0, ""evidence"": {""measurement_scale"": ""categorical"", ""method"": ""lanczos""}, ""repair"": ""Use nearest-neighbour for identity preservation or mode/majority for aggregation.""}]"
SGX3_BLIND_landcover_change_019,blind-composition,blind,landcover_change,PROVEN,all constraints satisfied,a5b7a7f7d10a861deb3dba34736d5267499aa4d2cd958e10ede49fd4ed4c00cf,"{""goal"": ""landcover_change"", ""required_quantity"": null, ""required_unit"": null, ""decision_time"": null, ""max_resolution_m"": null, ""requires_bare_earth"": false, ""requires_cloud_mask"": false, ""max_uncertainty"": null, ""temporal_tolerance_h"": null, ""required_value_range"": null}","[{""name"": ""WorldCover-10"", ""quantity"": ""land_cover"", ""unit"": null, ""scale"": ""categorical"", ""crs"": ""EPSG:4326"", ""resolution_m"": 10, ""temporal_resolution_h"": null, ""processing_level"": null, ""surface_model"": null, ""vertical_datum"": null, ""acquisition_time"": null, ""available_time"": null, ""provenance"": ""ESA WorldCover"", ""band_role"": null, ""nodata_semantics"": null, ""uncertainty"": null, ""allowed_values"": [10, 20, 30, 40, 50, 60, 70, 80, 90, 95, 100], ""observed_min"": null, ""observed_max"": null, ""attrs"": {}}]","[{""op"": ""resample"", ""params"": {""artifact"": 0, ""method"": ""mode"", ""target_resolution_m"": 30, ""evidence_of_new_information"": true}}]",PROVEN,[]
SGX3_BLIND_landcover_change_020,blind-composition,blind,landcover_change,UNPROVEN,missing provenance,c90e9137a704747eca691410f7cf04d11a3235ed90f592921f0892e8cd15111e,"{""goal"": ""landcover_change"", ""required_quantity"": null, ""required_unit"": null, ""decision_time"": null, ""max_resolution_m"": null, ""requires_bare_earth"": false, ""requires_cloud_mask"": false, ""max_uncertainty"": null, ""temporal_tolerance_h"": null, ""required_value_range"": null}","[{""name"": ""WorldCover-10"", ""quantity"": ""land_cover"", ""unit"": null, ""scale"": ""categorical"", ""crs"": ""EPSG:4326"", ""resolution_m"": 10, ""temporal_resolution_h"": null, ""processing_level"": null, ""surface_model"": null, ""vertical_datum"": null, ""acquisition_time"": null, ""available_time"": null, ""provenance"": null, ""band_role"": null, ""nodata_semantics"": null, ""uncertainty"": null, ""allowed_values"": [10, 20, 30, 40, 50, 60, 70, 80, 90, 95, 100], ""observed_min"": null, ""observed_max"": null, ""attrs"": {}}]","[{""op"": ""resample"", ""params"": {""artifact"": 0, ""method"": ""mode"", ""target_resolution_m"": 30, ""evidence_of_new_information"": true}}]",UNPROVEN,"[{""code"": ""PROVENANCE_MISSING"", ""verdict"": ""UNPROVEN"", ""message"": ""Provenance is missing for artifact 0: WorldCover-10."", ""step_index"": null, ""evidence"": {""artifact"": 0}, ""repair"": ""Attach authoritative product/version/acquisition metadata.""}]"
SGX3_BLIND_landcover_change_021,blind-composition,blind,landcover_change,UNPROVEN,missing provenance,f1d0f530754c08b2da3fd7ef829d0b31c04ace0bca76cbfcde33e2bd4d72c768,"{""goal"": ""landcover_change"", ""required_quantity"": null, ""required_unit"": null, ""decision_time"": null, ""max_resolution_m"": null, ""requires_bare_earth"": false, ""requires_cloud_mask"": false, ""max_uncertainty"": null, ""temporal_tolerance_h"": null, ""required_value_range"": null}","[{""name"": ""WorldCover-10"", ""quantity"": ""land_cover"", ""unit"": null, ""scale"": ""categorical"", ""crs"": ""EPSG:4326"", ""resolution_m"": 10, ""temporal_resolution_h"": null, ""processing_level"": null, ""surface_model"": null, ""vertical_datum"": null, ""acquisition_time"": null, ""available_time"": null, ""provenance"": null, ""band_role"": null, ""nodata_semantics"": null, ""uncertainty"": null, ""allowed_values"": [10, 20, 30, 40, 50, 60, 70, 80, 90, 95, 100], ""observed_min"": null, ""observed_max"": null, ""attrs"": {}}]","[{""op"": ""resample"", ""params"": {""artifact"": 0, ""method"": ""nearest"", ""target_resolution_m"": 40, ""evidence_of_new_information"": true}}]",UNPROVEN,"[{""code"": ""PROVENANCE_MISSING"", ""verdict"": ""UNPROVEN"", ""message"": ""Provenance is missing for artifact 0: WorldCover-10."", ""step_index"": null, ""evidence"": {""artifact"": 0}, ""repair"": ""Attach authoritative product/version/acquisition metadata.""}]"
SGX3_BLIND_landcover_change_022,blind-composition,blind,landcover_change,REFUTED,continuous categorical interpolation,43f5f4ce71782932f534c60f62c44aa886892e4cafda07c0cdc559027bd7dc9a,"{""goal"": ""landcover_change"", ""required_quantity"": null, ""required_unit"": null, ""decision_time"": null, ""max_resolution_m"": null, ""requires_bare_earth"": false, ""requires_cloud_mask"": false, ""max_uncertainty"": null, ""temporal_tolerance_h"": null, ""required_value_range"": null}","[{""name"": ""WorldCover-20"", ""quantity"": ""land_cover"", ""unit"": null, ""scale"": ""categorical"", ""crs"": ""EPSG:4326"", ""resolution_m"": 20, ""temporal_resolution_h"": null, ""processing_level"": null, ""surface_model"": null, ""vertical_datum"": null, ""acquisition_time"": null, ""available_time"": null, ""provenance"": ""ESA WorldCover"", ""band_role"": null, ""nodata_semantics"": null, ""uncertainty"": null, ""allowed_values"": [10, 20, 30, 40, 50, 60, 70, 80, 90, 95, 100], ""observed_min"": null, ""observed_max"": null, ""attrs"": {}}]","[{""op"": ""resample"", ""params"": {""artifact"": 0, ""method"": ""lanczos"", ""target_resolution_m"": 30, ""evidence_of_new_information"": true}}]",REFUTED,"[{""code"": ""CATEGORICAL_INTERPOLATION"", ""verdict"": ""REFUTED"", ""message"": ""lanczos interpolation does not preserve categorical identity."", ""step_index"": 0, ""evidence"": {""measurement_scale"": ""categorical"", ""method"": ""lanczos""}, ""repair"": ""Use nearest-neighbour for identity preservation or mode/majority for aggregation.""}]"
SGX3_BLIND_landcover_change_023,blind-composition,blind,landcover_change,REFUTED,continuous categorical interpolation; missing provenance,4408790aad7a0fdca537e533e79309e6538b532a39f8e35e86ca27a698865413,"{""goal"": ""landcover_change"", ""required_quantity"": null, ""required_unit"": null, ""decision_time"": null, ""max_resolution_m"": null, ""requires_bare_earth"": false, ""requires_cloud_mask"": false, ""max_uncertainty"": null, ""temporal_tolerance_h"": null, ""required_value_range"": null}","[{""name"": ""WorldCover-10"", ""quantity"": ""land_cover"", ""unit"": null, ""scale"": ""categorical"", ""crs"": ""EPSG:4326"", ""resolution_m"": 10, ""temporal_resolution_h"": null, ""processing_level"": null, ""surface_model"": null, ""vertical_datum"": null, ""acquisition_time"": null, ""available_time"": null, ""provenance"": null, ""band_role"": null, ""nodata_semantics"": null, ""uncertainty"": null, ""allowed_values"": [10, 20, 30, 40, 50, 60, 70, 80, 90, 95, 100], ""observed_min"": null, ""observed_max"": null, ""attrs"": {}}]","[{""op"": ""resample"", ""params"": {""artifact"": 0, ""method"": ""bilinear"", ""target_resolution_m"": 20, ""evidence_of_new_information"": true}}]",REFUTED,"[{""code"": ""PROVENANCE_MISSING"", ""verdict"": ""UNPROVEN"", ""message"": ""Provenance is missing for artifact 0: WorldCover-10."", ""step_index"": null, ""evidence"": {""artifact"": 0}, ""repair"": ""Attach authoritative product/version/acquisition metadata.""}, {""code"": ""CATEGORICAL_INTERPOLATION"", ""verdict"": ""REFUTED"", ""message"": ""bilinear interpolation does not preserve categorical identity."", ""step_index"": 0, ""evidence"": {""measurement_scale"": ""categorical"", ""method"": ""bilinear""}, ""repair"": ""Use nearest-neighbour for identity preservation or mode/majority for aggregation.""}]"
SGX3_BLIND_landcover_change_024,blind-composition,blind,landcover_change,REFUTED,continuous categorical interpolation; missing provenance,0827de130cc147bf051d3c1756b8f3df647f42274a55c2dbc2adcbd887b0e73c,"{""goal"": ""landcover_change"", ""required_quantity"": null, ""required_unit"": null, ""decision_time"": null, ""max_resolution_m"": null, ""requires_bare_earth"": false, ""requires_cloud_mask"": false, ""max_uncertainty"": null, ""temporal_tolerance_h"": null, ""required_value_range"": null}","[{""name"": ""WorldCover-10"", ""quantity"": ""land_cover"", ""unit"": null, ""scale"": ""categorical"", ""crs"": ""EPSG:4326"", ""resolution_m"": 10, ""temporal_resolution_h"": null, ""processing_level"": null, ""surface_model"": null, ""vertical_datum"": null, ""acquisition_time"": null, ""available_time"": null, ""provenance"": null, ""band_role"": null, ""nodata_semantics"": null, ""uncertainty"": null, ""allowed_values"": [10, 20, 30, 40, 50, 60, 70, 80, 90, 95, 100], ""observed_min"": null, ""observed_max"": null, ""attrs"": {}}]","[{""op"": ""resample"", ""params"": {""artifact"": 0, ""method"": ""lanczos"", ""target_resolution_m"": 30, ""evidence_of_new_information"": true}}]",REFUTED,"[{""code"": ""PROVENANCE_MISSING"", ""verdict"": ""UNPROVEN"", ""message"": ""Provenance is missing for artifact 0: WorldCover-10."", ""step_index"": null, ""evidence"": {""artifact"": 0}, ""repair"": ""Attach authoritative product/version/acquisition metadata.""}, {""code"": ""CATEGORICAL_INTERPOLATION"", ""verdict"": ""REFUTED"", ""message"": ""lanczos interpolation does not preserve categorical identity."", ""step_index"": 0, ""evidence"": {""measurement_scale"": ""categorical"", ""method"": ""lanczos""}, ""repair"": ""Use nearest-neighbour for identity preservation or mode/majority for aggregation.""}]"
SGX3_BLIND_landcover_change_025,blind-composition,blind,landcover_change,REFUTED,continuous categorical interpolation; missing provenance,e20da9a70cf6075f16ee9d37c96b8a2c7663f3217f7703b010b538f52f7b75d0,"{""goal"": ""landcover_change"", ""required_quantity"": null, ""required_unit"": null, ""decision_time"": null, ""max_resolution_m"": null, ""requires_bare_earth"": false, ""requires_cloud_mask"": false, ""max_uncertainty"": null, ""temporal_tolerance_h"": null, ""required_value_range"": null}","[{""name"": ""WorldCover-20"", ""quantity"": ""land_cover"", ""unit"": null, ""scale"": ""categorical"", ""crs"": ""EPSG:4326"", ""resolution_m"": 20, ""temporal_resolution_h"": null, ""processing_level"": null, ""surface_model"": null, ""vertical_datum"": null, ""acquisition_time"": null, ""available_time"": null, ""provenance"": null, ""band_role"": null, ""nodata_semantics"": null, ""uncertainty"": null, ""allowed_values"": [10, 20, 30, 40, 50, 60, 70, 80, 90, 95, 100], ""observed_min"": null, ""observed_max"": null, ""attrs"": {}}]","[{""op"": ""resample"", ""params"": {""artifact"": 0, ""method"": ""cubic"", ""target_resolution_m"": 30, ""evidence_of_new_information"": true}}]",REFUTED,"[{""code"": ""PROVENANCE_MISSING"", ""verdict"": ""UNPROVEN"", ""message"": ""Provenance is missing for artifact 0: WorldCover-20."", ""step_index"": null, ""evidence"": {""artifact"": 0}, ""repair"": ""Attach authoritative product/version/acquisition metadata.""}, {""code"": ""CATEGORICAL_INTERPOLATION"", ""verdict"": ""REFUTED"", ""message"": ""cubic interpolation does not preserve categorical identity."", ""step_index"": 0, ""evidence"": {""measurement_scale"": ""categorical"", ""method"": ""cubic""}, ""repair"": ""Use nearest-neighbour for identity preservation or mode/majority for aggregation.""}]"
SGX3_BLIND_landcover_change_026,blind-composition,blind,landcover_change,PROVEN,all constraints satisfied,9d2cece5a326002a2b565e2c18d733957a42d68dfc2856e55c714b476840b195,"{""goal"": ""landcover_change"", ""required_quantity"": null, ""required_unit"": null, ""decision_time"": null, ""max_resolution_m"": null, ""requires_bare_earth"": false, ""requires_cloud_mask"": false, ""max_uncertainty"": null, ""temporal_tolerance_h"": null, ""required_value_range"": null}","[{""name"": ""WorldCover-20"", ""quantity"": ""land_cover"", ""unit"": null, ""scale"": ""categorical"", ""crs"": ""EPSG:4326"", ""resolution_m"": 20, ""temporal_resolution_h"": null, ""processing_level"": null, ""surface_model"": null, ""vertical_datum"": null, ""acquisition_time"": null, ""available_time"": null, ""provenance"": ""ESA WorldCover"", ""band_role"": null, ""nodata_semantics"": null, ""uncertainty"": null, ""allowed_values"": [10, 20, 30, 40, 50, 60, 70, 80, 90, 95, 100], ""observed_min"": null, ""observed_max"": null, ""attrs"": {}}]","[{""op"": ""resample"", ""params"": {""artifact"": 0, ""method"": ""mode"", ""target_resolution_m"": 50, ""evidence_of_new_information"": true}}]",PROVEN,[]
SGX3_BLIND_landcover_change_027,blind-composition,blind,landcover_change,PROVEN,all constraints satisfied,032aa47353e1cb289f92809003945275d22b99c7a9a7e917a6ee1ea46eabb071,"{""goal"": ""landcover_change"", ""required_quantity"": null, ""required_unit"": null, ""decision_time"": null, ""max_resolution_m"": null, ""requires_bare_earth"": false, ""requires_cloud_mask"": false, ""max_uncertainty"": null, ""temporal_tolerance_h"": null, ""required_value_range"": null}","[{""name"": ""WorldCover-20"", ""quantity"": ""land_cover"", ""unit"": null, ""scale"": ""categorical"", ""crs"": ""EPSG:4326"", ""resolution_m"": 20, ""temporal_resolution_h"": null, ""processing_level"": null, ""surface_model"": null, ""vertical_datum"": null, ""acquisition_time"": null, ""available_time"": null, ""provenance"": ""ESA WorldCover"", ""band_role"": null, ""nodata_semantics"": null, ""uncertainty"": null, ""allowed_values"": [10, 20, 30, 40, 50, 60, 70, 80, 90, 95, 100], ""observed_min"": null, ""observed_max"": null, ""attrs"": {}}]","[{""op"": ""resample"", ""params"": {""artifact"": 0, ""method"": ""mode"", ""target_resolution_m"": 60, ""evidence_of_new_information"": true}}]",PROVEN,[]
SGX3_BLIND_landcover_change_028,blind-composition,blind,landcover_change,REFUTED,continuous categorical interpolation; missing provenance,b25508a4eb5986d5c4c38573997e7fe0061e9b039727c46f42f44dc6da7138f8,"{""goal"": ""landcover_change"", ""required_quantity"": null, ""required_unit"": null, ""decision_time"": null, ""max_resolution_m"": null, ""requires_bare_earth"": false, ""requires_cloud_mask"": false, ""max_uncertainty"": null, ""temporal_tolerance_h"": null, ""required_value_range"": null}","[{""name"": ""WorldCover-20"", ""quantity"": ""land_cover"", ""unit"": null, ""scale"": ""categorical"", ""crs"": ""EPSG:4326"", ""resolution_m"": 20, ""temporal_resolution_h"": null, ""processing_level"": null, ""surface_model"": null, ""vertical_datum"": null, ""acquisition_time"": null, ""available_time"": null, ""provenance"": null, ""band_role"": null, ""nodata_semantics"": null, ""uncertainty"": null, ""allowed_values"": [10, 20, 30, 40, 50, 60, 70, 80, 90, 95, 100], ""observed_min"": null, ""observed_max"": null, ""attrs"": {}}]","[{""op"": ""resample"", ""params"": {""artifact"": 0, ""method"": ""bilinear"", ""target_resolution_m"": 60, ""evidence_of_new_information"": true}}]",REFUTED,"[{""code"": ""PROVENANCE_MISSING"", ""verdict"": ""UNPROVEN"", ""message"": ""Provenance is missing for artifact 0: WorldCover-20."", ""step_index"": null, ""evidence"": {""artifact"": 0}, ""repair"": ""Attach authoritative product/version/acquisition metadata.""}, {""code"": ""CATEGORICAL_INTERPOLATION"", ""verdict"": ""REFUTED"", ""message"": ""bilinear interpolation does not preserve categorical identity."", ""step_index"": 0, ""evidence"": {""measurement_scale"": ""categorical"", ""method"": ""bilinear""}, ""repair"": ""Use nearest-neighbour for identity preservation or mode/majority for aggregation.""}]"
SGX3_BLIND_landcover_change_029,blind-composition,blind,landcover_change,UNPROVEN,missing provenance,f3dedbf62520121fb097207c48a7636f1dbedc4f3602dca7afd3843f6bf5f20a,"{""goal"": ""landcover_change"", ""required_quantity"": null, ""required_unit"": null, ""decision_time"": null, ""max_resolution_m"": null, ""requires_bare_earth"": false, ""requires_cloud_mask"": false, ""max_uncertainty"": null, ""temporal_tolerance_h"": null, ""required_value_range"": null}","[{""name"": ""WorldCover-20"", ""quantity"": ""land_cover"", ""unit"": null, ""scale"": ""categorical"", ""crs"": ""EPSG:4326"", ""resolution_m"": 20, ""temporal_resolution_h"": null, ""processing_level"": null, ""surface_model"": null, ""vertical_datum"": null, ""acquisition_time"": null, ""available_time"": null, ""provenance"": null, ""band_role"": null, ""nodata_semantics"": null, ""uncertainty"": null, ""allowed_values"": [10, 20, 30, 40, 50, 60, 70, 80, 90, 95, 100], ""observed_min"": null, ""observed_max"": null, ""attrs"": {}}]","[{""op"": ""resample"", ""params"": {""artifact"": 0, ""method"": ""mode"", ""target_resolution_m"": 60, ""evidence_of_new_information"": true}}]",UNPROVEN,"[{""code"": ""PROVENANCE_MISSING"", ""verdict"": ""UNPROVEN"", ""message"": ""Provenance is missing for artifact 0: WorldCover-20."", ""step_index"": null, ""evidence"": {""artifact"": 0}, ""repair"": ""Attach authoritative product/version/acquisition metadata.""}]"
SGX3_BLIND_landcover_change_030,blind-composition,blind,landcover_change,REFUTED,continuous categorical interpolation,2bd616c2c3cd727d5878ae977d8b0c5def406b1bd9e35ee44d7c558643b9af37,"{""goal"": ""landcover_change"", ""required_quantity"": null, ""required_unit"": null, ""decision_time"": null, ""max_resolution_m"": null, ""requires_bare_earth"": false, ""requires_cloud_mask"": false, ""max_uncertainty"": null, ""temporal_tolerance_h"": null, ""required_value_range"": null}","[{""name"": ""WorldCover-10"", ""quantity"": ""land_cover"", ""unit"": null, ""scale"": ""categorical"", ""crs"": ""EPSG:4326"", ""resolution_m"": 10, ""temporal_resolution_h"": null, ""processing_level"": null, ""surface_model"": null, ""vertical_datum"": null, ""acquisition_time"": null, ""available_time"": null, ""provenance"": ""ESA WorldCover"", ""band_role"": null, ""nodata_semantics"": null, ""uncertainty"": null, ""allowed_values"": [10, 20, 30, 40, 50, 60, 70, 80, 90, 95, 100], ""observed_min"": null, ""observed_max"": null, ""attrs"": {}}]","[{""op"": ""resample"", ""params"": {""artifact"": 0, ""method"": ""cubic"", ""target_resolution_m"": 50, ""evidence_of_new_information"": true}}]",REFUTED,"[{""code"": ""CATEGORICAL_INTERPOLATION"", ""verdict"": ""REFUTED"", ""message"": ""cubic interpolation does not preserve categorical identity."", ""step_index"": 0, ""evidence"": {""measurement_scale"": ""categorical"", ""method"": ""cubic""}, ""repair"": ""Use nearest-neighbour for identity preservation or mode/majority for aggregation.""}]"
SGX3_BLIND_landcover_change_031,blind-composition,blind,landcover_change,UNPROVEN,missing provenance,0a2a79abc540ac3492c3ed157b4b0883c2dbe8858edd6f0000d19b0027f40193,"{""goal"": ""landcover_change"", ""required_quantity"": null, ""required_unit"": null, ""decision_time"": null, ""max_resolution_m"": null, ""requires_bare_earth"": false, ""requires_cloud_mask"": false, ""max_uncertainty"": null, ""temporal_tolerance_h"": null, ""required_value_range"": null}","[{""name"": ""WorldCover-10"", ""quantity"": ""land_cover"", ""unit"": null, ""scale"": ""categorical"", ""crs"": ""EPSG:4326"", ""resolution_m"": 10, ""temporal_resolution_h"": null, ""processing_level"": null, ""surface_model"": null, ""vertical_datum"": null, ""acquisition_time"": null, ""available_time"": null, ""provenance"": null, ""band_role"": null, ""nodata_semantics"": null, ""uncertainty"": null, ""allowed_values"": [10, 20, 30, 40, 50, 60, 70, 80, 90, 95, 100], ""observed_min"": null, ""observed_max"": null, ""attrs"": {}}]","[{""op"": ""resample"", ""params"": {""artifact"": 0, ""method"": ""nearest"", ""target_resolution_m"": 30, ""evidence_of_new_information"": true}}]",UNPROVEN,"[{""code"": ""PROVENANCE_MISSING"", ""verdict"": ""UNPROVEN"", ""message"": ""Provenance is missing for artifact 0: WorldCover-10."", ""step_index"": null, ""evidence"": {""artifact"": 0}, ""repair"": ""Attach authoritative product/version/acquisition metadata.""}]"
SGX3_BLIND_landcover_change_032,blind-composition,blind,landcover_change,REFUTED,continuous categorical interpolation,fb1fce2098886b9740f22c99b90fcf872f889305c01cc93823da6e2b8e9c3532,"{""goal"": ""landcover_change"", ""required_quantity"": null, ""required_unit"": null, ""decision_time"": null, ""max_resolution_m"": null, ""requires_bare_earth"": false, ""requires_cloud_mask"": false, ""max_uncertainty"": null, ""temporal_tolerance_h"": null, ""required_value_range"": null}","[{""name"": ""WorldCover-20"", ""quantity"": ""land_cover"", ""unit"": null, ""scale"": ""categorical"", ""crs"": ""EPSG:4326"", ""resolution_m"": 20, ""temporal_resolution_h"": null, ""processing_level"": null, ""surface_model"": null, ""vertical_datum"": null, ""acquisition_time"": null, ""available_time"": null, ""provenance"": ""ESA WorldCover"", ""band_role"": null, ""nodata_semantics"": null, ""uncertainty"": null, ""allowed_values"": [10, 20, 30, 40, 50, 60, 70, 80, 90, 95, 100], ""observed_min"": null, ""observed_max"": null, ""attrs"": {}}]","[{""op"": ""resample"", ""params"": {""artifact"": 0, ""method"": ""lanczos"", ""target_resolution_m"": 50, ""evidence_of_new_information"": true}}]",REFUTED,"[{""code"": ""CATEGORICAL_INTERPOLATION"", ""verdict"": ""REFUTED"", ""message"": ""lanczos interpolation does not preserve categorical identity."", ""step_index"": 0, ""evidence"": {""measurement_scale"": ""categorical"", ""method"": ""lanczos""}, ""repair"": ""Use nearest-neighbour for identity preservation or mode/majority for aggregation.""}]"
SGX3_BLIND_landcover_change_033,blind-composition,blind,landcover_change,REFUTED,continuous categorical interpolation,7e1acbb850c58b839c9d9d7a1f5f42404d37b37de58bbb566a54e38cc945419c,"{""goal"": ""landcover_change"", ""required_quantity"": null, ""required_unit"": null, ""decision_time"": null, ""max_resolution_m"": null, ""requires_bare_earth"": false, ""requires_cloud_mask"": false, ""max_uncertainty"": null, ""temporal_tolerance_h"": null, ""required_value_range"": null}","[{""name"": ""WorldCover-10"", ""quantity"": ""land_cover"", ""unit"": null, ""scale"": ""categorical"", ""crs"": ""EPSG:4326"", ""resolution_m"": 10, ""temporal_resolution_h"": null, ""processing_level"": null, ""surface_model"": null, ""vertical_datum"": null, ""acquisition_time"": null, ""available_time"": null, ""provenance"": ""ESA WorldCover"", ""band_role"": null, ""nodata_semantics"": null, ""uncertainty"": null, ""allowed_values"": [10, 20, 30, 40, 50, 60, 70, 80, 90, 95, 100], ""observed_min"": null, ""observed_max"": null, ""attrs"": {}}]","[{""op"": ""resample"", ""params"": {""artifact"": 0, ""method"": ""cubic"", ""target_resolution_m"": 40, ""evidence_of_new_information"": true}}]",REFUTED,"[{""code"": ""CATEGORICAL_INTERPOLATION"", ""verdict"": ""REFUTED"", ""message"": ""cubic interpolation does not preserve categorical identity."", ""step_index"": 0, ""evidence"": {""measurement_scale"": ""categorical"", ""method"": ""cubic""}, ""repair"": ""Use nearest-neighbour for identity preservation or mode/majority for aggregation.""}]"
SGX3_BLIND_landcover_change_034,blind-composition,blind,landcover_change,REFUTED,continuous categorical interpolation,0ecefe5fe60960691c9c4222e4e3f99ffa9029c1f9c731281bcd3a51c48c8841,"{""goal"": ""landcover_change"", ""required_quantity"": null, ""required_unit"": null, ""decision_time"": null, ""max_resolution_m"": null, ""requires_bare_earth"": false, ""requires_cloud_mask"": false, ""max_uncertainty"": null, ""temporal_tolerance_h"": null, ""required_value_range"": null}","[{""name"": ""WorldCover-20"", ""quantity"": ""land_cover"", ""unit"": null, ""scale"": ""categorical"", ""crs"": ""EPSG:4326"", ""resolution_m"": 20, ""temporal_resolution_h"": null, ""processing_level"": null, ""surface_model"": null, ""vertical_datum"": null, ""acquisition_time"": null, ""available_time"": null, ""provenance"": ""ESA WorldCover"", ""band_role"": null, ""nodata_semantics"": null, ""uncertainty"": null, ""allowed_values"": [10, 20, 30, 40, 50, 60, 70, 80, 90, 95, 100], ""observed_min"": null, ""observed_max"": null, ""attrs"": {}}]","[{""op"": ""resample"", ""params"": {""artifact"": 0, ""method"": ""bilinear"", ""target_resolution_m"": 20, ""evidence_of_new_information"": true}}]",REFUTED,"[{""code"": ""CATEGORICAL_INTERPOLATION"", ""verdict"": ""REFUTED"", ""message"": ""bilinear interpolation does not preserve categorical identity."", ""step_index"": 0, ""evidence"": {""measurement_scale"": ""categorical"", ""method"": ""bilinear""}, ""repair"": ""Use nearest-neighbour for identity preservation or mode/majority for aggregation.""}]"
SGX3_BLIND_landcover_change_035,blind-composition,blind,landcover_change,REFUTED,continuous categorical interpolation,d0d5932b51fa936fca3c8e395f8964a3971bcf783993137252d72cc3277a9b5f,"{""goal"": ""landcover_change"", ""required_quantity"": null, ""required_unit"": null, ""decision_time"": null, ""max_resolution_m"": null, ""requires_bare_earth"": false, ""requires_cloud_mask"": false, ""max_uncertainty"": null, ""temporal_tolerance_h"": null, ""required_value_range"": null}","[{""name"": ""WorldCover-20"", ""quantity"": ""land_cover"", ""unit"": null, ""scale"": ""categorical"", ""crs"": ""EPSG:4326"", ""resolution_m"": 20, ""temporal_resolution_h"": null, ""processing_level"": null, ""surface_model"": null, ""vertical_datum"": null, ""acquisition_time"": null, ""available_time"": null, ""provenance"": ""ESA WorldCover"", ""band_role"": null, ""nodata_semantics"": null, ""uncertainty"": null, ""allowed_values"": [10, 20, 30, 40, 50, 60, 70, 80, 90, 95, 100], ""observed_min"": null, ""observed_max"": null, ""attrs"": {}}]","[{""op"": ""resample"", ""params"": {""artifact"": 0, ""method"": ""lanczos"", ""target_resolution_m"": 60, ""evidence_of_new_information"": true}}]",REFUTED,"[{""code"": ""CATEGORICAL_INTERPOLATION"", ""verdict"": ""REFUTED"", ""message"": ""lanczos interpolation does not preserve categorical identity."", ""step_index"": 0, ""evidence"": {""measurement_scale"": ""categorical"", ""method"": ""lanczos""}, ""repair"": ""Use nearest-neighbour for identity preservation or mode/majority for aggregation.""}]"
SGX3_BLIND_landcover_change_036,blind-composition,blind,landcover_change,REFUTED,continuous categorical interpolation,7e05153eb4189ece386ef2f1115727afe88ed3991ff6785a1f49bf6216550822,"{""goal"": ""landcover_change"", ""required_quantity"": null, ""required_unit"": null, ""decision_time"": null, ""max_resolution_m"": null, ""requires_bare_earth"": false, ""requires_cloud_mask"": false, ""max_uncertainty"": null, ""temporal_tolerance_h"": null, ""required_value_range"": null}","[{""name"": ""WorldCover-10"", ""quantity"": ""land_cover"", ""unit"": null, ""scale"": ""categorical"", ""crs"": ""EPSG:4326"", ""resolution_m"": 10, ""temporal_resolution_h"": null, ""processing_level"": null, ""surface_model"": null, ""vertical_datum"": null, ""acquisition_time"": null, ""available_time"": null, ""provenance"": ""ESA WorldCover"", ""band_role"": null, ""nodata_semantics"": null, ""uncertainty"": null, ""allowed_values"": [10, 20, 30, 40, 50, 60, 70, 80, 90, 95, 100], ""observed_min"": null, ""observed_max"": null, ""attrs"": {}}]","[{""op"": ""resample"", ""params"": {""artifact"": 0, ""method"": ""lanczos"", ""target_resolution_m"": 50, ""evidence_of_new_information"": true}}]",REFUTED,"[{""code"": ""CATEGORICAL_INTERPOLATION"", ""verdict"": ""REFUTED"", ""message"": ""lanczos interpolation does not preserve categorical identity."", ""step_index"": 0, ""evidence"": {""measurement_scale"": ""categorical"", ""method"": ""lanczos""}, ""repair"": ""Use nearest-neighbour for identity preservation or mode/majority for aggregation.""}]"
SGX3_BLIND_landcover_change_037,blind-composition,blind,landcover_change,REFUTED,continuous categorical interpolation,e5d5b5571c450f24d7ca6b340ed6ebe17f188a6b20e505e56ed2f3a577fac389,"{""goal"": ""landcover_change"", ""required_quantity"": null, ""required_unit"": null, ""decision_time"": null, ""max_resolution_m"": null, ""requires_bare_earth"": false, ""requires_cloud_mask"": false, ""max_uncertainty"": null, ""temporal_tolerance_h"": null, ""required_value_range"": null}","[{""name"": ""WorldCover-10"", ""quantity"": ""land_cover"", ""unit"": null, ""scale"": ""categorical"", ""crs"": ""EPSG:4326"", ""resolution_m"": 10, ""temporal_resolution_h"": null, ""processing_level"": null, ""surface_model"": null, ""vertical_datum"": null, ""acquisition_time"": null, ""available_time"": null, ""provenance"": ""ESA WorldCover"", ""band_role"": null, ""nodata_semantics"": null, ""uncertainty"": null, ""allowed_values"": [10, 20, 30, 40, 50, 60, 70, 80, 90, 95, 100], ""observed_min"": null, ""observed_max"": null, ""attrs"": {}}]","[{""op"": ""resample"", ""params"": {""artifact"": 0, ""method"": ""bilinear"", ""target_resolution_m"": 20, ""evidence_of_new_information"": true}}]",REFUTED,"[{""code"": ""CATEGORICAL_INTERPOLATION"", ""verdict"": ""REFUTED"", ""message"": ""bilinear interpolation does not preserve categorical identity."", ""step_index"": 0, ""evidence"": {""measurement_scale"": ""categorical"", ""method"": ""bilinear""}, ""repair"": ""Use nearest-neighbour for identity preservation or mode/majority for aggregation.""}]"
SGX3_BLIND_landcover_change_038,blind-composition,blind,landcover_change,UNPROVEN,missing provenance,09651b0205747aabe58a28cea39537a585c9aefd7034c4526b3a613d6334f48d,"{""goal"": ""landcover_change"", ""required_quantity"": null, ""required_unit"": null, ""decision_time"": null, ""max_resolution_m"": null, ""requires_bare_earth"": false, ""requires_cloud_mask"": false, ""max_uncertainty"": null, ""temporal_tolerance_h"": null, ""required_value_range"": null}","[{""name"": ""WorldCover-20"", ""quantity"": ""land_cover"", ""unit"": null, ""scale"": ""categorical"", ""crs"": ""EPSG:4326"", ""resolution_m"": 20, ""temporal_resolution_h"": null, ""processing_level"": null, ""surface_model"": null, ""vertical_datum"": null, ""acquisition_time"": null, ""available_time"": null, ""provenance"": null, ""band_role"": null, ""nodata_semantics"": null, ""uncertainty"": null, ""allowed_values"": [10, 20, 30, 40, 50, 60, 70, 80, 90, 95, 100], ""observed_min"": null, ""observed_max"": null, ""attrs"": {}}]","[{""op"": ""resample"", ""params"": {""artifact"": 0, ""method"": ""nearest"", ""target_resolution_m"": 90, ""evidence_of_new_information"": true}}]",UNPROVEN,"[{""code"": ""PROVENANCE_MISSING"", ""verdict"": ""UNPROVEN"", ""message"": ""Provenance is missing for artifact 0: WorldCover-20."", ""step_index"": null, ""evidence"": {""artifact"": 0}, ""repair"": ""Attach authoritative product/version/acquisition metadata.""}]"
SGX3_BLIND_landcover_change_039,blind-composition,blind,landcover_change,UNPROVEN,missing provenance,13439b43f130766881fa49c3e171de767b95b5fdff5afa9b4955fbe254ee831a,"{""goal"": ""landcover_change"", ""required_quantity"": null, ""required_unit"": null, ""decision_time"": null, ""max_resolution_m"": null, ""requires_bare_earth"": false, ""requires_cloud_mask"": false, ""max_uncertainty"": null, ""temporal_tolerance_h"": null, ""required_value_range"": null}","[{""name"": ""WorldCover-10"", ""quantity"": ""land_cover"", ""unit"": null, ""scale"": ""categorical"", ""crs"": ""EPSG:4326"", ""resolution_m"": 10, ""temporal_resolution_h"": null, ""processing_level"": null, ""surface_model"": null, ""vertical_datum"": null, ""acquisition_time"": null, ""available_time"": null, ""provenance"": null, ""band_role"": null, ""nodata_semantics"": null, ""uncertainty"": null, ""allowed_values"": [10, 20, 30, 40, 50, 60, 70, 80, 90, 95, 100], ""observed_min"": null, ""observed_max"": null, ""attrs"": {}}]","[{""op"": ""resample"", ""params"": {""artifact"": 0, ""method"": ""mode"", ""target_resolution_m"": 20, ""evidence_of_new_information"": true}}]",UNPROVEN,"[{""code"": ""PROVENANCE_MISSING"", ""verdict"": ""UNPROVEN"", ""message"": ""Provenance is missing for artifact 0: WorldCover-10."", ""step_index"": null, ""evidence"": {""artifact"": 0}, ""repair"": ""Attach authoritative product/version/acquisition metadata.""}]"
SGX3_BLIND_landcover_change_040,blind-composition,blind,landcover_change,REFUTED,continuous categorical interpolation; missing provenance,8bcafdc15cb8a26f2c4f860e93d504caaeceb17ba443a9aebcddffefc48ac971,"{""goal"": ""landcover_change"", ""required_quantity"": null, ""required_unit"": null, ""decision_time"": null, ""max_resolution_m"": null, ""requires_bare_earth"": false, ""requires_cloud_mask"": false, ""max_uncertainty"": null, ""temporal_tolerance_h"": null, ""required_value_range"": null}","[{""name"": ""WorldCover-10"", ""quantity"": ""land_cover"", ""unit"": null, ""scale"": ""categorical"", ""crs"": ""EPSG:4326"", ""resolution_m"": 10, ""temporal_resolution_h"": null, ""processing_level"": null, ""surface_model"": null, ""vertical_datum"": null, ""acquisition_time"": null, ""available_time"": null, ""provenance"": null, ""band_role"": null, ""nodata_semantics"": null, ""uncertainty"": null, ""allowed_values"": [10, 20, 30, 40, 50, 60, 70, 80, 90, 95, 100], ""observed_min"": null, ""observed_max"": null, ""attrs"": {}}]","[{""op"": ""resample"", ""params"": {""artifact"": 0, ""method"": ""bilinear"", ""target_resolution_m"": 40, ""evidence_of_new_information"": true}}]",REFUTED,"[{""code"": ""PROVENANCE_MISSING"", ""verdict"": ""UNPROVEN"", ""message"": ""Provenance is missing for artifact 0: WorldCover-10."", ""step_index"": null, ""evidence"": {""artifact"": 0}, ""repair"": ""Attach authoritative product/version/acquisition metadata.""}, {""code"": ""CATEGORICAL_INTERPOLATION"", ""verdict"": ""REFUTED"", ""message"": ""bilinear interpolation does not preserve categorical identity."", ""step_index"": 0, ""evidence"": {""measurement_scale"": ""categorical"", ""method"": ""bilinear""}, ""repair"": ""Use nearest-neighbour for identity preservation or mode/majority for aggregation.""}]"
SGX3_BLIND_landcover_change_041,blind-composition,blind,landcover_change,REFUTED,continuous categorical interpolation; missing provenance,e34879a5a7ba4bbbcb253b71f2101f9994b8063dcc2daf21488daacd9a62a38f,"{""goal"": ""landcover_change"", ""required_quantity"": null, ""required_unit"": null, ""decision_time"": null, ""max_resolution_m"": null, ""requires_bare_earth"": false, ""requires_cloud_mask"": false, ""max_uncertainty"": null, ""temporal_tolerance_h"": null, ""required_value_range"": null}","[{""name"": ""WorldCover-20"", ""quantity"": ""land_cover"", ""unit"": null, ""scale"": ""categorical"", ""crs"": ""EPSG:4326"", ""resolution_m"": 20, ""temporal_resolution_h"": null, ""processing_level"": null, ""surface_model"": null, ""vertical_datum"": null, ""acquisition_time"": null, ""available_time"": null, ""provenance"": null, ""band_role"": null, ""nodata_semantics"": null, ""uncertainty"": null, ""allowed_values"": [10, 20, 30, 40, 50, 60, 70, 80, 90, 95, 100], ""observed_min"": null, ""observed_max"": null, ""attrs"": {}}]","[{""op"": ""resample"", ""params"": {""artifact"": 0, ""method"": ""cubic"", ""target_resolution_m"": 60, ""evidence_of_new_information"": true}}]",REFUTED,"[{""code"": ""PROVENANCE_MISSING"", ""verdict"": ""UNPROVEN"", ""message"": ""Provenance is missing for artifact 0: WorldCover-20."", ""step_index"": null, ""evidence"": {""artifact"": 0}, ""repair"": ""Attach authoritative product/version/acquisition metadata.""}, {""code"": ""CATEGORICAL_INTERPOLATION"", ""verdict"": ""REFUTED"", ""message"": ""cubic interpolation does not preserve categorical identity."", ""step_index"": 0, ""evidence"": {""measurement_scale"": ""categorical"", ""method"": ""cubic""}, ""repair"": ""Use nearest-neighbour for identity preservation or mode/majority for aggregation.""}]"
SGX3_BLIND_landcover_change_042,blind-composition,blind,landcover_change,REFUTED,continuous categorical interpolation; missing provenance,fa74fdd6df876a3a5b2f5224091fccbc8e9bf9c563e8d1e0ccc2649eb95d6b08,"{""goal"": ""landcover_change"", ""required_quantity"": null, ""required_unit"": null, ""decision_time"": null, ""max_resolution_m"": null, ""requires_bare_earth"": false, ""requires_cloud_mask"": false, ""max_uncertainty"": null, ""temporal_tolerance_h"": null, ""required_value_range"": null}","[{""name"": ""WorldCover-10"", ""quantity"": ""land_cover"", ""unit"": null, ""scale"": ""categorical"", ""crs"": ""EPSG:4326"", ""resolution_m"": 10, ""temporal_resolution_h"": null, ""processing_level"": null, ""surface_model"": null, ""vertical_datum"": null, ""acquisition_time"": null, ""available_time"": null, ""provenance"": null, ""band_role"": null, ""nodata_semantics"": null, ""uncertainty"": null, ""allowed_values"": [10, 20, 30, 40, 50, 60, 70, 80, 90, 95, 100], ""observed_min"": null, ""observed_max"": null, ""attrs"": {}}]","[{""op"": ""resample"", ""params"": {""artifact"": 0, ""method"": ""cubic"", ""target_resolution_m"": 30, ""evidence_of_new_information"": true}}]",REFUTED,"[{""code"": ""PROVENANCE_MISSING"", ""verdict"": ""UNPROVEN"", ""message"": ""Provenance is missing for artifact 0: WorldCover-10."", ""step_index"": null, ""evidence"": {""artifact"": 0}, ""repair"": ""Attach authoritative product/version/acquisition metadata.""}, {""code"": ""CATEGORICAL_INTERPOLATION"", ""verdict"": ""REFUTED"", ""message"": ""cubic interpolation does not preserve categorical identity."", ""step_index"": 0, ""evidence"": {""measurement_scale"": ""categorical"", ""method"": ""cubic""}, ""repair"": ""Use nearest-neighbour for identity preservation or mode/majority for aggregation.""}]"
SGX3_BLIND_landcover_change_043,blind-composition,blind,landcover_change,REFUTED,continuous categorical interpolation,bb21680ecb6437899ea8f0c91492593907976e20bfdcbadad6e35417920e3895,"{""goal"": ""landcover_change"", ""required_quantity"": null, ""required_unit"": null, ""decision_time"": null, ""max_resolution_m"": null, ""requires_bare_earth"": false, ""requires_cloud_mask"": false, ""max_uncertainty"": null, ""temporal_tolerance_h"": null, ""required_value_range"": null}","[{""name"": ""WorldCover-10"", ""quantity"": ""land_cover"", ""unit"": null, ""scale"": ""categorical"", ""crs"": ""EPSG:4326"", ""resolution_m"": 10, ""temporal_resolution_h"": null, ""processing_level"": null, ""surface_model"": null, ""vertical_datum"": null, ""acquisition_time"": null, ""available_time"": null, ""provenance"": ""ESA WorldCover"", ""band_role"": null, ""nodata_semantics"": null, ""uncertainty"": null, ""allowed_values"": [10, 20, 30, 40, 50, 60, 70, 80, 90, 95, 100], ""observed_min"": null, ""observed_max"": null, ""attrs"": {}}]","[{""op"": ""resample"", ""params"": {""artifact"": 0, ""method"": ""cubic"", ""target_resolution_m"": 30, ""evidence_of_new_information"": true}}]",REFUTED,"[{""code"": ""CATEGORICAL_INTERPOLATION"", ""verdict"": ""REFUTED"", ""message"": ""cubic interpolation does not preserve categorical identity."", ""step_index"": 0, ""evidence"": {""measurement_scale"": ""categorical"", ""method"": ""cubic""}, ""repair"": ""Use nearest-neighbour for identity preservation or mode/majority for aggregation.""}]"
SGX3_BLIND_landcover_change_044,blind-composition,blind,landcover_change,PROVEN,all constraints satisfied,27a11ddc633a3401fa1dcc8ef40b1651665cfff3892090e938cd04b7f0cd2bc5,"{""goal"": ""landcover_change"", ""required_quantity"": null, ""required_unit"": null, ""decision_time"": null, ""max_resolution_m"": null, ""requires_bare_earth"": false, ""requires_cloud_mask"": false, ""max_uncertainty"": null, ""temporal_tolerance_h"": null, ""required_value_range"": null}","[{""name"": ""WorldCover-10"", ""quantity"": ""land_cover"", ""unit"": null, ""scale"": ""categorical"", ""crs"": ""EPSG:4326"", ""resolution_m"": 10, ""temporal_resolution_h"": null, ""processing_level"": null, ""surface_model"": null, ""vertical_datum"": null, ""acquisition_time"": null, ""available_time"": null, ""provenance"": ""ESA WorldCover"", ""band_role"": null, ""nodata_semantics"": null, ""uncertainty"": null, ""allowed_values"": [10, 20, 30, 40, 50, 60, 70, 80, 90, 95, 100], ""observed_min"": null, ""observed_max"": null, ""attrs"": {}}]","[{""op"": ""resample"", ""params"": {""artifact"": 0, ""method"": ""mode"", ""target_resolution_m"": 20, ""evidence_of_new_information"": true}}]",PROVEN,[]
SGX3_BLIND_landcover_change_045,blind-composition,blind,landcover_change,UNPROVEN,missing provenance,755f940f1156f37d84b11af8ec47cdfd96b124e6a982b93bb64a02b6b067e2a4,"{""goal"": ""landcover_change"", ""required_quantity"": null, ""required_unit"": null, ""decision_time"": null, ""max_resolution_m"": null, ""requires_bare_earth"": false, ""requires_cloud_mask"": false, ""max_uncertainty"": null, ""temporal_tolerance_h"": null, ""required_value_range"": null}","[{""name"": ""WorldCover-10"", ""quantity"": ""land_cover"", ""unit"": null, ""scale"": ""categorical"", ""crs"": ""EPSG:4326"", ""resolution_m"": 10, ""temporal_resolution_h"": null, ""processing_level"": null, ""surface_model"": null, ""vertical_datum"": null, ""acquisition_time"": null, ""available_time"": null, ""provenance"": null, ""band_role"": null, ""nodata_semantics"": null, ""uncertainty"": null, ""allowed_values"": [10, 20, 30, 40, 50, 60, 70, 80, 90, 95, 100], ""observed_min"": null, ""observed_max"": null, ""attrs"": {}}]","[{""op"": ""resample"", ""params"": {""artifact"": 0, ""method"": ""nearest"", ""target_resolution_m"": 50, ""evidence_of_new_information"": true}}]",UNPROVEN,"[{""code"": ""PROVENANCE_MISSING"", ""verdict"": ""UNPROVEN"", ""message"": ""Provenance is missing for artifact 0: WorldCover-10."", ""step_index"": null, ""evidence"": {""artifact"": 0}, ""repair"": ""Attach authoritative product/version/acquisition metadata.""}]"
SGX3_BLIND_landcover_change_046,blind-composition,blind,landcover_change,PROVEN,all constraints satisfied,f13bbfbf6fb43f676f7b43b51e41c32d51e410fe9b83b2cf7e51f8e4d8676b27,"{""goal"": ""landcover_change"", ""required_quantity"": null, ""required_unit"": null, ""decision_time"": null, ""max_resolution_m"": null, ""requires_bare_earth"": false, ""requires_cloud_mask"": false, ""max_uncertainty"": null, ""temporal_tolerance_h"": null, ""required_value_range"": null}","[{""name"": ""WorldCover-20"", ""quantity"": ""land_cover"", ""unit"": null, ""scale"": ""categorical"", ""crs"": ""EPSG:4326"", ""resolution_m"": 20, ""temporal_resolution_h"": null, ""processing_level"": null, ""surface_model"": null, ""vertical_datum"": null, ""acquisition_time"": null, ""available_time"": null, ""provenance"": ""ESA WorldCover"", ""band_role"": null, ""nodata_semantics"": null, ""uncertainty"": null, ""allowed_values"": [10, 20, 30, 40, 50, 60, 70, 80, 90, 95, 100], ""observed_min"": null, ""observed_max"": null, ""attrs"": {}}]","[{""op"": ""resample"", ""params"": {""artifact"": 0, ""method"": ""nearest"", ""target_resolution_m"": 20, ""evidence_of_new_information"": true}}]",PROVEN,[]
SGX3_BLIND_landcover_change_047,blind-composition,blind,landcover_change,REFUTED,continuous categorical interpolation; missing provenance,d8ecd1a62c63600c17c170ba5d0b1fe3cd84984095753bc01debe051d29826b8,"{""goal"": ""landcover_change"", ""required_quantity"": null, ""required_unit"": null, ""decision_time"": null, ""max_resolution_m"": null, ""requires_bare_earth"": false, ""requires_cloud_mask"": false, ""max_uncertainty"": null, ""temporal_tolerance_h"": null, ""required_value_range"": null}","[{""name"": ""WorldCover-20"", ""quantity"": ""land_cover"", ""unit"": null, ""scale"": ""categorical"", ""crs"": ""EPSG:4326"", ""resolution_m"": 20, ""temporal_resolution_h"": null, ""processing_level"": null, ""surface_model"": null, ""vertical_datum"": null, ""acquisition_time"": null, ""available_time"": null, ""provenance"": null, ""band_role"": null, ""nodata_semantics"": null, ""uncertainty"": null, ""allowed_values"": [10, 20, 30, 40, 50, 60, 70, 80, 90, 95, 100], ""observed_min"": null, ""observed_max"": null, ""attrs"": {}}]","[{""op"": ""resample"", ""params"": {""artifact"": 0, ""method"": ""bilinear"", ""target_resolution_m"": 40, ""evidence_of_new_information"": true}}]",REFUTED,"[{""code"": ""PROVENANCE_MISSING"", ""verdict"": ""UNPROVEN"", ""message"": ""Provenance is missing for artifact 0: WorldCover-20."", ""step_index"": null, ""evidence"": {""artifact"": 0}, ""repair"": ""Attach authoritative product/version/acquisition metadata.""}, {""code"": ""CATEGORICAL_INTERPOLATION"", ""verdict"": ""REFUTED"", ""message"": ""bilinear interpolation does not preserve categorical identity."", ""step_index"": 0, ""evidence"": {""measurement_scale"": ""categorical"", ""method"": ""bilinear""}, ""repair"": ""Use nearest-neighbour for identity preservation or mode/majority for aggregation.""}]"
SGX3_BLIND_landcover_change_048,blind-composition,blind,landcover_change,PROVEN,all constraints satisfied,5da27f81561445046c6186560d5943901affc7d8d25afa219a108d26c3e7e55b,"{""goal"": ""landcover_change"", ""required_quantity"": null, ""required_unit"": null, ""decision_time"": null, ""max_resolution_m"": null, ""requires_bare_earth"": false, ""requires_cloud_mask"": false, ""max_uncertainty"": null, ""temporal_tolerance_h"": null, ""required_value_range"": null}","[{""name"": ""WorldCover-20"", ""quantity"": ""land_cover"", ""unit"": null, ""scale"": ""categorical"", ""crs"": ""EPSG:4326"", ""resolution_m"": 20, ""temporal_resolution_h"": null, ""processing_level"": null, ""surface_model"": null, ""vertical_datum"": null, ""acquisition_time"": null, ""available_time"": null, ""provenance"": ""ESA WorldCover"", ""band_role"": null, ""nodata_semantics"": null, ""uncertainty"": null, ""allowed_values"": [10, 20, 30, 40, 50, 60, 70, 80, 90, 95, 100], ""observed_min"": null, ""observed_max"": null, ""attrs"": {}}]","[{""op"": ""resample"", ""params"": {""artifact"": 0, ""method"": ""nearest"", ""target_resolution_m"": 30, ""evidence_of_new_information"": true}}]",PROVEN,[]
SGX3_BLIND_landcover_change_049,blind-composition,blind,landcover_change,REFUTED,continuous categorical interpolation,fda105a28037ca3d16deb5e048a6103cfd36dccd5b9aec35032125f0a46023d7,"{""goal"": ""landcover_change"", ""required_quantity"": null, ""required_unit"": null, ""decision_time"": null, ""max_resolution_m"": null, ""requires_bare_earth"": false, ""requires_cloud_mask"": false, ""max_uncertainty"": null, ""temporal_tolerance_h"": null, ""required_value_range"": null}","[{""name"": ""WorldCover-20"", ""quantity"": ""land_cover"", ""unit"": null, ""scale"": ""categorical"", ""crs"": ""EPSG:4326"", ""resolution_m"": 20, ""temporal_resolution_h"": null, ""processing_level"": null, ""surface_model"": null, ""vertical_datum"": null, ""acquisition_time"": null, ""available_time"": null, ""provenance"": ""ESA WorldCover"", ""band_role"": null, ""nodata_semantics"": null, ""uncertainty"": null, ""allowed_values"": [10, 20, 30, 40, 50, 60, 70, 80, 90, 95, 100], ""observed_min"": null, ""observed_max"": null, ""attrs"": {}}]","[{""op"": ""resample"", ""params"": {""artifact"": 0, ""method"": ""bilinear"", ""target_resolution_m"": 30, ""evidence_of_new_information"": true}}]",REFUTED,"[{""code"": ""CATEGORICAL_INTERPOLATION"", ""verdict"": ""REFUTED"", ""message"": ""bilinear interpolation does not preserve categorical identity."", ""step_index"": 0, ""evidence"": {""measurement_scale"": ""categorical"", ""method"": ""bilinear""}, ""repair"": ""Use nearest-neighbour for identity preservation or mode/majority for aggregation.""}]"
SGX3_BLIND_flood_depth_000,blind-composition,blind,flood_depth,REFUTED,vertical datum mismatch,ce561c8a9acad94c49bbbdd474b3a5e576a87ab78e35d133fc39f13ff4949d87,"{""goal"": ""flood_depth"", ""required_quantity"": null, ""required_unit"": null, ""decision_time"": null, ""max_resolution_m"": null, ""requires_bare_earth"": false, ""requires_cloud_mask"": false, ""max_uncertainty"": null, ""temporal_tolerance_h"": null, ""required_value_range"": null}","[{""name"": ""terrain-90"", ""quantity"": ""elevation"", ""unit"": ""m"", ""scale"": ""continuous"", ""crs"": ""EPSG:32643"", ""resolution_m"": 90, ""temporal_resolution_h"": null, ""processing_level"": null, ""surface_model"": ""DSM"", ""vertical_datum"": ""EGM2008"", ""acquisition_time"": null, ""available_time"": null, ""provenance"": ""Copernicus DEM"", ""band_role"": null, ""nodata_semantics"": null, ""uncertainty"": null, ""allowed_values"": null, ""observed_min"": null, ""observed_max"": null, ""attrs"": {}}, {""name"": ""water-surface"", ""quantity"": ""water_level"", ""unit"": ""km"", ""scale"": ""continuous"", ""crs"": ""EPSG:32643"", ""resolution_m"": 10.0, ""temporal_resolution_h"": null, ""processing_level"": null, ""surface_model"": null, ""vertical_datum"": ""EGM96"", ""acquisition_time"": null, ""available_time"": null, ""provenance"": ""hydraulic model"", ""band_role"": null, ""nodata_semantics"": null, ""uncertainty"": null, ""allowed_values"": null, ""observed_min"": null, ""observed_max"": null, ""attrs"": {}}]","[{""op"": ""combine_vertical"", ""params"": {""a"": 0, ""b"": 1}}, {""op"": ""convert_unit"", ""params"": {""artifact"": 1, ""to"": ""m""}}]",REFUTED,"[{""code"": ""VERTICAL_DATUM_MISMATCH"", ""verdict"": ""REFUTED"", ""message"": ""Vertical quantities use incompatible datums."", ""step_index"": 0, ""evidence"": {""a"": ""EGM2008"", ""b"": ""EGM96""}, ""repair"": null}]"
SGX3_BLIND_flood_depth_001,blind-composition,blind,flood_depth,REFUTED,vertical datum mismatch; dimension-changing unit conversion,3f34564eff340928fefb80798f0aeddee2ce884658603f7c78f7ee1e558ce480,"{""goal"": ""flood_depth"", ""required_quantity"": null, ""required_unit"": null, ""decision_time"": null, ""max_resolution_m"": null, ""requires_bare_earth"": false, ""requires_cloud_mask"": false, ""max_uncertainty"": null, ""temporal_tolerance_h"": null, ""required_value_range"": null}","[{""name"": ""terrain-10"", ""quantity"": ""elevation"", ""unit"": ""m"", ""scale"": ""continuous"", ""crs"": ""EPSG:32643"", ""resolution_m"": 10, ""temporal_resolution_h"": null, ""processing_level"": null, ""surface_model"": ""DSM"", ""vertical_datum"": ""EGM2008"", ""acquisition_time"": null, ""available_time"": null, ""provenance"": ""Copernicus DEM"", ""band_role"": null, ""nodata_semantics"": null, ""uncertainty"": null, ""allowed_values"": null, ""observed_min"": null, ""observed_max"": null, ""attrs"": {}}, {""name"": ""water-surface"", ""quantity"": ""water_level"", ""unit"": ""cm"", ""scale"": ""continuous"", ""crs"": ""EPSG:32643"", ""resolution_m"": 10.0, ""temporal_resolution_h"": null, ""processing_level"": null, ""surface_model"": null, ""vertical_datum"": ""WGS84_ellipsoid"", ""acquisition_time"": null, ""available_time"": null, ""provenance"": ""hydraulic model"", ""band_role"": null, ""nodata_semantics"": null, ""uncertainty"": null, ""allowed_values"": null, ""observed_min"": null, ""observed_max"": null, ""attrs"": {}}]","[{""op"": ""combine_vertical"", ""params"": {""a"": 0, ""b"": 1}}, {""op"": ""convert_unit"", ""params"": {""artifact"": 1, ""to"": ""K""}}]",REFUTED,"[{""code"": ""VERTICAL_DATUM_MISMATCH"", ""verdict"": ""REFUTED"", ""message"": ""Vertical quantities use incompatible datums."", ""step_index"": 0, ""evidence"": {""a"": ""EGM2008"", ""b"": ""WGS84_ellipsoid""}, ""repair"": null}, {""code"": ""UNIT_DIMENSION_MISMATCH"", ""verdict"": ""REFUTED"", ""message"": ""Requested conversion changes physical dimension."", ""step_index"": 1, ""evidence"": {""from"": ""cm"", ""to"": ""K""}, ""repair"": null}]"
SGX3_BLIND_flood_depth_002,blind-composition,blind,flood_depth,REFUTED,vertical datum mismatch; dimension-changing unit conversion,bde8300c192abbdd0d71fdb30d6591d21206461cbb1f5268342c9db70dc79712,"{""goal"": ""flood_depth"", ""required_quantity"": null, ""required_unit"": null, ""decision_time"": null, ""max_resolution_m"": null, ""requires_bare_earth"": false, ""requires_cloud_mask"": false, ""max_uncertainty"": null, ""temporal_tolerance_h"": null, ""required_value_range"": null}","[{""name"": ""terrain-30"", ""quantity"": ""elevation"", ""unit"": ""m"", ""scale"": ""continuous"", ""crs"": ""EPSG:32643"", ""resolution_m"": 30, ""temporal_resolution_h"": null, ""processing_level"": null, ""surface_model"": ""DTM"", ""vertical_datum"": ""EGM2008"", ""acquisition_time"": null, ""available_time"": null, ""provenance"": ""Copernicus DEM"", ""band_role"": null, ""nodata_semantics"": null, ""uncertainty"": null, ""allowed_values"": null, ""observed_min"": null, ""observed_max"": null, ""attrs"": {}}, {""name"": ""water-surface"", ""quantity"": ""water_level"", ""unit"": ""cm"", ""scale"": ""continuous"", ""crs"": ""EPSG:32643"", ""resolution_m"": 10.0, ""temporal_resolution_h"": null, ""processing_level"": null, ""surface_model"": null, ""vertical_datum"": ""EGM96"", ""acquisition_time"": null, ""available_time"": null, ""provenance"": ""hydraulic model"", ""band_role"": null, ""nodata_semantics"": null, ""uncertainty"": null, ""allowed_values"": null, ""observed_min"": null, ""observed_max"": null, ""attrs"": {}}]","[{""op"": ""combine_vertical"", ""params"": {""a"": 0, ""b"": 1}}, {""op"": ""convert_unit"", ""params"": {""artifact"": 1, ""to"": ""K""}}]",REFUTED,"[{""code"": ""VERTICAL_DATUM_MISMATCH"", ""verdict"": ""REFUTED"", ""message"": ""Vertical quantities use incompatible datums."", ""step_index"": 0, ""evidence"": {""a"": ""EGM2008"", ""b"": ""EGM96""}, ""repair"": null}, {""code"": ""UNIT_DIMENSION_MISMATCH"", ""verdict"": ""REFUTED"", ""message"": ""Requested conversion changes physical dimension."", ""step_index"": 1, ""evidence"": {""from"": ""cm"", ""to"": ""K""}, ""repair"": null}]"
SGX3_BLIND_flood_depth_003,blind-composition,blind,flood_depth,REFUTED,vertical datum mismatch,be36ee171bc6e5ec52b9c827f7fb62d6f72393be401f648e6da22e0109eb11a7,"{""goal"": ""flood_depth"", ""required_quantity"": null, ""required_unit"": null, ""decision_time"": null, ""max_resolution_m"": null, ""requires_bare_earth"": false, ""requires_cloud_mask"": false, ""max_uncertainty"": null, ""temporal_tolerance_h"": null, ""required_value_range"": null}","[{""name"": ""terrain-10"", ""quantity"": ""elevation"", ""unit"": ""m"", ""scale"": ""continuous"", ""crs"": ""EPSG:32643"", ""resolution_m"": 10, ""temporal_resolution_h"": null, ""processing_level"": null, ""surface_model"": ""DSM"", ""vertical_datum"": ""EGM2008"", ""acquisition_time"": null, ""available_time"": null, ""provenance"": ""Copernicus DEM"", ""band_role"": null, ""nodata_semantics"": null, ""uncertainty"": null, ""allowed_values"": null, ""observed_min"": null, ""observed_max"": null, ""attrs"": {}}, {""name"": ""water-surface"", ""quantity"": ""water_level"", ""unit"": ""km"", ""scale"": ""continuous"", ""crs"": ""EPSG:32643"", ""resolution_m"": 10.0, ""temporal_resolution_h"": null, ""processing_level"": null, ""surface_model"": null, ""vertical_datum"": ""WGS84_ellipsoid"", ""acquisition_time"": null, ""available_time"": null, ""provenance"": ""hydraulic model"", ""band_role"": null, ""nodata_semantics"": null, ""uncertainty"": null, ""allowed_values"": null, ""observed_min"": null, ""observed_max"": null, ""attrs"": {}}]","[{""op"": ""combine_vertical"", ""params"": {""a"": 0, ""b"": 1}}, {""op"": ""convert_unit"", ""params"": {""artifact"": 1, ""to"": ""m""}}]",REFUTED,"[{""code"": ""VERTICAL_DATUM_MISMATCH"", ""verdict"": ""REFUTED"", ""message"": ""Vertical quantities use incompatible datums."", ""step_index"": 0, ""evidence"": {""a"": ""EGM2008"", ""b"": ""WGS84_ellipsoid""}, ""repair"": null}]"
SGX3_BLIND_flood_depth_004,blind-composition,blind,flood_depth,REFUTED,vertical datum mismatch; dimension-changing unit conversion,d68c7aa79a48506dfdebdbef649485d37cc5f7d9eb64d9fd236db4fe75739386,"{""goal"": ""flood_depth"", ""required_quantity"": null, ""required_unit"": null, ""decision_time"": null, ""max_resolution_m"": null, ""requires_bare_earth"": false, ""requires_cloud_mask"": false, ""max_uncertainty"": null, ""temporal_tolerance_h"": null, ""required_value_range"": null}","[{""name"": ""terrain-10"", ""quantity"": ""elevation"", ""unit"": ""m"", ""scale"": ""continuous"", ""crs"": ""EPSG:32643"", ""resolution_m"": 10, ""temporal_resolution_h"": null, ""processing_level"": null, ""surface_model"": ""DSM"", ""vertical_datum"": ""EGM2008"", ""acquisition_time"": null, ""available_time"": null, ""provenance"": ""Copernicus DEM"", ""band_role"": null, ""nodata_semantics"": null, ""uncertainty"": null, ""allowed_values"": null, ""observed_min"": null, ""observed_max"": null, ""attrs"": {}}, {""name"": ""water-surface"", ""quantity"": ""water_level"", ""unit"": ""m"", ""scale"": ""continuous"", ""crs"": ""EPSG:32643"", ""resolution_m"": 10.0, ""temporal_resolution_h"": null, ""processing_level"": null, ""surface_model"": null, ""vertical_datum"": ""EGM96"", ""acquisition_time"": null, ""available_time"": null, ""provenance"": ""hydraulic model"", ""band_role"": null, ""nodata_semantics"": null, ""uncertainty"": null, ""allowed_values"": null, ""observed_min"": null, ""observed_max"": null, ""attrs"": {}}]","[{""op"": ""combine_vertical"", ""params"": {""a"": 0, ""b"": 1}}, {""op"": ""convert_unit"", ""params"": {""artifact"": 1, ""to"": ""K""}}]",REFUTED,"[{""code"": ""VERTICAL_DATUM_MISMATCH"", ""verdict"": ""REFUTED"", ""message"": ""Vertical quantities use incompatible datums."", ""step_index"": 0, ""evidence"": {""a"": ""EGM2008"", ""b"": ""EGM96""}, ""repair"": null}, {""code"": ""UNIT_DIMENSION_MISMATCH"", ""verdict"": ""REFUTED"", ""message"": ""Requested conversion changes physical dimension."", ""step_index"": 1, ""evidence"": {""from"": ""m"", ""to"": ""K""}, ""repair"": null}]"
SGX3_BLIND_flood_depth_005,blind-composition,blind,flood_depth,REFUTED,vertical datum mismatch,8317bba43bc7f4f468569ce05a71283da6af8525d462d8707778f2b15776f213,"{""goal"": ""flood_depth"", ""required_quantity"": null, ""required_unit"": null, ""decision_time"": null, ""max_resolution_m"": null, ""requires_bare_earth"": false, ""requires_cloud_mask"": false, ""max_uncertainty"": null, ""temporal_tolerance_h"": null, ""required_value_range"": null}","[{""name"": ""terrain-90"", ""quantity"": ""elevation"", ""unit"": ""m"", ""scale"": ""continuous"", ""crs"": ""EPSG:32643"", ""resolution_m"": 90, ""temporal_resolution_h"": null, ""processing_level"": null, ""surface_model"": ""DTM"", ""vertical_datum"": ""EGM2008"", ""acquisition_time"": null, ""available_time"": null, ""provenance"": ""Copernicus DEM"", ""band_role"": null, ""nodata_semantics"": null, ""uncertainty"": null, ""allowed_values"": null, ""observed_min"": null, ""observed_max"": null, ""attrs"": {}}, {""name"": ""water-surface"", ""quantity"": ""water_level"", ""unit"": ""cm"", ""scale"": ""continuous"", ""crs"": ""EPSG:32643"", ""resolution_m"": 10.0, ""temporal_resolution_h"": null, ""processing_level"": null, ""surface_model"": null, ""vertical_datum"": ""EGM96"", ""acquisition_time"": null, ""available_time"": null, ""provenance"": ""hydraulic model"", ""band_role"": null, ""nodata_semantics"": null, ""uncertainty"": null, ""allowed_values"": null, ""observed_min"": null, ""observed_max"": null, ""attrs"": {}}]","[{""op"": ""combine_vertical"", ""params"": {""a"": 0, ""b"": 1}}, {""op"": ""convert_unit"", ""params"": {""artifact"": 1, ""to"": ""m""}}]",REFUTED,"[{""code"": ""VERTICAL_DATUM_MISMATCH"", ""verdict"": ""REFUTED"", ""message"": ""Vertical quantities use incompatible datums."", ""step_index"": 0, ""evidence"": {""a"": ""EGM2008"", ""b"": ""EGM96""}, ""repair"": null}]"
SGX3_BLIND_flood_depth_006,blind-composition,blind,flood_depth,UNPROVEN,water vertical datum missing,447b5e921647a08ef3f90022f080d8680c69f16f2427408cc5815f5ab7b2d0f4,"{""goal"": ""flood_depth"", ""required_quantity"": null, ""required_unit"": null, ""decision_time"": null, ""max_resolution_m"": null, ""requires_bare_earth"": false, ""requires_cloud_mask"": false, ""max_uncertainty"": null, ""temporal_tolerance_h"": null, ""required_value_range"": null}","[{""name"": ""terrain-10"", ""quantity"": ""elevation"", ""unit"": ""m"", ""scale"": ""continuous"", ""crs"": ""EPSG:32643"", ""resolution_m"": 10, ""temporal_resolution_h"": null, ""processing_level"": null, ""surface_model"": ""DSM"", ""vertical_datum"": ""EGM2008"", ""acquisition_time"": null, ""available_time"": null, ""provenance"": ""Copernicus DEM"", ""band_role"": null, ""nodata_semantics"": null, ""uncertainty"": null, ""allowed_values"": null, ""observed_min"": null, ""observed_max"": null, ""attrs"": {}}, {""name"": ""water-surface"", ""quantity"": ""water_level"", ""unit"": ""cm"", ""scale"": ""continuous"", ""crs"": ""EPSG:32643"", ""resolution_m"": 10.0, ""temporal_resolution_h"": null, ""processing_level"": null, ""surface_model"": null, ""vertical_datum"": null, ""acquisition_time"": null, ""available_time"": null, ""provenance"": ""hydraulic model"", ""band_role"": null, ""nodata_semantics"": null, ""uncertainty"": null, ""allowed_values"": null, ""observed_min"": null, ""observed_max"": null, ""attrs"": {}}]","[{""op"": ""combine_vertical"", ""params"": {""a"": 0, ""b"": 1}}, {""op"": ""convert_unit"", ""params"": {""artifact"": 1, ""to"": ""km""}}]",UNPROVEN,"[{""code"": ""VERTICAL_DATUM_UNKNOWN"", ""verdict"": ""UNPROVEN"", ""message"": ""Vertical-datum compatibility cannot be established."", ""step_index"": 0, ""evidence"": {}, ""repair"": null}]"
SGX3_BLIND_flood_depth_007,blind-composition,blind,flood_depth,PROVEN,all constraints satisfied,12ab0e5f88c82757167539873123903ca44300254665a2b12c09a15f63549721,"{""goal"": ""flood_depth"", ""required_quantity"": null, ""required_unit"": null, ""decision_time"": null, ""max_resolution_m"": null, ""requires_bare_earth"": false, ""requires_cloud_mask"": false, ""max_uncertainty"": null, ""temporal_tolerance_h"": null, ""required_value_range"": null}","[{""name"": ""terrain-10"", ""quantity"": ""elevation"", ""unit"": ""m"", ""scale"": ""continuous"", ""crs"": ""EPSG:32643"", ""resolution_m"": 10, ""temporal_resolution_h"": null, ""processing_level"": null, ""surface_model"": ""DTM"", ""vertical_datum"": ""EGM2008"", ""acquisition_time"": null, ""available_time"": null, ""provenance"": ""Copernicus DEM"", ""band_role"": null, ""nodata_semantics"": null, ""uncertainty"": null, ""allowed_values"": null, ""observed_min"": null, ""observed_max"": null, ""attrs"": {}}, {""name"": ""water-surface"", ""quantity"": ""water_level"", ""unit"": ""km"", ""scale"": ""continuous"", ""crs"": ""EPSG:32643"", ""resolution_m"": 10.0, ""temporal_resolution_h"": null, ""processing_level"": null, ""surface_model"": null, ""vertical_datum"": ""EGM2008"", ""acquisition_time"": null, ""available_time"": null, ""provenance"": ""hydraulic model"", ""band_role"": null, ""nodata_semantics"": null, ""uncertainty"": null, ""allowed_values"": null, ""observed_min"": null, ""observed_max"": null, ""attrs"": {}}]","[{""op"": ""combine_vertical"", ""params"": {""a"": 0, ""b"": 1}}, {""op"": ""convert_unit"", ""params"": {""artifact"": 1, ""to"": ""m""}}]",PROVEN,[]
SGX3_BLIND_flood_depth_008,blind-composition,blind,flood_depth,PROVEN,all constraints satisfied,b8496c17f1ebd63db3b28acaa2e8ca86438e2ad9885270e7b7ef78b5b3a311ad,"{""goal"": ""flood_depth"", ""required_quantity"": null, ""required_unit"": null, ""decision_time"": null, ""max_resolution_m"": null, ""requires_bare_earth"": false, ""requires_cloud_mask"": false, ""max_uncertainty"": null, ""temporal_tolerance_h"": null, ""required_value_range"": null}","[{""name"": ""terrain-30"", ""quantity"": ""elevation"", ""unit"": ""m"", ""scale"": ""continuous"", ""crs"": ""EPSG:32643"", ""resolution_m"": 30, ""temporal_resolution_h"": null, ""processing_level"": null, ""surface_model"": ""DTM"", ""vertical_datum"": ""EGM2008"", ""acquisition_time"": null, ""available_time"": null, ""provenance"": ""Copernicus DEM"", ""band_role"": null, ""nodata_semantics"": null, ""uncertainty"": null, ""allowed_values"": null, ""observed_min"": null, ""observed_max"": null, ""attrs"": {}}, {""name"": ""water-surface"", ""quantity"": ""water_level"", ""unit"": ""cm"", ""scale"": ""continuous"", ""crs"": ""EPSG:32643"", ""resolution_m"": 10.0, ""temporal_resolution_h"": null, ""processing_level"": null, ""surface_model"": null, ""vertical_datum"": ""EGM2008"", ""acquisition_time"": null, ""available_time"": null, ""provenance"": ""hydraulic model"", ""band_role"": null, ""nodata_semantics"": null, ""uncertainty"": null, ""allowed_values"": null, ""observed_min"": null, ""observed_max"": null, ""attrs"": {}}]","[{""op"": ""combine_vertical"", ""params"": {""a"": 0, ""b"": 1}}, {""op"": ""convert_unit"", ""params"": {""artifact"": 1, ""to"": ""m""}}]",PROVEN,[]
SGX3_BLIND_flood_depth_009,blind-composition,blind,flood_depth,REFUTED,vertical datum mismatch,5baed52d4e5e626ec4ef256b26fc0fcc3e0a3c534f2e0ca53fb56a6706d113a8,"{""goal"": ""flood_depth"", ""required_quantity"": null, ""required_unit"": null, ""decision_time"": null, ""max_resolution_m"": null, ""requires_bare_earth"": false, ""requires_cloud_mask"": false, ""max_uncertainty"": null, ""temporal_tolerance_h"": null, ""required_value_range"": null}","[{""name"": ""terrain-90"", ""quantity"": ""elevation"", ""unit"": ""m"", ""scale"": ""continuous"", ""crs"": ""EPSG:32643"", ""resolution_m"": 90, ""temporal_resolution_h"": null, ""processing_level"": null, ""surface_model"": ""DSM"", ""vertical_datum"": ""EGM2008"", ""acquisition_time"": null, ""available_time"": null, ""provenance"": ""Copernicus DEM"", ""band_role"": null, ""nodata_semantics"": null, ""uncertainty"": null, ""allowed_values"": null, ""observed_min"": null, ""observed_max"": null, ""attrs"": {}}, {""name"": ""water-surface"", ""quantity"": ""water_level"", ""unit"": ""cm"", ""scale"": ""continuous"", ""crs"": ""EPSG:32643"", ""resolution_m"": 10.0, ""temporal_resolution_h"": null, ""processing_level"": null, ""surface_model"": null, ""vertical_datum"": ""EGM96"", ""acquisition_time"": null, ""available_time"": null, ""provenance"": ""hydraulic model"", ""band_role"": null, ""nodata_semantics"": null, ""uncertainty"": null, ""allowed_values"": null, ""observed_min"": null, ""observed_max"": null, ""attrs"": {}}]","[{""op"": ""combine_vertical"", ""params"": {""a"": 0, ""b"": 1}}, {""op"": ""convert_unit"", ""params"": {""artifact"": 1, ""to"": ""m""}}]",REFUTED,"[{""code"": ""VERTICAL_DATUM_MISMATCH"", ""verdict"": ""REFUTED"", ""message"": ""Vertical quantities use incompatible datums."", ""step_index"": 0, ""evidence"": {""a"": ""EGM2008"", ""b"": ""EGM96""}, ""repair"": null}]"
SGX3_BLIND_flood_depth_010,blind-composition,blind,flood_depth,REFUTED,dimension-changing unit conversion,9fa279d04570dbd929fed62c98b8039e733e43dacbdf852a195eb12524d076af,"{""goal"": ""flood_depth"", ""required_quantity"": null, ""required_unit"": null, ""decision_time"": null, ""max_resolution_m"": null, ""requires_bare_earth"": false, ""requires_cloud_mask"": false, ""max_uncertainty"": null, ""temporal_tolerance_h"": null, ""required_value_range"": null}","[{""name"": ""terrain-10"", ""quantity"": ""elevation"", ""unit"": ""m"", ""scale"": ""continuous"", ""crs"": ""EPSG:32643"", ""resolution_m"": 10, ""temporal_resolution_h"": null, ""processing_level"": null, ""surface_model"": ""DSM"", ""vertical_datum"": ""EGM2008"", ""acquisition_time"": null, ""available_time"": null, ""provenance"": ""Copernicus DEM"", ""band_role"": null, ""nodata_semantics"": null, ""uncertainty"": null, ""allowed_values"": null, ""observed_min"": null, ""observed_max"": null, ""attrs"": {}}, {""name"": ""water-surface"", ""quantity"": ""water_level"", ""unit"": ""m"", ""scale"": ""continuous"", ""crs"": ""EPSG:32643"", ""resolution_m"": 10.0, ""temporal_resolution_h"": null, ""processing_level"": null, ""surface_model"": null, ""vertical_datum"": ""EGM2008"", ""acquisition_time"": null, ""available_time"": null, ""provenance"": ""hydraulic model"", ""band_role"": null, ""nodata_semantics"": null, ""uncertainty"": null, ""allowed_values"": null, ""observed_min"": null, ""observed_max"": null, ""attrs"": {}}]","[{""op"": ""combine_vertical"", ""params"": {""a"": 0, ""b"": 1}}, {""op"": ""convert_unit"", ""params"": {""artifact"": 1, ""to"": ""km2""}}]",REFUTED,"[{""code"": ""UNIT_DIMENSION_MISMATCH"", ""verdict"": ""REFUTED"", ""message"": ""Requested conversion changes physical dimension."", ""step_index"": 1, ""evidence"": {""from"": ""m"", ""to"": ""km2""}, ""repair"": null}]"
SGX3_BLIND_flood_depth_011,blind-composition,blind,flood_depth,REFUTED,vertical datum mismatch,9705706a39a3528b76dc451e4108a401e987ebb5db42f53a30998c4942ac37be,"{""goal"": ""flood_depth"", ""required_quantity"": null, ""required_unit"": null, ""decision_time"": null, ""max_resolution_m"": null, ""requires_bare_earth"": false, ""requires_cloud_mask"": false, ""max_uncertainty"": null, ""temporal_tolerance_h"": null, ""required_value_range"": null}","[{""name"": ""terrain-90"", ""quantity"": ""elevation"", ""unit"": ""m"", ""scale"": ""continuous"", ""crs"": ""EPSG:32643"", ""resolution_m"": 90, ""temporal_resolution_h"": null, ""processing_level"": null, ""surface_model"": ""DSM"", ""vertical_datum"": ""EGM2008"", ""acquisition_time"": null, ""available_time"": null, ""provenance"": ""Copernicus DEM"", ""band_role"": null, ""nodata_semantics"": null, ""uncertainty"": null, ""allowed_values"": null, ""observed_min"": null, ""observed_max"": null, ""attrs"": {}}, {""name"": ""water-surface"", ""quantity"": ""water_level"", ""unit"": ""cm"", ""scale"": ""continuous"", ""crs"": ""EPSG:32643"", ""resolution_m"": 10.0, ""temporal_resolution_h"": null, ""processing_level"": null, ""surface_model"": null, ""vertical_datum"": ""WGS84_ellipsoid"", ""acquisition_time"": null, ""available_time"": null, ""provenance"": ""hydraulic model"", ""band_role"": null, ""nodata_semantics"": null, ""uncertainty"": null, ""allowed_values"": null, ""observed_min"": null, ""observed_max"": null, ""attrs"": {}}]","[{""op"": ""combine_vertical"", ""params"": {""a"": 0, ""b"": 1}}, {""op"": ""convert_unit"", ""params"": {""artifact"": 1, ""to"": ""m""}}]",REFUTED,"[{""code"": ""VERTICAL_DATUM_MISMATCH"", ""verdict"": ""REFUTED"", ""message"": ""Vertical quantities use incompatible datums."", ""step_index"": 0, ""evidence"": {""a"": ""EGM2008"", ""b"": ""WGS84_ellipsoid""}, ""repair"": null}]"
SGX3_BLIND_flood_depth_012,blind-composition,blind,flood_depth,REFUTED,dimension-changing unit conversion; water vertical datum missing,c31cc19cdde60b125c692995103a6b59435b939d03efe71ab869c7cc376bc6b9,"{""goal"": ""flood_depth"", ""required_quantity"": null, ""required_unit"": null, ""decision_time"": null, ""max_resolution_m"": null, ""requires_bare_earth"": false, ""requires_cloud_mask"": false, ""max_uncertainty"": null, ""temporal_tolerance_h"": null, ""required_value_range"": null}","[{""name"": ""terrain-10"", ""quantity"": ""elevation"", ""unit"": ""m"", ""scale"": ""continuous"", ""crs"": ""EPSG:32643"", ""resolution_m"": 10, ""temporal_resolution_h"": null, ""processing_level"": null, ""surface_model"": ""DSM"", ""vertical_datum"": ""EGM2008"", ""acquisition_time"": null, ""available_time"": null, ""provenance"": ""Copernicus DEM"", ""band_role"": null, ""nodata_semantics"": null, ""uncertainty"": null, ""allowed_values"": null, ""observed_min"": null, ""observed_max"": null, ""attrs"": {}}, {""name"": ""water-surface"", ""quantity"": ""water_level"", ""unit"": ""m"", ""scale"": ""continuous"", ""crs"": ""EPSG:32643"", ""resolution_m"": 10.0, ""temporal_resolution_h"": null, ""processing_level"": null, ""surface_model"": null, ""vertical_datum"": null, ""acquisition_time"": null, ""available_time"": null, ""provenance"": ""hydraulic model"", ""band_role"": null, ""nodata_semantics"": null, ""uncertainty"": null, ""allowed_values"": null, ""observed_min"": null, ""observed_max"": null, ""attrs"": {}}]","[{""op"": ""combine_vertical"", ""params"": {""a"": 0, ""b"": 1}}, {""op"": ""convert_unit"", ""params"": {""artifact"": 1, ""to"": ""km2""}}]",REFUTED,"[{""code"": ""VERTICAL_DATUM_UNKNOWN"", ""verdict"": ""UNPROVEN"", ""message"": ""Vertical-datum compatibility cannot be established."", ""step_index"": 0, ""evidence"": {}, ""repair"": null}, {""code"": ""UNIT_DIMENSION_MISMATCH"", ""verdict"": ""REFUTED"", ""message"": ""Requested conversion changes physical dimension."", ""step_index"": 1, ""evidence"": {""from"": ""m"", ""to"": ""km2""}, ""repair"": null}]"
SGX3_BLIND_flood_depth_013,blind-composition,blind,flood_depth,REFUTED,vertical datum mismatch,7af2bf2434231375315b89b8551460c0a8f7b7224ce168b400e4a7255a4c4960,"{""goal"": ""flood_depth"", ""required_quantity"": null, ""required_unit"": null, ""decision_time"": null, ""max_resolution_m"": null, ""requires_bare_earth"": false, ""requires_cloud_mask"": false, ""max_uncertainty"": null, ""temporal_tolerance_h"": null, ""required_value_range"": null}","[{""name"": ""terrain-90"", ""quantity"": ""elevation"", ""unit"": ""m"", ""scale"": ""continuous"", ""crs"": ""EPSG:32643"", ""resolution_m"": 90, ""temporal_resolution_h"": null, ""processing_level"": null, ""surface_model"": ""DTM"", ""vertical_datum"": ""EGM2008"", ""acquisition_time"": null, ""available_time"": null, ""provenance"": ""Copernicus DEM"", ""band_role"": null, ""nodata_semantics"": null, ""uncertainty"": null, ""allowed_values"": null, ""observed_min"": null, ""observed_max"": null, ""attrs"": {}}, {""name"": ""water-surface"", ""quantity"": ""water_level"", ""unit"": ""m"", ""scale"": ""continuous"", ""crs"": ""EPSG:32643"", ""resolution_m"": 10.0, ""temporal_resolution_h"": null, ""processing_level"": null, ""surface_model"": null, ""vertical_datum"": ""WGS84_ellipsoid"", ""acquisition_time"": null, ""available_time"": null, ""provenance"": ""hydraulic model"", ""band_role"": null, ""nodata_semantics"": null, ""uncertainty"": null, ""allowed_values"": null, ""observed_min"": null, ""observed_max"": null, ""attrs"": {}}]","[{""op"": ""combine_vertical"", ""params"": {""a"": 0, ""b"": 1}}, {""op"": ""convert_unit"", ""params"": {""artifact"": 1, ""to"": ""km""}}]",REFUTED,"[{""code"": ""VERTICAL_DATUM_MISMATCH"", ""verdict"": ""REFUTED"", ""message"": ""Vertical quantities use incompatible datums."", ""step_index"": 0, ""evidence"": {""a"": ""EGM2008"", ""b"": ""WGS84_ellipsoid""}, ""repair"": null}]"
SGX3_BLIND_flood_depth_014,blind-composition,blind,flood_depth,REFUTED,vertical datum mismatch; dimension-changing unit conversion,bfa983a2453c5b889070b89b92b7b6e83bd136e63f19782177f4d72f169b5349,"{""goal"": ""flood_depth"", ""required_quantity"": null, ""required_unit"": null, ""decision_time"": null, ""max_resolution_m"": null, ""requires_bare_earth"": false, ""requires_cloud_mask"": false, ""max_uncertainty"": null, ""temporal_tolerance_h"": null, ""required_value_range"": null}","[{""name"": ""terrain-90"", ""quantity"": ""elevation"", ""unit"": ""m"", ""scale"": ""continuous"", ""crs"": ""EPSG:32643"", ""resolution_m"": 90, ""temporal_resolution_h"": null, ""processing_level"": null, ""surface_model"": ""DTM"", ""vertical_datum"": ""EGM2008"", ""acquisition_time"": null, ""available_time"": null, ""provenance"": ""Copernicus DEM"", ""band_role"": null, ""nodata_semantics"": null, ""uncertainty"": null, ""allowed_values"": null, ""observed_min"": null, ""observed_max"": null, ""attrs"": {}}, {""name"": ""water-surface"", ""quantity"": ""water_level"", ""unit"": ""km"", ""scale"": ""continuous"", ""crs"": ""EPSG:32643"", ""resolution_m"": 10.0, ""temporal_resolution_h"": null, ""processing_level"": null, ""surface_model"": null, ""vertical_datum"": ""EGM96"", ""acquisition_time"": null, ""available_time"": null, ""provenance"": ""hydraulic model"", ""band_role"": null, ""nodata_semantics"": null, ""uncertainty"": null, ""allowed_values"": null, ""observed_min"": null, ""observed_max"": null, ""attrs"": {}}]","[{""op"": ""combine_vertical"", ""params"": {""a"": 0, ""b"": 1}}, {""op"": ""convert_unit"", ""params"": {""artifact"": 1, ""to"": ""K""}}]",REFUTED,"[{""code"": ""VERTICAL_DATUM_MISMATCH"", ""verdict"": ""REFUTED"", ""message"": ""Vertical quantities use incompatible datums."", ""step_index"": 0, ""evidence"": {""a"": ""EGM2008"", ""b"": ""EGM96""}, ""repair"": null}, {""code"": ""UNIT_DIMENSION_MISMATCH"", ""verdict"": ""REFUTED"", ""message"": ""Requested conversion changes physical dimension."", ""step_index"": 1, ""evidence"": {""from"": ""km"", ""to"": ""K""}, ""repair"": null}]"
SGX3_BLIND_flood_depth_015,blind-composition,blind,flood_depth,REFUTED,vertical datum mismatch,98e4a2686b98103f2e3298e0d2b4690443746b8733966597589e453c80271c3e,"{""goal"": ""flood_depth"", ""required_quantity"": null, ""required_unit"": null, ""decision_time"": null, ""max_resolution_m"": null, ""requires_bare_earth"": false, ""requires_cloud_mask"": false, ""max_uncertainty"": null, ""temporal_tolerance_h"": null, ""required_value_range"": null}","[{""name"": ""terrain-10"", ""quantity"": ""elevation"", ""unit"": ""m"", ""scale"": ""continuous"", ""crs"": ""EPSG:32643"", ""resolution_m"": 10, ""temporal_resolution_h"": null, ""processing_level"": null, ""surface_model"": ""DTM"", ""vertical_datum"": ""EGM2008"", ""acquisition_time"": null, ""available_time"": null, ""provenance"": ""Copernicus DEM"", ""band_role"": null, ""nodata_semantics"": null, ""uncertainty"": null, ""allowed_values"": null, ""observed_min"": null, ""observed_max"": null, ""attrs"": {}}, {""name"": ""water-surface"", ""quantity"": ""water_level"", ""unit"": ""km"", ""scale"": ""continuous"", ""crs"": ""EPSG:32643"", ""resolution_m"": 10.0, ""temporal_resolution_h"": null, ""processing_level"": null, ""surface_model"": null, ""vertical_datum"": ""WGS84_ellipsoid"", ""acquisition_time"": null, ""available_time"": null, ""provenance"": ""hydraulic model"", ""band_role"": null, ""nodata_semantics"": null, ""uncertainty"": null, ""allowed_values"": null, ""observed_min"": null, ""observed_max"": null, ""attrs"": {}}]","[{""op"": ""combine_vertical"", ""params"": {""a"": 0, ""b"": 1}}, {""op"": ""convert_unit"", ""params"": {""artifact"": 1, ""to"": ""m""}}]",REFUTED,"[{""code"": ""VERTICAL_DATUM_MISMATCH"", ""verdict"": ""REFUTED"", ""message"": ""Vertical quantities use incompatible datums."", ""step_index"": 0, ""evidence"": {""a"": ""EGM2008"", ""b"": ""WGS84_ellipsoid""}, ""repair"": null}]"
SGX3_BLIND_flood_depth_016,blind-composition,blind,flood_depth,PROVEN,all constraints satisfied,43e8ef2c52e12cd2b8c279c7f9c86fa1125ef5a06ca80684c8b3168d6cce30c9,"{""goal"": ""flood_depth"", ""required_quantity"": null, ""required_unit"": null, ""decision_time"": null, ""max_resolution_m"": null, ""requires_bare_earth"": false, ""requires_cloud_mask"": false, ""max_uncertainty"": null, ""temporal_tolerance_h"": null, ""required_value_range"": null}","[{""name"": ""terrain-30"", ""quantity"": ""elevation"", ""unit"": ""m"", ""scale"": ""continuous"", ""crs"": ""EPSG:32643"", ""resolution_m"": 30, ""temporal_resolution_h"": null, ""processing_level"": null, ""surface_model"": ""DSM"", ""vertical_datum"": ""EGM2008"", ""acquisition_time"": null, ""available_time"": null, ""provenance"": ""Copernicus DEM"", ""band_role"": null, ""nodata_semantics"": null, ""uncertainty"": null, ""allowed_values"": null, ""observed_min"": null, ""observed_max"": null, ""attrs"": {}}, {""name"": ""water-surface"", ""quantity"": ""water_level"", ""unit"": ""cm"", ""scale"": ""continuous"", ""crs"": ""EPSG:32643"", ""resolution_m"": 10.0, ""temporal_resolution_h"": null, ""processing_level"": null, ""surface_model"": null, ""vertical_datum"": ""EGM2008"", ""acquisition_time"": null, ""available_time"": null, ""provenance"": ""hydraulic model"", ""band_role"": null, ""nodata_semantics"": null, ""uncertainty"": null, ""allowed_values"": null, ""observed_min"": null, ""observed_max"": null, ""attrs"": {}}]","[{""op"": ""combine_vertical"", ""params"": {""a"": 0, ""b"": 1}}, {""op"": ""convert_unit"", ""params"": {""artifact"": 1, ""to"": ""m""}}]",PROVEN,[]
SGX3_BLIND_flood_depth_017,blind-composition,blind,flood_depth,REFUTED,vertical datum mismatch,c22c811a03d0a6b9280492e6e42b964337f8ac8514ce438dcc0f74c544354f14,"{""goal"": ""flood_depth"", ""required_quantity"": null, ""required_unit"": null, ""decision_time"": null, ""max_resolution_m"": null, ""requires_bare_earth"": false, ""requires_cloud_mask"": false, ""max_uncertainty"": null, ""temporal_tolerance_h"": null, ""required_value_range"": null}","[{""name"": ""terrain-10"", ""quantity"": ""elevation"", ""unit"": ""m"", ""scale"": ""continuous"", ""crs"": ""EPSG:32643"", ""resolution_m"": 10, ""temporal_resolution_h"": null, ""processing_level"": null, ""surface_model"": ""DSM"", ""vertical_datum"": ""EGM2008"", ""acquisition_time"": null, ""available_time"": null, ""provenance"": ""Copernicus DEM"", ""band_role"": null, ""nodata_semantics"": null, ""uncertainty"": null, ""allowed_values"": null, ""observed_min"": null, ""observed_max"": null, ""attrs"": {}}, {""name"": ""water-surface"", ""quantity"": ""water_level"", ""unit"": ""m"", ""scale"": ""continuous"", ""crs"": ""EPSG:32643"", ""resolution_m"": 10.0, ""temporal_resolution_h"": null, ""processing_level"": null, ""surface_model"": null, ""vertical_datum"": ""EGM96"", ""acquisition_time"": null, ""available_time"": null, ""provenance"": ""hydraulic model"", ""band_role"": null, ""nodata_semantics"": null, ""uncertainty"": null, ""allowed_values"": null, ""observed_min"": null, ""observed_max"": null, ""attrs"": {}}]","[{""op"": ""combine_vertical"", ""params"": {""a"": 0, ""b"": 1}}, {""op"": ""convert_unit"", ""params"": {""artifact"": 1, ""to"": ""km""}}]",REFUTED,"[{""code"": ""VERTICAL_DATUM_MISMATCH"", ""verdict"": ""REFUTED"", ""message"": ""Vertical quantities use incompatible datums."", ""step_index"": 0, ""evidence"": {""a"": ""EGM2008"", ""b"": ""EGM96""}, ""repair"": null}]"
SGX3_BLIND_flood_depth_018,blind-composition,blind,flood_depth,REFUTED,dimension-changing unit conversion; water vertical datum missing,e0689fe577d194fe7cc62a6b007aca25aa7aeab72894a9a40c948add2769f7e5,"{""goal"": ""flood_depth"", ""required_quantity"": null, ""required_unit"": null, ""decision_time"": null, ""max_resolution_m"": null, ""requires_bare_earth"": false, ""requires_cloud_mask"": false, ""max_uncertainty"": null, ""temporal_tolerance_h"": null, ""required_value_range"": null}","[{""name"": ""terrain-30"", ""quantity"": ""elevation"", ""unit"": ""m"", ""scale"": ""continuous"", ""crs"": ""EPSG:32643"", ""resolution_m"": 30, ""temporal_resolution_h"": null, ""processing_level"": null, ""surface_model"": ""DSM"", ""vertical_datum"": ""EGM2008"", ""acquisition_time"": null, ""available_time"": null, ""provenance"": ""Copernicus DEM"", ""band_role"": null, ""nodata_semantics"": null, ""uncertainty"": null, ""allowed_values"": null, ""observed_min"": null, ""observed_max"": null, ""attrs"": {}}, {""name"": ""water-surface"", ""quantity"": ""water_level"", ""unit"": ""km"", ""scale"": ""continuous"", ""crs"": ""EPSG:32643"", ""resolution_m"": 10.0, ""temporal_resolution_h"": null, ""processing_level"": null, ""surface_model"": null, ""vertical_datum"": null, ""acquisition_time"": null, ""available_time"": null, ""provenance"": ""hydraulic model"", ""band_role"": null, ""nodata_semantics"": null, ""uncertainty"": null, ""allowed_values"": null, ""observed_min"": null, ""observed_max"": null, ""attrs"": {}}]","[{""op"": ""combine_vertical"", ""params"": {""a"": 0, ""b"": 1}}, {""op"": ""convert_unit"", ""params"": {""artifact"": 1, ""to"": ""km2""}}]",REFUTED,"[{""code"": ""VERTICAL_DATUM_UNKNOWN"", ""verdict"": ""UNPROVEN"", ""message"": ""Vertical-datum compatibility cannot be established."", ""step_index"": 0, ""evidence"": {}, ""repair"": null}, {""code"": ""UNIT_DIMENSION_MISMATCH"", ""verdict"": ""REFUTED"", ""message"": ""Requested conversion changes physical dimension."", ""step_index"": 1, ""evidence"": {""from"": ""km"", ""to"": ""km2""}, ""repair"": null}]"
SGX3_BLIND_flood_depth_019,blind-composition,blind,flood_depth,REFUTED,dimension-changing unit conversion; water vertical datum missing,69512c16f00bb813b81dfa3c0805800b2c4814ee949ed14fb8c863682e68845d,"{""goal"": ""flood_depth"", ""required_quantity"": null, ""required_unit"": null, ""decision_time"": null, ""max_resolution_m"": null, ""requires_bare_earth"": false, ""requires_cloud_mask"": false, ""max_uncertainty"": null, ""temporal_tolerance_h"": null, ""required_value_range"": null}","[{""name"": ""terrain-90"", ""quantity"": ""elevation"", ""unit"": ""m"", ""scale"": ""continuous"", ""crs"": ""EPSG:32643"", ""resolution_m"": 90, ""temporal_resolution_h"": null, ""processing_level"": null, ""surface_model"": ""DTM"", ""vertical_datum"": ""EGM2008"", ""acquisition_time"": null, ""available_time"": null, ""provenance"": ""Copernicus DEM"", ""band_role"": null, ""nodata_semantics"": null, ""uncertainty"": null, ""allowed_values"": null, ""observed_min"": null, ""observed_max"": null, ""attrs"": {}}, {""name"": ""water-surface"", ""quantity"": ""water_level"", ""unit"": ""m"", ""scale"": ""continuous"", ""crs"": ""EPSG:32643"", ""resolution_m"": 10.0, ""temporal_resolution_h"": null, ""processing_level"": null, ""surface_model"": null, ""vertical_datum"": null, ""acquisition_time"": null, ""available_time"": null, ""provenance"": ""hydraulic model"", ""band_role"": null, ""nodata_semantics"": null, ""uncertainty"": null, ""allowed_values"": null, ""observed_min"": null, ""observed_max"": null, ""attrs"": {}}]","[{""op"": ""combine_vertical"", ""params"": {""a"": 0, ""b"": 1}}, {""op"": ""convert_unit"", ""params"": {""artifact"": 1, ""to"": ""km2""}}]",REFUTED,"[{""code"": ""VERTICAL_DATUM_UNKNOWN"", ""verdict"": ""UNPROVEN"", ""message"": ""Vertical-datum compatibility cannot be established."", ""step_index"": 0, ""evidence"": {}, ""repair"": null}, {""code"": ""UNIT_DIMENSION_MISMATCH"", ""verdict"": ""REFUTED"", ""message"": ""Requested conversion changes physical dimension."", ""step_index"": 1, ""evidence"": {""from"": ""m"", ""to"": ""km2""}, ""repair"": null}]"
SGX3_BLIND_flood_depth_020,blind-composition,blind,flood_depth,REFUTED,vertical datum mismatch; dimension-changing unit conversion,170bad6e1c5a007c456cb6b4356260731ac1284c5f513cf3379fcbb7b985c385,"{""goal"": ""flood_depth"", ""required_quantity"": null, ""required_unit"": null, ""decision_time"": null, ""max_resolution_m"": null, ""requires_bare_earth"": false, ""requires_cloud_mask"": false, ""max_uncertainty"": null, ""temporal_tolerance_h"": null, ""required_value_range"": null}","[{""name"": ""terrain-30"", ""quantity"": ""elevation"", ""unit"": ""m"", ""scale"": ""continuous"", ""crs"": ""EPSG:32643"", ""resolution_m"": 30, ""temporal_resolution_h"": null, ""processing_level"": null, ""surface_model"": ""DTM"", ""vertical_datum"": ""EGM2008"", ""acquisition_time"": null, ""available_time"": null, ""provenance"": ""Copernicus DEM"", ""band_role"": null, ""nodata_semantics"": null, ""uncertainty"": null, ""allowed_values"": null, ""observed_min"": null, ""observed_max"": null, ""attrs"": {}}, {""name"": ""water-surface"", ""quantity"": ""water_level"", ""unit"": ""km"", ""scale"": ""continuous"", ""crs"": ""EPSG:32643"", ""resolution_m"": 10.0, ""temporal_resolution_h"": null, ""processing_level"": null, ""surface_model"": null, ""vertical_datum"": ""WGS84_ellipsoid"", ""acquisition_time"": null, ""available_time"": null, ""provenance"": ""hydraulic model"", ""band_role"": null, ""nodata_semantics"": null, ""uncertainty"": null, ""allowed_values"": null, ""observed_min"": null, ""observed_max"": null, ""attrs"": {}}]","[{""op"": ""combine_vertical"", ""params"": {""a"": 0, ""b"": 1}}, {""op"": ""convert_unit"", ""params"": {""artifact"": 1, ""to"": ""km2""}}]",REFUTED,"[{""code"": ""VERTICAL_DATUM_MISMATCH"", ""verdict"": ""REFUTED"", ""message"": ""Vertical quantities use incompatible datums."", ""step_index"": 0, ""evidence"": {""a"": ""EGM2008"", ""b"": ""WGS84_ellipsoid""}, ""repair"": null}, {""code"": ""UNIT_DIMENSION_MISMATCH"", ""verdict"": ""REFUTED"", ""message"": ""Requested conversion changes physical dimension."", ""step_index"": 1, ""evidence"": {""from"": ""km"", ""to"": ""km2""}, ""repair"": null}]"
SGX3_BLIND_flood_depth_021,blind-composition,blind,flood_depth,REFUTED,vertical datum mismatch,bb97247d027e43ac088af85300e36a1549062dc58b45dc4014853f6246cdf384,"{""goal"": ""flood_depth"", ""required_quantity"": null, ""required_unit"": null, ""decision_time"": null, ""max_resolution_m"": null, ""requires_bare_earth"": false, ""requires_cloud_mask"": false, ""max_uncertainty"": null, ""temporal_tolerance_h"": null, ""required_value_range"": null}","[{""name"": ""terrain-90"", ""quantity"": ""elevation"", ""unit"": ""m"", ""scale"": ""continuous"", ""crs"": ""EPSG:32643"", ""resolution_m"": 90, ""temporal_resolution_h"": null, ""processing_level"": null, ""surface_model"": ""DSM"", ""vertical_datum"": ""EGM2008"", ""acquisition_time"": null, ""available_time"": null, ""provenance"": ""Copernicus DEM"", ""band_role"": null, ""nodata_semantics"": null, ""uncertainty"": null, ""allowed_values"": null, ""observed_min"": null, ""observed_max"": null, ""attrs"": {}}, {""name"": ""water-surface"", ""quantity"": ""water_level"", ""unit"": ""m"", ""scale"": ""continuous"", ""crs"": ""EPSG:32643"", ""resolution_m"": 10.0, ""temporal_resolution_h"": null, ""processing_level"": null, ""surface_model"": null, ""vertical_datum"": ""EGM96"", ""acquisition_time"": null, ""available_time"": null, ""provenance"": ""hydraulic model"", ""band_role"": null, ""nodata_semantics"": null, ""uncertainty"": null, ""allowed_values"": null, ""observed_min"": null, ""observed_max"": null, ""attrs"": {}}]","[{""op"": ""combine_vertical"", ""params"": {""a"": 0, ""b"": 1}}, {""op"": ""convert_unit"", ""params"": {""artifact"": 1, ""to"": ""km""}}]",REFUTED,"[{""code"": ""VERTICAL_DATUM_MISMATCH"", ""verdict"": ""REFUTED"", ""message"": ""Vertical quantities use incompatible datums."", ""step_index"": 0, ""evidence"": {""a"": ""EGM2008"", ""b"": ""EGM96""}, ""repair"": null}]"
SGX3_BLIND_flood_depth_022,blind-composition,blind,flood_depth,REFUTED,dimension-changing unit conversion; water vertical datum missing,27177a2b6b3cb54e462e4eb2538e6fbef9d646346bfc842e6a705c233b614779,"{""goal"": ""flood_depth"", ""required_quantity"": null, ""required_unit"": null, ""decision_time"": null, ""max_resolution_m"": null, ""requires_bare_earth"": false, ""requires_cloud_mask"": false, ""max_uncertainty"": null, ""temporal_tolerance_h"": null, ""required_value_range"": null}","[{""name"": ""terrain-10"", ""quantity"": ""elevation"", ""unit"": ""m"", ""scale"": ""continuous"", ""crs"": ""EPSG:32643"", ""resolution_m"": 10, ""temporal_resolution_h"": null, ""processing_level"": null, ""surface_model"": ""DTM"", ""vertical_datum"": ""EGM2008"", ""acquisition_time"": null, ""available_time"": null, ""provenance"": ""Copernicus DEM"", ""band_role"": null, ""nodata_semantics"": null, ""uncertainty"": null, ""allowed_values"": null, ""observed_min"": null, ""observed_max"": null, ""attrs"": {}}, {""name"": ""water-surface"", ""quantity"": ""water_level"", ""unit"": ""m"", ""scale"": ""continuous"", ""crs"": ""EPSG:32643"", ""resolution_m"": 10.0, ""temporal_resolution_h"": null, ""processing_level"": null, ""surface_model"": null, ""vertical_datum"": null, ""acquisition_time"": null, ""available_time"": null, ""provenance"": ""hydraulic model"", ""band_role"": null, ""nodata_semantics"": null, ""uncertainty"": null, ""allowed_values"": null, ""observed_min"": null, ""observed_max"": null, ""attrs"": {}}]","[{""op"": ""combine_vertical"", ""params"": {""a"": 0, ""b"": 1}}, {""op"": ""convert_unit"", ""params"": {""artifact"": 1, ""to"": ""km2""}}]",REFUTED,"[{""code"": ""VERTICAL_DATUM_UNKNOWN"", ""verdict"": ""UNPROVEN"", ""message"": ""Vertical-datum compatibility cannot be established."", ""step_index"": 0, ""evidence"": {}, ""repair"": null}, {""code"": ""UNIT_DIMENSION_MISMATCH"", ""verdict"": ""REFUTED"", ""message"": ""Requested conversion changes physical dimension."", ""step_index"": 1, ""evidence"": {""from"": ""m"", ""to"": ""km2""}, ""repair"": null}]"
SGX3_BLIND_flood_depth_023,blind-composition,blind,flood_depth,REFUTED,vertical datum mismatch; dimension-changing unit conversion,e38ddca07aa45f9961f09d7fbac6064a3dd0b6a7dba2f27ceee512ba3cba3eac,"{""goal"": ""flood_depth"", ""required_quantity"": null, ""required_unit"": null, ""decision_time"": null, ""max_resolution_m"": null, ""requires_bare_earth"": false, ""requires_cloud_mask"": false, ""max_uncertainty"": null, ""temporal_tolerance_h"": null, ""required_value_range"": null}","[{""name"": ""terrain-10"", ""quantity"": ""elevation"", ""unit"": ""m"", ""scale"": ""continuous"", ""crs"": ""EPSG:32643"", ""resolution_m"": 10, ""temporal_resolution_h"": null, ""processing_level"": null, ""surface_model"": ""DTM"", ""vertical_datum"": ""EGM2008"", ""acquisition_time"": null, ""available_time"": null, ""provenance"": ""Copernicus DEM"", ""band_role"": null, ""nodata_semantics"": null, ""uncertainty"": null, ""allowed_values"": null, ""observed_min"": null, ""observed_max"": null, ""attrs"": {}}, {""name"": ""water-surface"", ""quantity"": ""water_level"", ""unit"": ""m"", ""scale"": ""continuous"", ""crs"": ""EPSG:32643"", ""resolution_m"": 10.0, ""temporal_resolution_h"": null, ""processing_level"": null, ""surface_model"": null, ""vertical_datum"": ""EGM96"", ""acquisition_time"": null, ""available_time"": null, ""provenance"": ""hydraulic model"", ""band_role"": null, ""nodata_semantics"": null, ""uncertainty"": null, ""allowed_values"": null, ""observed_min"": null, ""observed_max"": null, ""attrs"": {}}]","[{""op"": ""combine_vertical"", ""params"": {""a"": 0, ""b"": 1}}, {""op"": ""convert_unit"", ""params"": {""artifact"": 1, ""to"": ""K""}}]",REFUTED,"[{""code"": ""VERTICAL_DATUM_MISMATCH"", ""verdict"": ""REFUTED"", ""message"": ""Vertical quantities use incompatible datums."", ""step_index"": 0, ""evidence"": {""a"": ""EGM2008"", ""b"": ""EGM96""}, ""repair"": null}, {""code"": ""UNIT_DIMENSION_MISMATCH"", ""verdict"": ""REFUTED"", ""message"": ""Requested conversion changes physical dimension."", ""step_index"": 1, ""evidence"": {""from"": ""m"", ""to"": ""K""}, ""repair"": null}]"
SGX3_BLIND_flood_depth_024,blind-composition,blind,flood_depth,REFUTED,dimension-changing unit conversion,8acc515f245f4c07af64eccff15d0ad9d489a5bea0e9c7ddc78cecf23787f0aa,"{""goal"": ""flood_depth"", ""required_quantity"": null, ""required_unit"": null, ""decision_time"": null, ""max_resolution_m"": null, ""requires_bare_earth"": false, ""requires_cloud_mask"": false, ""max_uncertainty"": null, ""temporal_tolerance_h"": null, ""required_value_range"": null}","[{""name"": ""terrain-10"", ""quantity"": ""elevation"", ""unit"": ""m"", ""scale"": ""continuous"", ""crs"": ""EPSG:32643"", ""resolution_m"": 10, ""temporal_resolution_h"": null, ""processing_level"": null, ""surface_model"": ""DSM"", ""vertical_datum"": ""EGM2008"", ""acquisition_time"": null, ""available_time"": null, ""provenance"": ""Copernicus DEM"", ""band_role"": null, ""nodata_semantics"": null, ""uncertainty"": null, ""allowed_values"": null, ""observed_min"": null, ""observed_max"": null, ""attrs"": {}}, {""name"": ""water-surface"", ""quantity"": ""water_level"", ""unit"": ""m"", ""scale"": ""continuous"", ""crs"": ""EPSG:32643"", ""resolution_m"": 10.0, ""temporal_resolution_h"": null, ""processing_level"": null, ""surface_model"": null, ""vertical_datum"": ""EGM2008"", ""acquisition_time"": null, ""available_time"": null, ""provenance"": ""hydraulic model"", ""band_role"": null, ""nodata_semantics"": null, ""uncertainty"": null, ""allowed_values"": null, ""observed_min"": null, ""observed_max"": null, ""attrs"": {}}]","[{""op"": ""combine_vertical"", ""params"": {""a"": 0, ""b"": 1}}, {""op"": ""convert_unit"", ""params"": {""artifact"": 1, ""to"": ""K""}}]",REFUTED,"[{""code"": ""UNIT_DIMENSION_MISMATCH"", ""verdict"": ""REFUTED"", ""message"": ""Requested conversion changes physical dimension."", ""step_index"": 1, ""evidence"": {""from"": ""m"", ""to"": ""K""}, ""repair"": null}]"
SGX3_BLIND_flood_depth_025,blind-composition,blind,flood_depth,REFUTED,vertical datum mismatch,541e0e6e4cfa2a98dcd621b504e67a17023f59ec66e030be940b6da483835a56,"{""goal"": ""flood_depth"", ""required_quantity"": null, ""required_unit"": null, ""decision_time"": null, ""max_resolution_m"": null, ""requires_bare_earth"": false, ""requires_cloud_mask"": false, ""max_uncertainty"": null, ""temporal_tolerance_h"": null, ""required_value_range"": null}","[{""name"": ""terrain-10"", ""quantity"": ""elevation"", ""unit"": ""m"", ""scale"": ""continuous"", ""crs"": ""EPSG:32643"", ""resolution_m"": 10, ""temporal_resolution_h"": null, ""processing_level"": null, ""surface_model"": ""DTM"", ""vertical_datum"": ""EGM2008"", ""acquisition_time"": null, ""available_time"": null, ""provenance"": ""Copernicus DEM"", ""band_role"": null, ""nodata_semantics"": null, ""uncertainty"": null, ""allowed_values"": null, ""observed_min"": null, ""observed_max"": null, ""attrs"": {}}, {""name"": ""water-surface"", ""quantity"": ""water_level"", ""unit"": ""km"", ""scale"": ""continuous"", ""crs"": ""EPSG:32643"", ""resolution_m"": 10.0, ""temporal_resolution_h"": null, ""processing_level"": null, ""surface_model"": null, ""vertical_datum"": ""EGM96"", ""acquisition_time"": null, ""available_time"": null, ""provenance"": ""hydraulic model"", ""band_role"": null, ""nodata_semantics"": null, ""uncertainty"": null, ""allowed_values"": null, ""observed_min"": null, ""observed_max"": null, ""attrs"": {}}]","[{""op"": ""combine_vertical"", ""params"": {""a"": 0, ""b"": 1}}, {""op"": ""convert_unit"", ""params"": {""artifact"": 1, ""to"": ""km""}}]",REFUTED,"[{""code"": ""VERTICAL_DATUM_MISMATCH"", ""verdict"": ""REFUTED"", ""message"": ""Vertical quantities use incompatible datums."", ""step_index"": 0, ""evidence"": {""a"": ""EGM2008"", ""b"": ""EGM96""}, ""repair"": null}]"
SGX3_BLIND_flood_depth_026,blind-composition,blind,flood_depth,REFUTED,vertical datum mismatch; dimension-changing unit conversion,68493e573119681417719b819f7cdd711012a868448f1ccf69d547c06fe6aa84,"{""goal"": ""flood_depth"", ""required_quantity"": null, ""required_unit"": null, ""decision_time"": null, ""max_resolution_m"": null, ""requires_bare_earth"": false, ""requires_cloud_mask"": false, ""max_uncertainty"": null, ""temporal_tolerance_h"": null, ""required_value_range"": null}","[{""name"": ""terrain-90"", ""quantity"": ""elevation"", ""unit"": ""m"", ""scale"": ""continuous"", ""crs"": ""EPSG:32643"", ""resolution_m"": 90, ""temporal_resolution_h"": null, ""processing_level"": null, ""surface_model"": ""DTM"", ""vertical_datum"": ""EGM2008"", ""acquisition_time"": null, ""available_time"": null, ""provenance"": ""Copernicus DEM"", ""band_role"": null, ""nodata_semantics"": null, ""uncertainty"": null, ""allowed_values"": null, ""observed_min"": null, ""observed_max"": null, ""attrs"": {}}, {""name"": ""water-surface"", ""quantity"": ""water_level"", ""unit"": ""km"", ""scale"": ""continuous"", ""crs"": ""EPSG:32643"", ""resolution_m"": 10.0, ""temporal_resolution_h"": null, ""processing_level"": null, ""surface_model"": null, ""vertical_datum"": ""EGM96"", ""acquisition_time"": null, ""available_time"": null, ""provenance"": ""hydraulic model"", ""band_role"": null, ""nodata_semantics"": null, ""uncertainty"": null, ""allowed_values"": null, ""observed_min"": null, ""observed_max"": null, ""attrs"": {}}]","[{""op"": ""combine_vertical"", ""params"": {""a"": 0, ""b"": 1}}, {""op"": ""convert_unit"", ""params"": {""artifact"": 1, ""to"": ""km2""}}]",REFUTED,"[{""code"": ""VERTICAL_DATUM_MISMATCH"", ""verdict"": ""REFUTED"", ""message"": ""Vertical quantities use incompatible datums."", ""step_index"": 0, ""evidence"": {""a"": ""EGM2008"", ""b"": ""EGM96""}, ""repair"": null}, {""code"": ""UNIT_DIMENSION_MISMATCH"", ""verdict"": ""REFUTED"", ""message"": ""Requested conversion changes physical dimension."", ""step_index"": 1, ""evidence"": {""from"": ""km"", ""to"": ""km2""}, ""repair"": null}]"
SGX3_BLIND_flood_depth_027,blind-composition,blind,flood_depth,REFUTED,vertical datum mismatch; dimension-changing unit conversion,a57f9211fa50535de470dbf7a5bba77373d92c51df4360211c74abba1faee12f,"{""goal"": ""flood_depth"", ""required_quantity"": null, ""required_unit"": null, ""decision_time"": null, ""max_resolution_m"": null, ""requires_bare_earth"": false, ""requires_cloud_mask"": false, ""max_uncertainty"": null, ""temporal_tolerance_h"": null, ""required_value_range"": null}","[{""name"": ""terrain-90"", ""quantity"": ""elevation"", ""unit"": ""m"", ""scale"": ""continuous"", ""crs"": ""EPSG:32643"", ""resolution_m"": 90, ""temporal_resolution_h"": null, ""processing_level"": null, ""surface_model"": ""DSM"", ""vertical_datum"": ""EGM2008"", ""acquisition_time"": null, ""available_time"": null, ""provenance"": ""Copernicus DEM"", ""band_role"": null, ""nodata_semantics"": null, ""uncertainty"": null, ""allowed_values"": null, ""observed_min"": null, ""observed_max"": null, ""attrs"": {}}, {""name"": ""water-surface"", ""quantity"": ""water_level"", ""unit"": ""cm"", ""scale"": ""continuous"", ""crs"": ""EPSG:32643"", ""resolution_m"": 10.0, ""temporal_resolution_h"": null, ""processing_level"": null, ""surface_model"": null, ""vertical_datum"": ""WGS84_ellipsoid"", ""acquisition_time"": null, ""available_time"": null, ""provenance"": ""hydraulic model"", ""band_role"": null, ""nodata_semantics"": null, ""uncertainty"": null, ""allowed_values"": null, ""observed_min"": null, ""observed_max"": null, ""attrs"": {}}]","[{""op"": ""combine_vertical"", ""params"": {""a"": 0, ""b"": 1}}, {""op"": ""convert_unit"", ""params"": {""artifact"": 1, ""to"": ""km2""}}]",REFUTED,"[{""code"": ""VERTICAL_DATUM_MISMATCH"", ""verdict"": ""REFUTED"", ""message"": ""Vertical quantities use incompatible datums."", ""step_index"": 0, ""evidence"": {""a"": ""EGM2008"", ""b"": ""WGS84_ellipsoid""}, ""repair"": null}, {""code"": ""UNIT_DIMENSION_MISMATCH"", ""verdict"": ""REFUTED"", ""message"": ""Requested conversion changes physical dimension."", ""step_index"": 1, ""evidence"": {""from"": ""cm"", ""to"": ""km2""}, ""repair"": null}]"
SGX3_BLIND_flood_depth_028,blind-composition,blind,flood_depth,UNPROVEN,water vertical datum missing,bbe7d803eca989a4b89370b93168e7176ec82e81466d854c9b000db8484aa3fa,"{""goal"": ""flood_depth"", ""required_quantity"": null, ""required_unit"": null, ""decision_time"": null, ""max_resolution_m"": null, ""requires_bare_earth"": false, ""requires_cloud_mask"": false, ""max_uncertainty"": null, ""temporal_tolerance_h"": null, ""required_value_range"": null}","[{""name"": ""terrain-90"", ""quantity"": ""elevation"", ""unit"": ""m"", ""scale"": ""continuous"", ""crs"": ""EPSG:32643"", ""resolution_m"": 90, ""temporal_resolution_h"": null, ""processing_level"": null, ""surface_model"": ""DTM"", ""vertical_datum"": ""EGM2008"", ""acquisition_time"": null, ""available_time"": null, ""provenance"": ""Copernicus DEM"", ""band_role"": null, ""nodata_semantics"": null, ""uncertainty"": null, ""allowed_values"": null, ""observed_min"": null, ""observed_max"": null, ""attrs"": {}}, {""name"": ""water-surface"", ""quantity"": ""water_level"", ""unit"": ""cm"", ""scale"": ""continuous"", ""crs"": ""EPSG:32643"", ""resolution_m"": 10.0, ""temporal_resolution_h"": null, ""processing_level"": null, ""surface_model"": null, ""vertical_datum"": null, ""acquisition_time"": null, ""available_time"": null, ""provenance"": ""hydraulic model"", ""band_role"": null, ""nodata_semantics"": null, ""uncertainty"": null, ""allowed_values"": null, ""observed_min"": null, ""observed_max"": null, ""attrs"": {}}]","[{""op"": ""combine_vertical"", ""params"": {""a"": 0, ""b"": 1}}, {""op"": ""convert_unit"", ""params"": {""artifact"": 1, ""to"": ""m""}}]",UNPROVEN,"[{""code"": ""VERTICAL_DATUM_UNKNOWN"", ""verdict"": ""UNPROVEN"", ""message"": ""Vertical-datum compatibility cannot be established."", ""step_index"": 0, ""evidence"": {}, ""repair"": null}]"
SGX3_BLIND_flood_depth_029,blind-composition,blind,flood_depth,REFUTED,dimension-changing unit conversion,abb8a0129a0f147436e27f7fb5a57a239850868c6bf1f613238969bbc920d606,"{""goal"": ""flood_depth"", ""required_quantity"": null, ""required_unit"": null, ""decision_time"": null, ""max_resolution_m"": null, ""requires_bare_earth"": false, ""requires_cloud_mask"": false, ""max_uncertainty"": null, ""temporal_tolerance_h"": null, ""required_value_range"": null}","[{""name"": ""terrain-10"", ""quantity"": ""elevation"", ""unit"": ""m"", ""scale"": ""continuous"", ""crs"": ""EPSG:32643"", ""resolution_m"": 10, ""temporal_resolution_h"": null, ""processing_level"": null, ""surface_model"": ""DTM"", ""vertical_datum"": ""EGM2008"", ""acquisition_time"": null, ""available_time"": null, ""provenance"": ""Copernicus DEM"", ""band_role"": null, ""nodata_semantics"": null, ""uncertainty"": null, ""allowed_values"": null, ""observed_min"": null, ""observed_max"": null, ""attrs"": {}}, {""name"": ""water-surface"", ""quantity"": ""water_level"", ""unit"": ""m"", ""scale"": ""continuous"", ""crs"": ""EPSG:32643"", ""resolution_m"": 10.0, ""temporal_resolution_h"": null, ""processing_level"": null, ""surface_model"": null, ""vertical_datum"": ""EGM2008"", ""acquisition_time"": null, ""available_time"": null, ""provenance"": ""hydraulic model"", ""band_role"": null, ""nodata_semantics"": null, ""uncertainty"": null, ""allowed_values"": null, ""observed_min"": null, ""observed_max"": null, ""attrs"": {}}]","[{""op"": ""combine_vertical"", ""params"": {""a"": 0, ""b"": 1}}, {""op"": ""convert_unit"", ""params"": {""artifact"": 1, ""to"": ""K""}}]",REFUTED,"[{""code"": ""UNIT_DIMENSION_MISMATCH"", ""verdict"": ""REFUTED"", ""message"": ""Requested conversion changes physical dimension."", ""step_index"": 1, ""evidence"": {""from"": ""m"", ""to"": ""K""}, ""repair"": null}]"
SGX3_BLIND_flood_depth_030,blind-composition,blind,flood_depth,UNPROVEN,water vertical datum missing,e3479e876d4dbf85317940ea0292da5540fbfd19f36948b4588b3d7d02eb20ee,"{""goal"": ""flood_depth"", ""required_quantity"": null, ""required_unit"": null, ""decision_time"": null, ""max_resolution_m"": null, ""requires_bare_earth"": false, ""requires_cloud_mask"": false, ""max_uncertainty"": null, ""temporal_tolerance_h"": null, ""required_value_range"": null}","[{""name"": ""terrain-10"", ""quantity"": ""elevation"", ""unit"": ""m"", ""scale"": ""continuous"", ""crs"": ""EPSG:32643"", ""resolution_m"": 10, ""temporal_resolution_h"": null, ""processing_level"": null, ""surface_model"": ""DTM"", ""vertical_datum"": ""EGM2008"", ""acquisition_time"": null, ""available_time"": null, ""provenance"": ""Copernicus DEM"", ""band_role"": null, ""nodata_semantics"": null, ""uncertainty"": null, ""allowed_values"": null, ""observed_min"": null, ""observed_max"": null, ""attrs"": {}}, {""name"": ""water-surface"", ""quantity"": ""water_level"", ""unit"": ""cm"", ""scale"": ""continuous"", ""crs"": ""EPSG:32643"", ""resolution_m"": 10.0, ""temporal_resolution_h"": null, ""processing_level"": null, ""surface_model"": null, ""vertical_datum"": null, ""acquisition_time"": null, ""available_time"": null, ""provenance"": ""hydraulic model"", ""band_role"": null, ""nodata_semantics"": null, ""uncertainty"": null, ""allowed_values"": null, ""observed_min"": null, ""observed_max"": null, ""attrs"": {}}]","[{""op"": ""combine_vertical"", ""params"": {""a"": 0, ""b"": 1}}, {""op"": ""convert_unit"", ""params"": {""artifact"": 1, ""to"": ""m""}}]",UNPROVEN,"[{""code"": ""VERTICAL_DATUM_UNKNOWN"", ""verdict"": ""UNPROVEN"", ""message"": ""Vertical-datum compatibility cannot be established."", ""step_index"": 0, ""evidence"": {}, ""repair"": null}]"
SGX3_BLIND_flood_depth_031,blind-composition,blind,flood_depth,REFUTED,vertical datum mismatch,8eb2b981133c87c975d23d292dbf27ef8561acfd1eb004756ab193d9839ae77c,"{""goal"": ""flood_depth"", ""required_quantity"": null, ""required_unit"": null, ""decision_time"": null, ""max_resolution_m"": null, ""requires_bare_earth"": false, ""requires_cloud_mask"": false, ""max_uncertainty"": null, ""temporal_tolerance_h"": null, ""required_value_range"": null}","[{""name"": ""terrain-10"", ""quantity"": ""elevation"", ""unit"": ""m"", ""scale"": ""continuous"", ""crs"": ""EPSG:32643"", ""resolution_m"": 10, ""temporal_resolution_h"": null, ""processing_level"": null, ""surface_model"": ""DTM"", ""vertical_datum"": ""EGM2008"", ""acquisition_time"": null, ""available_time"": null, ""provenance"": ""Copernicus DEM"", ""band_role"": null, ""nodata_semantics"": null, ""uncertainty"": null, ""allowed_values"": null, ""observed_min"": null, ""observed_max"": null, ""attrs"": {}}, {""name"": ""water-surface"", ""quantity"": ""water_level"", ""unit"": ""cm"", ""scale"": ""continuous"", ""crs"": ""EPSG:32643"", ""resolution_m"": 10.0, ""temporal_resolution_h"": null, ""processing_level"": null, ""surface_model"": null, ""vertical_datum"": ""EGM96"", ""acquisition_time"": null, ""available_time"": null, ""provenance"": ""hydraulic model"", ""band_role"": null, ""nodata_semantics"": null, ""uncertainty"": null, ""allowed_values"": null, ""observed_min"": null, ""observed_max"": null, ""attrs"": {}}]","[{""op"": ""combine_vertical"", ""params"": {""a"": 0, ""b"": 1}}, {""op"": ""convert_unit"", ""params"": {""artifact"": 1, ""to"": ""km""}}]",REFUTED,"[{""code"": ""VERTICAL_DATUM_MISMATCH"", ""verdict"": ""REFUTED"", ""message"": ""Vertical quantities use incompatible datums."", ""step_index"": 0, ""evidence"": {""a"": ""EGM2008"", ""b"": ""EGM96""}, ""repair"": null}]"
SGX3_BLIND_flood_depth_032,blind-composition,blind,flood_depth,REFUTED,dimension-changing unit conversion,2ea1c9066f986cb1c289359e76cac53c5a6d948287204232082ace5314eb5b0b,"{""goal"": ""flood_depth"", ""required_quantity"": null, ""required_unit"": null, ""decision_time"": null, ""max_resolution_m"": null, ""requires_bare_earth"": false, ""requires_cloud_mask"": false, ""max_uncertainty"": null, ""temporal_tolerance_h"": null, ""required_value_range"": null}","[{""name"": ""terrain-90"", ""quantity"": ""elevation"", ""unit"": ""m"", ""scale"": ""continuous"", ""crs"": ""EPSG:32643"", ""resolution_m"": 90, ""temporal_resolution_h"": null, ""processing_level"": null, ""surface_model"": ""DSM"", ""vertical_datum"": ""EGM2008"", ""acquisition_time"": null, ""available_time"": null, ""provenance"": ""Copernicus DEM"", ""band_role"": null, ""nodata_semantics"": null, ""uncertainty"": null, ""allowed_values"": null, ""observed_min"": null, ""observed_max"": null, ""attrs"": {}}, {""name"": ""water-surface"", ""quantity"": ""water_level"", ""unit"": ""m"", ""scale"": ""continuous"", ""crs"": ""EPSG:32643"", ""resolution_m"": 10.0, ""temporal_resolution_h"": null, ""processing_level"": null, ""surface_model"": null, ""vertical_datum"": ""EGM2008"", ""acquisition_time"": null, ""available_time"": null, ""provenance"": ""hydraulic model"", ""band_role"": null, ""nodata_semantics"": null, ""uncertainty"": null, ""allowed_values"": null, ""observed_min"": null, ""observed_max"": null, ""attrs"": {}}]","[{""op"": ""combine_vertical"", ""params"": {""a"": 0, ""b"": 1}}, {""op"": ""convert_unit"", ""params"": {""artifact"": 1, ""to"": ""km2""}}]",REFUTED,"[{""code"": ""UNIT_DIMENSION_MISMATCH"", ""verdict"": ""REFUTED"", ""message"": ""Requested conversion changes physical dimension."", ""step_index"": 1, ""evidence"": {""from"": ""m"", ""to"": ""km2""}, ""repair"": null}]"
SGX3_BLIND_flood_depth_033,blind-composition,blind,flood_depth,PROVEN,all constraints satisfied,2856867a0433bf23bebf0da0c7c22b1b85f6306e763ea8b1dea8691cd2fd976f,"{""goal"": ""flood_depth"", ""required_quantity"": null, ""required_unit"": null, ""decision_time"": null, ""max_resolution_m"": null, ""requires_bare_earth"": false, ""requires_cloud_mask"": false, ""max_uncertainty"": null, ""temporal_tolerance_h"": null, ""required_value_range"": null}","[{""name"": ""terrain-90"", ""quantity"": ""elevation"", ""unit"": ""m"", ""scale"": ""continuous"", ""crs"": ""EPSG:32643"", ""resolution_m"": 90, ""temporal_resolution_h"": null, ""processing_level"": null, ""surface_model"": ""DTM"", ""vertical_datum"": ""EGM2008"", ""acquisition_time"": null, ""available_time"": null, ""provenance"": ""Copernicus DEM"", ""band_role"": null, ""nodata_semantics"": null, ""uncertainty"": null, ""allowed_values"": null, ""observed_min"": null, ""observed_max"": null, ""attrs"": {}}, {""name"": ""water-surface"", ""quantity"": ""water_level"", ""unit"": ""m"", ""scale"": ""continuous"", ""crs"": ""EPSG:32643"", ""resolution_m"": 10.0, ""temporal_resolution_h"": null, ""processing_level"": null, ""surface_model"": null, ""vertical_datum"": ""EGM2008"", ""acquisition_time"": null, ""available_time"": null, ""provenance"": ""hydraulic model"", ""band_role"": null, ""nodata_semantics"": null, ""uncertainty"": null, ""allowed_values"": null, ""observed_min"": null, ""observed_max"": null, ""attrs"": {}}]","[{""op"": ""combine_vertical"", ""params"": {""a"": 0, ""b"": 1}}, {""op"": ""convert_unit"", ""params"": {""artifact"": 1, ""to"": ""m""}}]",PROVEN,[]
SGX3_BLIND_flood_depth_034,blind-composition,blind,flood_depth,REFUTED,vertical datum mismatch; dimension-changing unit conversion,6a414ce22fe00affc3f53f745814443898ec954969049ce209ccbe830d4719e1,"{""goal"": ""flood_depth"", ""required_quantity"": null, ""required_unit"": null, ""decision_time"": null, ""max_resolution_m"": null, ""requires_bare_earth"": false, ""requires_cloud_mask"": false, ""max_uncertainty"": null, ""temporal_tolerance_h"": null, ""required_value_range"": null}","[{""name"": ""terrain-10"", ""quantity"": ""elevation"", ""unit"": ""m"", ""scale"": ""continuous"", ""crs"": ""EPSG:32643"", ""resolution_m"": 10, ""temporal_resolution_h"": null, ""processing_level"": null, ""surface_model"": ""DSM"", ""vertical_datum"": ""EGM2008"", ""acquisition_time"": null, ""available_time"": null, ""provenance"": ""Copernicus DEM"", ""band_role"": null, ""nodata_semantics"": null, ""uncertainty"": null, ""allowed_values"": null, ""observed_min"": null, ""observed_max"": null, ""attrs"": {}}, {""name"": ""water-surface"", ""quantity"": ""water_level"", ""unit"": ""cm"", ""scale"": ""continuous"", ""crs"": ""EPSG:32643"", ""resolution_m"": 10.0, ""temporal_resolution_h"": null, ""processing_level"": null, ""surface_model"": null, ""vertical_datum"": ""EGM96"", ""acquisition_time"": null, ""available_time"": null, ""provenance"": ""hydraulic model"", ""band_role"": null, ""nodata_semantics"": null, ""uncertainty"": null, ""allowed_values"": null, ""observed_min"": null, ""observed_max"": null, ""attrs"": {}}]","[{""op"": ""combine_vertical"", ""params"": {""a"": 0, ""b"": 1}}, {""op"": ""convert_unit"", ""params"": {""artifact"": 1, ""to"": ""km2""}}]",REFUTED,"[{""code"": ""VERTICAL_DATUM_MISMATCH"", ""verdict"": ""REFUTED"", ""message"": ""Vertical quantities use incompatible datums."", ""step_index"": 0, ""evidence"": {""a"": ""EGM2008"", ""b"": ""EGM96""}, ""repair"": null}, {""code"": ""UNIT_DIMENSION_MISMATCH"", ""verdict"": ""REFUTED"", ""message"": ""Requested conversion changes physical dimension."", ""step_index"": 1, ""evidence"": {""from"": ""cm"", ""to"": ""km2""}, ""repair"": null}]"
SGX3_BLIND_flood_depth_035,blind-composition,blind,flood_depth,REFUTED,vertical datum mismatch; dimension-changing unit conversion,db47050550e149560e1137eb6e10cc07fb335a2e84499715d207a1930766b9db,"{""goal"": ""flood_depth"", ""required_quantity"": null, ""required_unit"": null, ""decision_time"": null, ""max_resolution_m"": null, ""requires_bare_earth"": false, ""requires_cloud_mask"": false, ""max_uncertainty"": null, ""temporal_tolerance_h"": null, ""required_value_range"": null}","[{""name"": ""terrain-30"", ""quantity"": ""elevation"", ""unit"": ""m"", ""scale"": ""continuous"", ""crs"": ""EPSG:32643"", ""resolution_m"": 30, ""temporal_resolution_h"": null, ""processing_level"": null, ""surface_model"": ""DTM"", ""vertical_datum"": ""EGM2008"", ""acquisition_time"": null, ""available_time"": null, ""provenance"": ""Copernicus DEM"", ""band_role"": null, ""nodata_semantics"": null, ""uncertainty"": null, ""allowed_values"": null, ""observed_min"": null, ""observed_max"": null, ""attrs"": {}}, {""name"": ""water-surface"", ""quantity"": ""water_level"", ""unit"": ""cm"", ""scale"": ""continuous"", ""crs"": ""EPSG:32643"", ""resolution_m"": 10.0, ""temporal_resolution_h"": null, ""processing_level"": null, ""surface_model"": null, ""vertical_datum"": ""WGS84_ellipsoid"", ""acquisition_time"": null, ""available_time"": null, ""provenance"": ""hydraulic model"", ""band_role"": null, ""nodata_semantics"": null, ""uncertainty"": null, ""allowed_values"": null, ""observed_min"": null, ""observed_max"": null, ""attrs"": {}}]","[{""op"": ""combine_vertical"", ""params"": {""a"": 0, ""b"": 1}}, {""op"": ""convert_unit"", ""params"": {""artifact"": 1, ""to"": ""km2""}}]",REFUTED,"[{""code"": ""VERTICAL_DATUM_MISMATCH"", ""verdict"": ""REFUTED"", ""message"": ""Vertical quantities use incompatible datums."", ""step_index"": 0, ""evidence"": {""a"": ""EGM2008"", ""b"": ""WGS84_ellipsoid""}, ""repair"": null}, {""code"": ""UNIT_DIMENSION_MISMATCH"", ""verdict"": ""REFUTED"", ""message"": ""Requested conversion changes physical dimension."", ""step_index"": 1, ""evidence"": {""from"": ""cm"", ""to"": ""km2""}, ""repair"": null}]"
SGX3_BLIND_flood_depth_036,blind-composition,blind,flood_depth,REFUTED,vertical datum mismatch; dimension-changing unit conversion,1ad4fe5344784be6bf1cdb6b0d57ce9c4363575b9b63a871c990f82ed91ebe72,"{""goal"": ""flood_depth"", ""required_quantity"": null, ""required_unit"": null, ""decision_time"": null, ""max_resolution_m"": null, ""requires_bare_earth"": false, ""requires_cloud_mask"": false, ""max_uncertainty"": null, ""temporal_tolerance_h"": null, ""required_value_range"": null}","[{""name"": ""terrain-30"", ""quantity"": ""elevation"", ""unit"": ""m"", ""scale"": ""continuous"", ""crs"": ""EPSG:32643"", ""resolution_m"": 30, ""temporal_resolution_h"": null, ""processing_level"": null, ""surface_model"": ""DSM"", ""vertical_datum"": ""EGM2008"", ""acquisition_time"": null, ""available_time"": null, ""provenance"": ""Copernicus DEM"", ""band_role"": null, ""nodata_semantics"": null, ""uncertainty"": null, ""allowed_values"": null, ""observed_min"": null, ""observed_max"": null, ""attrs"": {}}, {""name"": ""water-surface"", ""quantity"": ""water_level"", ""unit"": ""km"", ""scale"": ""continuous"", ""crs"": ""EPSG:32643"", ""resolution_m"": 10.0, ""temporal_resolution_h"": null, ""processing_level"": null, ""surface_model"": null, ""vertical_datum"": ""EGM96"", ""acquisition_time"": null, ""available_time"": null, ""provenance"": ""hydraulic model"", ""band_role"": null, ""nodata_semantics"": null, ""uncertainty"": null, ""allowed_values"": null, ""observed_min"": null, ""observed_max"": null, ""attrs"": {}}]","[{""op"": ""combine_vertical"", ""params"": {""a"": 0, ""b"": 1}}, {""op"": ""convert_unit"", ""params"": {""artifact"": 1, ""to"": ""km2""}}]",REFUTED,"[{""code"": ""VERTICAL_DATUM_MISMATCH"", ""verdict"": ""REFUTED"", ""message"": ""Vertical quantities use incompatible datums."", ""step_index"": 0, ""evidence"": {""a"": ""EGM2008"", ""b"": ""EGM96""}, ""repair"": null}, {""code"": ""UNIT_DIMENSION_MISMATCH"", ""verdict"": ""REFUTED"", ""message"": ""Requested conversion changes physical dimension."", ""step_index"": 1, ""evidence"": {""from"": ""km"", ""to"": ""km2""}, ""repair"": null}]"
SGX3_BLIND_flood_depth_037,blind-composition,blind,flood_depth,REFUTED,vertical datum mismatch,1177090a979342bb4ba916447a5e133ef168f450399470525b67a1c88fb56b17,"{""goal"": ""flood_depth"", ""required_quantity"": null, ""required_unit"": null, ""decision_time"": null, ""max_resolution_m"": null, ""requires_bare_earth"": false, ""requires_cloud_mask"": false, ""max_uncertainty"": null, ""temporal_tolerance_h"": null, ""required_value_range"": null}","[{""name"": ""terrain-30"", ""quantity"": ""elevation"", ""unit"": ""m"", ""scale"": ""continuous"", ""crs"": ""EPSG:32643"", ""resolution_m"": 30, ""temporal_resolution_h"": null, ""processing_level"": null, ""surface_model"": ""DSM"", ""vertical_datum"": ""EGM2008"", ""acquisition_time"": null, ""available_time"": null, ""provenance"": ""Copernicus DEM"", ""band_role"": null, ""nodata_semantics"": null, ""uncertainty"": null, ""allowed_values"": null, ""observed_min"": null, ""observed_max"": null, ""attrs"": {}}, {""name"": ""water-surface"", ""quantity"": ""water_level"", ""unit"": ""cm"", ""scale"": ""continuous"", ""crs"": ""EPSG:32643"", ""resolution_m"": 10.0, ""temporal_resolution_h"": null, ""processing_level"": null, ""surface_model"": null, ""vertical_datum"": ""EGM96"", ""acquisition_time"": null, ""available_time"": null, ""provenance"": ""hydraulic model"", ""band_role"": null, ""nodata_semantics"": null, ""uncertainty"": null, ""allowed_values"": null, ""observed_min"": null, ""observed_max"": null, ""attrs"": {}}]","[{""op"": ""combine_vertical"", ""params"": {""a"": 0, ""b"": 1}}, {""op"": ""convert_unit"", ""params"": {""artifact"": 1, ""to"": ""m""}}]",REFUTED,"[{""code"": ""VERTICAL_DATUM_MISMATCH"", ""verdict"": ""REFUTED"", ""message"": ""Vertical quantities use incompatible datums."", ""step_index"": 0, ""evidence"": {""a"": ""EGM2008"", ""b"": ""EGM96""}, ""repair"": null}]"
SGX3_BLIND_flood_depth_038,blind-composition,blind,flood_depth,REFUTED,vertical datum mismatch; dimension-changing unit conversion,ec04b7291d867e0f708367dd9d8a9aefee5737a1fe6cbdcea0d1d510191b3bd6,"{""goal"": ""flood_depth"", ""required_quantity"": null, ""required_unit"": null, ""decision_time"": null, ""max_resolution_m"": null, ""requires_bare_earth"": false, ""requires_cloud_mask"": false, ""max_uncertainty"": null, ""temporal_tolerance_h"": null, ""required_value_range"": null}","[{""name"": ""terrain-90"", ""quantity"": ""elevation"", ""unit"": ""m"", ""scale"": ""continuous"", ""crs"": ""EPSG:32643"", ""resolution_m"": 90, ""temporal_resolution_h"": null, ""processing_level"": null, ""surface_model"": ""DTM"", ""vertical_datum"": ""EGM2008"", ""acquisition_time"": null, ""available_time"": null, ""provenance"": ""Copernicus DEM"", ""band_role"": null, ""nodata_semantics"": null, ""uncertainty"": null, ""allowed_values"": null, ""observed_min"": null, ""observed_max"": null, ""attrs"": {}}, {""name"": ""water-surface"", ""quantity"": ""water_level"", ""unit"": ""km"", ""scale"": ""continuous"", ""crs"": ""EPSG:32643"", ""resolution_m"": 10.0, ""temporal_resolution_h"": null, ""processing_level"": null, ""surface_model"": null, ""vertical_datum"": ""WGS84_ellipsoid"", ""acquisition_time"": null, ""available_time"": null, ""provenance"": ""hydraulic model"", ""band_role"": null, ""nodata_semantics"": null, ""uncertainty"": null, ""allowed_values"": null, ""observed_min"": null, ""observed_max"": null, ""attrs"": {}}]","[{""op"": ""combine_vertical"", ""params"": {""a"": 0, ""b"": 1}}, {""op"": ""convert_unit"", ""params"": {""artifact"": 1, ""to"": ""km2""}}]",REFUTED,"[{""code"": ""VERTICAL_DATUM_MISMATCH"", ""verdict"": ""REFUTED"", ""message"": ""Vertical quantities use incompatible datums."", ""step_index"": 0, ""evidence"": {""a"": ""EGM2008"", ""b"": ""WGS84_ellipsoid""}, ""repair"": null}, {""code"": ""UNIT_DIMENSION_MISMATCH"", ""verdict"": ""REFUTED"", ""message"": ""Requested conversion changes physical dimension."", ""step_index"": 1, ""evidence"": {""from"": ""km"", ""to"": ""km2""}, ""repair"": null}]"
SGX3_BLIND_flood_depth_039,blind-composition,blind,flood_depth,REFUTED,dimension-changing unit conversion; water vertical datum missing,c84ca7e5062de131ad58705d40ad7d5289e2e82b5f03b0c3cceb80cd8d2c158a,"{""goal"": ""flood_depth"", ""required_quantity"": null, ""required_unit"": null, ""decision_time"": null, ""max_resolution_m"": null, ""requires_bare_earth"": false, ""requires_cloud_mask"": false, ""max_uncertainty"": null, ""temporal_tolerance_h"": null, ""required_value_range"": null}","[{""name"": ""terrain-10"", ""quantity"": ""elevation"", ""unit"": ""m"", ""scale"": ""continuous"", ""crs"": ""EPSG:32643"", ""resolution_m"": 10, ""temporal_resolution_h"": null, ""processing_level"": null, ""surface_model"": ""DSM"", ""vertical_datum"": ""EGM2008"", ""acquisition_time"": null, ""available_time"": null, ""provenance"": ""Copernicus DEM"", ""band_role"": null, ""nodata_semantics"": null, ""uncertainty"": null, ""allowed_values"": null, ""observed_min"": null, ""observed_max"": null, ""attrs"": {}}, {""name"": ""water-surface"", ""quantity"": ""water_level"", ""unit"": ""m"", ""scale"": ""continuous"", ""crs"": ""EPSG:32643"", ""resolution_m"": 10.0, ""temporal_resolution_h"": null, ""processing_level"": null, ""surface_model"": null, ""vertical_datum"": null, ""acquisition_time"": null, ""available_time"": null, ""provenance"": ""hydraulic model"", ""band_role"": null, ""nodata_semantics"": null, ""uncertainty"": null, ""allowed_values"": null, ""observed_min"": null, ""observed_max"": null, ""attrs"": {}}]","[{""op"": ""combine_vertical"", ""params"": {""a"": 0, ""b"": 1}}, {""op"": ""convert_unit"", ""params"": {""artifact"": 1, ""to"": ""K""}}]",REFUTED,"[{""code"": ""VERTICAL_DATUM_UNKNOWN"", ""verdict"": ""UNPROVEN"", ""message"": ""Vertical-datum compatibility cannot be established."", ""step_index"": 0, ""evidence"": {}, ""repair"": null}, {""code"": ""UNIT_DIMENSION_MISMATCH"", ""verdict"": ""REFUTED"", ""message"": ""Requested conversion changes physical dimension."", ""step_index"": 1, ""evidence"": {""from"": ""m"", ""to"": ""K""}, ""repair"": null}]"
SGX3_BLIND_flood_depth_040,blind-composition,blind,flood_depth,REFUTED,vertical datum mismatch; dimension-changing unit conversion,a462158e9528460d34406ede40bc6f22a678808f94647d611acb20d87e37486a,"{""goal"": ""flood_depth"", ""required_quantity"": null, ""required_unit"": null, ""decision_time"": null, ""max_resolution_m"": null, ""requires_bare_earth"": false, ""requires_cloud_mask"": false, ""max_uncertainty"": null, ""temporal_tolerance_h"": null, ""required_value_range"": null}","[{""name"": ""terrain-90"", ""quantity"": ""elevation"", ""unit"": ""m"", ""scale"": ""continuous"", ""crs"": ""EPSG:32643"", ""resolution_m"": 90, ""temporal_resolution_h"": null, ""processing_level"": null, ""surface_model"": ""DSM"", ""vertical_datum"": ""EGM2008"", ""acquisition_time"": null, ""available_time"": null, ""provenance"": ""Copernicus DEM"", ""band_role"": null, ""nodata_semantics"": null, ""uncertainty"": null, ""allowed_values"": null, ""observed_min"": null, ""observed_max"": null, ""attrs"": {}}, {""name"": ""water-surface"", ""quantity"": ""water_level"", ""unit"": ""cm"", ""scale"": ""continuous"", ""crs"": ""EPSG:32643"", ""resolution_m"": 10.0, ""temporal_resolution_h"": null, ""processing_level"": null, ""surface_model"": null, ""vertical_datum"": ""EGM96"", ""acquisition_time"": null, ""available_time"": null, ""provenance"": ""hydraulic model"", ""band_role"": null, ""nodata_semantics"": null, ""uncertainty"": null, ""allowed_values"": null, ""observed_min"": null, ""observed_max"": null, ""attrs"": {}}]","[{""op"": ""combine_vertical"", ""params"": {""a"": 0, ""b"": 1}}, {""op"": ""convert_unit"", ""params"": {""artifact"": 1, ""to"": ""K""}}]",REFUTED,"[{""code"": ""VERTICAL_DATUM_MISMATCH"", ""verdict"": ""REFUTED"", ""message"": ""Vertical quantities use incompatible datums."", ""step_index"": 0, ""evidence"": {""a"": ""EGM2008"", ""b"": ""EGM96""}, ""repair"": null}, {""code"": ""UNIT_DIMENSION_MISMATCH"", ""verdict"": ""REFUTED"", ""message"": ""Requested conversion changes physical dimension."", ""step_index"": 1, ""evidence"": {""from"": ""cm"", ""to"": ""K""}, ""repair"": null}]"
SGX3_BLIND_flood_depth_041,blind-composition,blind,flood_depth,REFUTED,dimension-changing unit conversion,ea2db601618929cbb656e507905dd225cfea68441fbc52608bdad0a90f9addaf,"{""goal"": ""flood_depth"", ""required_quantity"": null, ""required_unit"": null, ""decision_time"": null, ""max_resolution_m"": null, ""requires_bare_earth"": false, ""requires_cloud_mask"": false, ""max_uncertainty"": null, ""temporal_tolerance_h"": null, ""required_value_range"": null}","[{""name"": ""terrain-90"", ""quantity"": ""elevation"", ""unit"": ""m"", ""scale"": ""continuous"", ""crs"": ""EPSG:32643"", ""resolution_m"": 90, ""temporal_resolution_h"": null, ""processing_level"": null, ""surface_model"": ""DTM"", ""vertical_datum"": ""EGM2008"", ""acquisition_time"": null, ""available_time"": null, ""provenance"": ""Copernicus DEM"", ""band_role"": null, ""nodata_semantics"": null, ""uncertainty"": null, ""allowed_values"": null, ""observed_min"": null, ""observed_max"": null, ""attrs"": {}}, {""name"": ""water-surface"", ""quantity"": ""water_level"", ""unit"": ""m"", ""scale"": ""continuous"", ""crs"": ""EPSG:32643"", ""resolution_m"": 10.0, ""temporal_resolution_h"": null, ""processing_level"": null, ""surface_model"": null, ""vertical_datum"": ""EGM2008"", ""acquisition_time"": null, ""available_time"": null, ""provenance"": ""hydraulic model"", ""band_role"": null, ""nodata_semantics"": null, ""uncertainty"": null, ""allowed_values"": null, ""observed_min"": null, ""observed_max"": null, ""attrs"": {}}]","[{""op"": ""combine_vertical"", ""params"": {""a"": 0, ""b"": 1}}, {""op"": ""convert_unit"", ""params"": {""artifact"": 1, ""to"": ""K""}}]",REFUTED,"[{""code"": ""UNIT_DIMENSION_MISMATCH"", ""verdict"": ""REFUTED"", ""message"": ""Requested conversion changes physical dimension."", ""step_index"": 1, ""evidence"": {""from"": ""m"", ""to"": ""K""}, ""repair"": null}]"
SGX3_BLIND_flood_depth_042,blind-composition,blind,flood_depth,PROVEN,all constraints satisfied,e2e0b54567182d8b3f990b82b402a872bce0fa3c0e1ba65f7d67046ab4248178,"{""goal"": ""flood_depth"", ""required_quantity"": null, ""required_unit"": null, ""decision_time"": null, ""max_resolution_m"": null, ""requires_bare_earth"": false, ""requires_cloud_mask"": false, ""max_uncertainty"": null, ""temporal_tolerance_h"": null, ""required_value_range"": null}","[{""name"": ""terrain-90"", ""quantity"": ""elevation"", ""unit"": ""m"", ""scale"": ""continuous"", ""crs"": ""EPSG:32643"", ""resolution_m"": 90, ""temporal_resolution_h"": null, ""processing_level"": null, ""surface_model"": ""DTM"", ""vertical_datum"": ""EGM2008"", ""acquisition_time"": null, ""available_time"": null, ""provenance"": ""Copernicus DEM"", ""band_role"": null, ""nodata_semantics"": null, ""uncertainty"": null, ""allowed_values"": null, ""observed_min"": null, ""observed_max"": null, ""attrs"": {}}, {""name"": ""water-surface"", ""quantity"": ""water_level"", ""unit"": ""km"", ""scale"": ""continuous"", ""crs"": ""EPSG:32643"", ""resolution_m"": 10.0, ""temporal_resolution_h"": null, ""processing_level"": null, ""surface_model"": null, ""vertical_datum"": ""EGM2008"", ""acquisition_time"": null, ""available_time"": null, ""provenance"": ""hydraulic model"", ""band_role"": null, ""nodata_semantics"": null, ""uncertainty"": null, ""allowed_values"": null, ""observed_min"": null, ""observed_max"": null, ""attrs"": {}}]","[{""op"": ""combine_vertical"", ""params"": {""a"": 0, ""b"": 1}}, {""op"": ""convert_unit"", ""params"": {""artifact"": 1, ""to"": ""km""}}]",PROVEN,[]
SGX3_BLIND_flood_depth_043,blind-composition,blind,flood_depth,REFUTED,vertical datum mismatch,1e81ae8001c09afeb95fe4366c93b54e36facba59601b52f26cf0ba77f8a54a9,"{""goal"": ""flood_depth"", ""required_quantity"": null, ""required_unit"": null, ""decision_time"": null, ""max_resolution_m"": null, ""requires_bare_earth"": false, ""requires_cloud_mask"": false, ""max_uncertainty"": null, ""temporal_tolerance_h"": null, ""required_value_range"": null}","[{""name"": ""terrain-10"", ""quantity"": ""elevation"", ""unit"": ""m"", ""scale"": ""continuous"", ""crs"": ""EPSG:32643"", ""resolution_m"": 10, ""temporal_resolution_h"": null, ""processing_level"": null, ""surface_model"": ""DTM"", ""vertical_datum"": ""EGM2008"", ""acquisition_time"": null, ""available_time"": null, ""provenance"": ""Copernicus DEM"", ""band_role"": null, ""nodata_semantics"": null, ""uncertainty"": null, ""allowed_values"": null, ""observed_min"": null, ""observed_max"": null, ""attrs"": {}}, {""name"": ""water-surface"", ""quantity"": ""water_level"", ""unit"": ""cm"", ""scale"": ""continuous"", ""crs"": ""EPSG:32643"", ""resolution_m"": 10.0, ""temporal_resolution_h"": null, ""processing_level"": null, ""surface_model"": null, ""vertical_datum"": ""WGS84_ellipsoid"", ""acquisition_time"": null, ""available_time"": null, ""provenance"": ""hydraulic model"", ""band_role"": null, ""nodata_semantics"": null, ""uncertainty"": null, ""allowed_values"": null, ""observed_min"": null, ""observed_max"": null, ""attrs"": {}}]","[{""op"": ""combine_vertical"", ""params"": {""a"": 0, ""b"": 1}}, {""op"": ""convert_unit"", ""params"": {""artifact"": 1, ""to"": ""km""}}]",REFUTED,"[{""code"": ""VERTICAL_DATUM_MISMATCH"", ""verdict"": ""REFUTED"", ""message"": ""Vertical quantities use incompatible datums."", ""step_index"": 0, ""evidence"": {""a"": ""EGM2008"", ""b"": ""WGS84_ellipsoid""}, ""repair"": null}]"
SGX3_BLIND_flood_depth_044,blind-composition,blind,flood_depth,REFUTED,dimension-changing unit conversion; water vertical datum missing,2516cf431ef0a4e98a8a0ee88c1ac027fb3834cbb1c7853f5885a35731a58500,"{""goal"": ""flood_depth"", ""required_quantity"": null, ""required_unit"": null, ""decision_time"": null, ""max_resolution_m"": null, ""requires_bare_earth"": false, ""requires_cloud_mask"": false, ""max_uncertainty"": null, ""temporal_tolerance_h"": null, ""required_value_range"": null}","[{""name"": ""terrain-30"", ""quantity"": ""elevation"", ""unit"": ""m"", ""scale"": ""continuous"", ""crs"": ""EPSG:32643"", ""resolution_m"": 30, ""temporal_resolution_h"": null, ""processing_level"": null, ""surface_model"": ""DSM"", ""vertical_datum"": ""EGM2008"", ""acquisition_time"": null, ""available_time"": null, ""provenance"": ""Copernicus DEM"", ""band_role"": null, ""nodata_semantics"": null, ""uncertainty"": null, ""allowed_values"": null, ""observed_min"": null, ""observed_max"": null, ""attrs"": {}}, {""name"": ""water-surface"", ""quantity"": ""water_level"", ""unit"": ""km"", ""scale"": ""continuous"", ""crs"": ""EPSG:32643"", ""resolution_m"": 10.0, ""temporal_resolution_h"": null, ""processing_level"": null, ""surface_model"": null, ""vertical_datum"": null, ""acquisition_time"": null, ""available_time"": null, ""provenance"": ""hydraulic model"", ""band_role"": null, ""nodata_semantics"": null, ""uncertainty"": null, ""allowed_values"": null, ""observed_min"": null, ""observed_max"": null, ""attrs"": {}}]","[{""op"": ""combine_vertical"", ""params"": {""a"": 0, ""b"": 1}}, {""op"": ""convert_unit"", ""params"": {""artifact"": 1, ""to"": ""K""}}]",REFUTED,"[{""code"": ""VERTICAL_DATUM_UNKNOWN"", ""verdict"": ""UNPROVEN"", ""message"": ""Vertical-datum compatibility cannot be established."", ""step_index"": 0, ""evidence"": {}, ""repair"": null}, {""code"": ""UNIT_DIMENSION_MISMATCH"", ""verdict"": ""REFUTED"", ""message"": ""Requested conversion changes physical dimension."", ""step_index"": 1, ""evidence"": {""from"": ""km"", ""to"": ""K""}, ""repair"": null}]"
SGX3_BLIND_flood_depth_045,blind-composition,blind,flood_depth,PROVEN,all constraints satisfied,cfa513703194e0a21eaeda960fb2d4adf55eb5c16e048d038843f9afbbbabb8e,"{""goal"": ""flood_depth"", ""required_quantity"": null, ""required_unit"": null, ""decision_time"": null, ""max_resolution_m"": null, ""requires_bare_earth"": false, ""requires_cloud_mask"": false, ""max_uncertainty"": null, ""temporal_tolerance_h"": null, ""required_value_range"": null}","[{""name"": ""terrain-10"", ""quantity"": ""elevation"", ""unit"": ""m"", ""scale"": ""continuous"", ""crs"": ""EPSG:32643"", ""resolution_m"": 10, ""temporal_resolution_h"": null, ""processing_level"": null, ""surface_model"": ""DSM"", ""vertical_datum"": ""EGM2008"", ""acquisition_time"": null, ""available_time"": null, ""provenance"": ""Copernicus DEM"", ""band_role"": null, ""nodata_semantics"": null, ""uncertainty"": null, ""allowed_values"": null, ""observed_min"": null, ""observed_max"": null, ""attrs"": {}}, {""name"": ""water-surface"", ""quantity"": ""water_level"", ""unit"": ""m"", ""scale"": ""continuous"", ""crs"": ""EPSG:32643"", ""resolution_m"": 10.0, ""temporal_resolution_h"": null, ""processing_level"": null, ""surface_model"": null, ""vertical_datum"": ""EGM2008"", ""acquisition_time"": null, ""available_time"": null, ""provenance"": ""hydraulic model"", ""band_role"": null, ""nodata_semantics"": null, ""uncertainty"": null, ""allowed_values"": null, ""observed_min"": null, ""observed_max"": null, ""attrs"": {}}]","[{""op"": ""combine_vertical"", ""params"": {""a"": 0, ""b"": 1}}, {""op"": ""convert_unit"", ""params"": {""artifact"": 1, ""to"": ""m""}}]",PROVEN,[]
SGX3_BLIND_flood_depth_046,blind-composition,blind,flood_depth,REFUTED,dimension-changing unit conversion,798b0bc6f0041442e9d8adf9800c25d252d0e9c733c61e539a1d2707cf1d483c,"{""goal"": ""flood_depth"", ""required_quantity"": null, ""required_unit"": null, ""decision_time"": null, ""max_resolution_m"": null, ""requires_bare_earth"": false, ""requires_cloud_mask"": false, ""max_uncertainty"": null, ""temporal_tolerance_h"": null, ""required_value_range"": null}","[{""name"": ""terrain-30"", ""quantity"": ""elevation"", ""unit"": ""m"", ""scale"": ""continuous"", ""crs"": ""EPSG:32643"", ""resolution_m"": 30, ""temporal_resolution_h"": null, ""processing_level"": null, ""surface_model"": ""DTM"", ""vertical_datum"": ""EGM2008"", ""acquisition_time"": null, ""available_time"": null, ""provenance"": ""Copernicus DEM"", ""band_role"": null, ""nodata_semantics"": null, ""uncertainty"": null, ""allowed_values"": null, ""observed_min"": null, ""observed_max"": null, ""attrs"": {}}, {""name"": ""water-surface"", ""quantity"": ""water_level"", ""unit"": ""m"", ""scale"": ""continuous"", ""crs"": ""EPSG:32643"", ""resolution_m"": 10.0, ""temporal_resolution_h"": null, ""processing_level"": null, ""surface_model"": null, ""vertical_datum"": ""EGM2008"", ""acquisition_time"": null, ""available_time"": null, ""provenance"": ""hydraulic model"", ""band_role"": null, ""nodata_semantics"": null, ""uncertainty"": null, ""allowed_values"": null, ""observed_min"": null, ""observed_max"": null, ""attrs"": {}}]","[{""op"": ""combine_vertical"", ""params"": {""a"": 0, ""b"": 1}}, {""op"": ""convert_unit"", ""params"": {""artifact"": 1, ""to"": ""K""}}]",REFUTED,"[{""code"": ""UNIT_DIMENSION_MISMATCH"", ""verdict"": ""REFUTED"", ""message"": ""Requested conversion changes physical dimension."", ""step_index"": 1, ""evidence"": {""from"": ""m"", ""to"": ""K""}, ""repair"": null}]"
SGX3_BLIND_flood_depth_047,blind-composition,blind,flood_depth,REFUTED,vertical datum mismatch; dimension-changing unit conversion,5ade8a7d20e3ee2de02dc6b1638fa532d5c9c10d23ec8b33f9cc18f2a6997006,"{""goal"": ""flood_depth"", ""required_quantity"": null, ""required_unit"": null, ""decision_time"": null, ""max_resolution_m"": null, ""requires_bare_earth"": false, ""requires_cloud_mask"": false, ""max_uncertainty"": null, ""temporal_tolerance_h"": null, ""required_value_range"": null}","[{""name"": ""terrain-30"", ""quantity"": ""elevation"", ""unit"": ""m"", ""scale"": ""continuous"", ""crs"": ""EPSG:32643"", ""resolution_m"": 30, ""temporal_resolution_h"": null, ""processing_level"": null, ""surface_model"": ""DSM"", ""vertical_datum"": ""EGM2008"", ""acquisition_time"": null, ""available_time"": null, ""provenance"": ""Copernicus DEM"", ""band_role"": null, ""nodata_semantics"": null, ""uncertainty"": null, ""allowed_values"": null, ""observed_min"": null, ""observed_max"": null, ""attrs"": {}}, {""name"": ""water-surface"", ""quantity"": ""water_level"", ""unit"": ""cm"", ""scale"": ""continuous"", ""crs"": ""EPSG:32643"", ""resolution_m"": 10.0, ""temporal_resolution_h"": null, ""processing_level"": null, ""surface_model"": null, ""vertical_datum"": ""EGM96"", ""acquisition_time"": null, ""available_time"": null, ""provenance"": ""hydraulic model"", ""band_role"": null, ""nodata_semantics"": null, ""uncertainty"": null, ""allowed_values"": null, ""observed_min"": null, ""observed_max"": null, ""attrs"": {}}]","[{""op"": ""combine_vertical"", ""params"": {""a"": 0, ""b"": 1}}, {""op"": ""convert_unit"", ""params"": {""artifact"": 1, ""to"": ""K""}}]",REFUTED,"[{""code"": ""VERTICAL_DATUM_MISMATCH"", ""verdict"": ""REFUTED"", ""message"": ""Vertical quantities use incompatible datums."", ""step_index"": 0, ""evidence"": {""a"": ""EGM2008"", ""b"": ""EGM96""}, ""repair"": null}, {""code"": ""UNIT_DIMENSION_MISMATCH"", ""verdict"": ""REFUTED"", ""message"": ""Requested conversion changes physical dimension."", ""step_index"": 1, ""evidence"": {""from"": ""cm"", ""to"": ""K""}, ""repair"": null}]"
SGX3_BLIND_flood_depth_048,blind-composition,blind,flood_depth,PROVEN,all constraints satisfied,f7c0ea6e1c9835c801c4a3eea6854f32a645353402d807ff85ebb561345d1711,"{""goal"": ""flood_depth"", ""required_quantity"": null, ""required_unit"": null, ""decision_time"": null, ""max_resolution_m"": null, ""requires_bare_earth"": false, ""requires_cloud_mask"": false, ""max_uncertainty"": null, ""temporal_tolerance_h"": null, ""required_value_range"": null}","[{""name"": ""terrain-10"", ""quantity"": ""elevation"", ""unit"": ""m"", ""scale"": ""continuous"", ""crs"": ""EPSG:32643"", ""resolution_m"": 10, ""temporal_resolution_h"": null, ""processing_level"": null, ""surface_model"": ""DTM"", ""vertical_datum"": ""EGM2008"", ""acquisition_time"": null, ""available_time"": null, ""provenance"": ""Copernicus DEM"", ""band_role"": null, ""nodata_semantics"": null, ""uncertainty"": null, ""allowed_values"": null, ""observed_min"": null, ""observed_max"": null, ""attrs"": {}}, {""name"": ""water-surface"", ""quantity"": ""water_level"", ""unit"": ""cm"", ""scale"": ""continuous"", ""crs"": ""EPSG:32643"", ""resolution_m"": 10.0, ""temporal_resolution_h"": null, ""processing_level"": null, ""surface_model"": null, ""vertical_datum"": ""EGM2008"", ""acquisition_time"": null, ""available_time"": null, ""provenance"": ""hydraulic model"", ""band_role"": null, ""nodata_semantics"": null, ""uncertainty"": null, ""allowed_values"": null, ""observed_min"": null, ""observed_max"": null, ""attrs"": {}}]","[{""op"": ""combine_vertical"", ""params"": {""a"": 0, ""b"": 1}}, {""op"": ""convert_unit"", ""params"": {""artifact"": 1, ""to"": ""m""}}]",PROVEN,[]
SGX3_BLIND_flood_depth_049,blind-composition,blind,flood_depth,UNPROVEN,water vertical datum missing,86a07c38ef715c934f16486a5c7a35305a2c7422e9afbb59e8ec14182a657e90,"{""goal"": ""flood_depth"", ""required_quantity"": null, ""required_unit"": null, ""decision_time"": null, ""max_resolution_m"": null, ""requires_bare_earth"": false, ""requires_cloud_mask"": false, ""max_uncertainty"": null, ""temporal_tolerance_h"": null, ""required_value_range"": null}","[{""name"": ""terrain-90"", ""quantity"": ""elevation"", ""unit"": ""m"", ""scale"": ""continuous"", ""crs"": ""EPSG:32643"", ""resolution_m"": 90, ""temporal_resolution_h"": null, ""processing_level"": null, ""surface_model"": ""DTM"", ""vertical_datum"": ""EGM2008"", ""acquisition_time"": null, ""available_time"": null, ""provenance"": ""Copernicus DEM"", ""band_role"": null, ""nodata_semantics"": null, ""uncertainty"": null, ""allowed_values"": null, ""observed_min"": null, ""observed_max"": null, ""attrs"": {}}, {""name"": ""water-surface"", ""quantity"": ""water_level"", ""unit"": ""cm"", ""scale"": ""continuous"", ""crs"": ""EPSG:32643"", ""resolution_m"": 10.0, ""temporal_resolution_h"": null, ""processing_level"": null, ""surface_model"": null, ""vertical_datum"": null, ""acquisition_time"": null, ""available_time"": null, ""provenance"": ""hydraulic model"", ""band_role"": null, ""nodata_semantics"": null, ""uncertainty"": null, ""allowed_values"": null, ""observed_min"": null, ""observed_max"": null, ""attrs"": {}}]","[{""op"": ""combine_vertical"", ""params"": {""a"": 0, ""b"": 1}}, {""op"": ""convert_unit"", ""params"": {""artifact"": 1, ""to"": ""km""}}]",UNPROVEN,"[{""code"": ""VERTICAL_DATUM_UNKNOWN"", ""verdict"": ""UNPROVEN"", ""message"": ""Vertical-datum compatibility cannot be established."", ""step_index"": 0, ""evidence"": {}, ""repair"": null}]"
SGX3_BLIND_eo_ml_validation_000,blind-composition,blind,eo_ml_validation,REFUTED,scene overlap,9c41bd38a61d0a7c83315c8bf073d2c2d2d08025069650fccef5d9c840c53b7b,"{""goal"": ""eo_ml_validation"", ""required_quantity"": null, ""required_unit"": null, ""decision_time"": null, ""max_resolution_m"": null, ""requires_bare_earth"": false, ""requires_cloud_mask"": false, ""max_uncertainty"": null, ""temporal_tolerance_h"": null, ""required_value_range"": null}","[{""name"": ""EO-samples-7760"", ""quantity"": ""training_samples"", ""unit"": null, ""scale"": ""continuous"", ""crs"": ""EPSG:32643"", ""resolution_m"": 10.0, ""temporal_resolution_h"": null, ""processing_level"": null, ""surface_model"": null, ""vertical_datum"": null, ""acquisition_time"": null, ""available_time"": null, ""provenance"": ""authoritative-product"", ""band_role"": null, ""nodata_semantics"": null, ""uncertainty"": null, ""allowed_values"": null, ""observed_min"": null, ""observed_max"": null, ""attrs"": {}}]","[{""op"": ""split"", ""params"": {""mode"": ""scene"", ""scene_overlap_fraction"": 0.0645}}]",REFUTED,"[{""code"": ""SCENE_OVERLAP_LEAKAGE"", ""verdict"": ""REFUTED"", ""message"": ""The same scene content appears in both train and test partitions."", ""step_index"": 0, ""evidence"": {""overlap_fraction"": 0.0645}, ""repair"": null}]"
SGX3_BLIND_eo_ml_validation_001,blind-composition,blind,eo_ml_validation,REFUTED,scene overlap,ccfef4f1dca58ed8adc6044625185a08a182a8fe83b2483808731da203c46870,"{""goal"": ""eo_ml_validation"", ""required_quantity"": null, ""required_unit"": null, ""decision_time"": null, ""max_resolution_m"": null, ""requires_bare_earth"": false, ""requires_cloud_mask"": false, ""max_uncertainty"": null, ""temporal_tolerance_h"": null, ""required_value_range"": null}","[{""name"": ""EO-samples-5760"", ""quantity"": ""training_samples"", ""unit"": null, ""scale"": ""continuous"", ""crs"": ""EPSG:32643"", ""resolution_m"": 10.0, ""temporal_resolution_h"": null, ""processing_level"": null, ""surface_model"": null, ""vertical_datum"": null, ""acquisition_time"": null, ""available_time"": null, ""provenance"": ""authoritative-product"", ""band_role"": null, ""nodata_semantics"": null, ""uncertainty"": null, ""allowed_values"": null, ""observed_min"": null, ""observed_max"": null, ""attrs"": {}}]","[{""op"": ""split"", ""params"": {""mode"": ""scene"", ""scene_overlap_fraction"": 0.5394}}]",REFUTED,"[{""code"": ""SCENE_OVERLAP_LEAKAGE"", ""verdict"": ""REFUTED"", ""message"": ""The same scene content appears in both train and test partitions."", ""step_index"": 0, ""evidence"": {""overlap_fraction"": 0.5394}, ""repair"": null}]"
SGX3_BLIND_eo_ml_validation_002,blind-composition,blind,eo_ml_validation,REFUTED,scene overlap,1866c05f99972946264d1e14875318e7599a5c865a02907a27bae23cc8b639c2,"{""goal"": ""eo_ml_validation"", ""required_quantity"": null, ""required_unit"": null, ""decision_time"": null, ""max_resolution_m"": null, ""requires_bare_earth"": false, ""requires_cloud_mask"": false, ""max_uncertainty"": null, ""temporal_tolerance_h"": null, ""required_value_range"": null}","[{""name"": ""EO-samples-5860"", ""quantity"": ""training_samples"", ""unit"": null, ""scale"": ""continuous"", ""crs"": ""EPSG:32643"", ""resolution_m"": 10.0, ""temporal_resolution_h"": null, ""processing_level"": null, ""surface_model"": null, ""vertical_datum"": null, ""acquisition_time"": null, ""available_time"": null, ""provenance"": ""authoritative-product"", ""band_role"": null, ""nodata_semantics"": null, ""uncertainty"": null, ""allowed_values"": null, ""observed_min"": null, ""observed_max"": null, ""attrs"": {}}]","[{""op"": ""split"", ""params"": {""mode"": ""scene"", ""scene_overlap_fraction"": 0.3396}}]",REFUTED,"[{""code"": ""SCENE_OVERLAP_LEAKAGE"", ""verdict"": ""REFUTED"", ""message"": ""The same scene content appears in both train and test partitions."", ""step_index"": 0, ""evidence"": {""overlap_fraction"": 0.3396}, ""repair"": null}]"
SGX3_BLIND_eo_ml_validation_003,blind-composition,blind,eo_ml_validation,PROVEN,all constraints satisfied,78c21204f11fd24b705308daefcca37a128256e7d5fd1763c0a98903d072f12a,"{""goal"": ""eo_ml_validation"", ""required_quantity"": null, ""required_unit"": null, ""decision_time"": null, ""max_resolution_m"": null, ""requires_bare_earth"": false, ""requires_cloud_mask"": false, ""max_uncertainty"": null, ""temporal_tolerance_h"": null, ""required_value_range"": null}","[{""name"": ""EO-samples-1398"", ""quantity"": ""training_samples"", ""unit"": null, ""scale"": ""continuous"", ""crs"": ""EPSG:32643"", ""resolution_m"": 10.0, ""temporal_resolution_h"": null, ""processing_level"": null, ""surface_model"": null, ""vertical_datum"": null, ""acquisition_time"": null, ""available_time"": null, ""provenance"": ""authoritative-product"", ""band_role"": null, ""nodata_semantics"": null, ""uncertainty"": null, ""allowed_values"": null, ""observed_min"": null, ""observed_max"": null, ""attrs"": {}}]","[{""op"": ""split"", ""params"": {""mode"": ""temporal"", ""train_end"": ""2024-07-03T00:00:00+00:00"", ""test_start"": ""2024-08-01T00:00:00+00:00""}}]",PROVEN,[]
SGX3_BLIND_eo_ml_validation_004,blind-composition,blind,eo_ml_validation,PROVEN,all constraints satisfied,5ae925913a0bd13657709c0fa38cac3e0d0cd074b09e89ae950d311677fb2d39,"{""goal"": ""eo_ml_validation"", ""required_quantity"": null, ""required_unit"": null, ""decision_time"": null, ""max_resolution_m"": null, ""requires_bare_earth"": false, ""requires_cloud_mask"": false, ""max_uncertainty"": null, ""temporal_tolerance_h"": null, ""required_value_range"": null}","[{""name"": ""EO-samples-8553"", ""quantity"": ""training_samples"", ""unit"": null, ""scale"": ""continuous"", ""crs"": ""EPSG:32643"", ""resolution_m"": 10.0, ""temporal_resolution_h"": null, ""processing_level"": null, ""surface_model"": null, ""vertical_datum"": null, ""acquisition_time"": null, ""available_time"": null, ""provenance"": ""authoritative-product"", ""band_role"": null, ""nodata_semantics"": null, ""uncertainty"": null, ""allowed_values"": null, ""observed_min"": null, ""observed_max"": null, ""attrs"": {}}]","[{""op"": ""split"", ""params"": {""mode"": ""temporal"", ""train_end"": ""2024-04-13T00:00:00+00:00"", ""test_start"": ""2024-05-01T00:00:00+00:00""}}]",PROVEN,[]
SGX3_BLIND_eo_ml_validation_005,blind-composition,blind,eo_ml_validation,PROVEN,all constraints satisfied,308d86a00e7994d2c66db9ac4c12fa4861619c2d6267cdd269ceefd0ac2598b0,"{""goal"": ""eo_ml_validation"", ""required_quantity"": null, ""required_unit"": null, ""decision_time"": null, ""max_resolution_m"": null, ""requires_bare_earth"": false, ""requires_cloud_mask"": false, ""max_uncertainty"": null, ""temporal_tolerance_h"": null, ""required_value_range"": null}","[{""name"": ""EO-samples-2430"", ""quantity"": ""training_samples"", ""unit"": null, ""scale"": ""continuous"", ""crs"": ""EPSG:32643"", ""resolution_m"": 10.0, ""temporal_resolution_h"": null, ""processing_level"": null, ""surface_model"": null, ""vertical_datum"": null, ""acquisition_time"": null, ""available_time"": null, ""provenance"": ""authoritative-product"", ""band_role"": null, ""nodata_semantics"": null, ""uncertainty"": null, ""allowed_values"": null, ""observed_min"": null, ""observed_max"": null, ""attrs"": {}}]","[{""op"": ""split"", ""params"": {""mode"": ""spatial"", ""separation_m"": 6242, ""dependence_range_m"": 3403}}]",PROVEN,[]
SGX3_BLIND_eo_ml_validation_006,blind-composition,blind,eo_ml_validation,REFUTED,scene overlap,749b50065efd206b3261f19357f626db10b2de2e3be1f0a57f2d2a477f9bfba9,"{""goal"": ""eo_ml_validation"", ""required_quantity"": null, ""required_unit"": null, ""decision_time"": null, ""max_resolution_m"": null, ""requires_bare_earth"": false, ""requires_cloud_mask"": false, ""max_uncertainty"": null, ""temporal_tolerance_h"": null, ""required_value_range"": null}","[{""name"": ""EO-samples-7018"", ""quantity"": ""training_samples"", ""unit"": null, ""scale"": ""continuous"", ""crs"": ""EPSG:32643"", ""resolution_m"": 10.0, ""temporal_resolution_h"": null, ""processing_level"": null, ""surface_model"": null, ""vertical_datum"": null, ""acquisition_time"": null, ""available_time"": null, ""provenance"": ""authoritative-product"", ""band_role"": null, ""nodata_semantics"": null, ""uncertainty"": null, ""allowed_values"": null, ""observed_min"": null, ""observed_max"": null, ""attrs"": {}}]","[{""op"": ""split"", ""params"": {""mode"": ""scene"", ""scene_overlap_fraction"": 0.1842}}]",REFUTED,"[{""code"": ""SCENE_OVERLAP_LEAKAGE"", ""verdict"": ""REFUTED"", ""message"": ""The same scene content appears in both train and test partitions."", ""step_index"": 0, ""evidence"": {""overlap_fraction"": 0.1842}, ""repair"": null}]"
SGX3_BLIND_eo_ml_validation_007,blind-composition,blind,eo_ml_validation,PROVEN,all constraints satisfied,d337cf3f3bb2ae332d36c606ef55ceb8ea7b1615a44e7dcbc61e0e03702eb07c,"{""goal"": ""eo_ml_validation"", ""required_quantity"": null, ""required_unit"": null, ""decision_time"": null, ""max_resolution_m"": null, ""requires_bare_earth"": false, ""requires_cloud_mask"": false, ""max_uncertainty"": null, ""temporal_tolerance_h"": null, ""required_value_range"": null}","[{""name"": ""EO-samples-1479"", ""quantity"": ""training_samples"", ""unit"": null, ""scale"": ""continuous"", ""crs"": ""EPSG:32643"", ""resolution_m"": 10.0, ""temporal_resolution_h"": null, ""processing_level"": null, ""surface_model"": null, ""vertical_datum"": null, ""acquisition_time"": null, ""available_time"": null, ""provenance"": ""authoritative-product"", ""band_role"": null, ""nodata_semantics"": null, ""uncertainty"": null, ""allowed_values"": null, ""observed_min"": null, ""observed_max"": null, ""attrs"": {}}]","[{""op"": ""split"", ""params"": {""mode"": ""temporal"", ""train_end"": ""2024-06-20T00:00:00+00:00"", ""test_start"": ""2024-07-01T00:00:00+00:00""}}]",PROVEN,[]
SGX3_BLIND_eo_ml_validation_008,blind-composition,blind,eo_ml_validation,REFUTED,scene overlap,a3c619e9622021e10337f07217cd1de6d793b48603f56f4a87053a4d7abdb81b,"{""goal"": ""eo_ml_validation"", ""required_quantity"": null, ""required_unit"": null, ""decision_time"": null, ""max_resolution_m"": null, ""requires_bare_earth"": false, ""requires_cloud_mask"": false, ""max_uncertainty"": null, ""temporal_tolerance_h"": null, ""required_value_range"": null}","[{""name"": ""EO-samples-1882"", ""quantity"": ""training_samples"", ""unit"": null, ""scale"": ""continuous"", ""crs"": ""EPSG:32643"", ""resolution_m"": 10.0, ""temporal_resolution_h"": null, ""processing_level"": null, ""surface_model"": null, ""vertical_datum"": null, ""acquisition_time"": null, ""available_time"": null, ""provenance"": ""authoritative-product"", ""band_role"": null, ""nodata_semantics"": null, ""uncertainty"": null, ""allowed_values"": null, ""observed_min"": null, ""observed_max"": null, ""attrs"": {}}]","[{""op"": ""split"", ""params"": {""mode"": ""scene"", ""scene_overlap_fraction"": 0.4635}}]",REFUTED,"[{""code"": ""SCENE_OVERLAP_LEAKAGE"", ""verdict"": ""REFUTED"", ""message"": ""The same scene content appears in both train and test partitions."", ""step_index"": 0, ""evidence"": {""overlap_fraction"": 0.4635}, ""repair"": null}]"
SGX3_BLIND_eo_ml_validation_009,blind-composition,blind,eo_ml_validation,PROVEN,all constraints satisfied,364cdacb30237783f49a114be22bcba1288a1df4a305797c73be964e0bf7960b,"{""goal"": ""eo_ml_validation"", ""required_quantity"": null, ""required_unit"": null, ""decision_time"": null, ""max_resolution_m"": null, ""requires_bare_earth"": false, ""requires_cloud_mask"": false, ""max_uncertainty"": null, ""temporal_tolerance_h"": null, ""required_value_range"": null}","[{""name"": ""EO-samples-9388"", ""quantity"": ""training_samples"", ""unit"": null, ""scale"": ""continuous"", ""crs"": ""EPSG:32643"", ""resolution_m"": 10.0, ""temporal_resolution_h"": null, ""processing_level"": null, ""surface_model"": null, ""vertical_datum"": null, ""acquisition_time"": null, ""available_time"": null, ""provenance"": ""authoritative-product"", ""band_role"": null, ""nodata_semantics"": null, ""uncertainty"": null, ""allowed_values"": null, ""observed_min"": null, ""observed_max"": null, ""attrs"": {}}]","[{""op"": ""split"", ""params"": {""mode"": ""temporal"", ""train_end"": ""2024-07-29T00:00:00+00:00"", ""test_start"": ""2024-08-01T00:00:00+00:00""}}]",PROVEN,[]
SGX3_BLIND_eo_ml_validation_010,blind-composition,blind,eo_ml_validation,PROVEN,all constraints satisfied,d0d67ebda8a6dfd56a5f795c5ee66121a8e1572207050df8631c99d5f91add1a,"{""goal"": ""eo_ml_validation"", ""required_quantity"": null, ""required_unit"": null, ""decision_time"": null, ""max_resolution_m"": null, ""requires_bare_earth"": false, ""requires_cloud_mask"": false, ""max_uncertainty"": null, ""temporal_tolerance_h"": null, ""required_value_range"": null}","[{""name"": ""EO-samples-1596"", ""quantity"": ""training_samples"", ""unit"": null, ""scale"": ""continuous"", ""crs"": ""EPSG:32643"", ""resolution_m"": 10.0, ""temporal_resolution_h"": null, ""processing_level"": null, ""surface_model"": null, ""vertical_datum"": null, ""acquisition_time"": null, ""available_time"": null, ""provenance"": ""authoritative-product"", ""band_role"": null, ""nodata_semantics"": null, ""uncertainty"": null, ""allowed_values"": null, ""observed_min"": null, ""observed_max"": null, ""attrs"": {}}]","[{""op"": ""split"", ""params"": {""mode"": ""spatial"", ""separation_m"": 5810, ""dependence_range_m"": 1472}}]",PROVEN,[]
SGX3_BLIND_eo_ml_validation_011,blind-composition,blind,eo_ml_validation,PROVEN,all constraints satisfied,13f59d499e38f398bdb6ec7b202f8ad892fc8ba6abfb01e2c3ec4ca91142394e,"{""goal"": ""eo_ml_validation"", ""required_quantity"": null, ""required_unit"": null, ""decision_time"": null, ""max_resolution_m"": null, ""requires_bare_earth"": false, ""requires_cloud_mask"": false, ""max_uncertainty"": null, ""temporal_tolerance_h"": null, ""required_value_range"": null}","[{""name"": ""EO-samples-9408"", ""quantity"": ""training_samples"", ""unit"": null, ""scale"": ""continuous"", ""crs"": ""EPSG:32643"", ""resolution_m"": 10.0, ""temporal_resolution_h"": null, ""processing_level"": null, ""surface_model"": null, ""vertical_datum"": null, ""acquisition_time"": null, ""available_time"": null, ""provenance"": ""authoritative-product"", ""band_role"": null, ""nodata_semantics"": null, ""uncertainty"": null, ""allowed_values"": null, ""observed_min"": null, ""observed_max"": null, ""attrs"": {}}]","[{""op"": ""split"", ""params"": {""mode"": ""spatial"", ""separation_m"": 6195, ""dependence_range_m"": 3456}}]",PROVEN,[]
SGX3_BLIND_eo_ml_validation_012,blind-composition,blind,eo_ml_validation,PROVEN,all constraints satisfied,a0284b4cfa90993e0750c5b2caf5d75b3c47858942a5ba76e6cd1758ff87f830,"{""goal"": ""eo_ml_validation"", ""required_quantity"": null, ""required_unit"": null, ""decision_time"": null, ""max_resolution_m"": null, ""requires_bare_earth"": false, ""requires_cloud_mask"": false, ""max_uncertainty"": null, ""temporal_tolerance_h"": null, ""required_value_range"": null}","[{""name"": ""EO-samples-4689"", ""quantity"": ""training_samples"", ""unit"": null, ""scale"": ""continuous"", ""crs"": ""EPSG:32643"", ""resolution_m"": 10.0, ""temporal_resolution_h"": null, ""processing_level"": null, ""surface_model"": null, ""vertical_datum"": null, ""acquisition_time"": null, ""available_time"": null, ""provenance"": ""authoritative-product"", ""band_role"": null, ""nodata_semantics"": null, ""uncertainty"": null, ""allowed_values"": null, ""observed_min"": null, ""observed_max"": null, ""attrs"": {}}]","[{""op"": ""split"", ""params"": {""mode"": ""temporal"", ""train_end"": ""2024-07-04T00:00:00+00:00"", ""test_start"": ""2024-08-01T00:00:00+00:00""}}]",PROVEN,[]
SGX3_BLIND_eo_ml_validation_013,blind-composition,blind,eo_ml_validation,PROVEN,all constraints satisfied,ca55147f238a133633748be85c7d12d101d99494dfa2fc718e12273eb0376bc1,"{""goal"": ""eo_ml_validation"", ""required_quantity"": null, ""required_unit"": null, ""decision_time"": null, ""max_resolution_m"": null, ""requires_bare_earth"": false, ""requires_cloud_mask"": false, ""max_uncertainty"": null, ""temporal_tolerance_h"": null, ""required_value_range"": null}","[{""name"": ""EO-samples-579"", ""quantity"": ""training_samples"", ""unit"": null, ""scale"": ""continuous"", ""crs"": ""EPSG:32643"", ""resolution_m"": 10.0, ""temporal_resolution_h"": null, ""processing_level"": null, ""surface_model"": null, ""vertical_datum"": null, ""acquisition_time"": null, ""available_time"": null, ""provenance"": ""authoritative-product"", ""band_role"": null, ""nodata_semantics"": null, ""uncertainty"": null, ""allowed_values"": null, ""observed_min"": null, ""observed_max"": null, ""attrs"": {}}]","[{""op"": ""split"", ""params"": {""mode"": ""spatial"", ""separation_m"": 5300, ""dependence_range_m"": 1188}}]",PROVEN,[]
SGX3_BLIND_eo_ml_validation_014,blind-composition,blind,eo_ml_validation,PROVEN,all constraints satisfied,deadf548067a229ecb13024ff010b34320fc8d92c5ff909d477af1d363148739,"{""goal"": ""eo_ml_validation"", ""required_quantity"": null, ""required_unit"": null, ""decision_time"": null, ""max_resolution_m"": null, ""requires_bare_earth"": false, ""requires_cloud_mask"": false, ""max_uncertainty"": null, ""temporal_tolerance_h"": null, ""required_value_range"": null}","[{""name"": ""EO-samples-5324"", ""quantity"": ""training_samples"", ""unit"": null, ""scale"": ""continuous"", ""crs"": ""EPSG:32643"", ""resolution_m"": 10.0, ""temporal_resolution_h"": null, ""processing_level"": null, ""surface_model"": null, ""vertical_datum"": null, ""acquisition_time"": null, ""available_time"": null, ""provenance"": ""authoritative-product"", ""band_role"": null, ""nodata_semantics"": null, ""uncertainty"": null, ""allowed_values"": null, ""observed_min"": null, ""observed_max"": null, ""attrs"": {}}]","[{""op"": ""split"", ""params"": {""mode"": ""spatial"", ""separation_m"": 6846, ""dependence_range_m"": 1869}}]",PROVEN,[]
SGX3_BLIND_eo_ml_validation_015,blind-composition,blind,eo_ml_validation,REFUTED,scene overlap,a3abbcd81fde3f525f53294560e6eefdfc5d0aebb154111a283dd5b609488aad,"{""goal"": ""eo_ml_validation"", ""required_quantity"": null, ""required_unit"": null, ""decision_time"": null, ""max_resolution_m"": null, ""requires_bare_earth"": false, ""requires_cloud_mask"": false, ""max_uncertainty"": null, ""temporal_tolerance_h"": null, ""required_value_range"": null}","[{""name"": ""EO-samples-750"", ""quantity"": ""training_samples"", ""unit"": null, ""scale"": ""continuous"", ""crs"": ""EPSG:32643"", ""resolution_m"": 10.0, ""temporal_resolution_h"": null, ""processing_level"": null, ""surface_model"": null, ""vertical_datum"": null, ""acquisition_time"": null, ""available_time"": null, ""provenance"": ""authoritative-product"", ""band_role"": null, ""nodata_semantics"": null, ""uncertainty"": null, ""allowed_values"": null, ""observed_min"": null, ""observed_max"": null, ""attrs"": {}}]","[{""op"": ""split"", ""params"": {""mode"": ""scene"", ""scene_overlap_fraction"": 0.1738}}]",REFUTED,"[{""code"": ""SCENE_OVERLAP_LEAKAGE"", ""verdict"": ""REFUTED"", ""message"": ""The same scene content appears in both train and test partitions."", ""step_index"": 0, ""evidence"": {""overlap_fraction"": 0.1738}, ""repair"": null}]"
SGX3_BLIND_eo_ml_validation_016,blind-composition,blind,eo_ml_validation,PROVEN,all constraints satisfied,70109ffd0df53d0dd12be7012039b5e9a4f9a0900417bb3103336e7c8b9abde2,"{""goal"": ""eo_ml_validation"", ""required_quantity"": null, ""required_unit"": null, ""decision_time"": null, ""max_resolution_m"": null, ""requires_bare_earth"": false, ""requires_cloud_mask"": false, ""max_uncertainty"": null, ""temporal_tolerance_h"": null, ""required_value_range"": null}","[{""name"": ""EO-samples-4023"", ""quantity"": ""training_samples"", ""unit"": null, ""scale"": ""continuous"", ""crs"": ""EPSG:32643"", ""resolution_m"": 10.0, ""temporal_resolution_h"": null, ""processing_level"": null, ""surface_model"": null, ""vertical_datum"": null, ""acquisition_time"": null, ""available_time"": null, ""provenance"": ""authoritative-product"", ""band_role"": null, ""nodata_semantics"": null, ""uncertainty"": null, ""allowed_values"": null, ""observed_min"": null, ""observed_max"": null, ""attrs"": {}}]","[{""op"": ""split"", ""params"": {""mode"": ""temporal"", ""train_end"": ""2024-04-18T00:00:00+00:00"", ""test_start"": ""2024-05-01T00:00:00+00:00""}}]",PROVEN,[]
SGX3_BLIND_eo_ml_validation_017,blind-composition,blind,eo_ml_validation,REFUTED,scene overlap,a1e874450a9fcc8cda737ae9d783e145cf6fe0cc0bab5435a023fd603acebede,"{""goal"": ""eo_ml_validation"", ""required_quantity"": null, ""required_unit"": null, ""decision_time"": null, ""max_resolution_m"": null, ""requires_bare_earth"": false, ""requires_cloud_mask"": false, ""max_uncertainty"": null, ""temporal_tolerance_h"": null, ""required_value_range"": null}","[{""name"": ""EO-samples-6802"", ""quantity"": ""training_samples"", ""unit"": null, ""scale"": ""continuous"", ""crs"": ""EPSG:32643"", ""resolution_m"": 10.0, ""temporal_resolution_h"": null, ""processing_level"": null, ""surface_model"": null, ""vertical_datum"": null, ""acquisition_time"": null, ""available_time"": null, ""provenance"": ""authoritative-product"", ""band_role"": null, ""nodata_semantics"": null, ""uncertainty"": null, ""allowed_values"": null, ""observed_min"": null, ""observed_max"": null, ""attrs"": {}}]","[{""op"": ""split"", ""params"": {""mode"": ""scene"", ""scene_overlap_fraction"": 0.218}}]",REFUTED,"[{""code"": ""SCENE_OVERLAP_LEAKAGE"", ""verdict"": ""REFUTED"", ""message"": ""The same scene content appears in both train and test partitions."", ""step_index"": 0, ""evidence"": {""overlap_fraction"": 0.218}, ""repair"": null}]"
SGX3_BLIND_eo_ml_validation_018,blind-composition,blind,eo_ml_validation,PROVEN,all constraints satisfied,8d065be94ba373818738397cc1dbe4162d8bf117fa61820771aefdfa236e3b05,"{""goal"": ""eo_ml_validation"", ""required_quantity"": null, ""required_unit"": null, ""decision_time"": null, ""max_resolution_m"": null, ""requires_bare_earth"": false, ""requires_cloud_mask"": false, ""max_uncertainty"": null, ""temporal_tolerance_h"": null, ""required_value_range"": null}","[{""name"": ""EO-samples-8371"", ""quantity"": ""training_samples"", ""unit"": null, ""scale"": ""continuous"", ""crs"": ""EPSG:32643"", ""resolution_m"": 10.0, ""temporal_resolution_h"": null, ""processing_level"": null, ""surface_model"": null, ""vertical_datum"": null, ""acquisition_time"": null, ""available_time"": null, ""provenance"": ""authoritative-product"", ""band_role"": null, ""nodata_semantics"": null, ""uncertainty"": null, ""allowed_values"": null, ""observed_min"": null, ""observed_max"": null, ""attrs"": {}}]","[{""op"": ""split"", ""params"": {""mode"": ""temporal"", ""train_end"": ""2024-07-23T00:00:00+00:00"", ""test_start"": ""2024-08-01T00:00:00+00:00""}}]",PROVEN,[]
SGX3_BLIND_eo_ml_validation_019,blind-composition,blind,eo_ml_validation,REFUTED,scene overlap,3146b83dd70858368aca1473c07123d4d719a2e2400f95a557de439abc00cca4,"{""goal"": ""eo_ml_validation"", ""required_quantity"": null, ""required_unit"": null, ""decision_time"": null, ""max_resolution_m"": null, ""requires_bare_earth"": false, ""requires_cloud_mask"": false, ""max_uncertainty"": null, ""temporal_tolerance_h"": null, ""required_value_range"": null}","[{""name"": ""EO-samples-69"", ""quantity"": ""training_samples"", ""unit"": null, ""scale"": ""continuous"", ""crs"": ""EPSG:32643"", ""resolution_m"": 10.0, ""temporal_resolution_h"": null, ""processing_level"": null, ""surface_model"": null, ""vertical_datum"": null, ""acquisition_time"": null, ""available_time"": null, ""provenance"": ""authoritative-product"", ""band_role"": null, ""nodata_semantics"": null, ""uncertainty"": null, ""allowed_values"": null, ""observed_min"": null, ""observed_max"": null, ""attrs"": {}}]","[{""op"": ""split"", ""params"": {""mode"": ""scene"", ""scene_overlap_fraction"": 0.4623}}]",REFUTED,"[{""code"": ""SCENE_OVERLAP_LEAKAGE"", ""verdict"": ""REFUTED"", ""message"": ""The same scene content appears in both train and test partitions."", ""step_index"": 0, ""evidence"": {""overlap_fraction"": 0.4623}, ""repair"": null}]"
SGX3_BLIND_eo_ml_validation_020,blind-composition,blind,eo_ml_validation,REFUTED,temporal overlap,c69d2a30ab81746d1f844117876d10e39daf28e8bafa8f3784be5e30da10d6d9,"{""goal"": ""eo_ml_validation"", ""required_quantity"": null, ""required_unit"": null, ""decision_time"": null, ""max_resolution_m"": null, ""requires_bare_earth"": false, ""requires_cloud_mask"": false, ""max_uncertainty"": null, ""temporal_tolerance_h"": null, ""required_value_range"": null}","[{""name"": ""EO-samples-8737"", ""quantity"": ""training_samples"", ""unit"": null, ""scale"": ""continuous"", ""crs"": ""EPSG:32643"", ""resolution_m"": 10.0, ""temporal_resolution_h"": null, ""processing_level"": null, ""surface_model"": null, ""vertical_datum"": null, ""acquisition_time"": null, ""available_time"": null, ""provenance"": ""authoritative-product"", ""band_role"": null, ""nodata_semantics"": null, ""uncertainty"": null, ""allowed_values"": null, ""observed_min"": null, ""observed_max"": null, ""attrs"": {}}]","[{""op"": ""split"", ""params"": {""mode"": ""temporal"", ""train_end"": ""2024-06-14T00:00:00+00:00"", ""test_start"": ""2024-06-01T00:00:00+00:00""}}]",REFUTED,"[{""code"": ""TEMPORAL_SPLIT_OVERLAP"", ""verdict"": ""REFUTED"", ""message"": ""Training and testing periods overlap or are not chronologically ordered."", ""step_index"": 0, ""evidence"": {}, ""repair"": null}]"
SGX3_BLIND_eo_ml_validation_021,blind-composition,blind,eo_ml_validation,PROVEN,all constraints satisfied,f6f95d1a2198732d31eca7bf4e95a9dc897401a80a95ec7fbf01a5788bcea086,"{""goal"": ""eo_ml_validation"", ""required_quantity"": null, ""required_unit"": null, ""decision_time"": null, ""max_resolution_m"": null, ""requires_bare_earth"": false, ""requires_cloud_mask"": false, ""max_uncertainty"": null, ""temporal_tolerance_h"": null, ""required_value_range"": null}","[{""name"": ""EO-samples-7218"", ""quantity"": ""training_samples"", ""unit"": null, ""scale"": ""continuous"", ""crs"": ""EPSG:32643"", ""resolution_m"": 10.0, ""temporal_resolution_h"": null, ""processing_level"": null, ""surface_model"": null, ""vertical_datum"": null, ""acquisition_time"": null, ""available_time"": null, ""provenance"": ""authoritative-product"", ""band_role"": null, ""nodata_semantics"": null, ""uncertainty"": null, ""allowed_values"": null, ""observed_min"": null, ""observed_max"": null, ""attrs"": {}}]","[{""op"": ""split"", ""params"": {""mode"": ""temporal"", ""train_end"": ""2024-04-28T00:00:00+00:00"", ""test_start"": ""2024-05-01T00:00:00+00:00""}}]",PROVEN,[]
SGX3_BLIND_eo_ml_validation_022,blind-composition,blind,eo_ml_validation,REFUTED,scene overlap,c79a25a7a2bce3b170fb9e394f1874e61adbe8675b79718358eac02f6fa5e522,"{""goal"": ""eo_ml_validation"", ""required_quantity"": null, ""required_unit"": null, ""decision_time"": null, ""max_resolution_m"": null, ""requires_bare_earth"": false, ""requires_cloud_mask"": false, ""max_uncertainty"": null, ""temporal_tolerance_h"": null, ""required_value_range"": null}","[{""name"": ""EO-samples-8252"", ""quantity"": ""training_samples"", ""unit"": null, ""scale"": ""continuous"", ""crs"": ""EPSG:32643"", ""resolution_m"": 10.0, ""temporal_resolution_h"": null, ""processing_level"": null, ""surface_model"": null, ""vertical_datum"": null, ""acquisition_time"": null, ""available_time"": null, ""provenance"": ""authoritative-product"", ""band_role"": null, ""nodata_semantics"": null, ""uncertainty"": null, ""allowed_values"": null, ""observed_min"": null, ""observed_max"": null, ""attrs"": {}}]","[{""op"": ""split"", ""params"": {""mode"": ""scene"", ""scene_overlap_fraction"": 0.6003}}]",REFUTED,"[{""code"": ""SCENE_OVERLAP_LEAKAGE"", ""verdict"": ""REFUTED"", ""message"": ""The same scene content appears in both train and test partitions."", ""step_index"": 0, ""evidence"": {""overlap_fraction"": 0.6003}, ""repair"": null}]"
SGX3_BLIND_eo_ml_validation_023,blind-composition,blind,eo_ml_validation,REFUTED,scene overlap,716db2385190b3e0c29834e04e08b2531ac44b14edf8cab23de3051184354ae0,"{""goal"": ""eo_ml_validation"", ""required_quantity"": null, ""required_unit"": null, ""decision_time"": null, ""max_resolution_m"": null, ""requires_bare_earth"": false, ""requires_cloud_mask"": false, ""max_uncertainty"": null, ""temporal_tolerance_h"": null, ""required_value_range"": null}","[{""name"": ""EO-samples-2179"", ""quantity"": ""training_samples"", ""unit"": null, ""scale"": ""continuous"", ""crs"": ""EPSG:32643"", ""resolution_m"": 10.0, ""temporal_resolution_h"": null, ""processing_level"": null, ""surface_model"": null, ""vertical_datum"": null, ""acquisition_time"": null, ""available_time"": null, ""provenance"": ""authoritative-product"", ""band_role"": null, ""nodata_semantics"": null, ""uncertainty"": null, ""allowed_values"": null, ""observed_min"": null, ""observed_max"": null, ""attrs"": {}}]","[{""op"": ""split"", ""params"": {""mode"": ""scene"", ""scene_overlap_fraction"": 0.5818}}]",REFUTED,"[{""code"": ""SCENE_OVERLAP_LEAKAGE"", ""verdict"": ""REFUTED"", ""message"": ""The same scene content appears in both train and test partitions."", ""step_index"": 0, ""evidence"": {""overlap_fraction"": 0.5818}, ""repair"": null}]"
SGX3_BLIND_eo_ml_validation_024,blind-composition,blind,eo_ml_validation,REFUTED,scene overlap,872378be8b7581cecbf47668b2b05865107be628e6242ced41a745485720512e,"{""goal"": ""eo_ml_validation"", ""required_quantity"": null, ""required_unit"": null, ""decision_time"": null, ""max_resolution_m"": null, ""requires_bare_earth"": false, ""requires_cloud_mask"": false, ""max_uncertainty"": null, ""temporal_tolerance_h"": null, ""required_value_range"": null}","[{""name"": ""EO-samples-336"", ""quantity"": ""training_samples"", ""unit"": null, ""scale"": ""continuous"", ""crs"": ""EPSG:32643"", ""resolution_m"": 10.0, ""temporal_resolution_h"": null, ""processing_level"": null, ""surface_model"": null, ""vertical_datum"": null, ""acquisition_time"": null, ""available_time"": null, ""provenance"": ""authoritative-product"", ""band_role"": null, ""nodata_semantics"": null, ""uncertainty"": null, ""allowed_values"": null, ""observed_min"": null, ""observed_max"": null, ""attrs"": {}}]","[{""op"": ""split"", ""params"": {""mode"": ""scene"", ""scene_overlap_fraction"": 0.2981}}]",REFUTED,"[{""code"": ""SCENE_OVERLAP_LEAKAGE"", ""verdict"": ""REFUTED"", ""message"": ""The same scene content appears in both train and test partitions."", ""step_index"": 0, ""evidence"": {""overlap_fraction"": 0.2981}, ""repair"": null}]"
SGX3_BLIND_eo_ml_validation_025,blind-composition,blind,eo_ml_validation,REFUTED,scene overlap,9c24f2d61747e818be801fb91b325397a2f4e991b0f8b3e2201f5dd048e4d303,"{""goal"": ""eo_ml_validation"", ""required_quantity"": null, ""required_unit"": null, ""decision_time"": null, ""max_resolution_m"": null, ""requires_bare_earth"": false, ""requires_cloud_mask"": false, ""max_uncertainty"": null, ""temporal_tolerance_h"": null, ""required_value_range"": null}","[{""name"": ""EO-samples-6326"", ""quantity"": ""training_samples"", ""unit"": null, ""scale"": ""continuous"", ""crs"": ""EPSG:32643"", ""resolution_m"": 10.0, ""temporal_resolution_h"": null, ""processing_level"": null, ""surface_model"": null, ""vertical_datum"": null, ""acquisition_time"": null, ""available_time"": null, ""provenance"": ""authoritative-product"", ""band_role"": null, ""nodata_semantics"": null, ""uncertainty"": null, ""allowed_values"": null, ""observed_min"": null, ""observed_max"": null, ""attrs"": {}}]","[{""op"": ""split"", ""params"": {""mode"": ""scene"", ""scene_overlap_fraction"": 0.6333}}]",REFUTED,"[{""code"": ""SCENE_OVERLAP_LEAKAGE"", ""verdict"": ""REFUTED"", ""message"": ""The same scene content appears in both train and test partitions."", ""step_index"": 0, ""evidence"": {""overlap_fraction"": 0.6333}, ""repair"": null}]"
SGX3_BLIND_eo_ml_validation_026,blind-composition,blind,eo_ml_validation,REFUTED,scene overlap,f3d21d4f248bc757badbf9095bfd06392c9cdde70e508994577623f421f34ee5,"{""goal"": ""eo_ml_validation"", ""required_quantity"": null, ""required_unit"": null, ""decision_time"": null, ""max_resolution_m"": null, ""requires_bare_earth"": false, ""requires_cloud_mask"": false, ""max_uncertainty"": null, ""temporal_tolerance_h"": null, ""required_value_range"": null}","[{""name"": ""EO-samples-5792"", ""quantity"": ""training_samples"", ""unit"": null, ""scale"": ""continuous"", ""crs"": ""EPSG:32643"", ""resolution_m"": 10.0, ""temporal_resolution_h"": null, ""processing_level"": null, ""surface_model"": null, ""vertical_datum"": null, ""acquisition_time"": null, ""available_time"": null, ""provenance"": ""authoritative-product"", ""band_role"": null, ""nodata_semantics"": null, ""uncertainty"": null, ""allowed_values"": null, ""observed_min"": null, ""observed_max"": null, ""attrs"": {}}]","[{""op"": ""split"", ""params"": {""mode"": ""scene"", ""scene_overlap_fraction"": 0.7458}}]",REFUTED,"[{""code"": ""SCENE_OVERLAP_LEAKAGE"", ""verdict"": ""REFUTED"", ""message"": ""The same scene content appears in both train and test partitions."", ""step_index"": 0, ""evidence"": {""overlap_fraction"": 0.7458}, ""repair"": null}]"
SGX3_BLIND_eo_ml_validation_027,blind-composition,blind,eo_ml_validation,REFUTED,scene overlap,4f7e657b703c15ae84e490854ff1b601369129495f909ed8d4363d32299bf620,"{""goal"": ""eo_ml_validation"", ""required_quantity"": null, ""required_unit"": null, ""decision_time"": null, ""max_resolution_m"": null, ""requires_bare_earth"": false, ""requires_cloud_mask"": false, ""max_uncertainty"": null, ""temporal_tolerance_h"": null, ""required_value_range"": null}","[{""name"": ""EO-samples-2207"", ""quantity"": ""training_samples"", ""unit"": null, ""scale"": ""continuous"", ""crs"": ""EPSG:32643"", ""resolution_m"": 10.0, ""temporal_resolution_h"": null, ""processing_level"": null, ""surface_model"": null, ""vertical_datum"": null, ""acquisition_time"": null, ""available_time"": null, ""provenance"": ""authoritative-product"", ""band_role"": null, ""nodata_semantics"": null, ""uncertainty"": null, ""allowed_values"": null, ""observed_min"": null, ""observed_max"": null, ""attrs"": {}}]","[{""op"": ""split"", ""params"": {""mode"": ""scene"", ""scene_overlap_fraction"": 0.5326}}]",REFUTED,"[{""code"": ""SCENE_OVERLAP_LEAKAGE"", ""verdict"": ""REFUTED"", ""message"": ""The same scene content appears in both train and test partitions."", ""step_index"": 0, ""evidence"": {""overlap_fraction"": 0.5326}, ""repair"": null}]"
SGX3_BLIND_eo_ml_validation_028,blind-composition,blind,eo_ml_validation,REFUTED,temporal overlap,a7ac174ad896717f2ba3def10272f8289c836bba666ef4bdf85c51a61fe0faf2,"{""goal"": ""eo_ml_validation"", ""required_quantity"": null, ""required_unit"": null, ""decision_time"": null, ""max_resolution_m"": null, ""requires_bare_earth"": false, ""requires_cloud_mask"": false, ""max_uncertainty"": null, ""temporal_tolerance_h"": null, ""required_value_range"": null}","[{""name"": ""EO-samples-8840"", ""quantity"": ""training_samples"", ""unit"": null, ""scale"": ""continuous"", ""crs"": ""EPSG:32643"", ""resolution_m"": 10.0, ""temporal_resolution_h"": null, ""processing_level"": null, ""surface_model"": null, ""vertical_datum"": null, ""acquisition_time"": null, ""available_time"": null, ""provenance"": ""authoritative-product"", ""band_role"": null, ""nodata_semantics"": null, ""uncertainty"": null, ""allowed_values"": null, ""observed_min"": null, ""observed_max"": null, ""attrs"": {}}]","[{""op"": ""split"", ""params"": {""mode"": ""temporal"", ""train_end"": ""2024-05-08T00:00:00+00:00"", ""test_start"": ""2024-05-01T00:00:00+00:00""}}]",REFUTED,"[{""code"": ""TEMPORAL_SPLIT_OVERLAP"", ""verdict"": ""REFUTED"", ""message"": ""Training and testing periods overlap or are not chronologically ordered."", ""step_index"": 0, ""evidence"": {}, ""repair"": null}]"
SGX3_BLIND_eo_ml_validation_029,blind-composition,blind,eo_ml_validation,PROVEN,all constraints satisfied,8c0122673c19bde8c9bf3f4ab277726b323f0f4709f016e74caf981de6d0287a,"{""goal"": ""eo_ml_validation"", ""required_quantity"": null, ""required_unit"": null, ""decision_time"": null, ""max_resolution_m"": null, ""requires_bare_earth"": false, ""requires_cloud_mask"": false, ""max_uncertainty"": null, ""temporal_tolerance_h"": null, ""required_value_range"": null}","[{""name"": ""EO-samples-191"", ""quantity"": ""training_samples"", ""unit"": null, ""scale"": ""continuous"", ""crs"": ""EPSG:32643"", ""resolution_m"": 10.0, ""temporal_resolution_h"": null, ""processing_level"": null, ""surface_model"": null, ""vertical_datum"": null, ""acquisition_time"": null, ""available_time"": null, ""provenance"": ""authoritative-product"", ""band_role"": null, ""nodata_semantics"": null, ""uncertainty"": null, ""allowed_values"": null, ""observed_min"": null, ""observed_max"": null, ""attrs"": {}}]","[{""op"": ""split"", ""params"": {""mode"": ""spatial"", ""separation_m"": 3878, ""dependence_range_m"": 657}}]",PROVEN,[]
SGX3_BLIND_eo_ml_validation_030,blind-composition,blind,eo_ml_validation,REFUTED,scene overlap,60c37583aea549311262791de51555d67cbb49a304575b45a9e1daaccbf72253,"{""goal"": ""eo_ml_validation"", ""required_quantity"": null, ""required_unit"": null, ""decision_time"": null, ""max_resolution_m"": null, ""requires_bare_earth"": false, ""requires_cloud_mask"": false, ""max_uncertainty"": null, ""temporal_tolerance_h"": null, ""required_value_range"": null}","[{""name"": ""EO-samples-1528"", ""quantity"": ""training_samples"", ""unit"": null, ""scale"": ""continuous"", ""crs"": ""EPSG:32643"", ""resolution_m"": 10.0, ""temporal_resolution_h"": null, ""processing_level"": null, ""surface_model"": null, ""vertical_datum"": null, ""acquisition_time"": null, ""available_time"": null, ""provenance"": ""authoritative-product"", ""band_role"": null, ""nodata_semantics"": null, ""uncertainty"": null, ""allowed_values"": null, ""observed_min"": null, ""observed_max"": null, ""attrs"": {}}]","[{""op"": ""split"", ""params"": {""mode"": ""scene"", ""scene_overlap_fraction"": 0.0382}}]",REFUTED,"[{""code"": ""SCENE_OVERLAP_LEAKAGE"", ""verdict"": ""REFUTED"", ""message"": ""The same scene content appears in both train and test partitions."", ""step_index"": 0, ""evidence"": {""overlap_fraction"": 0.0382}, ""repair"": null}]"
SGX3_BLIND_eo_ml_validation_031,blind-composition,blind,eo_ml_validation,REFUTED,scene overlap,b81dbcc44ec84f81ce3742daeafebbd72ee1990448e3bab3feb95b0b256edac3,"{""goal"": ""eo_ml_validation"", ""required_quantity"": null, ""required_unit"": null, ""decision_time"": null, ""max_resolution_m"": null, ""requires_bare_earth"": false, ""requires_cloud_mask"": false, ""max_uncertainty"": null, ""temporal_tolerance_h"": null, ""required_value_range"": null}","[{""name"": ""EO-samples-2307"", ""quantity"": ""training_samples"", ""unit"": null, ""scale"": ""continuous"", ""crs"": ""EPSG:32643"", ""resolution_m"": 10.0, ""temporal_resolution_h"": null, ""processing_level"": null, ""surface_model"": null, ""vertical_datum"": null, ""acquisition_time"": null, ""available_time"": null, ""provenance"": ""authoritative-product"", ""band_role"": null, ""nodata_semantics"": null, ""uncertainty"": null, ""allowed_values"": null, ""observed_min"": null, ""observed_max"": null, ""attrs"": {}}]","[{""op"": ""split"", ""params"": {""mode"": ""scene"", ""scene_overlap_fraction"": 0.4765}}]",REFUTED,"[{""code"": ""SCENE_OVERLAP_LEAKAGE"", ""verdict"": ""REFUTED"", ""message"": ""The same scene content appears in both train and test partitions."", ""step_index"": 0, ""evidence"": {""overlap_fraction"": 0.4765}, ""repair"": null}]"
SGX3_BLIND_eo_ml_validation_032,blind-composition,blind,eo_ml_validation,REFUTED,scene overlap,dbf66153178cb6f80075a877be0d28f9602dfd46f976357c74759a2de508f704,"{""goal"": ""eo_ml_validation"", ""required_quantity"": null, ""required_unit"": null, ""decision_time"": null, ""max_resolution_m"": null, ""requires_bare_earth"": false, ""requires_cloud_mask"": false, ""max_uncertainty"": null, ""temporal_tolerance_h"": null, ""required_value_range"": null}","[{""name"": ""EO-samples-288"", ""quantity"": ""training_samples"", ""unit"": null, ""scale"": ""continuous"", ""crs"": ""EPSG:32643"", ""resolution_m"": 10.0, ""temporal_resolution_h"": null, ""processing_level"": null, ""surface_model"": null, ""vertical_datum"": null, ""acquisition_time"": null, ""available_time"": null, ""provenance"": ""authoritative-product"", ""band_role"": null, ""nodata_semantics"": null, ""uncertainty"": null, ""allowed_values"": null, ""observed_min"": null, ""observed_max"": null, ""attrs"": {}}]","[{""op"": ""split"", ""params"": {""mode"": ""scene"", ""scene_overlap_fraction"": 0.0497}}]",REFUTED,"[{""code"": ""SCENE_OVERLAP_LEAKAGE"", ""verdict"": ""REFUTED"", ""message"": ""The same scene content appears in both train and test partitions."", ""step_index"": 0, ""evidence"": {""overlap_fraction"": 0.0497}, ""repair"": null}]"
SGX3_BLIND_eo_ml_validation_033,blind-composition,blind,eo_ml_validation,REFUTED,scene overlap,df14dbe57de447636ff642fbc85a529e31df1e90f4bda008ed52d22f605f1732,"{""goal"": ""eo_ml_validation"", ""required_quantity"": null, ""required_unit"": null, ""decision_time"": null, ""max_resolution_m"": null, ""requires_bare_earth"": false, ""requires_cloud_mask"": false, ""max_uncertainty"": null, ""temporal_tolerance_h"": null, ""required_value_range"": null}","[{""name"": ""EO-samples-6245"", ""quantity"": ""training_samples"", ""unit"": null, ""scale"": ""continuous"", ""crs"": ""EPSG:32643"", ""resolution_m"": 10.0, ""temporal_resolution_h"": null, ""processing_level"": null, ""surface_model"": null, ""vertical_datum"": null, ""acquisition_time"": null, ""available_time"": null, ""provenance"": ""authoritative-product"", ""band_role"": null, ""nodata_semantics"": null, ""uncertainty"": null, ""allowed_values"": null, ""observed_min"": null, ""observed_max"": null, ""attrs"": {}}]","[{""op"": ""split"", ""params"": {""mode"": ""scene"", ""scene_overlap_fraction"": 0.624}}]",REFUTED,"[{""code"": ""SCENE_OVERLAP_LEAKAGE"", ""verdict"": ""REFUTED"", ""message"": ""The same scene content appears in both train and test partitions."", ""step_index"": 0, ""evidence"": {""overlap_fraction"": 0.624}, ""repair"": null}]"
SGX3_BLIND_eo_ml_validation_034,blind-composition,blind,eo_ml_validation,REFUTED,scene overlap,cacd06952cbb3df44160aed9d5c3fcbe440f1db24ff92bc7f4e038a6af119625,"{""goal"": ""eo_ml_validation"", ""required_quantity"": null, ""required_unit"": null, ""decision_time"": null, ""max_resolution_m"": null, ""requires_bare_earth"": false, ""requires_cloud_mask"": false, ""max_uncertainty"": null, ""temporal_tolerance_h"": null, ""required_value_range"": null}","[{""name"": ""EO-samples-1391"", ""quantity"": ""training_samples"", ""unit"": null, ""scale"": ""continuous"", ""crs"": ""EPSG:32643"", ""resolution_m"": 10.0, ""temporal_resolution_h"": null, ""processing_level"": null, ""surface_model"": null, ""vertical_datum"": null, ""acquisition_time"": null, ""available_time"": null, ""provenance"": ""authoritative-product"", ""band_role"": null, ""nodata_semantics"": null, ""uncertainty"": null, ""allowed_values"": null, ""observed_min"": null, ""observed_max"": null, ""attrs"": {}}]","[{""op"": ""split"", ""params"": {""mode"": ""scene"", ""scene_overlap_fraction"": 0.678}}]",REFUTED,"[{""code"": ""SCENE_OVERLAP_LEAKAGE"", ""verdict"": ""REFUTED"", ""message"": ""The same scene content appears in both train and test partitions."", ""step_index"": 0, ""evidence"": {""overlap_fraction"": 0.678}, ""repair"": null}]"
SGX3_BLIND_eo_ml_validation_035,blind-composition,blind,eo_ml_validation,REFUTED,spatial dependence leakage,c64b27aa0f02cd486aafd42307f5c63682a16629c1f38cafa77341a758f08c09,"{""goal"": ""eo_ml_validation"", ""required_quantity"": null, ""required_unit"": null, ""decision_time"": null, ""max_resolution_m"": null, ""requires_bare_earth"": false, ""requires_cloud_mask"": false, ""max_uncertainty"": null, ""temporal_tolerance_h"": null, ""required_value_range"": null}","[{""name"": ""EO-samples-7751"", ""quantity"": ""training_samples"", ""unit"": null, ""scale"": ""continuous"", ""crs"": ""EPSG:32643"", ""resolution_m"": 10.0, ""temporal_resolution_h"": null, ""processing_level"": null, ""surface_model"": null, ""vertical_datum"": null, ""acquisition_time"": null, ""available_time"": null, ""provenance"": ""authoritative-product"", ""band_role"": null, ""nodata_semantics"": null, ""uncertainty"": null, ""allowed_values"": null, ""observed_min"": null, ""observed_max"": null, ""attrs"": {}}]","[{""op"": ""split"", ""params"": {""mode"": ""spatial"", ""separation_m"": 1071, ""dependence_range_m"": 1841}}]",REFUTED,"[{""code"": ""SPATIAL_DEPENDENCE_LEAKAGE"", ""verdict"": ""REFUTED"", ""message"": ""Train/test separation is below the estimated spatial dependence range."", ""step_index"": 0, ""evidence"": {""separation_m"": 1071.0, ""dependence_range_m"": 1841.0}, ""repair"": null}]"
SGX3_BLIND_eo_ml_validation_036,blind-composition,blind,eo_ml_validation,REFUTED,spatial dependence leakage,a4cd8e42669cfef7125dd25af113b62c783af593a5c6e0328a8195c3a0f31006,"{""goal"": ""eo_ml_validation"", ""required_quantity"": null, ""required_unit"": null, ""decision_time"": null, ""max_resolution_m"": null, ""requires_bare_earth"": false, ""requires_cloud_mask"": false, ""max_uncertainty"": null, ""temporal_tolerance_h"": null, ""required_value_range"": null}","[{""name"": ""EO-samples-6992"", ""quantity"": ""training_samples"", ""unit"": null, ""scale"": ""continuous"", ""crs"": ""EPSG:32643"", ""resolution_m"": 10.0, ""temporal_resolution_h"": null, ""processing_level"": null, ""surface_model"": null, ""vertical_datum"": null, ""acquisition_time"": null, ""available_time"": null, ""provenance"": ""authoritative-product"", ""band_role"": null, ""nodata_semantics"": null, ""uncertainty"": null, ""allowed_values"": null, ""observed_min"": null, ""observed_max"": null, ""attrs"": {}}]","[{""op"": ""split"", ""params"": {""mode"": ""spatial"", ""separation_m"": 1551, ""dependence_range_m"": 3224}}]",REFUTED,"[{""code"": ""SPATIAL_DEPENDENCE_LEAKAGE"", ""verdict"": ""REFUTED"", ""message"": ""Train/test separation is below the estimated spatial dependence range."", ""step_index"": 0, ""evidence"": {""separation_m"": 1551.0, ""dependence_range_m"": 3224.0}, ""repair"": null}]"
SGX3_BLIND_eo_ml_validation_037,blind-composition,blind,eo_ml_validation,REFUTED,spatial dependence leakage,dc13086aa80749d72cb28b374dfa461f12572de07e8cdbb62f2c0381aeb8bb83,"{""goal"": ""eo_ml_validation"", ""required_quantity"": null, ""required_unit"": null, ""decision_time"": null, ""max_resolution_m"": null, ""requires_bare_earth"": false, ""requires_cloud_mask"": false, ""max_uncertainty"": null, ""temporal_tolerance_h"": null, ""required_value_range"": null}","[{""name"": ""EO-samples-3780"", ""quantity"": ""training_samples"", ""unit"": null, ""scale"": ""continuous"", ""crs"": ""EPSG:32643"", ""resolution_m"": 10.0, ""temporal_resolution_h"": null, ""processing_level"": null, ""surface_model"": null, ""vertical_datum"": null, ""acquisition_time"": null, ""available_time"": null, ""provenance"": ""authoritative-product"", ""band_role"": null, ""nodata_semantics"": null, ""uncertainty"": null, ""allowed_values"": null, ""observed_min"": null, ""observed_max"": null, ""attrs"": {}}]","[{""op"": ""split"", ""params"": {""mode"": ""spatial"", ""separation_m"": 4335, ""dependence_range_m"": 4945}}]",REFUTED,"[{""code"": ""SPATIAL_DEPENDENCE_LEAKAGE"", ""verdict"": ""REFUTED"", ""message"": ""Train/test separation is below the estimated spatial dependence range."", ""step_index"": 0, ""evidence"": {""separation_m"": 4335.0, ""dependence_range_m"": 4945.0}, ""repair"": null}]"
SGX3_BLIND_eo_ml_validation_038,blind-composition,blind,eo_ml_validation,REFUTED,temporal overlap,b2d40f09afcba3b457622b67683af3913228af8c255ef490276d7dd4f2a7a5a0,"{""goal"": ""eo_ml_validation"", ""required_quantity"": null, ""required_unit"": null, ""decision_time"": null, ""max_resolution_m"": null, ""requires_bare_earth"": false, ""requires_cloud_mask"": false, ""max_uncertainty"": null, ""temporal_tolerance_h"": null, ""required_value_range"": null}","[{""name"": ""EO-samples-4"", ""quantity"": ""training_samples"", ""unit"": null, ""scale"": ""continuous"", ""crs"": ""EPSG:32643"", ""resolution_m"": 10.0, ""temporal_resolution_h"": null, ""processing_level"": null, ""surface_model"": null, ""vertical_datum"": null, ""acquisition_time"": null, ""available_time"": null, ""provenance"": ""authoritative-product"", ""band_role"": null, ""nodata_semantics"": null, ""uncertainty"": null, ""allowed_values"": null, ""observed_min"": null, ""observed_max"": null, ""attrs"": {}}]","[{""op"": ""split"", ""params"": {""mode"": ""temporal"", ""train_end"": ""2024-07-02T00:00:00+00:00"", ""test_start"": ""2024-07-01T00:00:00+00:00""}}]",REFUTED,"[{""code"": ""TEMPORAL_SPLIT_OVERLAP"", ""verdict"": ""REFUTED"", ""message"": ""Training and testing periods overlap or are not chronologically ordered."", ""step_index"": 0, ""evidence"": {}, ""repair"": null}]"
SGX3_BLIND_eo_ml_validation_039,blind-composition,blind,eo_ml_validation,REFUTED,scene overlap,74edf614bf5ff375153be22d013f4a2b8b4463cdaa97148d8879e8fa8e98a053,"{""goal"": ""eo_ml_validation"", ""required_quantity"": null, ""required_unit"": null, ""decision_time"": null, ""max_resolution_m"": null, ""requires_bare_earth"": false, ""requires_cloud_mask"": false, ""max_uncertainty"": null, ""temporal_tolerance_h"": null, ""required_value_range"": null}","[{""name"": ""EO-samples-7375"", ""quantity"": ""training_samples"", ""unit"": null, ""scale"": ""continuous"", ""crs"": ""EPSG:32643"", ""resolution_m"": 10.0, ""temporal_resolution_h"": null, ""processing_level"": null, ""surface_model"": null, ""vertical_datum"": null, ""acquisition_time"": null, ""available_time"": null, ""provenance"": ""authoritative-product"", ""band_role"": null, ""nodata_semantics"": null, ""uncertainty"": null, ""allowed_values"": null, ""observed_min"": null, ""observed_max"": null, ""attrs"": {}}]","[{""op"": ""split"", ""params"": {""mode"": ""scene"", ""scene_overlap_fraction"": 0.55}}]",REFUTED,"[{""code"": ""SCENE_OVERLAP_LEAKAGE"", ""verdict"": ""REFUTED"", ""message"": ""The same scene content appears in both train and test partitions."", ""step_index"": 0, ""evidence"": {""overlap_fraction"": 0.55}, ""repair"": null}]"
SGX3_BLIND_eo_ml_validation_040,blind-composition,blind,eo_ml_validation,REFUTED,scene overlap,0405ab92b3eab259597d156c040f59ece491d67dcbb477f46beccd6556b44a98,"{""goal"": ""eo_ml_validation"", ""required_quantity"": null, ""required_unit"": null, ""decision_time"": null, ""max_resolution_m"": null, ""requires_bare_earth"": false, ""requires_cloud_mask"": false, ""max_uncertainty"": null, ""temporal_tolerance_h"": null, ""required_value_range"": null}","[{""name"": ""EO-samples-3798"", ""quantity"": ""training_samples"", ""unit"": null, ""scale"": ""continuous"", ""crs"": ""EPSG:32643"", ""resolution_m"": 10.0, ""temporal_resolution_h"": null, ""processing_level"": null, ""surface_model"": null, ""vertical_datum"": null, ""acquisition_time"": null, ""available_time"": null, ""provenance"": ""authoritative-product"", ""band_role"": null, ""nodata_semantics"": null, ""uncertainty"": null, ""allowed_values"": null, ""observed_min"": null, ""observed_max"": null, ""attrs"": {}}]","[{""op"": ""split"", ""params"": {""mode"": ""scene"", ""scene_overlap_fraction"": 0.5886}}]",REFUTED,"[{""code"": ""SCENE_OVERLAP_LEAKAGE"", ""verdict"": ""REFUTED"", ""message"": ""The same scene content appears in both train and test partitions."", ""step_index"": 0, ""evidence"": {""overlap_fraction"": 0.5886}, ""repair"": null}]"
SGX3_BLIND_eo_ml_validation_041,blind-composition,blind,eo_ml_validation,PROVEN,all constraints satisfied,f1abaa1a89d82c513f7e3ce4f3e9196f75ad3b4b4c8ca4375b2abe91281bbe86,"{""goal"": ""eo_ml_validation"", ""required_quantity"": null, ""required_unit"": null, ""decision_time"": null, ""max_resolution_m"": null, ""requires_bare_earth"": false, ""requires_cloud_mask"": false, ""max_uncertainty"": null, ""temporal_tolerance_h"": null, ""required_value_range"": null}","[{""name"": ""EO-samples-266"", ""quantity"": ""training_samples"", ""unit"": null, ""scale"": ""continuous"", ""crs"": ""EPSG:32643"", ""resolution_m"": 10.0, ""temporal_resolution_h"": null, ""processing_level"": null, ""surface_model"": null, ""vertical_datum"": null, ""acquisition_time"": null, ""available_time"": null, ""provenance"": ""authoritative-product"", ""band_role"": null, ""nodata_semantics"": null, ""uncertainty"": null, ""allowed_values"": null, ""observed_min"": null, ""observed_max"": null, ""attrs"": {}}]","[{""op"": ""split"", ""params"": {""mode"": ""spatial"", ""separation_m"": 4140, ""dependence_range_m"": 2377}}]",PROVEN,[]
SGX3_BLIND_eo_ml_validation_042,blind-composition,blind,eo_ml_validation,REFUTED,scene overlap,2c3ce99b583b9b29a1d451f1dd5ad723af8c1aa78f6cd14da1d75583d7d4acf3,"{""goal"": ""eo_ml_validation"", ""required_quantity"": null, ""required_unit"": null, ""decision_time"": null, ""max_resolution_m"": null, ""requires_bare_earth"": false, ""requires_cloud_mask"": false, ""max_uncertainty"": null, ""temporal_tolerance_h"": null, ""required_value_range"": null}","[{""name"": ""EO-samples-7374"", ""quantity"": ""training_samples"", ""unit"": null, ""scale"": ""continuous"", ""crs"": ""EPSG:32643"", ""resolution_m"": 10.0, ""temporal_resolution_h"": null, ""processing_level"": null, ""surface_model"": null, ""vertical_datum"": null, ""acquisition_time"": null, ""available_time"": null, ""provenance"": ""authoritative-product"", ""band_role"": null, ""nodata_semantics"": null, ""uncertainty"": null, ""allowed_values"": null, ""observed_min"": null, ""observed_max"": null, ""attrs"": {}}]","[{""op"": ""split"", ""params"": {""mode"": ""scene"", ""scene_overlap_fraction"": 0.6077}}]",REFUTED,"[{""code"": ""SCENE_OVERLAP_LEAKAGE"", ""verdict"": ""REFUTED"", ""message"": ""The same scene content appears in both train and test partitions."", ""step_index"": 0, ""evidence"": {""overlap_fraction"": 0.6077}, ""repair"": null}]"
SGX3_BLIND_eo_ml_validation_043,blind-composition,blind,eo_ml_validation,REFUTED,temporal overlap,c8b6e8c4b770c4447904c0581c9111c7778ef934afe5a0074795c086cda814f2,"{""goal"": ""eo_ml_validation"", ""required_quantity"": null, ""required_unit"": null, ""decision_time"": null, ""max_resolution_m"": null, ""requires_bare_earth"": false, ""requires_cloud_mask"": false, ""max_uncertainty"": null, ""temporal_tolerance_h"": null, ""required_value_range"": null}","[{""name"": ""EO-samples-7542"", ""quantity"": ""training_samples"", ""unit"": null, ""scale"": ""continuous"", ""crs"": ""EPSG:32643"", ""resolution_m"": 10.0, ""temporal_resolution_h"": null, ""processing_level"": null, ""surface_model"": null, ""vertical_datum"": null, ""acquisition_time"": null, ""available_time"": null, ""provenance"": ""authoritative-product"", ""band_role"": null, ""nodata_semantics"": null, ""uncertainty"": null, ""allowed_values"": null, ""observed_min"": null, ""observed_max"": null, ""attrs"": {}}]","[{""op"": ""split"", ""params"": {""mode"": ""temporal"", ""train_end"": ""2024-07-29T00:00:00+00:00"", ""test_start"": ""2024-07-01T00:00:00+00:00""}}]",REFUTED,"[{""code"": ""TEMPORAL_SPLIT_OVERLAP"", ""verdict"": ""REFUTED"", ""message"": ""Training and testing periods overlap or are not chronologically ordered."", ""step_index"": 0, ""evidence"": {}, ""repair"": null}]"
SGX3_BLIND_eo_ml_validation_044,blind-composition,blind,eo_ml_validation,REFUTED,scene overlap,6ea039792cec1a6da5ab52b7d08c177cd987d735d1ae3322136484d1465be57d,"{""goal"": ""eo_ml_validation"", ""required_quantity"": null, ""required_unit"": null, ""decision_time"": null, ""max_resolution_m"": null, ""requires_bare_earth"": false, ""requires_cloud_mask"": false, ""max_uncertainty"": null, ""temporal_tolerance_h"": null, ""required_value_range"": null}","[{""name"": ""EO-samples-6064"", ""quantity"": ""training_samples"", ""unit"": null, ""scale"": ""continuous"", ""crs"": ""EPSG:32643"", ""resolution_m"": 10.0, ""temporal_resolution_h"": null, ""processing_level"": null, ""surface_model"": null, ""vertical_datum"": null, ""acquisition_time"": null, ""available_time"": null, ""provenance"": ""authoritative-product"", ""band_role"": null, ""nodata_semantics"": null, ""uncertainty"": null, ""allowed_values"": null, ""observed_min"": null, ""observed_max"": null, ""attrs"": {}}]","[{""op"": ""split"", ""params"": {""mode"": ""scene"", ""scene_overlap_fraction"": 0.5389}}]",REFUTED,"[{""code"": ""SCENE_OVERLAP_LEAKAGE"", ""verdict"": ""REFUTED"", ""message"": ""The same scene content appears in both train and test partitions."", ""step_index"": 0, ""evidence"": {""overlap_fraction"": 0.5389}, ""repair"": null}]"
SGX3_BLIND_eo_ml_validation_045,blind-composition,blind,eo_ml_validation,PROVEN,all constraints satisfied,a7460238994f651394dc754ca1544c05704597c958075fca6a10173735f88d84,"{""goal"": ""eo_ml_validation"", ""required_quantity"": null, ""required_unit"": null, ""decision_time"": null, ""max_resolution_m"": null, ""requires_bare_earth"": false, ""requires_cloud_mask"": false, ""max_uncertainty"": null, ""temporal_tolerance_h"": null, ""required_value_range"": null}","[{""name"": ""EO-samples-9115"", ""quantity"": ""training_samples"", ""unit"": null, ""scale"": ""continuous"", ""crs"": ""EPSG:32643"", ""resolution_m"": 10.0, ""temporal_resolution_h"": null, ""processing_level"": null, ""surface_model"": null, ""vertical_datum"": null, ""acquisition_time"": null, ""available_time"": null, ""provenance"": ""authoritative-product"", ""band_role"": null, ""nodata_semantics"": null, ""uncertainty"": null, ""allowed_values"": null, ""observed_min"": null, ""observed_max"": null, ""attrs"": {}}]","[{""op"": ""split"", ""params"": {""mode"": ""temporal"", ""train_end"": ""2024-06-16T00:00:00+00:00"", ""test_start"": ""2024-07-01T00:00:00+00:00""}}]",PROVEN,[]
SGX3_BLIND_eo_ml_validation_046,blind-composition,blind,eo_ml_validation,PROVEN,all constraints satisfied,d24a80abca054266766a5ef7b0b3d1fe24c50fce4aa12204894982ae423a9c2d,"{""goal"": ""eo_ml_validation"", ""required_quantity"": null, ""required_unit"": null, ""decision_time"": null, ""max_resolution_m"": null, ""requires_bare_earth"": false, ""requires_cloud_mask"": false, ""max_uncertainty"": null, ""temporal_tolerance_h"": null, ""required_value_range"": null}","[{""name"": ""EO-samples-4265"", ""quantity"": ""training_samples"", ""unit"": null, ""scale"": ""continuous"", ""crs"": ""EPSG:32643"", ""resolution_m"": 10.0, ""temporal_resolution_h"": null, ""processing_level"": null, ""surface_model"": null, ""vertical_datum"": null, ""acquisition_time"": null, ""available_time"": null, ""provenance"": ""authoritative-product"", ""band_role"": null, ""nodata_semantics"": null, ""uncertainty"": null, ""allowed_values"": null, ""observed_min"": null, ""observed_max"": null, ""attrs"": {}}]","[{""op"": ""split"", ""params"": {""mode"": ""spatial"", ""separation_m"": 3529, ""dependence_range_m"": 472}}]",PROVEN,[]
SGX3_BLIND_eo_ml_validation_047,blind-composition,blind,eo_ml_validation,REFUTED,temporal overlap,b2910442ed74a82b9eadd760b90597553ce518c970a366c864784a8441382135,"{""goal"": ""eo_ml_validation"", ""required_quantity"": null, ""required_unit"": null, ""decision_time"": null, ""max_resolution_m"": null, ""requires_bare_earth"": false, ""requires_cloud_mask"": false, ""max_uncertainty"": null, ""temporal_tolerance_h"": null, ""required_value_range"": null}","[{""name"": ""EO-samples-1636"", ""quantity"": ""training_samples"", ""unit"": null, ""scale"": ""continuous"", ""crs"": ""EPSG:32643"", ""resolution_m"": 10.0, ""temporal_resolution_h"": null, ""processing_level"": null, ""surface_model"": null, ""vertical_datum"": null, ""acquisition_time"": null, ""available_time"": null, ""provenance"": ""authoritative-product"", ""band_role"": null, ""nodata_semantics"": null, ""uncertainty"": null, ""allowed_values"": null, ""observed_min"": null, ""observed_max"": null, ""attrs"": {}}]","[{""op"": ""split"", ""params"": {""mode"": ""temporal"", ""train_end"": ""2024-07-17T00:00:00+00:00"", ""test_start"": ""2024-07-01T00:00:00+00:00""}}]",REFUTED,"[{""code"": ""TEMPORAL_SPLIT_OVERLAP"", ""verdict"": ""REFUTED"", ""message"": ""Training and testing periods overlap or are not chronologically ordered."", ""step_index"": 0, ""evidence"": {}, ""repair"": null}]"
SGX3_BLIND_eo_ml_validation_048,blind-composition,blind,eo_ml_validation,REFUTED,temporal overlap,a9e67697156da9bb46236f39648288c07d93a634f57957af81565fd04ae37f34,"{""goal"": ""eo_ml_validation"", ""required_quantity"": null, ""required_unit"": null, ""decision_time"": null, ""max_resolution_m"": null, ""requires_bare_earth"": false, ""requires_cloud_mask"": false, ""max_uncertainty"": null, ""temporal_tolerance_h"": null, ""required_value_range"": null}","[{""name"": ""EO-samples-5973"", ""quantity"": ""training_samples"", ""unit"": null, ""scale"": ""continuous"", ""crs"": ""EPSG:32643"", ""resolution_m"": 10.0, ""temporal_resolution_h"": null, ""processing_level"": null, ""surface_model"": null, ""vertical_datum"": null, ""acquisition_time"": null, ""available_time"": null, ""provenance"": ""authoritative-product"", ""band_role"": null, ""nodata_semantics"": null, ""uncertainty"": null, ""allowed_values"": null, ""observed_min"": null, ""observed_max"": null, ""attrs"": {}}]","[{""op"": ""split"", ""params"": {""mode"": ""temporal"", ""train_end"": ""2024-07-29T00:00:00+00:00"", ""test_start"": ""2024-07-01T00:00:00+00:00""}}]",REFUTED,"[{""code"": ""TEMPORAL_SPLIT_OVERLAP"", ""verdict"": ""REFUTED"", ""message"": ""Training and testing periods overlap or are not chronologically ordered."", ""step_index"": 0, ""evidence"": {}, ""repair"": null}]"
SGX3_BLIND_eo_ml_validation_049,blind-composition,blind,eo_ml_validation,REFUTED,temporal overlap,1f9a04ff94ff62e4bcca5a3883b214299a081d0fae8b87b0d782a8a4dbea4758,"{""goal"": ""eo_ml_validation"", ""required_quantity"": null, ""required_unit"": null, ""decision_time"": null, ""max_resolution_m"": null, ""requires_bare_earth"": false, ""requires_cloud_mask"": false, ""max_uncertainty"": null, ""temporal_tolerance_h"": null, ""required_value_range"": null}","[{""name"": ""EO-samples-3249"", ""quantity"": ""training_samples"", ""unit"": null, ""scale"": ""continuous"", ""crs"": ""EPSG:32643"", ""resolution_m"": 10.0, ""temporal_resolution_h"": null, ""processing_level"": null, ""surface_model"": null, ""vertical_datum"": null, ""acquisition_time"": null, ""available_time"": null, ""provenance"": ""authoritative-product"", ""band_role"": null, ""nodata_semantics"": null, ""uncertainty"": null, ""allowed_values"": null, ""observed_min"": null, ""observed_max"": null, ""attrs"": {}}]","[{""op"": ""split"", ""params"": {""mode"": ""temporal"", ""train_end"": ""2024-07-01T00:00:00+00:00"", ""test_start"": ""2024-06-01T00:00:00+00:00""}}]",REFUTED,"[{""code"": ""TEMPORAL_SPLIT_OVERLAP"", ""verdict"": ""REFUTED"", ""message"": ""Training and testing periods overlap or are not chronologically ordered."", ""step_index"": 0, ""evidence"": {}, ""repair"": null}]"
